Batter,season,Phase,runs,balls_faced,fours,sixes,strike_rate,boundary_pct
A Ashish Reddy,2012,Death,25,19,3,0,131.58,15.79
A Ashish Reddy,2012,Middle,10,10,0,1,100.0,10.0
A Ashish Reddy,2013,Death,96,66,5,5,145.45,15.15
A Ashish Reddy,2013,Middle,24,17,2,0,141.18,11.76
A Ashish Reddy,2013,Powerplay,5,6,1,0,83.33,16.67
A Ashish Reddy,2015,Death,56,31,3,4,180.65,22.58
A Ashish Reddy,2015,Middle,17,15,0,1,113.33,6.67
A Ashish Reddy,2016,Death,15,11,0,1,136.36,9.09
A Ashish Reddy,2016,Middle,32,18,2,3,177.78,27.78
A Badoni,2022,Death,84,50,5,5,168.0,20.0
A Badoni,2022,Middle,76,74,6,2,102.7,10.81
A Badoni,2022,Powerplay,1,6,0,0,16.67,0.0
A Badoni,2023,Death,128,72,6,8,177.78,19.44
A Badoni,2023,Middle,101,84,6,4,120.24,11.9
A Badoni,2023,Powerplay,8,15,1,0,53.33,6.67
A Badoni,2024,Death,120,72,13,3,166.67,22.22
A Badoni,2024,Middle,106,83,8,2,127.71,12.05
A Badoni,2024,Powerplay,9,16,1,0,56.25,6.25
A Badoni,2025,Death,106,56,11,5,189.29,28.57
A Badoni,2025,Middle,212,155,16,8,136.77,15.48
A Badoni,2025,Powerplay,11,10,0,1,110.0,10.0
A Badoni,2026,Death,8,7,0,1,114.29,14.29
A Badoni,2026,Middle,112,82,11,3,136.59,17.07
A Badoni,2026,Powerplay,95,52,12,5,182.69,32.69
A Chandila,2012,Death,0,1,0,0,0.0,0.0
A Chandila,2013,Death,4,6,0,0,66.67,0.0
A Chopra,2008,Middle,19,17,2,0,111.76,11.76
A Chopra,2008,Powerplay,23,35,3,0,65.71,8.57
A Chopra,2009,Middle,7,15,1,0,46.67,6.67
A Chopra,2009,Powerplay,4,4,1,0,100.0,25.0
A Choudhary,2017,Death,24,19,1,1,126.32,10.53
A Choudhary,2017,Middle,1,1,0,0,100.0,0.0
A Dananjaya,2018,Death,4,5,0,0,80.0,0.0
A Flintoff,2009,Death,22,13,2,1,169.23,23.08
A Flintoff,2009,Middle,26,27,2,0,96.3,7.41
A Flintoff,2009,Powerplay,14,13,1,1,107.69,15.38
A Kamboj,2024,Middle,2,2,0,0,100.0,0.0
A Kamboj,2025,Death,14,12,2,0,116.67,16.67
A Kamboj,2026,Death,37,23,2,2,160.87,17.39
A Kamboj,2026,Middle,21,13,1,2,161.54,23.08
A Kumble,2008,Death,8,14,0,0,57.14,0.0
A Kumble,2008,Middle,5,3,1,0,166.67,33.33
A Kumble,2009,Death,15,14,2,0,107.14,14.29
A Kumble,2009,Middle,1,5,0,0,20.0,0.0
A Kumble,2010,Death,6,11,0,0,54.55,0.0
A Manohar,2022,Death,37,23,5,1,160.87,26.09
A Manohar,2022,Middle,59,40,7,2,147.5,22.5
A Manohar,2022,Powerplay,12,12,2,0,100.0,16.67
A Manohar,2023,Death,48,23,1,5,208.7,26.09
A Manohar,2023,Middle,66,60,5,2,110.0,11.67
A Manohar,2024,Middle,9,10,1,0,90.0,10.0
A Manohar,2024,Powerplay,0,6,0,0,0.0,0.0
A Manohar,2025,Death,31,21,2,2,147.62,19.05
A Manohar,2025,Middle,30,40,0,2,75.0,5.0
A Mhatre,2025,Death,0,1,0,0,0.0,0.0
A Mhatre,2025,Middle,63,34,4,4,185.29,23.53
A Mhatre,2025,Powerplay,177,92,27,7,192.39,36.96
A Mhatre,2026,Death,4,4,0,0,100.0,0.0
A Mhatre,2026,Middle,98,55,5,8,178.18,23.64
A Mhatre,2026,Powerplay,98,53,15,4,184.91,35.85
A Mishra,2008,Death,1,4,0,0,25.0,0.0
A Mishra,2008,Middle,36,38,3,0,94.74,7.89
A Mishra,2009,Death,26,20,2,2,130.0,20.0
A Mishra,2010,Death,19,20,1,0,95.0,5.0
A Mishra,2010,Middle,19,30,0,0,63.33,0.0
A Mishra,2011,Death,66,46,9,1,143.48,21.74
A Mishra,2011,Middle,2,3,0,0,66.67,0.0
A Mishra,2012,Death,16,18,1,0,88.89,5.56
A Mishra,2012,Middle,0,2,0,0,0.0,0.0
A Mishra,2013,Death,34,25,4,0,136.0,16.0
A Mishra,2013,Middle,54,65,5,0,83.08,7.69
A Mishra,2013,Powerplay,1,5,0,0,20.0,0.0
A Mishra,2014,Death,4,7,0,0,57.14,0.0
A Mishra,2015,Death,6,8,0,0,75.0,0.0
A Mishra,2015,Middle,2,4,0,0,50.0,0.0
A Mishra,2016,Middle,4,14,0,0,28.57,0.0
A Mishra,2017,Death,37,32,2,2,115.62,12.5
A Mishra,2017,Middle,12,20,0,0,60.0,0.0
A Mishra,2018,Death,1,2,0,0,50.0,0.0
A Mishra,2019,Death,13,15,1,0,86.67,6.67
A Mishra,2019,Middle,8,9,1,0,88.89,11.11
A Mishra,2023,Death,13,12,2,0,108.33,16.67
A Mishra,2023,Middle,6,18,0,0,33.33,0.0
A Mithun,2010,Death,5,4,1,0,125.0,25.0
A Mithun,2011,Death,6,5,1,0,120.0,20.0
A Mithun,2011,Middle,21,15,2,1,140.0,20.0
A Mithun,2013,Death,2,2,0,0,100.0,0.0
A Mukund,2008,Death,0,1,0,0,0.0,0.0
A Mukund,2013,Middle,5,6,0,0,83.33,0.0
A Mukund,2013,Powerplay,14,15,1,0,93.33,6.67
A Nehra,2008,Death,2,12,0,0,16.67,0.0
A Nehra,2009,Death,1,1,0,0,100.0,0.0
A Nehra,2010,Death,17,16,1,1,106.25,12.5
A Nehra,2010,Middle,5,3,1,0,166.67,33.33
A Nehra,2012,Death,11,12,1,0,91.67,8.33
A Nehra,2013,Death,1,8,0,0,12.5,0.0
A Nehra,2015,Death,1,7,0,0,14.29,0.0
A Nehra,2016,Death,1,1,0,0,100.0,0.0
A Nortje,2020,Death,7,6,0,0,116.67,0.0
A Nortje,2022,Death,0,3,0,0,0.0,0.0
A Nortje,2022,Middle,1,3,0,0,33.33,0.0
A Nortje,2023,Death,36,28,6,0,128.57,21.43
A Nortje,2023,Middle,1,1,0,0,100.0,0.0
A Nortje,2024,Death,3,6,0,0,50.0,0.0
A Nortje,2024,Middle,1,2,0,0,50.0,0.0
A Nortje,2026,Death,0,1,0,0,0.0,0.0
A Raghuvanshi,2024,Middle,85,56,7,4,151.79,19.64
A Raghuvanshi,2024,Powerplay,78,49,9,4,159.18,26.53
A Raghuvanshi,2025,Death,52,35,5,2,148.57,20.0
A Raghuvanshi,2025,Middle,172,136,15,3,126.47,13.24
A Raghuvanshi,2025,Powerplay,76,43,10,3,176.74,30.23
A Raghuvanshi,2026,Death,66,32,6,4,206.25,31.25
A Raghuvanshi,2026,Middle,227,153,22,8,148.37,19.61
A Raghuvanshi,2026,Powerplay,129,102,12,7,126.47,18.63
A Singh,2009,Death,1,3,0,0,33.33,0.0
A Singh,2011,Death,1,2,0,0,50.0,0.0
A Singh,2011,Middle,0,2,0,0,0.0,0.0
A Singh,2012,Death,0,2,0,0,0.0,0.0
A Symonds,2008,Death,38,14,2,4,271.43,42.86
A Symonds,2008,Middle,100,71,9,5,140.85,19.72
A Symonds,2008,Powerplay,23,19,4,0,121.05,21.05
A Symonds,2009,Death,45,23,1,3,195.65,17.39
A Symonds,2009,Middle,184,127,11,8,144.88,14.96
A Symonds,2009,Powerplay,19,13,3,0,146.15,23.08
A Symonds,2010,Death,83,51,5,5,162.75,19.61
A Symonds,2010,Middle,317,243,25,13,130.45,15.64
A Symonds,2010,Powerplay,29,46,5,0,63.04,10.87
A Symonds,2011,Death,72,54,6,2,133.33,14.81
A Symonds,2011,Middle,62,80,3,1,77.5,5.0
A Symonds,2011,Powerplay,1,4,0,0,25.0,0.0
A Tomar,2022,Powerplay,4,8,1,0,50.0,12.5
A Uniyal,2010,Death,4,7,0,0,57.14,0.0
A Zampa,2016,Death,0,1,0,0,0.0,0.0
A Zampa,2017,Middle,5,7,1,0,71.43,14.29
A Zampa,2023,Death,5,5,0,0,100.0,0.0
A Zampa,2023,Middle,5,11,0,0,45.45,0.0
AA Bilakhia,2009,Death,33,25,3,0,132.0,12.0
AA Bilakhia,2009,Middle,11,24,0,0,45.83,0.0
AA Bilakhia,2009,Powerplay,23,31,2,0,74.19,6.45
AA Bilakhia,2010,Death,1,2,0,0,50.0,0.0
AA Bilakhia,2010,Middle,1,2,0,0,50.0,0.0
AA Chavan,2011,Middle,1,3,0,0,33.33,0.0
AA Chavan,2012,Death,11,8,2,0,137.5,25.0
AA Jhunjhunwala,2010,Death,46,29,6,1,158.62,24.14
AA Jhunjhunwala,2010,Middle,118,111,9,2,106.31,9.91
AA Jhunjhunwala,2010,Powerplay,19,26,1,1,73.08,7.69
AA Jhunjhunwala,2011,Middle,5,9,1,0,55.56,11.11
AA Jhunjhunwala,2011,Powerplay,5,8,1,0,62.5,12.5
AA Jhunjhunwala,2012,Death,7,9,1,0,77.78,11.11
AA Jhunjhunwala,2012,Middle,17,17,0,1,100.0,5.88
AA Kulkarni,2024,Powerplay,9,8,2,0,112.5,25.0
AA Kulkarni,2026,Middle,9,12,1,0,75.0,8.33
AA Kulkarni,2026,Powerplay,8,13,0,0,61.54,0.0
AA Noffke,2008,Middle,9,10,1,0,90.0,10.0
AB Agarkar,2008,Death,10,8,1,0,125.0,12.5
AB Agarkar,2008,Middle,24,24,3,0,100.0,12.5
AB Agarkar,2008,Powerplay,20,13,1,2,153.85,23.08
AB Agarkar,2009,Death,46,31,1,3,148.39,12.9
AB Agarkar,2009,Middle,20,26,2,0,76.92,7.69
AB Agarkar,2010,Death,37,26,4,0,142.31,15.38
AB Agarkar,2010,Middle,2,2,0,0,100.0,0.0
AB Agarkar,2011,Death,6,5,1,0,120.0,20.0
AB Agarkar,2013,Death,9,9,0,0,100.0,0.0
AB Agarkar,2013,Middle,3,7,0,0,42.86,0.0
AB Barath,2010,Death,2,5,0,0,40.0,0.0
AB Barath,2010,Middle,22,23,3,0,95.65,13.04
AB Barath,2010,Powerplay,18,14,2,1,128.57,21.43
AB Dinda,2008,Death,1,3,0,0,33.33,0.0
AB Dinda,2008,Middle,1,1,0,0,100.0,0.0
AB Dinda,2009,Death,2,2,0,0,100.0,0.0
AB Dinda,2009,Middle,0,1,0,0,0.0,0.0
AB Dinda,2010,Death,0,1,0,0,0.0,0.0
AB Dinda,2011,Death,0,5,0,0,0.0,0.0
AB Dinda,2012,Death,2,5,0,0,40.0,0.0
AB Dinda,2013,Death,9,11,1,0,81.82,9.09
AB Dinda,2014,Death,4,9,0,0,44.44,0.0
AB Dinda,2014,Middle,0,3,0,0,0.0,0.0
AB Dinda,2017,Death,0,1,0,0,0.0,0.0
AB Dinda,2017,Middle,7,6,1,0,116.67,16.67
AB McDonald,2009,Middle,3,4,0,0,75.0,0.0
AB McDonald,2010,Death,53,37,3,2,143.24,13.51
AB McDonald,2010,Middle,12,15,0,0,80.0,0.0
AB McDonald,2011,Death,8,7,0,0,114.29,0.0
AB McDonald,2012,Death,17,16,2,0,106.25,12.5
AB McDonald,2012,Powerplay,30,19,4,2,157.89,31.58
AB McDonald,2013,Death,0,2,0,0,0.0,0.0
AB de Villiers,2008,Death,8,6,1,0,133.33,16.67
AB de Villiers,2008,Middle,59,62,2,0,95.16,3.23
AB de Villiers,2008,Powerplay,28,30,2,1,93.33,10.0
AB de Villiers,2009,Death,111,52,11,5,213.46,30.77
AB de Villiers,2009,Middle,287,239,20,5,120.08,10.46
AB de Villiers,2009,Powerplay,61,63,8,1,96.83,14.29
AB de Villiers,2010,Middle,63,70,1,0,90.0,1.43
AB de Villiers,2010,Powerplay,48,49,6,0,97.96,12.24
AB de Villiers,2011,Death,83,42,4,6,197.62,23.81
AB de Villiers,2011,Middle,190,164,12,7,115.85,11.59
AB de Villiers,2011,Powerplay,33,36,5,0,91.67,13.89
AB de Villiers,2012,Death,165,68,16,12,242.65,41.18
AB de Villiers,2012,Middle,144,122,9,3,118.03,9.84
AB de Villiers,2012,Powerplay,9,7,1,0,128.57,14.29
AB de Villiers,2013,Death,155,59,13,12,262.71,42.37
AB de Villiers,2013,Middle,190,152,19,2,125.0,13.82
AB de Villiers,2013,Powerplay,28,12,2,3,233.33,41.67
AB de Villiers,2014,Death,123,62,11,9,198.39,32.26
AB de Villiers,2014,Middle,249,171,12,14,145.61,15.2
AB de Villiers,2014,Powerplay,17,15,3,0,113.33,20.0
AB de Villiers,2015,Death,98,38,11,6,257.89,44.74
AB de Villiers,2015,Middle,329,181,33,16,181.77,27.07
AB de Villiers,2015,Powerplay,84,72,16,0,116.67,22.22
AB de Villiers,2016,Death,92,43,7,7,213.95,32.56
AB de Villiers,2016,Middle,447,265,31,24,168.68,20.75
AB de Villiers,2016,Powerplay,143,97,18,6,147.42,24.74
AB de Villiers,2017,Death,51,17,1,7,300.0,47.06
AB de Villiers,2017,Middle,94,85,3,5,110.59,9.41
AB de Villiers,2017,Powerplay,71,61,8,4,116.39,19.67
AB de Villiers,2018,Death,48,17,2,5,282.35,41.18
AB de Villiers,2018,Middle,345,204,22,23,169.12,22.06
AB de Villiers,2018,Powerplay,87,54,15,2,161.11,31.48
AB de Villiers,2019,Death,110,43,4,12,255.81,37.21
AB de Villiers,2019,Middle,249,175,17,12,142.29,16.57
AB de Villiers,2019,Powerplay,83,69,10,2,120.29,17.39
AB de Villiers,2020,Death,187,84,10,16,222.62,30.95
AB de Villiers,2020,Middle,223,167,17,6,133.53,13.77
AB de Villiers,2020,Powerplay,43,36,6,1,119.44,19.44
AB de Villiers,2021,Death,167,73,13,13,228.77,35.62
AB de Villiers,2021,Middle,140,125,10,3,112.0,10.4
AB de Villiers,2021,Powerplay,6,13,0,0,46.15,0.0
AC Blizzard,2011,Middle,21,14,1,2,150.0,21.43
AC Blizzard,2011,Powerplay,99,73,20,0,135.62,27.4
AC Blizzard,2012,Powerplay,0,3,0,0,0.0,0.0
AC Gilchrist,2008,Middle,157,101,10,11,155.45,20.79
AC Gilchrist,2008,Powerplay,274,213,40,8,128.64,22.54
AC Gilchrist,2009,Middle,113,94,2,9,120.21,11.7
AC Gilchrist,2009,Powerplay,373,228,50,20,163.6,30.7
AC Gilchrist,2010,Middle,40,23,2,3,173.91,21.74
AC Gilchrist,2010,Powerplay,249,162,29,13,153.7,25.93
AC Gilchrist,2011,Death,25,13,3,2,192.31,38.46
AC Gilchrist,2011,Middle,183,110,14,12,166.36,23.64
AC Gilchrist,2011,Powerplay,170,168,23,4,101.19,16.07
AC Gilchrist,2012,Death,12,7,0,1,171.43,14.29
AC Gilchrist,2012,Middle,44,29,4,2,151.72,20.69
AC Gilchrist,2012,Powerplay,112,106,16,1,105.66,16.04
AC Gilchrist,2013,Death,15,5,0,2,300.0,40.0
AC Gilchrist,2013,Middle,85,75,11,1,113.33,16.0
AC Gilchrist,2013,Powerplay,194,149,30,3,130.2,22.15
AC Thomas,2011,Death,1,4,0,0,25.0,0.0
AC Thomas,2012,Death,18,14,1,1,128.57,14.29
AC Thomas,2012,Middle,1,1,0,0,100.0,0.0
AC Voges,2010,Death,66,44,5,2,150.0,15.91
AC Voges,2010,Middle,108,90,9,1,120.0,11.11
AC Voges,2010,Powerplay,7,9,1,0,77.78,11.11
AD Hales,2018,Middle,34,37,2,0,91.89,5.41
AD Hales,2018,Powerplay,113,80,11,6,141.25,21.25
AD Mascarenhas,2008,Middle,9,8,0,1,112.5,12.5
AD Mascarenhas,2009,Death,11,8,1,0,137.5,12.5
AD Mascarenhas,2009,Middle,24,29,2,0,82.76,6.9
AD Mascarenhas,2009,Powerplay,4,2,1,0,200.0,50.0
AD Mascarenhas,2010,Death,12,10,0,0,120.0,0.0
AD Mascarenhas,2012,Death,4,6,0,0,66.67,0.0
AD Mascarenhas,2012,Middle,10,10,1,0,100.0,10.0
AD Mascarenhas,2013,Death,5,5,0,0,100.0,0.0
AD Mathews,2009,Death,5,3,1,0,166.67,33.33
AD Mathews,2009,Middle,11,10,1,0,110.0,10.0
AD Mathews,2010,Death,114,65,9,5,175.38,21.54
AD Mathews,2010,Middle,109,105,9,2,103.81,10.48
AD Mathews,2010,Powerplay,9,13,0,1,69.23,7.69
AD Mathews,2012,Death,39,34,1,1,114.71,5.88
AD Mathews,2012,Middle,88,72,4,3,122.22,9.72
AD Mathews,2012,Powerplay,0,2,0,0,0.0,0.0
AD Mathews,2013,Death,38,33,2,1,115.15,9.09
AD Mathews,2013,Middle,133,104,3,9,127.88,11.54
AD Mathews,2013,Powerplay,1,2,0,0,50.0,0.0
AD Mathews,2015,Death,103,58,9,5,177.59,24.14
AD Mathews,2015,Middle,40,45,3,1,88.89,8.89
AD Mathews,2017,Death,21,16,1,1,131.25,12.5
AD Mathews,2017,Middle,11,11,1,0,100.0,9.09
AD Nath,2016,Death,5,11,0,0,45.45,0.0
AD Nath,2016,Middle,15,16,1,0,93.75,6.25
AD Nath,2017,Middle,0,1,0,0,0.0,0.0
AD Nath,2018,Middle,8,10,1,0,80.0,10.0
AD Nath,2018,Powerplay,1,3,0,0,33.33,0.0
AD Nath,2019,Death,11,7,2,0,157.14,28.57
AD Nath,2019,Middle,40,42,3,1,95.24,9.52
AD Nath,2019,Powerplay,10,8,0,1,125.0,12.5
AD Russell,2012,Death,24,13,1,2,184.62,23.08
AD Russell,2012,Middle,23,13,2,1,176.92,23.08
AD Russell,2013,Death,11,11,0,0,100.0,0.0
AD Russell,2013,Middle,0,3,0,0,0.0,0.0
AD Russell,2014,Middle,2,8,0,0,25.0,0.0
AD Russell,2015,Death,73,41,8,4,178.05,29.27
AD Russell,2015,Middle,230,118,25,13,194.92,32.2
AD Russell,2015,Powerplay,23,10,2,2,230.0,40.0
AD Russell,2016,Death,89,49,7,6,181.63,26.53
AD Russell,2016,Middle,99,65,3,9,152.31,18.46
AD Russell,2018,Death,158,71,11,16,222.54,38.03
AD Russell,2018,Middle,158,99,6,15,159.6,21.21
AD Russell,2019,Death,299,115,17,33,260.0,43.48
AD Russell,2019,Middle,205,131,14,18,156.49,24.43
AD Russell,2019,Powerplay,4,3,1,0,133.33,33.33
AD Russell,2020,Death,5,3,1,0,166.67,33.33
AD Russell,2020,Middle,110,76,8,9,144.74,22.37
AD Russell,2021,Death,74,44,6,6,168.18,27.27
AD Russell,2021,Middle,94,69,6,7,136.23,18.84
AD Russell,2021,Powerplay,14,4,2,1,350.0,75.0
AD Russell,2022,Death,114,57,9,9,200.0,31.58
AD Russell,2022,Middle,216,132,8,23,163.64,23.48
AD Russell,2023,Death,115,69,8,10,166.67,26.09
AD Russell,2023,Middle,111,86,5,8,129.07,15.12
AD Russell,2024,Death,88,44,8,6,200.0,31.82
AD Russell,2024,Middle,126,73,10,10,172.6,27.4
AD Russell,2025,Death,69,29,5,7,237.93,41.38
AD Russell,2025,Middle,98,73,11,7,134.25,24.66
AF Milne,2017,Death,2,4,0,0,50.0,0.0
AF Milne,2017,Middle,5,8,0,0,62.5,0.0
AF Milne,2021,Death,13,13,0,1,100.0,7.69
AF Milne,2021,Middle,3,4,0,0,75.0,0.0
AF Milne,2026,Death,2,2,0,0,100.0,0.0
AG Murtaza,2011,Death,2,5,0,0,40.0,0.0
AG Murtaza,2012,Death,3,5,0,0,60.0,0.0
AG Murtaza,2013,Death,5,4,1,0,125.0,25.0
AG Paunikar,2010,Powerplay,0,1,0,0,0.0,0.0
AG Paunikar,2011,Powerplay,48,54,9,0,88.89,16.67
AJ Finch,2010,Middle,21,21,0,1,100.0,4.76
AJ Finch,2011,Death,22,12,1,2,183.33,25.0
AJ Finch,2011,Middle,7,9,0,0,77.78,0.0
AJ Finch,2011,Powerplay,18,25,2,1,72.0,12.0
AJ Finch,2012,Middle,8,11,0,0,72.73,0.0
AJ Finch,2012,Powerplay,47,40,8,0,117.5,20.0
AJ Finch,2013,Death,1,5,0,0,20.0,0.0
AJ Finch,2013,Middle,217,148,18,10,146.62,18.92
AJ Finch,2013,Powerplay,237,182,36,6,130.22,23.08
AJ Finch,2014,Death,55,37,4,3,148.65,18.92
AJ Finch,2014,Middle,112,94,9,3,119.15,12.77
AJ Finch,2014,Powerplay,141,130,18,3,108.46,16.15
AJ Finch,2015,Powerplay,23,33,4,0,69.7,12.12
AJ Finch,2016,Death,53,37,4,1,143.24,13.51
AJ Finch,2016,Middle,236,167,22,10,141.32,19.16
AJ Finch,2016,Powerplay,103,93,19,0,110.75,20.43
AJ Finch,2017,Death,58,27,7,3,214.81,37.04
AJ Finch,2017,Middle,164,107,12,10,153.27,20.56
AJ Finch,2017,Powerplay,78,48,6,6,162.5,25.0
AJ Finch,2018,Death,14,7,1,1,200.0,28.57
AJ Finch,2018,Middle,98,72,3,6,136.11,12.5
AJ Finch,2018,Powerplay,22,21,2,1,104.76,14.29
AJ Finch,2020,Middle,79,70,7,2,112.86,12.86
AJ Finch,2020,Powerplay,183,169,21,5,108.28,15.38
AJ Finch,2022,Middle,35,12,6,1,291.67,58.33
AJ Finch,2022,Powerplay,51,49,4,2,104.08,12.24
AJ Hosein,2023,Death,16,10,1,1,160.0,20.0
AJ Hosein,2026,Death,5,3,0,0,166.67,0.0
AJ Turner,2019,Death,3,10,0,0,30.0,0.0
AJ Turner,2024,Death,1,4,0,0,25.0,0.0
AJ Turner,2024,Middle,20,14,0,2,142.86,14.29
AJ Tye,2017,Death,35,18,3,2,194.44,27.78
AJ Tye,2017,Middle,18,11,1,1,163.64,18.18
AJ Tye,2018,Death,19,29,1,0,65.52,3.45
AJ Tye,2018,Middle,13,9,1,1,144.44,22.22
AJ Tye,2019,Death,0,2,0,0,0.0,0.0
AJ Tye,2020,Middle,6,6,0,1,100.0,16.67
AK Markram,2021,Death,17,13,1,1,130.77,15.38
AK Markram,2021,Middle,128,102,11,3,125.49,13.73
AK Markram,2021,Powerplay,1,4,0,0,25.0,0.0
AK Markram,2022,Death,90,43,6,6,209.3,27.91
AK Markram,2022,Middle,267,198,17,12,134.85,14.65
AK Markram,2022,Powerplay,24,32,2,1,75.0,9.38
AK Markram,2023,Death,35,18,5,1,194.44,33.33
AK Markram,2023,Middle,195,149,12,7,130.87,12.75
AK Markram,2023,Powerplay,18,30,1,0,60.0,3.33
AK Markram,2024,Death,31,15,2,2,206.67,26.67
AK Markram,2024,Middle,132,115,6,2,114.78,6.96
AK Markram,2024,Powerplay,57,45,10,0,126.67,22.22
AK Markram,2025,Death,4,5,0,0,80.0,0.0
AK Markram,2025,Middle,169,117,7,10,144.44,14.53
AK Markram,2025,Powerplay,266,176,31,11,151.14,23.86
AK Markram,2026,Death,34,20,3,2,170.0,25.0
AK Markram,2026,Middle,76,58,4,3,131.03,12.07
AK Markram,2026,Powerplay,120,88,13,6,136.36,21.59
AL Menaria,2011,Death,15,14,2,0,107.14,14.29
AL Menaria,2011,Middle,157,131,8,9,119.85,12.98
AL Menaria,2011,Powerplay,8,7,0,1,114.29,14.29
AL Menaria,2012,Death,57,44,6,2,129.55,18.18
AL Menaria,2012,Middle,157,155,8,5,101.29,8.39
AL Menaria,2012,Powerplay,0,1,0,0,0.0,0.0
AL Menaria,2013,Death,1,2,0,0,50.0,0.0
AM Ghazanfar,2026,Death,2,3,0,0,66.67,0.0
AM Nayar,2008,Death,64,29,7,4,220.69,37.93
AM Nayar,2008,Middle,141,108,9,5,130.56,12.96
AM Nayar,2009,Death,91,48,8,5,189.58,27.08
AM Nayar,2009,Middle,100,102,6,2,98.04,7.84
AM Nayar,2009,Powerplay,0,1,0,0,0.0,0.0
AM Nayar,2010,Death,9,7,1,0,128.57,14.29
AM Nayar,2010,Middle,30,27,1,2,111.11,11.11
AM Nayar,2010,Powerplay,19,17,2,0,111.76,11.76
AM Nayar,2011,Death,28,19,5,0,147.37,26.32
AM Nayar,2011,Middle,22,33,2,0,66.67,6.06
AM Nayar,2011,Powerplay,10,14,2,0,71.43,14.29
AM Nayar,2012,Death,7,8,0,0,87.5,0.0
AM Nayar,2012,Middle,35,32,2,1,109.38,9.38
AM Nayar,2012,Powerplay,3,9,0,0,33.33,0.0
AM Nayar,2013,Death,22,28,2,0,78.57,7.14
AM Nayar,2013,Middle,44,45,3,0,97.78,6.67
AM Nayar,2014,Middle,11,16,1,0,68.75,6.25
AM Nayar,2014,Powerplay,28,30,3,1,93.33,13.33
AM Rahane,2008,Powerplay,4,17,1,0,23.53,5.88
AM Rahane,2009,Death,65,41,7,2,158.54,21.95
AM Rahane,2009,Middle,59,51,5,0,115.69,9.8
AM Rahane,2009,Powerplay,19,29,0,1,65.52,3.45
AM Rahane,2011,Death,18,16,2,0,112.5,12.5
AM Rahane,2011,Middle,79,63,6,2,125.4,12.7
AM Rahane,2011,Powerplay,23,19,4,0,121.05,21.05
AM Rahane,2012,Death,77,41,10,3,187.8,31.71
AM Rahane,2012,Middle,236,179,23,4,131.84,15.08
AM Rahane,2012,Powerplay,247,213,40,3,115.96,20.19
AM Rahane,2013,Death,51,33,5,2,154.55,21.21
AM Rahane,2013,Middle,224,210,14,4,106.67,8.57
AM Rahane,2013,Powerplay,213,215,23,5,99.07,13.02
AM Rahane,2014,Death,20,14,1,1,142.86,14.29
AM Rahane,2014,Middle,125,107,10,1,116.82,10.28
AM Rahane,2014,Powerplay,194,170,27,1,114.12,16.47
AM Rahane,2015,Death,52,31,6,1,167.74,22.58
AM Rahane,2015,Middle,233,186,13,7,125.27,10.75
AM Rahane,2015,Powerplay,255,195,34,5,130.77,20.0
AM Rahane,2016,Death,30,17,2,2,176.47,23.53
AM Rahane,2016,Middle,235,171,20,4,137.43,14.04
AM Rahane,2016,Powerplay,214,190,32,3,112.63,18.42
AM Rahane,2017,Middle,135,116,9,3,116.38,10.34
AM Rahane,2017,Powerplay,247,207,26,6,119.32,15.46
AM Rahane,2018,Death,17,12,0,1,141.67,8.33
AM Rahane,2018,Middle,125,122,9,0,102.46,7.38
AM Rahane,2018,Powerplay,228,179,30,4,127.37,18.99
AM Rahane,2019,Death,17,15,0,0,113.33,0.0
AM Rahane,2019,Middle,142,98,10,4,144.9,14.29
AM Rahane,2019,Powerplay,234,172,35,5,136.05,23.26
AM Rahane,2020,Death,5,5,0,0,100.0,0.0
AM Rahane,2020,Middle,38,29,2,1,131.03,10.34
AM Rahane,2020,Powerplay,70,73,10,1,95.89,15.07
AM Rahane,2021,Powerplay,8,8,1,0,100.0,12.5
AM Rahane,2022,Middle,41,33,4,1,124.24,15.15
AM Rahane,2022,Powerplay,92,95,10,3,96.84,13.68
AM Rahane,2023,Death,33,9,3,3,366.67,66.67
AM Rahane,2023,Middle,168,120,9,6,140.0,12.5
AM Rahane,2023,Powerplay,125,60,12,7,208.33,31.67
AM Rahane,2024,Middle,97,82,7,2,118.29,10.98
AM Rahane,2024,Powerplay,145,114,17,5,127.19,19.3
AM Rahane,2025,Middle,152,137,8,5,110.95,9.49
AM Rahane,2025,Powerplay,238,127,28,15,187.4,33.86
AM Rahane,2026,Middle,133,92,5,7,144.57,13.04
AM Rahane,2026,Powerplay,202,156,20,11,129.49,19.87
AN Ahmed,2010,Death,4,7,0,0,57.14,0.0
AN Ahmed,2011,Death,18,13,1,1,138.46,15.38
AN Ahmed,2014,Death,4,1,1,0,400.0,100.0
AN Ahmed,2015,Death,10,5,2,0,200.0,40.0
AN Ghosh,2009,Middle,0,1,0,0,0.0,0.0
AN Ghosh,2009,Powerplay,7,7,1,0,100.0,14.29
AP Dole,2010,Death,32,19,3,1,168.42,21.05
AP Dole,2010,Middle,2,3,0,0,66.67,0.0
AP Majumdar,2012,Middle,66,61,3,2,108.2,8.2
AP Majumdar,2012,Powerplay,21,15,4,0,140.0,26.67
AP Tare,2010,Middle,6,3,0,1,200.0,33.33
AP Tare,2010,Powerplay,44,33,5,2,133.33,21.21
AP Tare,2013,Middle,50,32,6,1,156.25,21.88
AP Tare,2013,Powerplay,73,52,8,4,140.38,23.08
AP Tare,2014,Death,34,21,4,1,161.9,23.81
AP Tare,2014,Middle,23,14,3,1,164.29,28.57
AP Tare,2014,Powerplay,69,62,9,1,111.29,16.13
AP Tare,2015,Powerplay,14,17,1,0,82.35,5.88
AP Tare,2016,Middle,0,1,0,0,0.0,0.0
AP Tare,2016,Powerplay,8,14,1,0,57.14,7.14
AP Tare,2017,Powerplay,18,23,3,0,78.26,13.04
AR Bawne,2017,Death,12,12,1,0,100.0,8.33
AR Patel,2014,Death,18,21,0,1,85.71,4.76
AR Patel,2014,Middle,42,36,6,0,116.67,16.67
AR Patel,2014,Powerplay,2,3,0,0,66.67,0.0
AR Patel,2015,Death,62,53,3,2,116.98,9.43
AR Patel,2015,Middle,143,119,10,6,120.17,13.45
AR Patel,2015,Powerplay,1,2,0,0,50.0,0.0
AR Patel,2016,Death,70,36,2,6,194.44,22.22
AR Patel,2016,Middle,39,38,2,2,102.63,10.53
AR Patel,2016,Powerplay,2,3,0,0,66.67,0.0
AR Patel,2017,Death,112,67,6,5,167.16,16.42
AR Patel,2017,Middle,109,92,4,6,118.48,10.87
AR Patel,2017,Powerplay,6,3,1,0,200.0,33.33
AR Patel,2018,Death,12,12,0,1,100.0,8.33
AR Patel,2018,Middle,68,57,3,3,119.3,10.53
AR Patel,2019,Death,79,51,8,3,154.9,21.57
AR Patel,2019,Middle,29,36,2,0,80.56,5.56
AR Patel,2020,Death,71,45,4,5,157.78,20.0
AR Patel,2020,Middle,46,39,2,3,117.95,12.82
AR Patel,2021,Death,20,20,0,1,100.0,5.0
AR Patel,2021,Middle,20,24,2,0,83.33,8.33
AR Patel,2021,Powerplay,0,2,0,0,0.0,0.0
AR Patel,2022,Death,107,55,7,7,194.55,25.45
AR Patel,2022,Middle,75,65,5,3,115.38,12.31
AR Patel,2023,Death,122,71,7,8,171.83,21.13
AR Patel,2023,Middle,151,125,14,6,120.8,16.0
AR Patel,2023,Powerplay,2,5,0,0,40.0,0.0
AR Patel,2024,Death,77,56,4,4,137.5,14.29
AR Patel,2024,Middle,139,105,12,6,132.38,17.14
AR Patel,2024,Powerplay,19,18,3,0,105.56,16.67
AR Patel,2025,Death,28,17,2,2,164.71,23.53
AR Patel,2025,Middle,196,123,16,12,159.35,22.76
AR Patel,2025,Powerplay,39,27,5,1,144.44,22.22
AR Patel,2026,Death,36,21,1,3,171.43,19.05
AR Patel,2026,Middle,125,101,14,2,123.76,15.84
AR Patel,2026,Powerplay,8,9,0,1,88.89,11.11
AS Joseph,2019,Death,11,11,1,0,100.0,9.09
AS Joseph,2019,Middle,4,2,1,0,200.0,50.0
AS Joseph,2022,Death,5,7,0,0,71.43,0.0
AS Joseph,2023,Death,0,4,0,0,0.0,0.0
AS Joseph,2023,Middle,7,8,1,0,87.5,12.5
AS Rajpoot,2013,Death,2,6,0,0,33.33,0.0
AS Rajpoot,2017,Death,4,7,1,0,57.14,14.29
AS Rajpoot,2018,Death,10,13,1,0,76.92,7.69
AS Rajpoot,2018,Middle,1,5,0,0,20.0,0.0
AS Rajpoot,2020,Death,9,9,0,1,100.0,11.11
AS Rajpoot,2020,Middle,0,1,0,0,0.0,0.0
AS Raut,2009,Death,45,29,3,3,155.17,20.69
AS Raut,2009,Middle,33,32,2,0,103.12,6.25
AS Raut,2010,Death,39,25,1,3,156.0,16.0
AS Raut,2010,Middle,17,23,2,0,73.91,8.7
AS Raut,2011,Death,23,22,2,0,104.55,9.09
AS Raut,2011,Middle,30,30,2,1,100.0,10.0
AS Raut,2011,Powerplay,7,6,1,0,116.67,16.67
AS Roy,2022,Middle,0,2,0,0,0.0,0.0
AS Roy,2023,Death,19,13,2,0,146.15,15.38
AS Roy,2023,Middle,0,1,0,0,0.0,0.0
AS Roy,2023,Powerplay,4,5,1,0,80.0,20.0
AS Roy,2024,Death,3,3,0,0,100.0,0.0
AS Roy,2025,Death,0,1,0,0,0.0,0.0
AS Roy,2026,Death,28,19,2,1,147.37,15.79
AS Roy,2026,Middle,24,20,1,1,120.0,10.0
AS Yadav,2008,Death,39,29,5,1,134.48,20.69
AS Yadav,2008,Middle,10,10,0,1,100.0,10.0
AT Carey,2020,Death,31,28,0,1,110.71,3.57
AT Carey,2020,Middle,1,1,0,0,100.0,0.0
AT Rayudu,2010,Death,73,44,8,2,165.91,22.73
AT Rayudu,2010,Middle,234,170,16,11,137.65,15.88
AT Rayudu,2010,Powerplay,47,30,10,0,156.67,33.33
AT Rayudu,2011,Death,63,34,5,3,185.29,23.53
AT Rayudu,2011,Middle,252,209,29,6,120.57,16.75
AT Rayudu,2011,Powerplay,79,106,10,0,74.53,9.43
AT Rayudu,2012,Death,94,43,5,7,218.6,27.91
AT Rayudu,2012,Middle,216,176,14,7,122.73,11.93
AT Rayudu,2012,Powerplay,23,33,2,0,69.7,6.06
AT Rayudu,2013,Death,101,65,8,3,155.38,16.92
AT Rayudu,2013,Middle,132,139,9,1,94.96,7.19
AT Rayudu,2013,Powerplay,31,25,5,0,124.0,20.0
AT Rayudu,2014,Death,21,19,1,1,110.53,10.53
AT Rayudu,2014,Middle,263,198,22,5,132.83,13.64
AT Rayudu,2014,Powerplay,76,69,8,2,110.14,14.49
AT Rayudu,2015,Death,155,72,12,12,215.28,33.33
AT Rayudu,2015,Middle,123,107,6,4,114.95,9.35
AT Rayudu,2015,Powerplay,3,13,0,0,23.08,0.0
AT Rayudu,2016,Death,22,15,1,1,146.67,13.33
AT Rayudu,2016,Middle,173,151,8,8,114.57,10.6
AT Rayudu,2016,Powerplay,139,111,19,3,125.23,19.82
AT Rayudu,2017,Death,27,10,3,2,270.0,50.0
AT Rayudu,2017,Middle,54,46,4,1,117.39,10.87
AT Rayudu,2017,Powerplay,10,22,0,0,45.45,0.0
AT Rayudu,2018,Death,51,33,6,1,154.55,21.21
AT Rayudu,2018,Middle,317,216,23,19,146.76,19.44
AT Rayudu,2018,Powerplay,234,152,24,14,153.95,25.0
AT Rayudu,2019,Death,61,54,5,1,112.96,11.11
AT Rayudu,2019,Middle,184,183,13,4,100.55,9.29
AT Rayudu,2019,Powerplay,37,64,2,2,57.81,6.25
AT Rayudu,2020,Death,38,23,2,2,165.22,17.39
AT Rayudu,2020,Middle,263,206,19,9,127.67,13.59
AT Rayudu,2020,Powerplay,54,50,8,1,108.0,18.0
AT Rayudu,2021,Death,88,48,7,6,183.33,27.08
AT Rayudu,2021,Middle,156,116,9,9,134.48,15.52
AT Rayudu,2021,Powerplay,0,3,0,0,0.0,0.0
AT Rayudu,2022,Death,8,14,1,0,57.14,7.14
AT Rayudu,2022,Middle,226,159,20,13,142.14,20.75
AT Rayudu,2022,Powerplay,39,50,4,2,78.0,12.0
AT Rayudu,2023,Death,66,34,5,4,194.12,26.47
AT Rayudu,2023,Middle,92,79,5,5,116.46,12.66
AU Rashid,2023,Death,4,3,1,0,133.33,33.33
AU Rashid,2023,Middle,17,12,1,1,141.67,16.67
AUK Pathan,2011,Death,12,7,3,0,171.43,42.86
AUK Pathan,2011,Middle,7,4,0,1,175.0,25.0
AUK Pathan,2011,Powerplay,14,5,2,1,280.0,60.0
AUK Pathan,2012,Death,2,3,0,0,66.67,0.0
AUK Pathan,2012,Middle,4,4,0,0,100.0,0.0
Abdul Basith,2023,Death,1,1,0,0,100.0,0.0
Abdul Samad,2020,Death,73,44,5,4,165.91,20.45
Abdul Samad,2020,Middle,38,21,3,2,180.95,23.81
Abdul Samad,2020,Powerplay,2,2,0,0,100.0,0.0
Abdul Samad,2021,Death,51,31,2,5,164.52,22.58
Abdul Samad,2021,Middle,60,56,2,3,107.14,8.93
Abdul Samad,2022,Death,0,1,0,0,0.0,0.0
Abdul Samad,2022,Middle,4,6,0,0,66.67,0.0
Abdul Samad,2023,Death,109,65,6,9,167.69,23.08
Abdul Samad,2023,Middle,55,60,3,2,91.67,8.33
Abdul Samad,2024,Death,96,46,8,7,208.7,32.61
Abdul Samad,2024,Middle,86,62,7,4,138.71,17.74
Abdul Samad,2025,Death,77,43,4,6,179.07,23.26
Abdul Samad,2025,Middle,87,50,4,8,174.0,24.0
Abdul Samad,2026,Death,42,24,5,2,175.0,29.17
Abdul Samad,2026,Middle,74,64,5,3,115.62,12.5
Abdur Razzak,2008,Death,0,2,0,0,0.0,0.0
Abhishek Sharma,2018,Death,57,25,2,5,228.0,28.0
Abhishek Sharma,2018,Middle,6,8,1,0,75.0,12.5
Abhishek Sharma,2019,Death,7,6,1,0,116.67,16.67
Abhishek Sharma,2019,Middle,2,3,0,0,66.67,0.0
Abhishek Sharma,2020,Death,27,24,2,1,112.5,12.5
Abhishek Sharma,2020,Middle,44,32,4,2,137.5,18.75
Abhishek Sharma,2021,Death,16,10,0,2,160.0,20.0
Abhishek Sharma,2021,Middle,39,42,2,0,92.86,4.76
Abhishek Sharma,2021,Powerplay,43,23,5,2,186.96,30.43
Abhishek Sharma,2022,Death,2,3,0,0,66.67,0.0
Abhishek Sharma,2022,Middle,169,114,8,10,148.25,15.79
Abhishek Sharma,2022,Powerplay,254,202,39,3,125.74,20.79
Abhishek Sharma,2023,Death,19,8,1,2,237.5,37.5
Abhishek Sharma,2023,Middle,90,62,8,3,145.16,17.74
Abhishek Sharma,2023,Powerplay,116,86,19,1,134.88,23.26
Abhishek Sharma,2024,Middle,141,68,9,13,207.35,32.35
Abhishek Sharma,2024,Powerplay,337,167,27,28,201.8,32.93
Abhishek Sharma,2025,Death,4,2,1,0,200.0,50.0
Abhishek Sharma,2025,Middle,175,72,11,16,243.06,37.5
Abhishek Sharma,2025,Powerplay,260,151,34,12,172.19,30.46
Abhishek Sharma,2026,Death,16,12,2,0,133.33,16.67
Abhishek Sharma,2026,Middle,178,91,12,14,195.6,28.57
Abhishek Sharma,2026,Powerplay,369,172,36,29,214.53,37.79
Abishek Porel,2023,Death,8,9,1,0,88.89,11.11
Abishek Porel,2023,Middle,24,21,0,2,114.29,9.52
Abishek Porel,2023,Powerplay,1,1,0,0,100.0,0.0
Abishek Porel,2024,Death,40,15,5,2,266.67,46.67
Abishek Porel,2024,Middle,146,100,14,4,146.0,18.0
Abishek Porel,2024,Powerplay,140,89,17,7,157.3,26.97
Abishek Porel,2025,Middle,126,87,6,7,144.83,14.94
Abishek Porel,2025,Powerplay,175,118,22,5,148.31,22.88
Abishek Porel,2026,Death,4,3,1,0,133.33,33.33
Abishek Porel,2026,Middle,38,34,3,0,111.76,8.82
Abishek Porel,2026,Powerplay,66,51,11,1,129.41,23.53
Akash Deep,2022,Middle,0,2,0,0,0.0,0.0
Akash Deep,2023,Death,8,5,0,1,160.0,20.0
Akash Deep,2023,Middle,9,3,2,0,300.0,66.67
Akash Deep,2024,Death,2,2,0,0,100.0,0.0
Akash Deep,2025,Death,6,2,0,1,300.0,50.0
Akash Madhwal,2024,Death,4,5,0,0,80.0,0.0
Akash Madhwal,2025,Middle,4,9,0,0,44.44,0.0
Akshat Raghuwanshi,2026,Middle,29,25,1,1,116.0,8.0
Aman Hakim Khan,2022,Death,5,3,1,0,166.67,33.33
Aman Hakim Khan,2023,Death,35,26,2,2,134.62,15.38
Aman Hakim Khan,2023,Middle,71,70,4,4,101.43,11.43
Aman Hakim Khan,2023,Powerplay,4,5,1,0,80.0,20.0
Aniket Verma,2025,Death,57,32,4,4,178.12,25.0
Aniket Verma,2025,Middle,162,94,6,16,172.34,23.4
Aniket Verma,2025,Powerplay,17,16,2,0,106.25,12.5
Aniket Verma,2026,Death,53,26,4,4,203.85,30.77
Aniket Verma,2026,Middle,26,28,2,1,92.86,10.71
Anirudh Singh,2010,Death,9,9,1,0,100.0,11.11
Anirudh Singh,2010,Middle,36,37,2,1,97.3,8.11
Anirudh Singh,2010,Powerplay,18,20,3,0,90.0,15.0
Ankit Sharma,2012,Death,4,9,0,0,44.44,0.0
Ankit Sharma,2012,Middle,14,4,0,2,350.0,50.0
Ankit Sharma,2014,Middle,7,7,0,0,100.0,0.0
Ankit Sharma,2014,Powerplay,27,23,4,1,117.39,21.74
Ankit Sharma,2015,Death,7,6,1,0,116.67,16.67
Ankit Sharma,2016,Death,3,3,0,0,100.0,0.0
Ankit Sharma,2017,Death,17,10,1,1,170.0,20.0
Ankit Sharma,2017,Middle,8,5,1,0,160.0,20.0
Ankit Soni,2017,Death,7,9,0,1,77.78,11.11
Anmolpreet Singh,2021,Powerplay,16,14,2,1,114.29,21.43
Anmolpreet Singh,2022,Middle,8,9,0,0,88.89,0.0
Anmolpreet Singh,2022,Powerplay,5,4,1,0,125.0,25.0
Anmolpreet Singh,2023,Middle,15,15,2,0,100.0,13.33
Anmolpreet Singh,2023,Powerplay,90,67,13,2,134.33,22.39
Anmolpreet Singh,2024,Powerplay,5,6,1,0,83.33,16.67
Anuj Rawat,2021,Powerplay,0,1,0,0,0.0,0.0
Anuj Rawat,2022,Death,6,3,0,1,200.0,33.33
Anuj Rawat,2022,Middle,46,32,2,3,143.75,15.62
Anuj Rawat,2022,Powerplay,77,83,8,3,92.77,13.25
Anuj Rawat,2023,Death,70,38,5,4,184.21,23.68
Anuj Rawat,2023,Middle,15,29,0,0,51.72,0.0
Anuj Rawat,2023,Powerplay,6,4,1,0,150.0,25.0
Anuj Rawat,2024,Death,51,26,6,3,196.15,34.62
Anuj Rawat,2024,Middle,47,51,4,0,92.16,7.84
Anureet Singh,2015,Death,12,20,0,1,60.0,5.0
Anureet Singh,2015,Middle,6,11,0,0,54.55,0.0
Anureet Singh,2017,Death,14,11,2,0,127.27,18.18
Anureet Singh,2017,Middle,1,1,0,0,100.0,0.0
Anureet Singh,2018,Death,3,4,0,0,75.0,0.0
Arjun Tendulkar,2023,Death,13,9,0,1,144.44,11.11
Arjun Tendulkar,2026,Death,5,5,0,0,100.0,0.0
Arshad Khan,2023,Death,16,11,0,1,145.45,9.09
Arshad Khan,2023,Middle,2,4,0,0,50.0,0.0
Arshad Khan,2024,Death,46,26,3,3,176.92,23.08
Arshad Khan,2024,Middle,32,24,2,2,133.33,16.67
Arshad Khan,2025,Death,15,12,0,2,125.0,16.67
Arshad Khan,2025,Middle,8,7,0,1,114.29,14.29
Arshad Khan,2026,Death,8,5,1,0,160.0,20.0
Arshad Khan,2026,Middle,15,6,0,2,250.0,33.33
Arshad Khan (2),2024,Death,5,4,1,0,125.0,25.0
Arshdeep Singh,2020,Death,0,3,0,0,0.0,0.0
Arshdeep Singh,2021,Death,2,3,0,0,66.67,0.0
Arshdeep Singh,2022,Death,17,23,2,0,73.91,8.7
Arshdeep Singh,2022,Middle,4,6,1,0,66.67,16.67
Arshdeep Singh,2023,Death,2,2,0,0,100.0,0.0
Arshdeep Singh,2024,Death,4,3,1,0,133.33,33.33
Arshdeep Singh,2025,Death,1,5,0,0,20.0,0.0
Arshdeep Singh,2025,Middle,1,1,0,0,100.0,0.0
Arshdeep Singh,2026,Death,1,1,0,0,100.0,0.0
Ashok Sharma,2026,Death,0,1,0,0,0.0,0.0
Ashok Sharma,2026,Middle,1,3,0,0,33.33,0.0
Ashutosh Sharma,2024,Death,112,58,8,7,193.1,25.86
Ashutosh Sharma,2024,Middle,71,52,2,7,136.54,17.31
Ashutosh Sharma,2025,Death,114,61,9,8,186.89,27.87
Ashutosh Sharma,2025,Middle,89,65,5,5,136.92,15.38
Ashutosh Sharma,2026,Death,134,59,12,10,227.12,37.29
Ashutosh Sharma,2026,Middle,37,33,3,2,112.12,15.15
Ashwani Kumar,2026,Death,1,6,0,0,16.67,0.0
Atharva Taide,2023,Middle,84,64,8,1,131.25,14.06
Atharva Taide,2023,Powerplay,102,65,12,5,156.92,26.15
Atharva Taide,2024,Middle,19,10,2,1,190.0,30.0
Atharva Taide,2024,Powerplay,42,29,5,1,144.83,20.69
Atharva Taide,2025,Powerplay,13,9,3,0,144.44,33.33
Auqib Nabi,2026,Death,6,1,0,1,600.0,100.0
Auqib Nabi,2026,Middle,4,2,1,0,200.0,50.0
Avesh Khan,2019,Death,4,3,1,0,133.33,33.33
Avesh Khan,2021,Death,5,3,1,0,166.67,33.33
Avesh Khan,2022,Death,10,9,0,1,111.11,11.11
Avesh Khan,2022,Middle,12,4,0,2,300.0,50.0
Avesh Khan,2023,Death,0,1,0,0,0.0,0.0
Avesh Khan,2024,Death,10,5,1,0,200.0,20.0
Avesh Khan,2025,Death,21,11,3,1,190.91,36.36
Avesh Khan,2025,Middle,0,1,0,0,0.0,0.0
Avesh Khan,2026,Death,6,6,1,0,100.0,16.67
Azhar Mahmood,2012,Death,63,34,6,4,185.29,29.41
Azhar Mahmood,2012,Middle,116,104,10,3,111.54,12.5
Azhar Mahmood,2012,Powerplay,7,4,0,1,175.0,25.0
Azhar Mahmood,2013,Death,31,26,4,1,119.23,19.23
Azhar Mahmood,2013,Middle,150,108,15,4,138.89,17.59
Azhar Mahmood,2013,Powerplay,15,20,3,0,75.0,15.0
Azhar Mahmood,2015,Death,2,3,0,0,66.67,0.0
Azhar Mahmood,2015,Middle,4,4,1,0,100.0,25.0
Azmatullah Omarzai,2024,Middle,42,33,2,2,127.27,12.12
Azmatullah Omarzai,2025,Death,23,14,3,1,164.29,28.57
Azmatullah Omarzai,2025,Middle,34,27,3,2,125.93,18.52
Azmatullah Omarzai,2026,Death,38,17,2,4,223.53,35.29
Azmatullah Omarzai,2026,Middle,14,10,1,1,140.0,20.0
B Akhil,2008,Death,41,24,3,3,170.83,25.0
B Akhil,2008,Middle,5,7,1,0,71.43,14.29
B Akhil,2009,Death,8,6,0,1,133.33,16.67
B Akhil,2009,Middle,9,9,1,0,100.0,11.11
B Akhil,2011,Middle,13,9,0,1,144.44,11.11
B Chipli,2008,Powerplay,20,28,3,0,71.43,10.71
B Chipli,2011,Death,61,36,8,0,169.44,22.22
B Chipli,2011,Middle,126,106,10,4,118.87,13.21
B Chipli,2011,Powerplay,20,28,3,0,71.43,10.71
B Chipli,2012,Death,17,8,2,1,212.5,37.5
B Chipli,2012,Middle,19,21,1,1,90.48,9.52
B Chipli,2012,Powerplay,1,6,0,0,16.67,0.0
B Chipli,2013,Middle,2,4,0,0,50.0,0.0
B Chipli,2013,Powerplay,14,13,1,1,107.69,15.38
B Indrajith,2022,Middle,2,3,0,0,66.67,0.0
B Indrajith,2022,Powerplay,19,27,2,0,70.37,7.41
B Kumar,2011,Death,1,1,0,0,100.0,0.0
B Kumar,2012,Death,35,32,4,0,109.38,12.5
B Kumar,2012,Middle,5,8,0,0,62.5,0.0
B Kumar,2013,Death,50,60,3,1,83.33,6.67
B Kumar,2013,Middle,2,11,0,0,18.18,0.0
B Kumar,2014,Death,1,4,0,0,25.0,0.0
B Kumar,2015,Death,17,9,2,1,188.89,33.33
B Kumar,2015,Middle,0,1,0,0,0.0,0.0
B Kumar,2016,Death,43,27,6,1,159.26,25.93
B Kumar,2017,Death,4,4,0,0,100.0,0.0
B Kumar,2018,Death,11,13,1,0,84.62,7.69
B Kumar,2018,Middle,2,3,0,0,66.67,0.0
B Kumar,2019,Death,12,18,1,0,66.67,5.56
B Kumar,2019,Middle,0,1,0,0,0.0,0.0
B Kumar,2020,Death,0,2,0,0,0.0,0.0
B Kumar,2021,Death,34,30,3,0,113.33,10.0
B Kumar,2022,Death,24,24,3,0,100.0,12.5
B Kumar,2022,Middle,0,1,0,0,0.0,0.0
B Kumar,2023,Death,21,23,2,0,91.3,8.7
B Kumar,2023,Middle,21,24,2,0,87.5,8.33
B Kumar,2024,Death,10,12,0,0,83.33,0.0
B Kumar,2024,Middle,13,17,3,0,76.47,17.65
B Kumar,2025,Death,6,12,0,0,50.0,0.0
B Kumar,2025,Middle,8,13,1,0,61.54,7.69
B Kumar,2026,Death,30,20,3,1,150.0,20.0
B Kumar,2026,Middle,4,6,0,0,66.67,0.0
B Laughlin,2013,Death,0,1,0,0,0.0,0.0
B Laughlin,2013,Middle,4,8,0,0,50.0,0.0
B Laughlin,2018,Death,1,4,0,0,25.0,0.0
B Lee,2008,Death,17,12,2,1,141.67,25.0
B Lee,2009,Death,24,26,2,1,92.31,11.54
B Lee,2009,Middle,4,8,0,0,50.0,0.0
B Lee,2010,Death,11,9,1,0,122.22,11.11
B Lee,2011,Death,5,9,0,0,55.56,0.0
B Lee,2012,Death,31,12,2,3,258.33,41.67
B Lee,2012,Middle,11,8,0,1,137.5,12.5
B Lee,2013,Death,16,6,0,2,266.67,33.33
B Lee,2013,Middle,5,6,1,0,83.33,16.67
B Sai Sudharsan,2022,Death,13,8,0,1,162.5,12.5
B Sai Sudharsan,2022,Middle,100,79,9,2,126.58,13.92
B Sai Sudharsan,2022,Powerplay,28,26,4,0,107.69,15.38
B Sai Sudharsan,2023,Death,67,31,6,4,216.13,32.26
B Sai Sudharsan,2023,Middle,209,156,15,6,133.97,13.46
B Sai Sudharsan,2023,Powerplay,79,66,12,1,119.7,19.7
B Sai Sudharsan,2024,Death,32,15,3,2,213.33,33.33
B Sai Sudharsan,2024,Middle,330,215,29,11,153.49,18.6
B Sai Sudharsan,2024,Powerplay,160,139,16,4,115.11,14.39
B Sai Sudharsan,2025,Death,44,21,2,4,209.52,28.57
B Sai Sudharsan,2025,Middle,313,207,32,7,151.21,18.84
B Sai Sudharsan,2025,Powerplay,402,258,54,10,155.81,24.81
B Sai Sudharsan,2026,Death,45,23,2,4,195.65,26.09
B Sai Sudharsan,2026,Middle,328,189,23,17,173.54,21.16
B Sai Sudharsan,2026,Powerplay,346,242,50,9,142.98,24.38
B Stanlake,2018,Death,5,2,1,0,250.0,50.0
B Sumanth,2010,Death,23,21,2,0,109.52,9.52
B Sumanth,2010,Middle,12,16,1,0,75.0,6.25
BA Bhatt,2011,Death,0,5,0,0,0.0,0.0
BA Bhatt,2012,Death,6,2,0,1,300.0,50.0
BA Stokes,2017,Death,36,25,2,2,144.0,16.0
BA Stokes,2017,Middle,253,174,17,12,145.4,16.67
BA Stokes,2017,Powerplay,27,22,3,1,122.73,18.18
BA Stokes,2018,Death,5,6,0,0,83.33,0.0
BA Stokes,2018,Middle,155,123,11,4,126.02,12.2
BA Stokes,2018,Powerplay,35,31,2,2,112.9,12.9
BA Stokes,2019,Death,59,40,4,3,147.5,17.5
BA Stokes,2019,Middle,64,57,4,1,112.28,8.77
BA Stokes,2020,Death,21,10,2,1,210.0,30.0
BA Stokes,2020,Middle,87,66,8,2,131.82,15.15
BA Stokes,2020,Powerplay,177,124,26,4,142.74,24.19
BA Stokes,2021,Powerplay,0,3,0,0,0.0,0.0
BA Stokes,2023,Death,6,4,1,0,150.0,25.0
BA Stokes,2023,Middle,8,9,1,0,88.89,11.11
BA Stokes,2023,Powerplay,1,1,0,0,100.0,0.0
BAW Mendis,2009,Middle,0,1,0,0,0.0,0.0
BAW Mendis,2010,Death,1,1,0,0,100.0,0.0
BAW Mendis,2013,Death,2,4,0,0,50.0,0.0
BB McCullum,2008,Death,56,18,2,6,311.11,44.44
BB McCullum,2008,Middle,61,35,3,4,174.29,20.0
BB McCullum,2008,Powerplay,71,38,8,5,186.84,34.21
BB McCullum,2009,Death,43,23,4,2,186.96,26.09
BB McCullum,2009,Middle,76,78,6,1,97.44,8.97
BB McCullum,2009,Powerplay,159,135,15,9,117.78,17.78
BB McCullum,2010,Death,7,5,1,0,140.0,20.0
BB McCullum,2010,Middle,82,70,9,2,117.14,15.71
BB McCullum,2010,Powerplay,25,34,4,0,73.53,11.76
BB McCullum,2011,Death,13,6,2,0,216.67,33.33
BB McCullum,2011,Middle,110,90,6,5,122.22,12.22
BB McCullum,2011,Powerplay,228,176,27,10,129.55,21.02
BB McCullum,2012,Death,0,1,0,0,0.0,0.0
BB McCullum,2012,Middle,155,123,18,2,126.02,16.26
BB McCullum,2012,Powerplay,134,159,19,1,84.28,12.58
BB McCullum,2013,Powerplay,6,7,1,0,85.71,14.29
BB McCullum,2014,Death,10,8,1,0,125.0,12.5
BB McCullum,2014,Middle,188,166,10,9,113.25,11.45
BB McCullum,2014,Powerplay,207,159,21,10,130.19,19.5
BB McCullum,2015,Death,25,12,2,2,208.33,33.33
BB McCullum,2015,Middle,158,97,13,10,162.89,23.71
BB McCullum,2015,Powerplay,248,167,35,11,148.5,27.54
BB McCullum,2016,Middle,124,96,12,4,129.17,16.67
BB McCullum,2016,Powerplay,230,166,26,12,138.55,22.89
BB McCullum,2017,Middle,136,86,10,9,158.14,22.09
BB McCullum,2017,Powerplay,184,134,19,9,137.31,20.9
BB McCullum,2018,Middle,66,45,8,3,146.67,24.44
BB McCullum,2018,Powerplay,55,42,8,2,130.95,23.81
BB Samantray,2012,Death,2,2,0,0,100.0,0.0
BB Samantray,2013,Death,29,22,4,0,131.82,18.18
BB Samantray,2013,Middle,79,68,7,2,116.18,13.24
BB Samantray,2013,Powerplay,15,21,2,0,71.43,9.52
BB Sran,2016,Death,3,3,0,0,100.0,0.0
BB Sran,2018,Death,2,6,0,0,33.33,0.0
BB Sran,2018,Middle,1,1,0,0,100.0,0.0
BB Sran,2019,Death,3,3,0,0,100.0,0.0
BCJ Cutting,2014,Death,8,6,0,1,133.33,16.67
BCJ Cutting,2016,Death,57,27,3,6,211.11,33.33
BCJ Cutting,2016,Middle,8,7,1,0,114.29,14.29
BCJ Cutting,2017,Death,39,17,3,3,229.41,35.29
BCJ Cutting,2017,Middle,12,9,2,0,133.33,22.22
BCJ Cutting,2018,Death,90,48,5,8,187.5,27.08
BCJ Cutting,2018,Middle,6,10,0,0,60.0,0.0
BCJ Cutting,2019,Death,14,11,1,1,127.27,18.18
BCJ Cutting,2019,Middle,4,6,0,0,66.67,0.0
BE Hendricks,2014,Death,0,1,0,0,0.0,0.0
BE Hendricks,2015,Death,1,2,0,0,50.0,0.0
BJ Haddin,2011,Powerplay,18,11,2,1,163.64,27.27
BJ Hodge,2008,Powerplay,12,17,2,0,70.59,11.76
BJ Hodge,2009,Death,75,40,9,2,187.5,27.5
BJ Hodge,2009,Middle,238,199,19,6,119.6,12.56
BJ Hodge,2009,Powerplay,52,70,6,1,74.29,10.0
BJ Hodge,2010,Middle,55,49,6,0,112.24,12.24
BJ Hodge,2010,Powerplay,44,41,5,1,107.32,14.63
BJ Hodge,2011,Death,81,41,7,4,197.56,26.83
BJ Hodge,2011,Middle,164,159,14,3,103.14,10.69
BJ Hodge,2011,Powerplay,40,34,5,2,117.65,20.59
BJ Hodge,2012,Death,121,73,11,6,165.75,23.29
BJ Hodge,2012,Middle,124,100,7,3,124.0,10.0
BJ Hodge,2013,Death,146,97,11,6,150.52,17.53
BJ Hodge,2013,Middle,146,120,16,3,121.67,15.83
BJ Hodge,2014,Death,70,40,4,5,175.0,22.5
BJ Hodge,2014,Middle,31,32,0,1,96.88,3.12
BJ Rohrer,2013,Death,73,30,6,5,243.33,36.67
BJ Rohrer,2013,Middle,120,110,15,0,109.09,13.64
BJ Rohrer,2013,Powerplay,0,1,0,0,0.0,0.0
BKG Mendis,2025,Middle,0,1,0,0,0.0,0.0
BKG Mendis,2025,Powerplay,20,9,1,2,222.22,33.33
BMAJ Mendis,2013,Middle,22,25,0,0,88.0,0.0
BMAJ Mendis,2013,Powerplay,1,2,0,0,50.0,0.0
BR Dunk,2014,Powerplay,40,35,7,0,114.29,20.0
BR Sharath,2024,Middle,2,5,0,0,40.0,0.0
Basil Thampi,2017,Death,28,28,1,1,100.0,7.14
Basil Thampi,2018,Middle,3,6,0,0,50.0,0.0
Basil Thampi,2019,Death,1,1,0,0,100.0,0.0
Bipul Sharma,2010,Death,9,7,1,0,128.57,14.29
Bipul Sharma,2011,Death,18,16,0,0,112.5,0.0
Bipul Sharma,2011,Middle,5,2,1,0,250.0,50.0
Bipul Sharma,2012,Death,44,26,4,2,169.23,23.08
Bipul Sharma,2012,Middle,28,21,2,1,133.33,14.29
Bipul Sharma,2015,Middle,1,2,0,0,50.0,0.0
Bipul Sharma,2016,Death,50,24,1,5,208.33,25.0
Bipul Sharma,2016,Middle,1,1,0,0,100.0,0.0
Bipul Sharma,2017,Death,31,24,2,1,129.17,12.5
Brijesh Sharma,2026,Death,2,4,0,0,50.0,0.0
C Bosch,2025,Death,43,23,3,3,186.96,26.09
C Bosch,2025,Middle,4,9,0,0,44.44,0.0
C Bosch,2026,Death,49,25,5,2,196.0,28.0
C Bosch,2026,Middle,1,6,0,0,16.67,0.0
C Connolly,2026,Death,63,26,6,4,242.31,38.46
C Connolly,2026,Middle,287,171,18,21,167.84,22.81
C Connolly,2026,Powerplay,137,102,18,7,134.31,24.51
C Green,2023,Death,63,36,6,2,175.0,22.22
C Green,2023,Middle,220,148,10,15,148.65,16.89
C Green,2023,Powerplay,161,95,24,4,169.47,29.47
C Green,2024,Death,88,46,6,5,191.3,23.91
C Green,2024,Middle,138,108,12,4,127.78,14.81
C Green,2024,Powerplay,29,24,4,1,120.83,20.83
C Green,2026,Death,48,36,4,2,133.33,16.67
C Green,2026,Middle,213,133,13,13,160.15,19.55
C Green,2026,Powerplay,61,51,5,2,119.61,13.73
C Madan,2010,Powerplay,14,18,3,0,77.78,16.67
C Munro,2016,Death,4,5,0,0,80.0,0.0
C Munro,2016,Middle,2,3,0,0,66.67,0.0
C Munro,2016,Powerplay,24,22,3,0,109.09,13.64
C Munro,2018,Middle,1,3,0,0,33.33,0.0
C Munro,2018,Powerplay,62,38,7,4,163.16,28.95
C Munro,2019,Middle,39,39,3,2,100.0,12.82
C Munro,2019,Powerplay,45,31,6,2,145.16,25.81
C Nanda,2009,Death,0,1,0,0,0.0,0.0
C Sakariya,2021,Death,15,19,2,0,78.95,10.53
C Sakariya,2021,Middle,1,5,0,0,20.0,0.0
C Sakariya,2023,Death,4,6,1,0,66.67,16.67
C de Grandhomme,2017,Death,29,26,2,1,111.54,11.54
C de Grandhomme,2017,Middle,96,64,8,5,150.0,20.31
C de Grandhomme,2017,Powerplay,1,2,0,0,50.0,0.0
C de Grandhomme,2018,Death,90,52,2,8,173.08,19.23
C de Grandhomme,2018,Middle,35,31,2,1,112.9,9.68
C de Grandhomme,2019,Death,11,20,0,0,55.0,0.0
C de Grandhomme,2019,Middle,35,29,4,2,120.69,20.69
CA Ingram,2011,Middle,14,13,1,0,107.69,7.69
CA Ingram,2011,Powerplay,7,12,1,0,58.33,8.33
CA Ingram,2019,Death,53,35,6,2,151.43,22.86
CA Ingram,2019,Middle,124,113,13,3,109.73,14.16
CA Ingram,2019,Powerplay,7,6,1,0,116.67,16.67
CA Lynn,2012,Middle,6,9,1,0,66.67,11.11
CA Lynn,2014,Middle,41,31,2,3,132.26,16.13
CA Lynn,2014,Powerplay,17,18,3,0,94.44,16.67
CA Lynn,2016,Death,10,9,0,0,111.11,0.0
CA Lynn,2016,Middle,0,1,0,0,0.0,0.0
CA Lynn,2016,Powerplay,15,12,0,1,125.0,8.33
CA Lynn,2017,Death,6,3,1,0,200.0,33.33
CA Lynn,2017,Middle,108,67,3,8,161.19,16.42
CA Lynn,2017,Powerplay,179,91,21,11,196.7,35.16
CA Lynn,2018,Death,9,5,1,0,180.0,20.0
CA Lynn,2018,Middle,191,157,15,6,121.66,13.38
CA Lynn,2018,Powerplay,291,215,40,12,135.35,24.19
CA Lynn,2019,Death,5,5,1,0,100.0,20.0
CA Lynn,2019,Middle,132,96,6,9,137.5,15.62
CA Lynn,2019,Powerplay,258,187,33,12,137.97,24.06
CA Lynn,2021,Middle,36,21,3,2,171.43,23.81
CA Lynn,2021,Powerplay,13,14,1,1,92.86,14.29
CA Pujara,2010,Death,19,16,0,2,118.75,12.5
CA Pujara,2010,Middle,48,47,3,1,102.13,8.51
CA Pujara,2010,Powerplay,55,52,11,0,105.77,21.15
CA Pujara,2011,Death,11,7,2,0,157.14,28.57
CA Pujara,2011,Middle,23,24,2,0,95.83,8.33
CA Pujara,2012,Death,0,1,0,0,0.0,0.0
CA Pujara,2012,Powerplay,17,21,1,1,80.95,9.52
CA Pujara,2013,Middle,29,29,4,0,100.0,13.79
CA Pujara,2013,Powerplay,63,70,10,0,90.0,14.29
CA Pujara,2014,Death,10,5,1,0,200.0,20.0
CA Pujara,2014,Middle,35,33,3,0,106.06,9.09
CA Pujara,2014,Powerplay,80,85,13,0,94.12,15.29
CH Gayle,2009,Middle,40,36,2,2,111.11,11.11
CH Gayle,2009,Powerplay,144,112,16,8,128.57,21.43
CH Gayle,2010,Death,19,11,2,0,172.73,18.18
CH Gayle,2010,Middle,148,82,8,12,180.49,24.39
CH Gayle,2010,Powerplay,123,90,20,4,136.67,26.67
CH Gayle,2011,Death,20,12,2,1,166.67,25.0
CH Gayle,2011,Middle,293,155,22,23,189.03,29.03
CH Gayle,2011,Powerplay,289,164,33,19,176.22,31.71
CH Gayle,2012,Death,88,38,7,8,231.58,39.47
CH Gayle,2012,Middle,414,235,18,35,176.17,22.55
CH Gayle,2012,Powerplay,218,178,21,14,122.47,19.66
CH Gayle,2013,Death,89,40,7,7,222.5,35.0
CH Gayle,2013,Middle,332,206,22,25,161.17,22.82
CH Gayle,2013,Powerplay,280,208,27,18,134.62,21.63
CH Gayle,2014,Death,7,4,0,1,175.0,25.0
CH Gayle,2014,Middle,39,47,3,2,82.98,10.64
CH Gayle,2014,Powerplay,150,133,15,9,112.78,18.05
CH Gayle,2015,Death,42,18,3,4,233.33,38.89
CH Gayle,2015,Middle,149,96,5,13,155.21,18.75
CH Gayle,2015,Powerplay,299,217,31,21,137.79,23.96
CH Gayle,2016,Middle,76,33,2,10,230.3,36.36
CH Gayle,2016,Powerplay,151,117,15,11,129.06,22.22
CH Gayle,2017,Middle,91,55,4,9,165.45,23.64
CH Gayle,2017,Powerplay,109,107,11,5,101.87,14.95
CH Gayle,2018,Death,20,12,0,2,166.67,16.67
CH Gayle,2018,Middle,130,88,3,13,147.73,18.18
CH Gayle,2018,Powerplay,218,152,27,12,143.42,25.66
CH Gayle,2019,Death,31,14,3,2,221.43,35.71
CH Gayle,2019,Middle,197,120,11,16,164.17,22.5
CH Gayle,2019,Powerplay,262,185,31,16,141.62,25.41
CH Gayle,2020,Death,57,35,2,6,162.86,22.86
CH Gayle,2020,Middle,159,130,5,12,122.31,13.08
CH Gayle,2020,Powerplay,79,47,8,6,168.09,29.79
CH Gayle,2021,Death,19,9,1,2,211.11,33.33
CH Gayle,2021,Middle,106,89,9,5,119.1,15.73
CH Gayle,2021,Powerplay,68,56,11,1,121.43,21.43
CH Morris,2013,Death,13,11,0,0,118.18,0.0
CH Morris,2013,Middle,1,5,0,0,20.0,0.0
CH Morris,2015,Death,70,42,3,4,166.67,16.67
CH Morris,2015,Middle,0,3,0,0,0.0,0.0
CH Morris,2016,Death,125,66,10,7,189.39,25.76
CH Morris,2016,Middle,70,43,5,5,162.79,23.26
CH Morris,2017,Death,107,51,10,6,209.8,31.37
CH Morris,2017,Middle,47,43,5,0,109.3,11.63
CH Morris,2018,Death,25,14,1,1,178.57,14.29
CH Morris,2018,Middle,4,5,0,0,80.0,0.0
CH Morris,2018,Powerplay,17,7,2,1,242.86,42.86
CH Morris,2019,Death,13,19,0,1,68.42,5.26
CH Morris,2019,Middle,19,18,1,1,105.56,11.11
CH Morris,2020,Death,34,19,2,3,178.95,26.32
CH Morris,2020,Middle,0,2,0,0,0.0,0.0
CH Morris,2021,Death,64,41,2,5,156.1,17.07
CH Morris,2021,Middle,3,8,0,0,37.5,0.0
CJ Anderson,2014,Death,22,19,0,2,115.79,10.53
CJ Anderson,2014,Middle,205,127,17,11,161.42,22.05
CJ Anderson,2014,Powerplay,38,35,4,2,108.57,17.14
CJ Anderson,2015,Death,44,18,2,4,244.44,33.33
CJ Anderson,2015,Middle,66,63,8,2,104.76,15.87
CJ Anderson,2015,Powerplay,4,15,1,0,26.67,6.67
CJ Anderson,2017,Death,76,35,4,7,217.14,31.43
CJ Anderson,2017,Middle,56,76,2,2,73.68,5.26
CJ Anderson,2017,Powerplay,10,11,2,0,90.91,18.18
CJ Anderson,2018,Middle,17,22,0,1,77.27,4.55
CJ Ferguson,2011,Death,16,10,3,0,160.0,30.0
CJ Ferguson,2011,Middle,26,34,2,0,76.47,5.88
CJ Ferguson,2011,Powerplay,6,10,1,0,60.0,10.0
CJ Ferguson,2012,Death,1,6,0,0,16.67,0.0
CJ Ferguson,2012,Middle,38,43,2,0,88.37,4.65
CJ Ferguson,2012,Powerplay,11,14,1,0,78.57,7.14
CJ Jordan,2016,Death,3,4,0,0,75.0,0.0
CJ Jordan,2017,Death,0,1,0,0,0.0,0.0
CJ Jordan,2020,Death,22,20,2,0,110.0,10.0
CJ Jordan,2020,Middle,7,11,0,0,63.64,0.0
CJ Jordan,2021,Death,29,17,1,3,170.59,23.53
CJ Jordan,2021,Middle,3,4,0,0,75.0,0.0
CJ Jordan,2022,Death,11,7,0,0,157.14,0.0
CJ Jordan,2022,Middle,0,1,0,0,0.0,0.0
CJ Jordan,2023,Death,4,8,0,0,50.0,0.0
CJ Jordan,2023,Middle,2,4,0,0,50.0,0.0
CJ McKay,2012,Middle,8,15,0,0,53.33,0.0
CK Kapugedera,2008,Death,13,16,0,0,81.25,0.0
CK Kapugedera,2008,Middle,3,6,0,0,50.0,0.0
CK Langeveldt,2010,Death,0,1,0,0,0.0,0.0
CK Langeveldt,2011,Death,1,2,0,0,50.0,0.0
CK Langeveldt,2011,Middle,7,6,0,1,116.67,16.67
CL White,2008,Death,15,7,1,1,214.29,28.57
CL White,2008,Middle,87,79,5,3,110.13,10.13
CL White,2008,Powerplay,7,14,1,0,50.0,7.14
CL White,2010,Death,40,20,3,3,200.0,30.0
CL White,2010,Middle,4,2,0,0,200.0,0.0
CL White,2010,Powerplay,4,11,0,0,36.36,0.0
CL White,2011,Death,45,36,2,1,125.0,8.33
CL White,2011,Middle,59,70,4,1,84.29,7.14
CL White,2011,Powerplay,0,3,0,0,0.0,0.0
CL White,2012,Death,140,63,9,11,222.22,31.75
CL White,2012,Middle,295,217,25,9,135.94,15.67
CL White,2012,Powerplay,40,39,6,0,102.56,15.38
CL White,2013,Death,43,22,1,4,195.45,22.73
CL White,2013,Middle,127,125,12,3,101.6,12.0
CL White,2013,Powerplay,56,49,5,2,114.29,14.29
CM Gautam,2013,Death,13,11,2,0,118.18,18.18
CM Gautam,2013,Middle,29,20,2,1,145.0,15.0
CM Gautam,2013,Powerplay,2,3,0,0,66.67,0.0
CM Gautam,2014,Death,32,26,6,0,123.08,23.08
CM Gautam,2014,Middle,27,31,1,1,87.1,6.45
CM Gautam,2014,Powerplay,62,53,6,4,116.98,18.87
CM Gautam,2015,Powerplay,4,5,0,0,80.0,0.0
CR Brathwaite,2016,Death,62,27,6,5,229.63,40.74
CR Brathwaite,2016,Middle,21,11,0,3,190.91,27.27
CR Brathwaite,2017,Middle,12,15,2,0,80.0,13.33
CR Brathwaite,2018,Death,69,35,1,8,197.14,25.71
CR Brathwaite,2018,Middle,6,13,0,0,46.15,0.0
CR Brathwaite,2019,Death,9,8,1,0,112.5,12.5
CR Brathwaite,2019,Middle,1,1,0,0,100.0,0.0
CR Woakes,2017,Death,32,29,2,1,110.34,10.34
CR Woakes,2017,Middle,14,18,2,0,77.78,11.11
CR Woakes,2018,Death,7,11,1,0,63.64,9.09
CR Woakes,2018,Middle,10,8,0,1,125.0,12.5
CR Woakes,2021,Death,13,7,2,0,185.71,28.57
CR Woakes,2021,Middle,2,4,0,0,50.0,0.0
CRD Fernando,2008,Death,2,1,0,0,200.0,0.0
CRD Fernando,2010,Death,2,2,0,0,100.0,0.0
CV Varun,2020,Death,10,15,0,0,66.67,0.0
CV Varun,2021,Death,2,4,0,0,50.0,0.0
CV Varun,2022,Death,11,11,2,0,100.0,18.18
CV Varun,2022,Middle,1,7,0,0,14.29,0.0
CV Varun,2023,Death,1,7,0,0,14.29,0.0
CV Varun,2023,Middle,0,2,0,0,0.0,0.0
CV Varun,2025,Death,1,1,0,0,100.0,0.0
CV Varun,2026,Death,5,5,1,0,100.0,20.0
CV Varun,2026,Middle,0,1,0,0,0.0,0.0
D Brevis,2022,Middle,96,67,4,9,143.28,19.4
D Brevis,2022,Powerplay,65,46,10,2,141.3,26.09
D Brevis,2024,Middle,53,39,2,4,135.9,15.38
D Brevis,2024,Powerplay,16,20,1,1,80.0,10.0
D Brevis,2025,Death,42,16,3,4,262.5,43.75
D Brevis,2025,Middle,180,105,10,13,171.43,21.9
D Brevis,2025,Powerplay,3,4,0,0,75.0,0.0
D Brevis,2026,Death,13,11,1,1,118.18,18.18
D Brevis,2026,Middle,135,101,7,9,133.66,15.84
D Brevis,2026,Powerplay,3,6,0,0,50.0,0.0
D Ferreira,2024,Death,3,5,0,0,60.0,0.0
D Ferreira,2024,Middle,5,6,0,0,83.33,0.0
D Ferreira,2025,Death,1,3,0,0,33.33,0.0
D Ferreira,2026,Death,161,63,10,16,255.56,41.27
D Ferreira,2026,Middle,142,103,15,6,137.86,20.39
D Ferreira,2026,Powerplay,14,11,1,1,127.27,18.18
D Kalyankrishna,2008,Death,3,8,0,0,37.5,0.0
D Padikkal,2020,Death,0,4,0,0,0.0,0.0
D Padikkal,2020,Middle,201,164,14,5,122.56,11.59
D Padikkal,2020,Powerplay,271,210,37,3,129.05,19.05
D Padikkal,2021,Death,10,8,1,0,125.0,12.5
D Padikkal,2021,Middle,140,114,9,6,122.81,13.16
D Padikkal,2021,Powerplay,260,205,34,8,126.83,20.49
D Padikkal,2022,Death,20,16,3,0,125.0,18.75
D Padikkal,2022,Middle,256,193,24,12,132.64,18.65
D Padikkal,2022,Powerplay,99,96,14,2,103.12,16.67
D Padikkal,2023,Death,47,26,9,0,180.77,34.62
D Padikkal,2023,Middle,106,97,7,2,109.28,9.28
D Padikkal,2023,Powerplay,108,77,15,4,140.26,24.68
D Padikkal,2024,Middle,15,22,0,0,68.18,0.0
D Padikkal,2024,Powerplay,22,30,3,0,73.33,10.0
D Padikkal,2025,Death,11,7,2,0,157.14,28.57
D Padikkal,2025,Middle,168,110,14,9,152.73,20.91
D Padikkal,2025,Powerplay,68,46,6,5,147.83,23.91
D Padikkal,2026,Middle,219,136,19,11,161.03,22.06
D Padikkal,2026,Powerplay,245,139,30,13,176.26,30.94
D Pretorius,2022,Death,34,22,3,2,154.55,22.73
D Pretorius,2022,Middle,10,6,0,1,166.67,16.67
D Salunkhe,2008,Death,25,17,4,0,147.06,23.53
D Salunkhe,2008,Middle,8,7,1,0,114.29,14.29
D Wiese,2015,Death,83,54,10,3,153.7,24.07
D Wiese,2015,Middle,38,31,2,1,122.58,9.68
D Wiese,2016,Death,5,4,0,0,125.0,0.0
D Wiese,2023,Death,21,11,0,3,190.91,27.27
D du Preez,2009,Death,3,5,0,0,60.0,0.0
D du Preez,2009,Middle,7,8,0,0,87.5,0.0
DA Miller,2012,Death,55,32,3,4,171.88,21.88
DA Miller,2012,Middle,43,43,3,0,100.0,6.98
DA Miller,2013,Death,136,62,10,10,219.35,32.26
DA Miller,2013,Middle,275,183,17,14,150.27,16.94
DA Miller,2013,Powerplay,6,8,1,0,75.0,12.5
DA Miller,2014,Death,130,62,5,11,209.68,25.81
DA Miller,2014,Middle,303,223,28,9,135.87,16.59
DA Miller,2014,Powerplay,13,14,1,1,92.86,14.29
DA Miller,2015,Death,104,46,3,11,226.09,30.43
DA Miller,2015,Middle,227,196,17,8,115.82,12.76
DA Miller,2015,Powerplay,26,25,1,2,104.0,12.0
DA Miller,2016,Death,62,42,4,2,147.62,14.29
DA Miller,2016,Middle,92,81,6,2,113.58,9.88
DA Miller,2016,Powerplay,3,7,0,0,42.86,0.0
DA Miller,2017,Death,29,19,2,2,152.63,21.05
DA Miller,2017,Middle,46,56,2,1,82.14,5.36
DA Miller,2017,Powerplay,2,3,0,0,66.67,0.0
DA Miller,2018,Death,14,11,1,0,127.27,9.09
DA Miller,2018,Middle,53,46,1,2,115.22,6.52
DA Miller,2018,Powerplay,7,6,1,0,116.67,16.67
DA Miller,2019,Death,55,41,7,1,134.15,19.51
DA Miller,2019,Middle,154,122,11,6,126.23,13.93
DA Miller,2019,Powerplay,4,1,1,0,400.0,100.0
DA Miller,2021,Death,31,22,3,1,140.91,18.18
DA Miller,2021,Middle,78,68,7,2,114.71,13.24
DA Miller,2021,Powerplay,15,23,1,0,65.22,4.35
DA Miller,2022,Death,174,99,15,8,175.76,23.23
DA Miller,2022,Middle,296,229,15,15,129.26,13.1
DA Miller,2022,Powerplay,11,7,2,0,157.14,28.57
DA Miller,2023,Death,111,76,9,5,146.05,18.42
DA Miller,2023,Middle,143,95,8,8,150.53,16.84
DA Miller,2023,Powerplay,5,7,1,0,71.43,14.29
DA Miller,2024,Death,82,41,7,5,200.0,29.27
DA Miller,2024,Middle,122,89,12,3,137.08,16.85
DA Miller,2024,Powerplay,6,9,1,0,66.67,11.11
DA Miller,2025,Death,69,53,4,3,130.19,13.21
DA Miller,2025,Middle,80,66,8,1,121.21,13.64
DA Miller,2026,Death,100,47,5,10,212.77,31.91
DA Miller,2026,Middle,107,82,10,4,130.49,17.07
DA Miller,2026,Powerplay,4,8,0,0,50.0,0.0
DA Payne,2026,Death,6,5,0,0,120.0,0.0
DA Warner,2009,Middle,44,46,3,1,95.65,8.7
DA Warner,2009,Powerplay,119,86,13,4,138.37,19.77
DA Warner,2010,Death,14,11,0,1,127.27,9.09
DA Warner,2010,Middle,85,58,3,5,146.55,13.79
DA Warner,2010,Powerplay,177,120,24,7,147.5,25.83
DA Warner,2011,Death,5,6,1,0,83.33,16.67
DA Warner,2011,Middle,141,110,12,4,128.18,14.55
DA Warner,2011,Powerplay,178,159,21,7,111.95,17.61
DA Warner,2012,Middle,115,58,10,7,198.28,29.31
DA Warner,2012,Powerplay,137,97,17,7,141.24,24.74
DA Warner,2013,Death,68,35,7,4,194.29,31.43
DA Warner,2013,Middle,234,170,16,9,137.65,14.71
DA Warner,2013,Powerplay,108,119,18,1,90.76,15.97
DA Warner,2014,Death,114,54,6,9,211.11,27.78
DA Warner,2014,Middle,292,229,14,14,127.51,12.23
DA Warner,2014,Powerplay,122,88,19,1,138.64,22.73
DA Warner,2015,Death,9,5,2,0,180.0,40.0
DA Warner,2015,Middle,191,130,9,11,146.92,15.38
DA Warner,2015,Powerplay,354,221,54,9,160.18,28.51
DA Warner,2016,Death,39,16,3,3,243.75,37.5
DA Warner,2016,Middle,342,233,30,11,146.78,17.6
DA Warner,2016,Powerplay,463,309,54,17,149.84,22.98
DA Warner,2017,Death,35,19,5,1,184.21,31.58
DA Warner,2017,Middle,305,216,22,14,141.2,16.67
DA Warner,2017,Powerplay,294,214,36,10,137.38,21.5
DA Warner,2019,Death,52,29,4,2,179.31,20.69
DA Warner,2019,Middle,309,222,15,10,139.19,11.26
DA Warner,2019,Powerplay,331,230,38,9,143.91,20.43
DA Warner,2020,Death,34,16,5,0,212.5,31.25
DA Warner,2020,Middle,240,174,15,7,137.93,12.64
DA Warner,2020,Powerplay,273,216,32,7,126.39,18.06
DA Warner,2021,Death,2,4,0,0,50.0,0.0
DA Warner,2021,Middle,98,87,5,5,112.64,11.49
DA Warner,2021,Powerplay,97,93,10,1,104.3,11.83
DA Warner,2022,Death,27,16,5,0,168.75,31.25
DA Warner,2022,Middle,180,124,15,7,145.16,17.74
DA Warner,2022,Powerplay,225,146,32,8,154.11,27.4
DA Warner,2023,Death,16,20,0,0,80.0,0.0
DA Warner,2023,Middle,201,166,19,3,121.08,13.25
DA Warner,2023,Powerplay,299,205,50,7,145.85,27.8
DA Warner,2024,Middle,43,38,5,1,113.16,15.79
DA Warner,2024,Powerplay,125,87,12,9,143.68,24.14
DAJ Bracewell,2012,Death,12,9,1,0,133.33,11.11
DB Das,2008,Death,12,13,1,0,92.31,7.69
DB Das,2008,Middle,56,49,2,4,114.29,12.24
DB Das,2008,Powerplay,35,32,6,1,109.38,21.88
DB Das,2012,Death,79,52,9,2,151.92,21.15
DB Das,2012,Middle,24,19,0,2,126.32,10.53
DB Das,2012,Powerplay,23,21,0,2,109.52,9.52
DB Das,2013,Death,15,16,2,0,93.75,12.5
DB Das,2013,Middle,60,58,3,5,103.45,13.79
DB Ravi Teja,2008,Death,44,25,3,4,176.0,28.0
DB Ravi Teja,2008,Middle,54,49,5,1,110.2,12.24
DB Ravi Teja,2008,Powerplay,10,7,2,0,142.86,28.57
DB Ravi Teja,2009,Death,31,30,3,0,103.33,10.0
DB Ravi Teja,2009,Middle,33,34,4,0,97.06,11.76
DB Ravi Teja,2009,Powerplay,1,6,0,0,16.67,0.0
DB Ravi Teja,2011,Death,38,26,3,1,146.15,15.38
DB Ravi Teja,2011,Middle,102,72,9,3,141.67,16.67
DB Ravi Teja,2011,Powerplay,42,45,5,0,93.33,11.11
DB Ravi Teja,2012,Death,4,2,1,0,200.0,50.0
DB Ravi Teja,2012,Middle,0,2,0,0,0.0,0.0
DB Ravi Teja,2013,Death,4,4,0,0,100.0,0.0
DB Ravi Teja,2013,Middle,10,13,0,0,76.92,0.0
DE Bollinger,2010,Death,18,16,1,1,112.5,12.5
DE Bollinger,2011,Death,0,1,0,0,0.0,0.0
DE Bollinger,2012,Death,3,5,0,0,60.0,0.0
DG Nalkande,2023,Death,0,1,0,0,0.0,0.0
DG Nalkande,2024,Middle,12,11,0,1,109.09,9.09
DH Yagnik,2011,Death,15,21,1,0,71.43,4.76
DH Yagnik,2012,Death,25,13,5,0,192.31,38.46
DH Yagnik,2013,Death,47,26,6,1,180.77,26.92
DH Yagnik,2013,Middle,77,67,11,1,114.93,17.91
DH Yagnik,2014,Death,4,6,0,0,66.67,0.0
DJ Bravo,2008,Death,44,26,3,2,169.23,19.23
DJ Bravo,2008,Middle,107,86,11,3,124.42,16.28
DJ Bravo,2008,Powerplay,24,19,5,0,126.32,26.32
DJ Bravo,2009,Death,48,24,4,2,200.0,25.0
DJ Bravo,2009,Middle,128,135,7,4,94.81,8.15
DJ Bravo,2009,Powerplay,41,42,4,2,97.62,14.29
DJ Bravo,2010,Death,28,15,0,3,186.67,20.0
DJ Bravo,2010,Middle,19,28,2,0,67.86,7.14
DJ Bravo,2010,Powerplay,14,10,1,1,140.0,20.0
DJ Bravo,2011,Death,6,1,0,1,600.0,100.0
DJ Bravo,2011,Middle,5,5,1,0,100.0,20.0
DJ Bravo,2012,Death,251,122,12,18,205.74,24.59
DJ Bravo,2012,Middle,110,137,7,1,80.29,5.84
DJ Bravo,2012,Powerplay,6,3,0,1,200.0,33.33
DJ Bravo,2013,Death,71,42,6,2,169.05,19.05
DJ Bravo,2013,Middle,13,29,0,0,44.83,0.0
DJ Bravo,2013,Powerplay,37,35,5,1,105.71,17.14
DJ Bravo,2014,Death,8,3,0,1,266.67,33.33
DJ Bravo,2015,Death,89,50,11,3,178.0,28.0
DJ Bravo,2015,Middle,105,97,11,2,108.25,13.4
DJ Bravo,2015,Powerplay,1,1,0,0,100.0,0.0
DJ Bravo,2016,Death,56,34,7,1,164.71,23.53
DJ Bravo,2016,Middle,43,48,4,0,89.58,8.33
DJ Bravo,2018,Death,88,48,6,6,183.33,25.0
DJ Bravo,2018,Middle,47,42,2,3,111.9,11.9
DJ Bravo,2019,Death,33,24,2,2,137.5,16.67
DJ Bravo,2019,Middle,47,42,4,1,111.9,11.9
DJ Bravo,2020,Death,7,6,0,0,116.67,0.0
DJ Bravo,2021,Death,47,18,3,4,261.11,38.89
DJ Bravo,2022,Death,11,8,1,0,137.5,12.5
DJ Bravo,2022,Middle,12,16,0,1,75.0,6.25
DJ Harris,2012,Middle,54,37,3,4,145.95,18.92
DJ Harris,2012,Powerplay,57,64,8,1,89.06,14.06
DJ Hooda,2015,Death,24,15,2,1,160.0,20.0
DJ Hooda,2015,Middle,127,80,4,10,158.75,17.5
DJ Hooda,2016,Death,34,23,1,2,147.83,13.04
DJ Hooda,2016,Middle,104,93,7,3,111.83,10.75
DJ Hooda,2016,Powerplay,0,3,0,0,0.0,0.0
DJ Hooda,2017,Death,53,33,3,3,160.61,18.18
DJ Hooda,2017,Middle,25,19,2,1,131.58,15.79
DJ Hooda,2018,Death,45,37,1,2,121.62,8.11
DJ Hooda,2018,Middle,41,37,1,1,110.81,5.41
DJ Hooda,2018,Powerplay,1,7,0,0,14.29,0.0
DJ Hooda,2019,Death,27,15,3,1,180.0,26.67
DJ Hooda,2019,Middle,37,48,2,0,77.08,4.17
DJ Hooda,2020,Death,59,36,4,3,163.89,19.44
DJ Hooda,2020,Middle,42,35,1,2,120.0,8.57
DJ Hooda,2020,Powerplay,1,1,0,0,100.0,0.0
DJ Hooda,2021,Death,25,23,2,1,108.7,13.04
DJ Hooda,2021,Middle,120,85,5,8,141.18,15.29
DJ Hooda,2021,Powerplay,10,13,1,0,76.92,7.69
DJ Hooda,2022,Death,26,17,1,2,152.94,17.65
DJ Hooda,2022,Middle,348,248,24,15,140.32,15.73
DJ Hooda,2022,Powerplay,77,64,11,1,120.31,18.75
DJ Hooda,2023,Death,13,8,2,0,162.5,25.0
DJ Hooda,2023,Middle,44,45,0,1,97.78,2.22
DJ Hooda,2023,Powerplay,27,37,1,1,72.97,5.41
DJ Hooda,2024,Death,17,6,2,1,283.33,50.0
DJ Hooda,2024,Middle,84,69,8,1,121.74,13.04
DJ Hooda,2024,Powerplay,44,30,6,1,146.67,23.33
DJ Hooda,2025,Death,10,14,1,0,71.43,7.14
DJ Hooda,2025,Middle,11,17,0,0,64.71,0.0
DJ Hooda,2025,Powerplay,4,9,1,0,44.44,11.11
DJ Hussey,2008,Death,100,51,3,9,196.08,23.53
DJ Hussey,2008,Middle,198,178,14,7,111.24,11.8
DJ Hussey,2008,Powerplay,20,29,2,1,68.97,10.34
DJ Hussey,2009,Death,31,12,1,3,258.33,33.33
DJ Hussey,2009,Middle,39,33,1,2,118.18,9.09
DJ Hussey,2009,Powerplay,23,12,4,1,191.67,41.67
DJ Hussey,2010,Death,28,17,2,2,164.71,23.53
DJ Hussey,2010,Middle,64,61,3,3,104.92,9.84
DJ Hussey,2010,Powerplay,2,7,0,0,28.57,0.0
DJ Hussey,2011,Death,18,12,2,1,150.0,25.0
DJ Hussey,2011,Middle,46,51,1,2,90.2,5.88
DJ Hussey,2012,Death,64,42,4,4,152.38,19.05
DJ Hussey,2012,Middle,316,246,22,13,128.46,14.23
DJ Hussey,2012,Powerplay,16,17,2,0,94.12,11.76
DJ Hussey,2013,Death,4,6,0,0,66.67,0.0
DJ Hussey,2013,Middle,159,157,10,4,101.27,8.92
DJ Hussey,2013,Powerplay,72,45,10,2,160.0,26.67
DJ Hussey,2014,Death,26,16,1,2,162.5,18.75
DJ Hussey,2014,Middle,89,73,7,4,121.92,15.07
DJ Hussey,2014,Powerplay,1,5,0,0,20.0,0.0
DJ Jacobs,2011,Middle,9,7,1,0,128.57,14.29
DJ Jacobs,2011,Powerplay,83,81,9,4,102.47,16.05
DJ Jacobs,2012,Powerplay,0,10,0,0,0.0,0.0
DJ Malan,2021,Middle,25,24,1,1,104.17,8.33
DJ Malan,2021,Powerplay,1,2,0,0,50.0,0.0
DJ Mitchell,2022,Middle,33,39,1,0,84.62,2.56
DJ Mitchell,2022,Powerplay,0,5,0,0,0.0,0.0
DJ Mitchell,2024,Death,38,29,3,0,131.03,10.34
DJ Mitchell,2024,Middle,183,121,13,8,151.24,17.36
DJ Mitchell,2024,Powerplay,97,73,11,2,132.88,17.81
DJ Muthuswami,2015,Death,1,3,0,0,33.33,0.0
DJ Thornely,2008,Middle,35,33,2,2,106.06,12.12
DJ Thornely,2008,Powerplay,4,20,0,0,20.0,0.0
DJ Willey,2022,Middle,12,19,2,0,63.16,10.53
DJ Willey,2022,Powerplay,6,11,1,0,54.55,9.09
DJ Willey,2023,Death,21,17,3,0,123.53,17.65
DJ Willey,2023,Middle,14,15,1,0,93.33,6.67
DJG Sammy,2013,Death,53,30,3,4,176.67,23.33
DJG Sammy,2013,Middle,113,97,6,6,116.49,12.37
DJG Sammy,2013,Powerplay,8,5,2,0,160.0,40.0
DJG Sammy,2014,Death,59,42,3,4,140.48,16.67
DJG Sammy,2014,Middle,49,49,1,4,100.0,10.2
DJG Sammy,2015,Middle,13,18,0,0,72.22,0.0
DJM Short,2018,Middle,65,39,5,5,166.67,25.64
DJM Short,2018,Powerplay,50,60,6,0,83.33,10.0
DL Chahar,2017,Middle,14,6,0,2,233.33,33.33
DL Chahar,2018,Death,1,3,0,0,33.33,0.0
DL Chahar,2018,Middle,49,26,1,4,188.46,19.23
DL Chahar,2019,Death,7,9,1,0,77.78,11.11
DL Chahar,2020,Death,7,7,0,0,100.0,0.0
DL Chahar,2020,Middle,0,5,0,0,0.0,0.0
DL Chahar,2021,Death,1,1,0,0,100.0,0.0
DL Chahar,2023,Death,1,2,0,0,50.0,0.0
DL Chahar,2025,Death,37,25,3,2,148.0,20.0
DL Chahar,2026,Death,19,14,2,1,135.71,21.43
DL Chahar,2026,Middle,6,5,1,0,120.0,20.0
DL Vettori,2009,Death,17,11,2,0,154.55,18.18
DL Vettori,2009,Middle,17,20,1,0,85.0,5.0
DL Vettori,2010,Death,23,17,3,0,135.29,17.65
DL Vettori,2010,Middle,10,10,1,0,100.0,10.0
DL Vettori,2011,Death,14,14,1,0,100.0,7.14
DL Vettori,2011,Middle,9,14,0,1,64.29,7.14
DL Vettori,2012,Death,7,8,0,0,87.5,0.0
DL Vettori,2012,Middle,24,18,3,1,133.33,22.22
DM Bravo,2017,Death,6,5,1,0,120.0,20.0
DNT Zoysa,2008,Death,10,8,1,0,125.0,12.5
DNT Zoysa,2008,Middle,1,1,0,0,100.0,0.0
DP Conway,2022,Death,23,13,2,1,176.92,23.08
DP Conway,2022,Middle,144,84,14,7,171.43,25.0
DP Conway,2022,Powerplay,85,75,7,4,113.33,14.67
DP Conway,2023,Death,41,27,6,1,151.85,25.93
DP Conway,2023,Middle,323,222,29,10,145.5,17.57
DP Conway,2023,Powerplay,307,230,42,7,133.48,21.3
DP Conway,2025,Death,9,6,0,0,150.0,0.0
DP Conway,2025,Middle,76,51,5,4,149.02,17.65
DP Conway,2025,Powerplay,71,62,12,0,114.52,19.35
DP Nannes,2010,Death,1,5,0,0,20.0,0.0
DP Nannes,2010,Middle,3,8,0,0,37.5,0.0
DP Vijaykumar,2008,Death,1,1,0,0,100.0,0.0
DPMD Jayawardene,2008,Death,34,31,2,1,109.68,9.68
DPMD Jayawardene,2008,Middle,106,79,8,5,134.18,16.46
DPMD Jayawardene,2008,Powerplay,39,21,5,1,185.71,28.57
DPMD Jayawardene,2009,Death,88,47,10,3,187.23,27.66
DPMD Jayawardene,2009,Middle,124,112,6,4,110.71,8.93
DPMD Jayawardene,2009,Powerplay,7,6,1,0,116.67,16.67
DPMD Jayawardene,2010,Death,102,45,14,3,226.67,37.78
DPMD Jayawardene,2010,Middle,179,148,18,2,120.95,13.51
DPMD Jayawardene,2010,Powerplay,162,106,23,7,152.83,28.3
DPMD Jayawardene,2011,Death,34,20,3,1,170.0,20.0
DPMD Jayawardene,2011,Middle,139,136,10,2,102.21,8.82
DPMD Jayawardene,2011,Powerplay,126,101,22,2,124.75,23.76
DPMD Jayawardene,2012,Death,26,15,5,0,173.33,33.33
DPMD Jayawardene,2012,Middle,180,169,15,2,106.51,10.06
DPMD Jayawardene,2012,Powerplay,129,114,19,1,113.16,17.54
DPMD Jayawardene,2013,Death,27,15,4,1,180.0,33.33
DPMD Jayawardene,2013,Middle,156,144,12,3,108.33,10.42
DPMD Jayawardene,2013,Powerplay,148,153,23,2,96.73,16.34
DR Martyn,2010,Death,4,2,1,0,200.0,50.0
DR Martyn,2010,Middle,14,19,0,0,73.68,0.0
DR Martyn,2010,Powerplay,1,3,0,0,33.33,0.0
DR Sams,2020,Middle,0,2,0,0,0.0,0.0
DR Sams,2021,Death,3,2,0,0,150.0,0.0
DR Sams,2021,Middle,3,4,0,0,75.0,0.0
DR Sams,2022,Death,21,16,1,2,131.25,18.75
DR Sams,2022,Middle,16,14,0,1,114.29,7.14
DR Sams,2022,Powerplay,1,6,0,0,16.67,0.0
DR Shorey,2018,Middle,8,9,0,1,88.89,11.11
DR Shorey,2019,Middle,5,8,0,0,62.5,0.0
DR Smith,2008,Death,8,6,1,0,133.33,16.67
DR Smith,2008,Middle,19,22,2,0,86.36,9.09
DR Smith,2008,Powerplay,18,12,2,1,150.0,25.0
DR Smith,2009,Death,38,26,1,3,146.15,15.38
DR Smith,2009,Middle,141,92,10,8,153.26,19.57
DR Smith,2009,Powerplay,36,13,1,4,276.92,38.46
DR Smith,2010,Death,13,8,0,1,162.5,12.5
DR Smith,2010,Middle,9,17,1,0,52.94,5.88
DR Smith,2012,Death,30,16,2,2,187.5,25.0
DR Smith,2012,Middle,61,38,7,2,160.53,23.68
DR Smith,2012,Powerplay,65,43,9,3,151.16,27.91
DR Smith,2013,Death,0,1,0,0,0.0,0.0
DR Smith,2013,Middle,224,149,16,14,150.34,20.13
DR Smith,2013,Powerplay,194,190,24,5,102.11,15.26
DR Smith,2014,Death,16,10,2,1,160.0,30.0
DR Smith,2014,Middle,213,147,10,17,144.9,18.37
DR Smith,2014,Powerplay,336,258,38,16,130.23,20.93
DR Smith,2015,Middle,137,92,15,6,148.91,22.83
DR Smith,2015,Powerplay,262,239,37,10,109.62,19.67
DR Smith,2016,Death,9,5,0,1,180.0,20.0
DR Smith,2016,Middle,131,82,10,9,159.76,23.17
DR Smith,2016,Powerplay,180,133,24,6,135.34,22.56
DR Smith,2017,Death,1,2,0,0,50.0,0.0
DR Smith,2017,Middle,120,72,13,6,166.67,26.39
DR Smith,2017,Powerplay,118,82,19,2,143.9,25.61
DS Kulkarni,2008,Death,2,12,0,0,16.67,0.0
DS Kulkarni,2008,Middle,0,4,0,0,0.0,0.0
DS Kulkarni,2009,Death,9,17,0,0,52.94,0.0
DS Kulkarni,2011,Middle,2,4,0,0,50.0,0.0
DS Kulkarni,2012,Death,10,5,2,0,200.0,40.0
DS Kulkarni,2014,Death,32,19,1,2,168.42,15.79
DS Kulkarni,2014,Middle,3,6,0,0,50.0,0.0
DS Kulkarni,2015,Death,4,11,0,0,36.36,0.0
DS Kulkarni,2016,Death,25,13,3,0,192.31,23.08
DS Kulkarni,2016,Middle,2,3,0,0,66.67,0.0
DS Kulkarni,2017,Death,1,2,0,0,50.0,0.0
DS Kulkarni,2018,Death,6,7,0,0,85.71,0.0
DS Kulkarni,2019,Death,5,3,1,0,166.67,33.33
DS Kulkarni,2020,Death,3,2,0,0,150.0,0.0
DS Lehmann,2008,Middle,14,15,2,0,93.33,13.33
DS Lehmann,2008,Powerplay,4,3,1,0,133.33,33.33
DS Rathi,2025,Death,1,3,0,0,33.33,0.0
DS Rathi,2026,Death,2,5,0,0,40.0,0.0
DT Christian,2011,Death,86,68,4,3,126.47,10.29
DT Christian,2011,Middle,97,89,5,3,108.99,8.99
DT Christian,2012,Death,62,37,5,3,167.57,21.62
DT Christian,2012,Middle,81,77,3,3,105.19,7.79
DT Christian,2012,Powerplay,2,4,0,0,50.0,0.0
DT Christian,2013,Death,2,2,0,0,100.0,0.0
DT Christian,2013,Middle,4,13,0,0,30.77,0.0
DT Christian,2017,Death,75,47,4,5,159.57,19.15
DT Christian,2017,Middle,4,2,1,0,200.0,50.0
DT Christian,2018,Death,19,19,0,1,100.0,5.26
DT Christian,2018,Middle,7,13,0,0,53.85,0.0
DT Christian,2021,Death,10,14,1,0,71.43,7.14
DT Christian,2021,Middle,2,5,0,0,40.0,0.0
DT Christian,2021,Powerplay,1,4,0,0,25.0,0.0
DT Patil,2008,Middle,13,13,1,0,100.0,7.69
DV Malewar,2026,Powerplay,2,5,0,0,40.0,0.0
DW Steyn,2008,Death,2,5,0,0,40.0,0.0
DW Steyn,2009,Middle,0,3,0,0,0.0,0.0
DW Steyn,2010,Death,13,15,2,0,86.67,13.33
DW Steyn,2010,Middle,0,2,0,0,0.0,0.0
DW Steyn,2011,Death,36,32,3,0,112.5,9.38
DW Steyn,2011,Middle,0,3,0,0,0.0,0.0
DW Steyn,2012,Death,15,16,0,1,93.75,6.25
DW Steyn,2012,Middle,4,5,0,0,80.0,0.0
DW Steyn,2013,Death,53,34,5,2,155.88,20.59
DW Steyn,2013,Middle,0,2,0,0,0.0,0.0
DW Steyn,2014,Death,17,19,1,0,89.47,5.26
DW Steyn,2014,Middle,5,7,0,0,71.43,0.0
DW Steyn,2015,Death,20,13,3,0,153.85,23.08
DW Steyn,2016,Death,1,2,0,0,50.0,0.0
DW Steyn,2020,Death,1,1,0,0,100.0,0.0
DW Steyn,2020,Middle,0,1,0,0,0.0,0.0
Dhruv Jurel,2023,Death,125,60,8,9,208.33,28.33
Dhruv Jurel,2023,Middle,27,25,3,0,108.0,12.0
Dhruv Jurel,2023,Powerplay,0,3,0,0,0.0,0.0
Dhruv Jurel,2024,Death,86,61,8,3,140.98,18.03
Dhruv Jurel,2024,Middle,109,80,10,4,136.25,17.5
Dhruv Jurel,2025,Death,133,67,8,10,198.51,26.87
Dhruv Jurel,2025,Middle,177,136,11,11,130.15,16.18
Dhruv Jurel,2025,Powerplay,23,10,3,1,230.0,40.0
Dhruv Jurel,2026,Death,65,40,1,5,162.5,15.0
Dhruv Jurel,2026,Middle,322,213,32,11,151.17,20.19
Dhruv Jurel,2026,Powerplay,128,80,14,8,160.0,27.5
E Lewis,2018,Death,0,1,0,0,0.0,0.0
E Lewis,2018,Middle,134,108,4,11,124.07,13.89
E Lewis,2018,Powerplay,248,167,28,13,148.5,24.55
E Lewis,2019,Middle,21,24,1,1,87.5,8.33
E Lewis,2019,Powerplay,27,28,3,1,96.43,14.29
E Lewis,2021,Middle,17,16,2,0,106.25,12.5
E Lewis,2021,Powerplay,134,77,16,7,174.03,29.87
E Lewis,2022,Death,24,14,2,2,171.43,28.57
E Lewis,2022,Middle,38,28,4,1,135.71,17.86
E Lewis,2022,Powerplay,11,14,2,0,78.57,14.29
E Malinga,2026,Death,4,9,0,0,44.44,0.0
E Malinga,2026,Middle,3,8,0,0,37.5,0.0
EJG Morgan,2010,Death,8,8,0,0,100.0,0.0
EJG Morgan,2010,Middle,27,22,2,1,122.73,13.64
EJG Morgan,2011,Death,21,19,1,1,110.53,10.53
EJG Morgan,2011,Middle,52,42,6,1,123.81,16.67
EJG Morgan,2011,Powerplay,64,56,10,1,114.29,19.64
EJG Morgan,2013,Death,98,58,6,7,168.97,22.41
EJG Morgan,2013,Middle,195,166,20,6,117.47,15.66
EJG Morgan,2013,Powerplay,14,16,2,0,87.5,12.5
EJG Morgan,2015,Death,46,23,3,3,200.0,26.09
EJG Morgan,2015,Middle,123,95,6,8,129.47,14.74
EJG Morgan,2015,Powerplay,18,33,2,0,54.55,6.06
EJG Morgan,2016,Death,38,25,1,3,152.0,16.0
EJG Morgan,2016,Middle,78,69,7,1,113.04,11.59
EJG Morgan,2016,Powerplay,7,11,0,0,63.64,0.0
EJG Morgan,2017,Middle,42,40,4,1,105.0,12.5
EJG Morgan,2017,Powerplay,23,22,2,1,104.55,13.64
EJG Morgan,2020,Death,170,77,11,13,220.78,31.17
EJG Morgan,2020,Middle,222,194,16,11,114.43,13.92
EJG Morgan,2020,Powerplay,27,32,5,0,84.38,15.62
EJG Morgan,2021,Death,23,30,1,1,76.67,6.67
EJG Morgan,2021,Middle,87,87,4,4,100.0,9.2
EJG Morgan,2021,Powerplay,23,22,3,1,104.55,18.18
ER Dwivedi,2016,Death,19,9,1,2,211.11,33.33
ER Dwivedi,2016,Powerplay,5,5,1,0,100.0,20.0
F Behardien,2016,Death,14,12,2,0,116.67,16.67
F Behardien,2016,Middle,0,1,0,0,0.0,0.0
F du Plessis,2012,Death,2,5,0,0,40.0,0.0
F du Plessis,2012,Middle,164,137,3,8,119.71,8.03
F du Plessis,2012,Powerplay,231,161,26,9,143.48,21.74
F du Plessis,2014,Death,52,28,5,3,185.71,28.57
F du Plessis,2014,Middle,165,155,8,1,106.45,5.81
F du Plessis,2014,Powerplay,86,52,13,3,165.38,30.77
F du Plessis,2015,Death,37,24,4,1,154.17,20.83
F du Plessis,2015,Middle,247,213,18,3,115.96,9.86
F du Plessis,2015,Powerplay,96,67,15,1,143.28,23.88
F du Plessis,2016,Death,14,9,2,0,155.56,22.22
F du Plessis,2016,Middle,106,84,6,4,126.19,11.9
F du Plessis,2016,Powerplay,86,69,9,5,124.64,20.29
F du Plessis,2017,Middle,1,3,0,0,33.33,0.0
F du Plessis,2017,Powerplay,7,4,1,0,175.0,25.0
F du Plessis,2018,Death,28,9,3,2,311.11,55.56
F du Plessis,2018,Middle,46,43,2,2,106.98,9.3
F du Plessis,2018,Powerplay,87,76,12,2,114.47,18.42
F du Plessis,2019,Death,24,10,2,2,240.0,40.0
F du Plessis,2019,Middle,173,134,10,8,129.1,13.43
F du Plessis,2019,Powerplay,199,177,24,5,112.43,16.38
F du Plessis,2020,Death,79,30,6,6,263.33,40.0
F du Plessis,2020,Middle,181,150,13,3,120.67,10.67
F du Plessis,2020,Powerplay,189,139,23,5,135.97,20.14
F du Plessis,2021,Death,81,38,8,5,213.16,34.21
F du Plessis,2021,Middle,254,201,17,8,126.37,12.44
F du Plessis,2021,Powerplay,297,217,36,10,136.87,21.2
F du Plessis,2022,Death,48,29,6,0,165.52,20.69
F du Plessis,2022,Middle,219,146,15,10,150.0,17.12
F du Plessis,2022,Powerplay,201,192,28,3,104.69,16.15
F du Plessis,2023,Death,48,22,3,4,218.18,31.82
F du Plessis,2023,Middle,321,237,18,13,135.44,13.08
F du Plessis,2023,Powerplay,359,213,39,19,168.54,27.23
F du Plessis,2024,Death,2,3,0,0,66.67,0.0
F du Plessis,2024,Middle,127,74,5,7,171.62,16.22
F du Plessis,2024,Powerplay,309,194,42,14,159.28,28.87
F du Plessis,2025,Middle,68,52,4,3,130.77,13.46
F du Plessis,2025,Powerplay,129,109,13,5,118.35,16.51
FA Allen,2021,Death,1,3,0,0,33.33,0.0
FA Allen,2021,Middle,4,8,0,0,50.0,0.0
FA Allen,2022,Death,3,4,0,0,75.0,0.0
FA Allen,2022,Middle,5,3,1,0,166.67,33.33
FH Allen,2026,Middle,142,50,4,18,284.0,44.0
FH Allen,2026,Powerplay,207,113,29,10,183.19,34.51
FH Edwards,2009,Death,4,5,0,0,80.0,0.0
FY Fazal,2010,Death,36,30,5,0,120.0,16.67
FY Fazal,2010,Middle,70,63,6,1,111.11,11.11
FY Fazal,2010,Powerplay,58,60,8,0,96.67,13.33
FY Fazal,2011,Middle,1,1,0,0,100.0,0.0
FY Fazal,2011,Powerplay,18,18,3,0,100.0,16.67
Fazalhaq Farooqi,2022,Death,2,8,0,0,25.0,0.0
Fazalhaq Farooqi,2023,Death,1,5,0,0,20.0,0.0
Fazalhaq Farooqi,2025,Death,2,2,0,0,100.0,0.0
G Coetzee,2024,Death,9,15,0,1,60.0,6.67
G Coetzee,2024,Middle,5,7,0,0,71.43,0.0
G Coetzee,2025,Death,11,5,1,1,220.0,40.0
G Coetzee,2025,Middle,5,5,1,0,100.0,20.0
G Gambhir,2008,Death,18,10,3,0,180.0,30.0
G Gambhir,2008,Middle,214,152,19,4,140.79,15.13
G Gambhir,2008,Powerplay,300,216,46,4,138.89,23.15
G Gambhir,2009,Death,18,10,2,0,180.0,20.0
G Gambhir,2009,Middle,71,76,6,0,93.42,7.89
G Gambhir,2009,Powerplay,195,190,24,2,102.63,13.68
G Gambhir,2010,Death,35,21,4,1,166.67,23.81
G Gambhir,2010,Middle,125,106,12,0,117.92,11.32
G Gambhir,2010,Powerplay,117,90,16,1,130.0,18.89
G Gambhir,2011,Death,22,23,3,0,95.65,13.04
G Gambhir,2011,Middle,228,174,25,1,131.03,14.94
G Gambhir,2011,Powerplay,123,117,15,2,105.13,14.53
G Gambhir,2012,Death,19,16,1,1,118.75,12.5
G Gambhir,2012,Middle,211,165,14,6,127.88,12.12
G Gambhir,2012,Powerplay,360,230,49,10,156.52,25.65
G Gambhir,2013,Death,0,1,0,0,0.0,0.0
G Gambhir,2013,Middle,139,136,12,2,102.21,10.29
G Gambhir,2013,Powerplay,267,205,39,3,130.24,20.49
G Gambhir,2014,Death,17,12,0,1,141.67,8.33
G Gambhir,2014,Middle,151,116,15,1,130.17,13.79
G Gambhir,2014,Powerplay,156,162,20,1,96.3,12.96
G Gambhir,2015,Death,5,6,0,0,83.33,0.0
G Gambhir,2015,Middle,138,109,15,1,126.61,14.68
G Gambhir,2015,Powerplay,184,163,26,3,112.88,17.79
G Gambhir,2016,Death,27,15,3,1,180.0,26.67
G Gambhir,2016,Middle,251,195,23,4,128.72,13.85
G Gambhir,2016,Powerplay,223,201,28,1,110.95,14.43
G Gambhir,2017,Death,9,9,1,0,100.0,11.11
G Gambhir,2017,Middle,214,160,22,2,133.75,15.0
G Gambhir,2017,Powerplay,275,220,39,5,125.0,20.0
G Gambhir,2018,Middle,21,20,1,0,105.0,5.0
G Gambhir,2018,Powerplay,64,68,7,1,94.12,11.76
GB Hogg,2012,Death,15,16,1,0,93.75,6.25
GB Hogg,2015,Death,7,6,0,0,116.67,0.0
GC Smith,2008,Death,30,17,4,0,176.47,23.53
GC Smith,2008,Middle,226,168,20,8,134.52,16.67
GC Smith,2008,Powerplay,181,176,29,0,102.84,16.48
GC Smith,2009,Death,6,5,1,0,120.0,20.0
GC Smith,2009,Middle,91,80,8,1,113.75,11.25
GC Smith,2009,Powerplay,111,128,17,0,86.72,13.28
GC Smith,2010,Middle,1,5,0,0,20.0,0.0
GC Smith,2010,Powerplay,43,34,7,0,126.47,20.59
GC Smith,2011,Middle,3,3,0,0,100.0,0.0
GC Smith,2011,Powerplay,39,48,6,0,81.25,12.5
GC Viljoen,2019,Death,3,7,0,0,42.86,0.0
GD McGrath,2008,Death,0,2,0,0,0.0,0.0
GD McGrath,2008,Middle,4,3,1,0,133.33,33.33
GD Phillips,2021,Death,14,5,1,1,280.0,40.0
GD Phillips,2021,Middle,12,20,0,1,60.0,5.0
GD Phillips,2021,Powerplay,0,7,0,0,0.0,0.0
GD Phillips,2023,Death,31,15,2,3,206.67,33.33
GD Phillips,2023,Middle,8,7,0,1,114.29,14.29
GD Phillips,2026,Death,29,19,3,1,152.63,21.05
GD Phillips,2026,Middle,34,30,1,1,113.33,6.67
GD Phillips,2026,Powerplay,4,5,0,0,80.0,0.0
GF Linde,2026,Death,31,21,6,0,147.62,28.57
GH Vihari,2013,Death,36,34,3,0,105.88,8.82
GH Vihari,2013,Middle,153,161,11,1,95.03,7.45
GH Vihari,2013,Powerplay,50,82,3,0,60.98,3.66
GH Vihari,2015,Death,14,10,2,0,140.0,20.0
GH Vihari,2015,Middle,15,16,2,0,93.75,12.5
GH Vihari,2015,Powerplay,9,8,2,0,112.5,25.0
GH Vihari,2019,Death,4,8,0,0,50.0,0.0
GHS Garton,2021,Death,2,4,0,0,50.0,0.0
GJ Bailey,2009,Middle,9,10,0,0,90.0,0.0
GJ Bailey,2009,Powerplay,36,29,7,0,124.14,24.14
GJ Bailey,2010,Middle,11,13,1,0,84.62,7.69
GJ Bailey,2010,Powerplay,7,14,1,0,50.0,7.14
GJ Bailey,2014,Death,185,98,15,10,188.78,25.51
GJ Bailey,2014,Middle,68,88,4,0,77.27,4.55
GJ Bailey,2014,Powerplay,1,2,0,0,50.0,0.0
GJ Bailey,2015,Death,99,53,6,6,186.79,22.64
GJ Bailey,2015,Middle,104,98,6,1,106.12,7.14
GJ Bailey,2015,Powerplay,56,39,10,0,143.59,25.64
GJ Bailey,2016,Death,0,2,0,0,0.0,0.0
GJ Bailey,2016,Middle,53,52,3,2,101.92,9.62
GJ Bailey,2016,Powerplay,31,43,6,0,72.09,13.95
GJ Maxwell,2012,Middle,6,11,0,0,54.55,0.0
GJ Maxwell,2013,Death,13,7,1,1,185.71,28.57
GJ Maxwell,2013,Powerplay,23,20,0,3,115.0,15.0
GJ Maxwell,2014,Death,26,16,2,2,162.5,25.0
GJ Maxwell,2014,Middle,457,234,35,32,195.3,28.63
GJ Maxwell,2014,Powerplay,69,41,11,2,168.29,31.71
GJ Maxwell,2015,Death,1,2,0,0,50.0,0.0
GJ Maxwell,2015,Middle,97,70,7,7,138.57,20.0
GJ Maxwell,2015,Powerplay,48,41,6,1,117.07,17.07
GJ Maxwell,2016,Death,48,23,3,3,208.7,26.09
GJ Maxwell,2016,Middle,113,86,8,5,131.4,15.12
GJ Maxwell,2016,Powerplay,18,15,3,0,120.0,20.0
GJ Maxwell,2017,Death,22,17,0,2,129.41,11.76
GJ Maxwell,2017,Middle,273,143,17,24,190.91,28.67
GJ Maxwell,2017,Powerplay,11,18,2,0,61.11,11.11
GJ Maxwell,2018,Death,35,21,2,2,166.67,19.05
GJ Maxwell,2018,Middle,72,50,3,5,144.0,16.0
GJ Maxwell,2018,Powerplay,62,49,9,2,126.53,22.45
GJ Maxwell,2020,Death,36,26,5,0,138.46,19.23
GJ Maxwell,2020,Middle,66,77,3,0,85.71,3.9
GJ Maxwell,2020,Powerplay,2,2,0,0,100.0,0.0
GJ Maxwell,2021,Death,121,67,15,4,180.6,28.36
GJ Maxwell,2021,Middle,353,259,27,16,136.29,16.6
GJ Maxwell,2021,Powerplay,39,28,6,1,139.29,25.0
GJ Maxwell,2022,Death,65,29,9,2,224.14,37.93
GJ Maxwell,2022,Middle,158,102,12,10,154.9,21.57
GJ Maxwell,2022,Powerplay,78,46,10,3,169.57,28.26
GJ Maxwell,2023,Death,54,24,4,5,225.0,37.5
GJ Maxwell,2023,Middle,263,148,13,22,177.7,23.65
GJ Maxwell,2023,Powerplay,83,46,12,4,180.43,34.78
GJ Maxwell,2024,Death,16,5,2,1,320.0,60.0
GJ Maxwell,2024,Middle,36,35,4,1,102.86,14.29
GJ Maxwell,2024,Powerplay,0,3,0,0,0.0,0.0
GJ Maxwell,2025,Death,5,4,1,0,125.0,25.0
GJ Maxwell,2025,Middle,43,45,4,1,95.56,11.11
GR Napier,2009,Middle,15,16,1,0,93.75,6.25
Gulbadin Naib,2024,Death,8,8,1,0,100.0,12.5
Gulbadin Naib,2024,Middle,11,7,0,1,157.14,14.29
Gurkeerat Singh,2012,Death,51,21,9,1,242.86,47.62
Gurkeerat Singh,2012,Middle,35,31,3,1,112.9,12.9
Gurkeerat Singh,2013,Death,29,19,2,2,152.63,21.05
Gurkeerat Singh,2013,Middle,63,56,5,1,112.5,10.71
Gurkeerat Singh,2013,Powerplay,16,20,3,0,80.0,15.0
Gurkeerat Singh,2015,Death,12,11,0,1,109.09,9.09
Gurkeerat Singh,2015,Middle,18,24,2,0,75.0,8.33
Gurkeerat Singh,2015,Powerplay,5,4,1,0,125.0,25.0
Gurkeerat Singh,2016,Death,44,22,4,3,200.0,31.82
Gurkeerat Singh,2016,Middle,68,61,7,0,111.48,11.48
Gurkeerat Singh,2016,Powerplay,1,3,0,0,33.33,0.0
Gurkeerat Singh,2019,Death,26,16,2,2,162.5,25.0
Gurkeerat Singh,2019,Middle,59,44,7,0,134.09,15.91
Gurkeerat Singh,2019,Powerplay,13,10,2,0,130.0,20.0
Gurkeerat Singh,2020,Death,39,36,4,0,108.33,11.11
Gurkeerat Singh,2020,Middle,32,44,4,0,72.73,9.09
H Das,2008,Death,2,5,0,0,40.0,0.0
H Klaasen,2018,Death,28,22,1,1,127.27,9.09
H Klaasen,2018,Middle,22,18,3,0,122.22,16.67
H Klaasen,2018,Powerplay,7,7,1,0,100.0,14.29
H Klaasen,2019,Middle,3,3,0,0,100.0,0.0
H Klaasen,2019,Powerplay,6,6,0,0,100.0,0.0
H Klaasen,2023,Death,108,61,8,6,177.05,22.95
H Klaasen,2023,Middle,301,172,19,18,175.0,21.51
H Klaasen,2023,Powerplay,36,18,5,1,200.0,33.33
H Klaasen,2024,Death,169,71,9,15,238.03,33.8
H Klaasen,2024,Middle,295,199,9,22,148.24,15.58
H Klaasen,2024,Powerplay,12,7,1,1,171.43,28.57
H Klaasen,2025,Death,127,53,13,8,239.62,39.62
H Klaasen,2025,Middle,331,204,27,15,162.25,20.59
H Klaasen,2025,Powerplay,26,22,2,2,118.18,18.18
H Klaasen,2026,Death,137,73,10,8,187.67,24.66
H Klaasen,2026,Middle,466,296,35,23,157.43,19.59
H Klaasen,2026,Powerplay,21,21,3,0,100.0,14.29
HC Brook,2023,Death,29,20,3,0,145.0,15.0
HC Brook,2023,Middle,61,49,5,2,124.49,14.29
HC Brook,2023,Powerplay,96,84,14,2,114.29,19.05
HE van der Dussen,2022,Death,12,10,1,0,120.0,10.0
HE van der Dussen,2022,Middle,10,14,1,0,71.43,7.14
HF Gurney,2019,Death,1,5,0,0,20.0,0.0
HH Gibbs,2008,Middle,69,55,5,5,125.45,18.18
HH Gibbs,2008,Powerplay,98,98,12,3,100.0,15.31
HH Gibbs,2009,Death,38,20,2,2,190.0,20.0
HH Gibbs,2009,Middle,161,156,9,4,103.21,8.33
HH Gibbs,2009,Powerplay,172,154,21,6,111.69,17.53
HH Gibbs,2010,Death,6,4,1,0,150.0,25.0
HH Gibbs,2010,Middle,123,117,10,2,105.13,10.26
HH Gibbs,2010,Powerplay,138,113,15,7,122.12,19.47
HH Gibbs,2012,Death,17,11,1,1,154.55,18.18
HH Gibbs,2012,Middle,25,26,1,1,96.15,7.69
HH Gibbs,2012,Powerplay,39,51,6,0,76.47,11.76
HH Pandya,2015,Death,83,35,7,7,237.14,40.0
HH Pandya,2015,Middle,22,17,1,1,129.41,11.76
HH Pandya,2015,Powerplay,5,8,1,0,62.5,12.5
HH Pandya,2016,Death,16,19,2,0,84.21,10.53
HH Pandya,2016,Middle,15,19,0,0,78.95,0.0
HH Pandya,2016,Powerplay,13,25,2,0,52.0,8.0
HH Pandya,2017,Death,160,90,8,13,177.78,23.33
HH Pandya,2017,Middle,90,69,3,7,130.43,14.49
HH Pandya,2018,Death,114,81,7,7,140.74,17.28
HH Pandya,2018,Middle,146,114,13,4,128.07,14.91
HH Pandya,2019,Death,263,117,19,21,224.79,34.19
HH Pandya,2019,Middle,137,92,9,8,148.91,18.48
HH Pandya,2019,Powerplay,7,2,0,1,350.0,50.0
HH Pandya,2020,Death,196,89,11,18,220.22,32.58
HH Pandya,2020,Middle,83,67,3,7,123.88,14.93
HH Pandya,2020,Powerplay,2,3,0,0,66.67,0.0
HH Pandya,2021,Death,69,42,7,4,164.29,26.19
HH Pandya,2021,Middle,56,66,4,1,84.85,7.58
HH Pandya,2021,Powerplay,1,3,0,0,33.33,0.0
HH Pandya,2022,Death,89,58,10,2,153.45,20.69
HH Pandya,2022,Middle,332,248,29,10,133.87,15.73
HH Pandya,2022,Powerplay,65,64,10,0,101.56,15.62
HH Pandya,2023,Death,84,45,2,7,186.67,20.0
HH Pandya,2023,Middle,198,149,14,8,132.89,14.77
HH Pandya,2023,Powerplay,59,57,9,0,103.51,15.79
HH Pandya,2024,Death,40,28,2,3,142.86,17.86
HH Pandya,2024,Middle,160,113,12,8,141.59,17.7
HH Pandya,2024,Powerplay,16,10,3,0,160.0,30.0
HH Pandya,2025,Death,115,58,9,7,198.28,27.59
HH Pandya,2025,Middle,109,79,9,6,137.97,18.99
HH Pandya,2026,Death,49,37,3,2,132.43,13.51
HH Pandya,2026,Middle,143,103,15,5,138.83,19.42
HH Pandya,2026,Powerplay,14,9,3,0,155.56,33.33
HM Amla,2016,Death,20,12,4,0,166.67,33.33
HM Amla,2016,Middle,51,34,6,1,150.0,20.59
HM Amla,2016,Powerplay,86,73,10,3,117.81,17.81
HM Amla,2017,Death,59,26,6,4,226.92,38.46
HM Amla,2017,Middle,184,135,11,8,136.3,14.07
HM Amla,2017,Powerplay,175,126,23,5,138.89,22.22
HR Shokeen,2022,Middle,42,43,5,0,97.67,11.63
HR Shokeen,2022,Powerplay,1,5,0,0,20.0,0.0
HR Shokeen,2023,Death,18,15,3,0,120.0,20.0
HR Shokeen,2023,Middle,5,2,1,0,250.0,50.0
HV Patel,2012,Death,7,9,0,0,77.78,0.0
HV Patel,2012,Middle,8,6,1,0,133.33,16.67
HV Patel,2014,Death,11,6,1,1,183.33,33.33
HV Patel,2014,Middle,2,1,0,0,200.0,0.0
HV Patel,2015,Death,19,12,0,2,158.33,16.67
HV Patel,2018,Death,30,11,0,4,272.73,36.36
HV Patel,2018,Middle,30,22,1,2,136.36,13.64
HV Patel,2019,Death,0,2,0,0,0.0,0.0
HV Patel,2020,Death,10,9,1,0,111.11,11.11
HV Patel,2020,Middle,11,15,1,0,73.33,6.67
HV Patel,2021,Death,51,30,5,2,170.0,23.33
HV Patel,2021,Middle,8,16,1,0,50.0,6.25
HV Patel,2022,Death,34,28,3,2,121.43,17.86
HV Patel,2022,Middle,9,11,1,0,81.82,9.09
HV Patel,2023,Middle,6,6,0,1,100.0,16.67
HV Patel,2024,Death,1,6,0,0,16.67,0.0
HV Patel,2024,Middle,12,13,1,1,92.31,15.38
HV Patel,2025,Death,18,23,0,0,78.26,0.0
HV Patel,2025,Middle,3,3,0,0,100.0,0.0
HV Patel,2026,Death,10,9,2,0,111.11,22.22
Harbhajan Singh,2008,Death,29,15,1,3,193.33,26.67
Harbhajan Singh,2008,Middle,1,2,0,0,50.0,0.0
Harbhajan Singh,2009,Death,57,34,5,3,167.65,23.53
Harbhajan Singh,2009,Middle,21,12,1,2,175.0,25.0
Harbhajan Singh,2009,Powerplay,6,7,0,0,85.71,0.0
Harbhajan Singh,2010,Death,92,51,9,5,180.39,27.45
Harbhajan Singh,2010,Middle,5,9,1,0,55.56,11.11
Harbhajan Singh,2011,Death,48,28,2,4,171.43,21.43
Harbhajan Singh,2011,Middle,15,14,1,1,107.14,14.29
Harbhajan Singh,2011,Powerplay,40,29,6,1,137.93,24.14
Harbhajan Singh,2012,Death,77,56,10,2,137.5,21.43
Harbhajan Singh,2012,Middle,31,24,4,1,129.17,20.83
Harbhajan Singh,2013,Death,102,58,12,4,175.86,27.59
Harbhajan Singh,2013,Middle,14,21,0,1,66.67,4.76
Harbhajan Singh,2014,Death,27,24,2,2,112.5,16.67
Harbhajan Singh,2014,Middle,1,1,0,0,100.0,0.0
Harbhajan Singh,2015,Death,67,40,3,7,167.5,25.0
Harbhajan Singh,2015,Middle,38,22,5,2,172.73,31.82
Harbhajan Singh,2015,Powerplay,11,10,1,0,110.0,10.0
Harbhajan Singh,2016,Death,51,33,7,2,154.55,27.27
Harbhajan Singh,2016,Middle,41,51,4,0,80.39,7.84
Harbhajan Singh,2017,Death,16,16,0,1,100.0,6.25
Harbhajan Singh,2018,Death,2,5,0,0,40.0,0.0
Harbhajan Singh,2018,Middle,22,25,2,1,88.0,12.0
Harbhajan Singh,2018,Powerplay,5,5,1,0,100.0,20.0
Harbhajan Singh,2019,Death,1,3,0,0,33.33,0.0
Harbhajan Singh,2021,Death,4,4,0,0,100.0,0.0
Harmeet Singh,2010,Death,0,1,0,0,0.0,0.0
Harmeet Singh,2012,Death,15,7,3,0,214.29,42.86
Harmeet Singh,2013,Death,3,4,0,0,75.0,0.0
Harpreet Brar,2019,Death,20,12,2,1,166.67,25.0
Harpreet Brar,2021,Death,54,46,3,2,117.39,10.87
Harpreet Brar,2021,Middle,10,12,0,0,83.33,0.0
Harpreet Brar,2022,Death,7,5,0,1,140.0,20.0
Harpreet Brar,2022,Middle,15,20,1,1,75.0,10.0
Harpreet Brar,2023,Death,40,27,4,2,148.15,22.22
Harpreet Brar,2023,Middle,12,14,1,0,85.71,7.14
Harpreet Brar,2024,Death,53,39,5,1,135.9,15.38
Harpreet Brar,2024,Middle,22,15,3,1,146.67,26.67
Harpreet Brar,2025,Death,7,2,0,1,350.0,50.0
Harpreet Brar,2025,Middle,4,11,0,0,36.36,0.0
Harpreet Brar,2026,Death,5,3,1,0,166.67,33.33
Harpreet Singh,2011,Death,4,6,0,0,66.67,0.0
Harpreet Singh,2011,Middle,10,14,0,0,71.43,0.0
Harpreet Singh,2012,Death,5,5,0,0,100.0,0.0
Harpreet Singh,2012,Middle,1,1,0,0,100.0,0.0
Harpreet Singh,2023,Death,7,4,0,1,175.0,25.0
Harpreet Singh,2023,Middle,47,38,5,1,123.68,15.79
Harpreet Singh,2023,Powerplay,18,16,2,1,112.5,18.75
Harpreet Singh,2024,Death,8,12,0,0,66.67,0.0
Harpreet Singh,2024,Middle,7,9,0,0,77.78,0.0
Harpreet Singh,2024,Powerplay,12,13,2,0,92.31,15.38
Harsh Dubey,2026,Death,13,9,2,0,144.44,22.22
Harshit Rana,2022,Death,0,1,0,0,0.0,0.0
Harshit Rana,2022,Middle,2,1,0,0,200.0,0.0
Harshit Rana,2023,Death,0,1,0,0,0.0,0.0
Harshit Rana,2025,Death,28,30,4,1,93.33,16.67
Harshit Rana,2025,Middle,29,22,1,2,131.82,13.64
Himmat Singh,2026,Death,48,29,4,2,165.52,20.69
Himmat Singh,2026,Middle,41,36,1,3,113.89,11.11
I Malhotra,2011,Death,7,4,1,0,175.0,25.0
I Sharma,2008,Death,7,6,0,0,116.67,0.0
I Sharma,2008,Middle,4,5,1,0,80.0,20.0
I Sharma,2009,Death,10,10,0,1,100.0,10.0
I Sharma,2009,Middle,6,3,1,0,200.0,33.33
I Sharma,2010,Death,4,14,0,0,28.57,0.0
I Sharma,2010,Middle,2,3,0,0,66.67,0.0
I Sharma,2011,Death,4,5,0,0,80.0,0.0
I Sharma,2017,Death,7,7,1,0,100.0,14.29
I Sharma,2017,Middle,1,5,0,0,20.0,0.0
I Sharma,2019,Death,10,3,1,1,333.33,66.67
I Sharma,2023,Death,1,1,0,0,100.0,0.0
I Sharma,2024,Death,1,7,0,0,14.29,0.0
I Udana,2020,Death,15,11,1,1,136.36,18.18
IC Pandey,2013,Death,0,2,0,0,0.0,0.0
IK Pathan,2008,Death,88,57,6,6,154.39,21.05
IK Pathan,2008,Middle,35,54,3,0,64.81,5.56
IK Pathan,2008,Powerplay,7,4,0,0,175.0,0.0
IK Pathan,2009,Death,84,61,8,3,137.7,18.03
IK Pathan,2009,Middle,80,78,4,2,102.56,7.69
IK Pathan,2009,Powerplay,32,19,5,1,168.42,31.58
IK Pathan,2010,Death,125,60,10,6,208.33,26.67
IK Pathan,2010,Middle,110,91,5,4,120.88,9.89
IK Pathan,2010,Powerplay,41,35,6,0,117.14,17.14
IK Pathan,2011,Death,79,48,8,4,164.58,25.0
IK Pathan,2011,Middle,71,89,4,2,79.78,6.74
IK Pathan,2012,Death,76,50,9,1,152.0,20.0
IK Pathan,2012,Middle,100,76,5,5,131.58,13.16
IK Pathan,2013,Death,73,52,6,3,140.38,17.31
IK Pathan,2013,Middle,68,92,3,0,73.91,3.26
IK Pathan,2013,Powerplay,12,11,1,1,109.09,18.18
IK Pathan,2014,Death,35,26,5,0,134.62,19.23
IK Pathan,2014,Middle,20,28,0,0,71.43,0.0
IK Pathan,2016,Death,2,2,0,0,100.0,0.0
IK Pathan,2016,Middle,9,11,0,0,81.82,0.0
IK Pathan,2017,Middle,2,3,0,0,66.67,0.0
IR Jaggi,2011,Middle,9,13,0,0,69.23,0.0
IR Jaggi,2011,Powerplay,19,24,3,0,79.17,12.5
IR Jaggi,2012,Death,12,13,0,0,92.31,0.0
IR Jaggi,2012,Middle,2,7,0,0,28.57,0.0
IR Jaggi,2012,Powerplay,1,1,0,0,100.0,0.0
IR Jaggi,2017,Middle,28,27,3,0,103.7,11.11
IR Jaggi,2017,Powerplay,5,12,0,0,41.67,0.0
IS Sodhi,2018,Death,0,3,0,0,0.0,0.0
IS Sodhi,2018,Middle,1,3,0,0,33.33,0.0
IS Sodhi,2019,Death,2,3,0,0,66.67,0.0
IS Sodhi,2019,Middle,4,8,0,0,50.0,0.0
Imran Tahir,2014,Death,4,4,1,0,100.0,25.0
Imran Tahir,2014,Middle,4,6,1,0,66.67,16.67
Imran Tahir,2015,Death,5,6,0,0,83.33,0.0
Imran Tahir,2016,Death,5,7,1,0,71.43,14.29
Imran Tahir,2017,Middle,0,2,0,0,0.0,0.0
Imran Tahir,2018,Death,2,2,0,0,100.0,0.0
Imran Tahir,2020,Death,13,8,2,0,162.5,25.0
Imran Tahir,2020,Middle,0,2,0,0,0.0,0.0
Iqbal Abdulla,2008,Death,1,2,0,0,50.0,0.0
Iqbal Abdulla,2010,Death,0,1,0,0,0.0,0.0
Iqbal Abdulla,2011,Death,15,12,1,0,125.0,8.33
Iqbal Abdulla,2012,Death,1,2,0,0,50.0,0.0
Iqbal Abdulla,2012,Middle,1,1,0,0,100.0,0.0
Iqbal Abdulla,2013,Death,4,8,0,0,50.0,0.0
Iqbal Abdulla,2013,Middle,4,6,0,0,66.67,0.0
Iqbal Abdulla,2015,Death,15,11,3,0,136.36,27.27
Iqbal Abdulla,2015,Middle,5,6,1,0,83.33,16.67
Iqbal Abdulla,2016,Death,18,7,4,0,257.14,57.14
Iqbal Abdulla,2016,Middle,18,19,0,1,94.74,5.26
Iqbal Abdulla,2017,Death,5,7,0,0,71.43,0.0
Ishan Kishan,2016,Death,6,8,1,0,75.0,12.5
Ishan Kishan,2016,Middle,36,33,4,0,109.09,12.12
Ishan Kishan,2017,Death,43,20,3,4,215.0,35.0
Ishan Kishan,2017,Middle,74,76,5,2,97.37,9.21
Ishan Kishan,2017,Powerplay,160,109,21,7,146.79,25.69
Ishan Kishan,2018,Middle,219,123,18,14,178.05,26.02
Ishan Kishan,2018,Powerplay,56,61,4,3,91.8,11.48
Ishan Kishan,2019,Death,5,3,1,0,166.67,33.33
Ishan Kishan,2019,Middle,83,82,6,3,101.22,10.98
Ishan Kishan,2019,Powerplay,13,15,1,1,86.67,13.33
Ishan Kishan,2020,Death,71,29,2,8,244.83,34.48
Ishan Kishan,2020,Middle,308,210,15,18,146.67,15.71
Ishan Kishan,2020,Powerplay,136,114,19,4,119.3,20.18
Ishan Kishan,2021,Death,12,13,2,0,92.31,15.38
Ishan Kishan,2021,Middle,137,113,6,8,121.24,12.39
Ishan Kishan,2021,Powerplay,89,51,13,2,174.51,29.41
Ishan Kishan,2022,Death,34,15,5,1,226.67,40.0
Ishan Kishan,2022,Middle,159,133,10,5,119.55,11.28
Ishan Kishan,2022,Powerplay,221,199,29,5,111.06,17.09
Ishan Kishan,2023,Death,0,1,0,0,0.0,0.0
Ishan Kishan,2023,Middle,121,87,14,3,139.08,19.54
Ishan Kishan,2023,Powerplay,333,230,40,15,144.78,23.91
Ishan Kishan,2024,Death,6,5,1,0,120.0,20.0
Ishan Kishan,2024,Middle,74,61,5,3,121.31,13.11
Ishan Kishan,2024,Powerplay,239,148,29,13,161.49,28.38
Ishan Kishan,2025,Death,82,37,7,5,221.62,32.43
Ishan Kishan,2025,Middle,186,125,14,9,148.8,18.4
Ishan Kishan,2025,Powerplay,86,70,12,1,122.86,18.57
Ishan Kishan,2026,Death,31,19,4,1,163.16,26.32
Ishan Kishan,2026,Middle,384,207,35,19,185.51,26.09
Ishan Kishan,2026,Powerplay,187,104,21,12,179.81,31.73
J Arunkumar,2008,Powerplay,23,23,5,0,100.0,21.74
J Botha,2009,Death,2,3,0,0,66.67,0.0
J Botha,2009,Middle,33,23,3,0,143.48,13.04
J Botha,2009,Powerplay,11,13,2,0,84.62,15.38
J Botha,2011,Death,60,44,5,1,136.36,13.64
J Botha,2011,Middle,161,138,14,1,116.67,10.87
J Botha,2011,Powerplay,9,16,1,0,56.25,6.25
J Botha,2012,Death,44,34,4,1,129.41,14.71
J Botha,2012,Middle,14,20,0,0,70.0,0.0
J Botha,2013,Death,2,5,0,0,40.0,0.0
J Botha,2013,Middle,16,24,2,0,66.67,8.33
J Botha,2013,Powerplay,25,23,3,1,108.7,17.39
J Botha,2015,Death,27,12,4,1,225.0,41.67
J Botha,2015,Middle,4,3,1,0,133.33,33.33
J Fraser-McGurk,2024,Middle,64,35,1,7,182.86,22.86
J Fraser-McGurk,2024,Powerplay,260,104,31,20,250.0,49.04
J Fraser-McGurk,2025,Middle,23,14,3,1,164.29,28.57
J Fraser-McGurk,2025,Powerplay,32,38,4,1,84.21,13.16
J Overton,2025,Death,15,7,1,1,214.29,28.57
J Overton,2026,Death,77,50,9,3,154.0,24.0
J Overton,2026,Middle,55,35,3,3,157.14,17.14
J Suchith,2015,Death,32,19,2,1,168.42,15.79
J Suchith,2015,Middle,16,13,2,1,123.08,23.08
J Suchith,2019,Middle,6,15,0,0,40.0,0.0
J Suchith,2021,Death,14,6,2,1,233.33,50.0
J Suchith,2022,Death,0,1,0,0,0.0,0.0
J Suchith,2022,Middle,2,7,0,0,28.57,0.0
J Syed Mohammad,2011,Death,15,12,2,0,125.0,16.67
J Syed Mohammad,2012,Death,4,1,1,0,400.0,100.0
J Syed Mohammad,2013,Death,1,2,0,0,50.0,0.0
J Syed Mohammad,2013,Middle,9,11,1,0,81.82,9.09
J Theron,2010,Death,2,5,0,0,40.0,0.0
J Theron,2012,Death,7,6,1,0,116.67,16.67
J Theron,2015,Death,1,1,0,0,100.0,0.0
J Yadav,2016,Death,6,10,0,0,60.0,0.0
J Yadav,2021,Death,19,14,1,1,135.71,14.29
J Yadav,2021,Middle,15,12,1,0,125.0,8.33
JA Morkel,2008,Death,86,56,6,4,153.57,17.86
JA Morkel,2008,Middle,149,106,12,9,140.57,19.81
JA Morkel,2009,Death,75,54,5,4,138.89,16.67
JA Morkel,2009,Middle,22,16,3,0,137.5,18.75
JA Morkel,2010,Death,115,66,8,8,174.24,24.24
JA Morkel,2010,Middle,82,64,2,5,128.12,10.94
JA Morkel,2010,Powerplay,1,1,0,0,100.0,0.0
JA Morkel,2011,Death,117,77,6,8,151.95,18.18
JA Morkel,2011,Middle,20,23,2,0,86.96,8.7
JA Morkel,2012,Death,89,49,4,6,181.63,20.41
JA Morkel,2012,Middle,18,19,1,0,94.74,5.26
JA Morkel,2013,Death,25,15,1,2,166.67,20.0
JA Morkel,2013,Middle,21,22,1,1,95.45,9.09
JA Morkel,2014,Death,7,6,0,0,116.67,0.0
JA Morkel,2014,Middle,34,32,0,3,106.25,9.38
JA Morkel,2014,Powerplay,4,3,1,0,133.33,33.33
JA Morkel,2015,Death,35,18,4,1,194.44,27.78
JA Morkel,2015,Middle,38,38,3,1,100.0,10.53
JA Morkel,2015,Powerplay,13,9,2,0,144.44,22.22
JA Morkel,2016,Death,14,6,0,2,233.33,33.33
JA Morkel,2016,Middle,2,3,0,0,66.67,0.0
JA Richardson,2021,Death,0,2,0,0,0.0,0.0
JA Richardson,2021,Middle,15,22,2,0,68.18,9.09
JA Richardson,2024,Death,2,2,0,0,100.0,0.0
JC Archer,2018,Death,14,14,2,0,100.0,14.29
JC Archer,2018,Middle,0,1,0,0,0.0,0.0
JC Archer,2018,Powerplay,0,4,0,0,0.0,0.0
JC Archer,2019,Death,60,35,3,4,171.43,20.0
JC Archer,2019,Middle,7,5,1,0,140.0,20.0
JC Archer,2020,Death,84,47,4,7,178.72,23.4
JC Archer,2020,Middle,17,14,1,1,121.43,14.29
JC Archer,2023,Death,4,4,0,0,100.0,0.0
JC Archer,2025,Death,29,20,1,2,145.0,15.0
JC Archer,2025,Middle,34,30,2,2,113.33,13.33
JC Archer,2026,Death,37,28,2,2,132.14,14.29
JC Archer,2026,Middle,23,18,1,2,127.78,16.67
JC Buttler,2016,Death,68,39,6,4,174.36,25.64
JC Buttler,2016,Middle,170,121,14,7,140.5,17.36
JC Buttler,2016,Powerplay,16,23,3,0,69.57,13.04
JC Buttler,2017,Middle,63,48,1,5,131.25,12.5
JC Buttler,2017,Powerplay,210,131,26,10,160.31,27.48
JC Buttler,2018,Death,82,52,5,5,157.69,19.23
JC Buttler,2018,Middle,230,179,17,4,128.49,11.73
JC Buttler,2018,Powerplay,235,121,30,12,194.21,34.71
JC Buttler,2019,Middle,144,85,13,8,169.41,24.71
JC Buttler,2019,Powerplay,167,120,25,6,139.17,25.83
JC Buttler,2020,Death,20,7,1,2,285.71,42.86
JC Buttler,2020,Middle,185,130,12,9,142.31,16.15
JC Buttler,2020,Powerplay,123,90,14,5,136.67,21.11
JC Buttler,2021,Death,27,10,3,2,270.0,50.0
JC Buttler,2021,Middle,110,63,8,7,174.6,23.81
JC Buttler,2021,Powerplay,105,91,16,2,115.38,19.78
JC Buttler,2022,Death,122,50,10,9,244.0,38.0
JC Buttler,2022,Middle,366,247,31,16,148.18,19.03
JC Buttler,2022,Powerplay,369,277,42,20,133.21,22.38
JC Buttler,2023,Death,28,17,5,0,164.71,29.41
JC Buttler,2023,Middle,175,123,11,8,142.28,15.45
JC Buttler,2023,Powerplay,185,141,25,6,131.21,21.99
JC Buttler,2024,Death,56,29,2,5,193.1,24.14
JC Buttler,2024,Middle,105,77,9,3,136.36,15.58
JC Buttler,2024,Powerplay,198,148,25,4,133.78,19.59
JC Buttler,2025,Death,97,46,9,6,210.87,32.61
JC Buttler,2025,Middle,366,225,38,13,162.67,22.67
JC Buttler,2025,Powerplay,75,59,5,5,127.12,16.95
JC Buttler,2026,Death,47,26,4,3,180.77,26.92
JC Buttler,2026,Middle,312,216,30,11,144.44,18.98
JC Buttler,2026,Powerplay,167,103,17,12,162.14,28.16
JD Ryder,2009,Middle,3,7,0,0,42.86,0.0
JD Ryder,2009,Powerplay,53,41,9,0,129.27,21.95
JD Ryder,2011,Middle,59,34,5,3,173.53,23.53
JD Ryder,2011,Powerplay,229,162,31,8,141.36,24.07
JD Ryder,2012,Death,28,19,1,2,147.37,15.79
JD Ryder,2012,Middle,74,72,5,1,102.78,8.33
JD Ryder,2012,Powerplay,150,120,16,5,125.0,17.5
JD Unadkat,2013,Death,2,2,0,0,100.0,0.0
JD Unadkat,2014,Death,0,1,0,0,0.0,0.0
JD Unadkat,2014,Middle,1,5,0,0,20.0,0.0
JD Unadkat,2017,Death,2,5,0,0,40.0,0.0
JD Unadkat,2018,Death,23,23,2,0,100.0,8.7
JD Unadkat,2018,Middle,26,15,4,1,173.33,33.33
JD Unadkat,2019,Death,1,3,0,0,33.33,0.0
JD Unadkat,2020,Death,5,8,0,0,62.5,0.0
JD Unadkat,2020,Middle,4,5,0,0,80.0,0.0
JD Unadkat,2021,Death,29,18,2,2,161.11,22.22
JD Unadkat,2021,Middle,12,11,1,0,109.09,9.09
JD Unadkat,2022,Death,55,31,4,3,177.42,22.58
JD Unadkat,2022,Middle,4,6,0,0,66.67,0.0
JD Unadkat,2023,Death,9,7,1,0,128.57,14.29
JD Unadkat,2024,Death,22,17,2,1,129.41,17.65
JD Unadkat,2024,Middle,2,9,0,0,22.22,0.0
JD Unadkat,2026,Death,4,3,0,0,133.33,0.0
JDP Oram,2008,Death,5,2,1,0,250.0,50.0
JDP Oram,2008,Middle,13,10,0,1,130.0,10.0
JDP Oram,2009,Death,45,33,3,3,136.36,18.18
JDP Oram,2009,Middle,43,59,2,1,72.88,5.08
JDP Oram,2011,Middle,0,3,0,0,0.0,0.0
JDS Neesham,2014,Death,10,16,0,1,62.5,6.25
JDS Neesham,2014,Middle,32,30,3,0,106.67,10.0
JDS Neesham,2020,Death,12,11,0,1,109.09,9.09
JDS Neesham,2020,Middle,7,7,0,0,100.0,0.0
JDS Neesham,2021,Death,0,1,0,0,0.0,0.0
JDS Neesham,2021,Middle,0,1,0,0,0.0,0.0
JDS Neesham,2022,Death,10,8,1,0,125.0,12.5
JDS Neesham,2022,Middle,21,19,2,0,110.53,10.53
JE Root,2023,Powerplay,10,15,1,0,66.67,6.67
JE Taylor,2011,Death,3,3,0,0,100.0,0.0
JEC Franklin,2011,Death,54,30,8,0,180.0,26.67
JEC Franklin,2011,Middle,47,40,1,2,117.5,7.5
JEC Franklin,2011,Powerplay,6,8,1,0,75.0,12.5
JEC Franklin,2012,Death,24,21,3,0,114.29,14.29
JEC Franklin,2012,Middle,123,117,3,6,105.13,7.69
JEC Franklin,2012,Powerplay,73,84,9,1,86.9,11.9
JG Bethell,2025,Middle,13,10,2,0,130.0,20.0
JG Bethell,2025,Powerplay,54,29,7,3,186.21,34.48
JG Bethell,2026,Middle,13,16,0,0,81.25,0.0
JG Bethell,2026,Powerplay,83,61,12,3,136.07,24.59
JH Kallis,2008,Death,23,15,2,1,153.33,20.0
JH Kallis,2008,Middle,81,83,6,1,97.59,8.43
JH Kallis,2008,Powerplay,95,85,15,2,111.76,20.0
JH Kallis,2009,Death,30,23,1,1,130.43,8.7
JH Kallis,2009,Middle,133,132,8,1,100.76,6.82
JH Kallis,2009,Powerplay,197,176,28,6,111.93,19.32
JH Kallis,2010,Death,78,32,9,4,243.75,40.62
JH Kallis,2010,Middle,219,215,16,2,101.86,8.37
JH Kallis,2010,Powerplay,269,242,41,3,111.16,18.18
JH Kallis,2011,Death,37,17,3,3,217.65,35.29
JH Kallis,2011,Middle,177,172,12,2,102.91,8.14
JH Kallis,2011,Powerplay,210,189,31,1,111.11,16.93
JH Kallis,2012,Death,82,39,5,6,210.26,28.21
JH Kallis,2012,Middle,230,239,18,2,96.23,8.37
JH Kallis,2012,Powerplay,96,104,11,2,92.31,12.5
JH Kallis,2013,Death,35,19,7,0,184.21,36.84
JH Kallis,2013,Middle,154,173,10,2,89.02,6.94
JH Kallis,2013,Powerplay,122,130,18,1,93.85,14.62
JH Kallis,2014,Death,18,11,2,1,163.64,27.27
JH Kallis,2014,Middle,92,68,6,3,135.29,13.24
JH Kallis,2014,Powerplay,41,49,5,0,83.67,10.2
JJ Bumrah,2014,Death,1,3,0,0,33.33,0.0
JJ Bumrah,2016,Death,2,5,0,0,40.0,0.0
JJ Bumrah,2016,Middle,6,6,1,0,100.0,16.67
JJ Bumrah,2017,Death,16,12,0,1,133.33,8.33
JJ Bumrah,2018,Death,10,10,1,0,100.0,10.0
JJ Bumrah,2019,Death,0,1,0,0,0.0,0.0
JJ Bumrah,2020,Death,5,3,0,0,166.67,0.0
JJ Bumrah,2021,Death,16,17,2,0,94.12,11.76
JJ Bumrah,2022,Death,0,8,0,0,0.0,0.0
JJ Bumrah,2024,Death,12,12,1,0,100.0,8.33
JJ Bumrah,2025,Death,0,1,0,0,0.0,0.0
JJ Bumrah,2026,Death,2,5,0,0,40.0,0.0
JJ Bumrah,2026,Middle,5,2,1,0,250.0,50.0
JJ Roy,2017,Death,14,7,1,1,200.0,28.57
JJ Roy,2017,Powerplay,45,33,8,0,136.36,24.24
JJ Roy,2018,Death,20,13,2,1,153.85,23.08
JJ Roy,2018,Middle,34,22,1,2,154.55,13.64
JJ Roy,2018,Powerplay,66,59,6,4,111.86,16.95
JJ Roy,2021,Middle,58,44,6,1,131.82,15.91
JJ Roy,2021,Powerplay,92,76,15,0,121.05,19.74
JJ Roy,2023,Middle,108,67,9,6,161.19,22.39
JJ Roy,2023,Powerplay,177,120,27,6,147.5,27.5
JJ van der Wath,2011,Death,14,11,1,1,127.27,18.18
JJ van der Wath,2011,Middle,4,5,0,0,80.0,0.0
JL Denly,2019,Powerplay,0,1,0,0,0.0,0.0
JL Pattinson,2020,Death,15,13,2,0,115.38,15.38
JM Bairstow,2019,Death,7,3,0,1,233.33,33.33
JM Bairstow,2019,Middle,243,149,18,13,163.09,20.81
JM Bairstow,2019,Powerplay,194,129,30,4,150.39,26.36
JM Bairstow,2020,Death,6,7,0,0,85.71,0.0
JM Bairstow,2020,Middle,168,120,10,8,140.0,15.0
JM Bairstow,2020,Powerplay,171,145,21,5,117.93,17.93
JM Bairstow,2021,Death,18,13,1,1,138.46,15.38
JM Bairstow,2021,Middle,81,73,7,2,110.96,12.33
JM Bairstow,2021,Powerplay,149,89,12,12,167.42,26.97
JM Bairstow,2022,Death,6,3,1,0,200.0,33.33
JM Bairstow,2022,Middle,65,65,8,0,100.0,12.31
JM Bairstow,2022,Powerplay,181,105,25,9,172.38,32.38
JM Bairstow,2024,Death,8,3,0,1,266.67,33.33
JM Bairstow,2024,Middle,121,75,8,9,161.33,22.67
JM Bairstow,2024,Powerplay,169,117,25,4,144.44,24.79
JM Bairstow,2025,Middle,5,8,0,0,62.5,0.0
JM Bairstow,2025,Powerplay,80,38,7,5,210.53,31.58
JM Kemp,2010,Death,3,6,0,0,50.0,0.0
JM Kemp,2010,Middle,21,15,1,1,140.0,13.33
JM Kemp,2010,Powerplay,2,3,0,0,66.67,0.0
JM Sharma,2022,Death,63,29,6,4,217.24,34.48
JM Sharma,2022,Middle,170,113,16,8,150.44,21.24
JM Sharma,2022,Powerplay,1,1,0,0,100.0,0.0
JM Sharma,2023,Death,89,43,4,8,206.98,27.91
JM Sharma,2023,Middle,203,138,16,12,147.1,20.29
JM Sharma,2023,Powerplay,10,15,2,0,66.67,13.33
JM Sharma,2024,Death,40,25,3,2,160.0,20.0
JM Sharma,2024,Middle,147,117,6,10,125.64,13.68
JM Sharma,2025,Death,115,60,8,10,191.67,30.0
JM Sharma,2025,Middle,144,80,16,7,180.0,28.75
JM Sharma,2025,Powerplay,2,7,0,0,28.57,0.0
JM Sharma,2026,Death,47,37,4,1,127.03,13.51
JM Sharma,2026,Middle,69,58,5,5,118.97,17.24
JO Holder,2014,Death,16,12,2,1,133.33,25.0
JO Holder,2016,Death,21,18,2,1,116.67,16.67
JO Holder,2016,Middle,1,1,0,0,100.0,0.0
JO Holder,2020,Death,22,18,3,0,122.22,16.67
JO Holder,2020,Middle,40,31,1,3,129.03,12.9
JO Holder,2020,Powerplay,4,4,1,0,100.0,25.0
JO Holder,2021,Death,43,37,2,2,116.22,10.81
JO Holder,2021,Middle,42,33,0,4,127.27,12.12
JO Holder,2022,Death,48,26,0,6,184.62,23.08
JO Holder,2022,Middle,2,4,0,0,50.0,0.0
JO Holder,2022,Powerplay,8,14,2,0,57.14,14.29
JO Holder,2023,Death,1,2,0,0,50.0,0.0
JO Holder,2023,Middle,11,9,0,1,122.22,11.11
JO Holder,2026,Death,53,39,3,2,135.9,12.82
JO Holder,2026,Middle,12,10,0,1,120.0,10.0
JO Holder,2026,Powerplay,0,3,0,0,0.0,0.0
JP Behrendorff,2023,Death,6,9,0,0,66.67,0.0
JP Duminy,2009,Death,117,66,6,6,177.27,18.18
JP Duminy,2009,Middle,187,190,9,4,98.42,6.84
JP Duminy,2009,Powerplay,68,69,11,1,98.55,17.39
JP Duminy,2010,Death,61,35,3,4,174.29,20.0
JP Duminy,2010,Middle,72,79,5,1,91.14,7.59
JP Duminy,2010,Powerplay,24,17,5,0,141.18,29.41
JP Duminy,2011,Death,72,45,5,4,160.0,20.0
JP Duminy,2011,Middle,132,128,4,4,103.12,6.25
JP Duminy,2012,Death,138,77,8,9,179.22,22.08
JP Duminy,2012,Middle,104,107,5,2,97.2,6.54
JP Duminy,2012,Powerplay,2,6,0,0,33.33,0.0
JP Duminy,2014,Death,188,84,16,13,223.81,34.52
JP Duminy,2014,Middle,210,200,5,7,105.0,6.0
JP Duminy,2014,Powerplay,10,18,1,0,55.56,5.56
JP Duminy,2015,Death,69,40,4,3,172.5,17.5
JP Duminy,2015,Middle,232,171,12,12,135.67,14.04
JP Duminy,2015,Powerplay,113,104,11,5,108.65,15.38
JP Duminy,2016,Death,52,33,5,1,157.58,18.18
JP Duminy,2016,Middle,134,113,8,2,118.58,8.85
JP Duminy,2016,Powerplay,5,9,0,0,55.56,0.0
JP Duminy,2018,Death,13,11,0,1,118.18,9.09
JP Duminy,2018,Middle,10,13,1,0,76.92,7.69
JP Duminy,2018,Powerplay,13,16,2,0,81.25,12.5
JP Faulkner,2012,Death,14,13,0,0,107.69,0.0
JP Faulkner,2013,Death,40,31,3,2,129.03,16.13
JP Faulkner,2013,Middle,3,7,0,0,42.86,0.0
JP Faulkner,2013,Powerplay,14,19,2,0,73.68,10.53
JP Faulkner,2014,Death,159,70,7,16,227.14,32.86
JP Faulkner,2014,Middle,21,23,1,0,91.3,4.35
JP Faulkner,2015,Death,76,51,6,3,149.02,17.65
JP Faulkner,2015,Middle,67,56,6,2,119.64,14.29
JP Faulkner,2015,Powerplay,0,1,0,0,0.0,0.0
JP Faulkner,2016,Death,56,39,6,0,143.59,15.38
JP Faulkner,2016,Middle,21,19,1,0,110.53,5.26
JP Faulkner,2017,Death,41,29,4,0,141.38,13.79
JP Faulkner,2017,Middle,12,27,0,0,44.44,0.0
JP Inglis,2025,Death,26,16,5,0,162.5,31.25
JP Inglis,2025,Middle,124,78,10,6,158.97,20.51
JP Inglis,2025,Powerplay,128,77,11,10,166.23,27.27
JP Inglis,2026,Death,1,2,0,0,50.0,0.0
JP Inglis,2026,Middle,86,63,9,2,136.51,17.46
JP Inglis,2026,Powerplay,175,77,22,10,227.27,41.56
JPR Scantlebury-Searles,2018,Death,8,6,0,1,133.33,16.67
JR Hazlewood,2022,Death,15,15,1,0,100.0,6.67
JR Hazlewood,2022,Middle,3,11,0,0,27.27,0.0
JR Hazlewood,2023,Death,1,2,0,0,50.0,0.0
JR Hazlewood,2025,Middle,0,1,0,0,0.0,0.0
JR Hazlewood,2026,Death,0,1,0,0,0.0,0.0
JR Hopes,2008,Middle,76,45,9,2,168.89,24.44
JR Hopes,2008,Powerplay,145,103,18,6,140.78,23.3
JR Hopes,2011,Death,53,37,4,1,143.24,13.51
JR Hopes,2011,Middle,121,90,15,2,134.44,18.89
JR Hopes,2011,Powerplay,22,30,3,0,73.33,10.0
JR Philippe,2020,Death,1,2,0,0,50.0,0.0
JR Philippe,2020,Middle,26,20,3,0,130.0,15.0
JR Philippe,2020,Powerplay,51,55,6,1,92.73,12.73
Jaskaran Singh,2010,Death,7,9,0,0,77.78,0.0
Jaskaran Singh,2010,Middle,1,2,0,0,50.0,0.0
Joginder Sharma,2008,Death,10,6,0,1,166.67,16.67
Joginder Sharma,2008,Middle,6,5,1,0,120.0,20.0
Joginder Sharma,2009,Death,19,16,0,1,118.75,6.25
Joginder Sharma,2009,Middle,1,2,0,0,50.0,0.0
Joginder Sharma,2011,Death,0,1,0,0,0.0,0.0
K Goel,2008,Middle,15,14,1,1,107.14,14.29
K Goel,2008,Powerplay,61,64,6,3,95.31,14.06
K Goel,2009,Death,9,7,1,0,128.57,14.29
K Goel,2009,Middle,16,29,1,0,55.17,3.45
K Goel,2009,Powerplay,99,97,7,4,102.06,11.34
K Goel,2010,Death,15,15,1,1,100.0,13.33
K Goel,2010,Middle,3,5,0,0,60.0,0.0
K Gowtham,2018,Death,91,40,6,7,227.5,32.5
K Gowtham,2018,Middle,27,20,3,1,135.0,20.0
K Gowtham,2018,Powerplay,8,4,0,1,200.0,25.0
K Gowtham,2019,Death,3,6,0,0,50.0,0.0
K Gowtham,2019,Middle,15,13,1,1,115.38,15.38
K Gowtham,2020,Death,22,13,2,1,169.23,23.08
K Gowtham,2020,Middle,20,14,1,1,142.86,14.29
K Gowtham,2022,Powerplay,0,1,0,0,0.0,0.0
K Gowtham,2023,Death,36,21,1,3,171.43,19.05
K Gowtham,2023,Middle,25,16,1,2,156.25,18.75
K Kartikeya,2022,Death,2,2,0,0,100.0,0.0
K Kartikeya,2022,Middle,1,3,0,0,33.33,0.0
K Kartikeya,2023,Death,6,7,1,0,85.71,14.29
K Kartikeya,2025,Death,1,1,0,0,100.0,0.0
K Kartikeya,2025,Middle,2,4,0,0,50.0,0.0
K Rabada,2017,Death,4,7,0,0,57.14,0.0
K Rabada,2017,Middle,50,54,5,1,92.59,11.11
K Rabada,2017,Powerplay,1,3,0,0,33.33,0.0
K Rabada,2019,Death,14,15,0,1,93.33,6.67
K Rabada,2020,Death,52,38,4,2,136.84,15.79
K Rabada,2020,Middle,4,11,0,0,36.36,0.0
K Rabada,2021,Death,13,6,2,0,216.67,33.33
K Rabada,2022,Death,42,25,5,2,168.0,28.0
K Rabada,2022,Middle,6,17,0,0,35.29,0.0
K Rabada,2023,Death,0,2,0,0,0.0,0.0
K Rabada,2024,Death,20,14,0,2,142.86,14.29
K Rabada,2025,Death,9,8,0,1,112.5,12.5
K Rabada,2026,Death,18,15,1,1,120.0,13.33
K Rabada,2026,Middle,29,23,4,1,126.09,21.74
K Upadhyay,2012,Death,11,8,0,1,137.5,12.5
K Upadhyay,2013,Death,1,1,0,0,100.0,0.0
K Yadav,2021,Death,0,4,0,0,0.0,0.0
KA Jamieson,2021,Death,45,30,4,2,150.0,20.0
KA Jamieson,2021,Middle,20,25,1,1,80.0,8.0
KA Jamieson,2025,Death,0,2,0,0,0.0,0.0
KA Jamieson,2025,Middle,0,3,0,0,0.0,0.0
KA Jamieson,2026,Middle,12,13,1,1,92.31,15.38
KA Maharaj,2024,Death,1,2,0,0,50.0,0.0
KA Pollard,2010,Death,182,75,16,13,242.67,38.67
KA Pollard,2010,Middle,90,70,7,4,128.57,15.71
KA Pollard,2010,Powerplay,1,1,0,0,100.0,0.0
KA Pollard,2011,Death,80,55,8,4,145.45,21.82
KA Pollard,2011,Middle,65,77,4,2,84.42,7.79
KA Pollard,2012,Death,73,45,7,4,162.22,24.44
KA Pollard,2012,Middle,147,113,8,10,130.09,15.93
KA Pollard,2013,Death,210,112,13,17,187.5,26.79
KA Pollard,2013,Middle,204,166,14,11,122.89,15.06
KA Pollard,2014,Death,147,97,8,8,151.55,16.49
KA Pollard,2014,Middle,117,101,7,6,115.84,12.87
KA Pollard,2014,Powerplay,8,4,0,1,200.0,25.0
KA Pollard,2015,Death,189,95,12,14,198.95,27.37
KA Pollard,2015,Middle,226,160,15,14,141.25,18.12
KA Pollard,2016,Death,99,58,4,9,170.69,22.41
KA Pollard,2016,Middle,108,79,7,7,136.71,17.72
KA Pollard,2016,Powerplay,0,7,0,0,0.0,0.0
KA Pollard,2017,Death,104,69,7,6,150.72,18.84
KA Pollard,2017,Middle,275,193,19,16,142.49,18.13
KA Pollard,2017,Powerplay,16,17,1,1,94.12,11.76
KA Pollard,2018,Death,23,21,1,1,109.52,9.52
KA Pollard,2018,Middle,98,69,8,6,142.03,20.29
KA Pollard,2018,Powerplay,12,9,1,0,133.33,11.11
KA Pollard,2019,Death,145,76,8,13,190.79,27.63
KA Pollard,2019,Middle,121,98,6,7,123.47,13.27
KA Pollard,2019,Powerplay,3,2,0,0,150.0,0.0
KA Pollard,2020,Death,211,88,12,19,239.77,35.23
KA Pollard,2020,Middle,57,52,3,3,109.62,11.54
KA Pollard,2020,Powerplay,13,9,2,0,144.44,22.22
KA Pollard,2021,Death,129,77,9,9,167.53,23.38
KA Pollard,2021,Middle,114,87,7,7,131.03,16.09
KA Pollard,2022,Death,90,60,4,7,150.0,18.33
KA Pollard,2022,Middle,54,73,2,2,73.97,5.48
KAJ Roach,2010,Death,1,4,0,0,25.0,0.0
KAJ Roach,2010,Middle,9,5,1,0,180.0,20.0
KB Arun Karthik,2010,Death,3,5,0,0,60.0,0.0
KB Arun Karthik,2011,Middle,7,8,1,0,87.5,12.5
KB Arun Karthik,2013,Death,22,24,2,0,91.67,8.33
KB Arun Karthik,2013,Middle,19,14,1,1,135.71,14.29
KC Cariappa,2016,Death,1,3,0,0,33.33,0.0
KC Cariappa,2016,Middle,12,8,0,1,150.0,12.5
KC Cariappa,2017,Death,2,7,0,0,28.57,0.0
KC Cariappa,2019,Death,9,3,0,1,300.0,33.33
KC Sangakkara,2008,Death,34,20,5,0,170.0,25.0
KC Sangakkara,2008,Middle,151,105,15,4,143.81,18.1
KC Sangakkara,2008,Powerplay,134,72,21,4,186.11,34.72
KC Sangakkara,2009,Death,46,37,4,1,124.32,13.51
KC Sangakkara,2009,Middle,247,224,19,4,110.27,10.27
KC Sangakkara,2009,Powerplay,39,61,6,0,63.93,9.84
KC Sangakkara,2010,Death,25,17,4,0,147.06,23.53
KC Sangakkara,2010,Middle,200,149,21,4,134.23,16.78
KC Sangakkara,2010,Powerplay,132,90,22,1,146.67,25.56
KC Sangakkara,2011,Death,2,3,0,0,66.67,0.0
KC Sangakkara,2011,Middle,252,186,29,4,135.48,17.74
KC Sangakkara,2011,Powerplay,104,102,15,1,101.96,15.69
KC Sangakkara,2012,Death,28,13,3,2,215.38,38.46
KC Sangakkara,2012,Middle,112,106,11,1,105.66,11.32
KC Sangakkara,2012,Powerplay,54,64,7,0,84.38,10.94
KC Sangakkara,2013,Middle,61,78,3,0,78.21,3.85
KC Sangakkara,2013,Powerplay,59,58,10,0,101.72,17.24
KD Karthik,2008,Death,31,21,2,2,147.62,19.05
KD Karthik,2008,Middle,114,86,11,2,132.56,15.12
KD Karthik,2009,Death,107,66,8,5,162.12,19.7
KD Karthik,2009,Middle,181,151,12,4,119.87,10.6
KD Karthik,2010,Death,67,31,7,4,216.13,35.48
KD Karthik,2010,Middle,195,182,18,2,107.14,10.99
KD Karthik,2010,Powerplay,16,23,1,0,69.57,4.35
KD Karthik,2011,Death,61,42,5,2,145.24,16.67
KD Karthik,2011,Middle,204,160,24,5,127.5,18.12
KD Karthik,2011,Powerplay,17,18,3,0,94.44,16.67
KD Karthik,2012,Death,26,19,4,0,136.84,21.05
KD Karthik,2012,Middle,161,147,17,1,109.52,12.24
KD Karthik,2012,Powerplay,51,46,9,1,110.87,21.74
KD Karthik,2013,Death,57,24,3,6,237.5,37.5
KD Karthik,2013,Middle,299,243,32,4,123.05,14.81
KD Karthik,2013,Powerplay,149,142,18,4,104.93,15.49
KD Karthik,2014,Death,9,9,1,0,100.0,11.11
KD Karthik,2014,Middle,252,193,19,10,130.57,15.03
KD Karthik,2014,Powerplay,64,56,8,1,114.29,16.07
KD Karthik,2015,Death,20,8,1,2,250.0,37.5
KD Karthik,2015,Middle,108,96,12,2,112.5,14.58
KD Karthik,2015,Powerplay,13,13,2,0,100.0,15.38
KD Karthik,2016,Death,54,28,8,1,192.86,32.14
KD Karthik,2016,Middle,252,200,26,2,126.0,14.0
KD Karthik,2016,Powerplay,29,38,4,0,76.32,10.53
KD Karthik,2017,Death,105,64,11,4,164.06,23.44
KD Karthik,2017,Middle,236,182,15,7,129.67,12.09
KD Karthik,2017,Powerplay,16,12,3,0,133.33,25.0
KD Karthik,2018,Death,185,99,20,9,186.87,29.29
KD Karthik,2018,Middle,293,223,26,7,131.39,14.8
KD Karthik,2018,Powerplay,20,14,3,0,142.86,21.43
KD Karthik,2019,Death,105,45,7,9,233.33,35.56
KD Karthik,2019,Middle,138,110,13,5,125.45,16.36
KD Karthik,2019,Powerplay,10,18,2,0,55.56,11.11
KD Karthik,2020,Death,85,43,11,3,197.67,32.56
KD Karthik,2020,Middle,72,68,7,1,105.88,11.76
KD Karthik,2020,Powerplay,12,25,2,0,48.0,8.0
KD Karthik,2021,Death,119,80,12,3,148.75,18.75
KD Karthik,2021,Middle,104,90,10,4,115.56,15.56
KD Karthik,2022,Death,242,110,19,19,220.0,34.55
KD Karthik,2022,Middle,83,68,7,3,122.06,14.71
KD Karthik,2023,Death,82,51,8,4,160.78,23.53
KD Karthik,2023,Middle,58,53,5,1,109.43,11.32
KD Karthik,2024,Death,197,90,12,18,218.89,33.33
KD Karthik,2024,Middle,125,83,14,4,150.6,21.69
KH Pandya,2016,Death,50,30,5,1,166.67,20.0
KH Pandya,2016,Middle,166,80,14,11,207.5,31.25
KH Pandya,2016,Powerplay,21,14,3,1,150.0,28.57
KH Pandya,2017,Death,76,45,7,4,168.89,24.44
KH Pandya,2017,Middle,165,132,17,3,125.0,15.15
KH Pandya,2017,Powerplay,2,2,0,0,100.0,0.0
KH Pandya,2018,Death,101,57,9,6,177.19,26.32
KH Pandya,2018,Middle,125,98,13,4,127.55,17.35
KH Pandya,2018,Powerplay,2,2,0,0,100.0,0.0
KH Pandya,2019,Death,65,39,8,2,166.67,25.64
KH Pandya,2019,Middle,118,111,10,3,106.31,11.71
KH Pandya,2020,Death,37,21,4,2,176.19,28.57
KH Pandya,2020,Middle,71,70,5,3,101.43,11.43
KH Pandya,2020,Powerplay,1,1,0,0,100.0,0.0
KH Pandya,2021,Death,55,43,4,3,127.91,16.28
KH Pandya,2021,Middle,84,79,5,3,106.33,10.13
KH Pandya,2022,Death,56,37,4,1,151.35,13.51
KH Pandya,2022,Middle,110,100,8,3,110.0,11.0
KH Pandya,2022,Powerplay,17,8,4,0,212.5,50.0
KH Pandya,2023,Death,19,10,2,1,190.0,30.0
KH Pandya,2023,Middle,140,123,9,5,113.82,11.38
KH Pandya,2023,Powerplay,29,32,4,0,90.62,12.5
KH Pandya,2024,Death,70,47,6,2,148.94,17.02
KH Pandya,2024,Middle,61,56,2,3,108.93,8.93
KH Pandya,2024,Powerplay,2,2,0,0,100.0,0.0
KH Pandya,2025,Death,31,24,5,0,129.17,20.83
KH Pandya,2025,Middle,71,52,3,4,136.54,13.46
KH Pandya,2025,Powerplay,3,9,0,0,33.33,0.0
KH Pandya,2026,Death,78,49,5,6,159.18,22.45
KH Pandya,2026,Middle,134,94,14,4,142.55,19.15
KH Pandya,2026,Powerplay,9,10,0,1,90.0,10.0
KJ Abbott,2016,Death,13,7,0,1,185.71,14.29
KJ Abbott,2016,Middle,0,1,0,0,0.0,0.0
KK Ahmed,2019,Death,0,1,0,0,0.0,0.0
KK Ahmed,2020,Death,0,2,0,0,0.0,0.0
KK Ahmed,2021,Death,1,2,0,0,50.0,0.0
KK Ahmed,2022,Death,0,2,0,0,0.0,0.0
KK Ahmed,2025,Death,1,2,0,0,50.0,0.0
KK Cooper,2012,Death,29,13,3,2,223.08,38.46
KK Cooper,2012,Middle,8,6,0,1,133.33,16.67
KK Cooper,2013,Death,35,18,3,2,194.44,27.78
KK Cooper,2013,Middle,4,4,1,0,100.0,25.0
KK Cooper,2014,Death,2,2,0,0,100.0,0.0
KK Cooper,2014,Middle,30,22,2,2,136.36,18.18
KK Cooper,2014,Powerplay,7,2,0,1,350.0,50.0
KK Nair,2013,Middle,1,7,0,0,14.29,0.0
KK Nair,2013,Powerplay,8,5,0,0,160.0,0.0
KK Nair,2014,Death,24,10,3,1,240.0,40.0
KK Nair,2014,Middle,170,116,18,5,146.55,19.83
KK Nair,2014,Powerplay,136,106,17,3,128.3,18.87
KK Nair,2015,Death,57,31,5,3,183.87,25.81
KK Nair,2015,Middle,115,97,13,1,118.56,14.43
KK Nair,2015,Powerplay,9,17,0,1,52.94,5.88
KK Nair,2016,Death,43,22,2,4,195.45,27.27
KK Nair,2016,Middle,192,170,19,1,112.94,11.76
KK Nair,2016,Powerplay,117,103,18,1,113.59,18.45
KK Nair,2017,Death,12,7,2,0,171.43,28.57
KK Nair,2017,Middle,65,74,4,1,87.84,6.76
KK Nair,2017,Powerplay,204,145,33,5,140.69,26.21
KK Nair,2018,Death,58,27,5,4,214.81,33.33
KK Nair,2018,Middle,218,166,14,9,131.33,13.86
KK Nair,2018,Powerplay,25,28,4,0,89.29,14.29
KK Nair,2019,Death,1,3,0,0,33.33,0.0
KK Nair,2019,Middle,4,3,0,0,133.33,0.0
KK Nair,2020,Death,13,6,2,0,216.67,33.33
KK Nair,2020,Middle,2,2,0,0,100.0,0.0
KK Nair,2020,Powerplay,1,6,0,0,16.67,0.0
KK Nair,2022,Death,3,5,0,0,60.0,0.0
KK Nair,2022,Middle,13,13,1,0,100.0,7.69
KK Nair,2025,Middle,89,51,10,4,174.51,27.45
KK Nair,2025,Powerplay,109,64,14,6,170.31,31.25
KK Nair,2026,Middle,12,9,2,0,133.33,22.22
KK Nair,2026,Powerplay,6,9,1,0,66.67,11.11
KL Nagarkoti,2020,Death,15,16,1,0,93.75,6.25
KL Nagarkoti,2020,Middle,7,15,0,0,46.67,0.0
KL Nagarkoti,2021,Death,0,2,0,0,0.0,0.0
KL Rahul,2013,Death,8,4,2,0,200.0,50.0
KL Rahul,2013,Powerplay,12,12,2,0,100.0,16.67
KL Rahul,2014,Death,11,10,0,1,110.0,10.0
KL Rahul,2014,Middle,106,110,6,2,96.36,7.27
KL Rahul,2014,Powerplay,49,44,6,0,111.36,13.64
KL Rahul,2015,Death,31,17,2,2,182.35,23.53
KL Rahul,2015,Middle,102,93,5,3,109.68,8.6
KL Rahul,2015,Powerplay,8,14,1,0,57.14,7.14
KL Rahul,2016,Death,32,19,2,2,168.42,21.05
KL Rahul,2016,Middle,202,136,16,9,148.53,18.38
KL Rahul,2016,Powerplay,163,116,19,5,140.52,20.69
KL Rahul,2018,Death,91,34,11,4,267.65,44.12
KL Rahul,2018,Middle,204,150,13,8,136.0,14.0
KL Rahul,2018,Powerplay,364,231,42,20,157.58,26.84
KL Rahul,2019,Death,93,53,7,5,175.47,22.64
KL Rahul,2019,Middle,267,192,17,9,139.06,13.54
KL Rahul,2019,Powerplay,232,192,25,11,120.83,18.75
KL Rahul,2020,Death,82,45,5,6,182.22,24.44
KL Rahul,2020,Middle,284,229,20,8,124.02,12.23
KL Rahul,2020,Powerplay,310,248,33,9,125.0,16.94
KL Rahul,2021,Death,82,36,9,4,227.78,36.11
KL Rahul,2021,Middle,285,189,13,17,150.79,15.87
KL Rahul,2021,Powerplay,259,225,26,9,115.11,15.56
KL Rahul,2022,Death,121,61,12,6,198.36,29.51
KL Rahul,2022,Middle,291,197,15,16,147.72,15.74
KL Rahul,2022,Powerplay,203,196,18,8,103.57,13.27
KL Rahul,2023,Death,26,24,1,1,108.33,8.33
KL Rahul,2023,Middle,111,102,8,1,108.82,8.82
KL Rahul,2023,Powerplay,137,115,19,2,119.13,18.26
KL Rahul,2024,Death,8,8,1,0,100.0,12.5
KL Rahul,2024,Middle,233,166,19,5,140.36,14.46
KL Rahul,2024,Powerplay,273,206,25,13,132.52,18.45
KL Rahul,2025,Death,64,32,6,4,200.0,31.25
KL Rahul,2025,Middle,296,201,21,12,147.26,16.42
KL Rahul,2025,Powerplay,186,130,26,5,143.08,23.85
KL Rahul,2026,Death,31,18,4,1,172.22,27.78
KL Rahul,2026,Middle,320,161,26,19,198.76,27.95
KL Rahul,2026,Powerplay,241,160,26,11,150.62,23.12
KM Asif,2023,Middle,0,2,0,0,0.0,0.0
KM Jadhav,2010,Death,32,16,4,1,200.0,31.25
KM Jadhav,2010,Middle,42,38,3,1,110.53,10.53
KM Jadhav,2010,Powerplay,2,2,0,0,100.0,0.0
KM Jadhav,2011,Death,6,10,0,0,60.0,0.0
KM Jadhav,2011,Middle,12,11,1,0,109.09,9.09
KM Jadhav,2011,Powerplay,0,2,0,0,0.0,0.0
KM Jadhav,2013,Death,77,47,2,5,163.83,14.89
KM Jadhav,2013,Middle,70,73,5,0,95.89,6.85
KM Jadhav,2013,Powerplay,1,3,0,0,33.33,0.0
KM Jadhav,2014,Death,125,75,13,6,166.67,25.33
KM Jadhav,2014,Middle,21,20,0,1,105.0,5.0
KM Jadhav,2014,Powerplay,0,4,0,0,0.0,0.0
KM Jadhav,2015,Death,57,46,5,2,123.91,15.22
KM Jadhav,2015,Middle,132,90,11,5,146.67,17.78
KM Jadhav,2015,Powerplay,0,4,0,0,0.0,0.0
KM Jadhav,2016,Death,32,27,1,2,118.52,11.11
KM Jadhav,2016,Middle,6,4,0,0,150.0,0.0
KM Jadhav,2017,Death,68,41,7,3,165.85,24.39
KM Jadhav,2017,Middle,165,114,11,7,144.74,15.79
KM Jadhav,2017,Powerplay,32,28,7,0,114.29,25.0
KM Jadhav,2018,Death,10,5,1,1,200.0,40.0
KM Jadhav,2018,Middle,14,16,0,1,87.5,6.25
KM Jadhav,2019,Death,18,26,0,1,69.23,3.85
KM Jadhav,2019,Middle,110,105,14,1,104.76,14.29
KM Jadhav,2019,Powerplay,31,35,5,1,88.57,17.14
KM Jadhav,2020,Death,11,19,1,0,57.89,5.26
KM Jadhav,2020,Middle,49,44,6,0,111.36,13.64
KM Jadhav,2020,Powerplay,1,2,0,0,50.0,0.0
KM Jadhav,2021,Death,13,8,1,1,162.5,25.0
KM Jadhav,2021,Middle,42,44,1,1,95.45,4.55
KM Jadhav,2023,Death,4,5,0,0,80.0,0.0
KM Jadhav,2023,Middle,8,5,1,0,160.0,20.0
KMA Paul,2019,Death,18,19,1,1,94.74,10.53
KMA Paul,2019,Middle,0,5,0,0,0.0,0.0
KMDN Kulasekara,2012,Death,5,3,1,0,166.67,33.33
KP Appanna,2009,Death,0,1,0,0,0.0,0.0
KP Appanna,2010,Death,2,3,0,0,66.67,0.0
KP Pietersen,2009,Middle,46,42,5,1,109.52,14.29
KP Pietersen,2009,Powerplay,46,42,3,1,109.52,9.52
KP Pietersen,2010,Death,42,21,5,1,200.0,28.57
KP Pietersen,2010,Middle,110,88,5,5,125.0,11.36
KP Pietersen,2010,Powerplay,84,48,13,2,175.0,31.25
KP Pietersen,2012,Death,56,23,4,5,243.48,39.13
KP Pietersen,2012,Middle,172,117,11,11,147.01,18.8
KP Pietersen,2012,Powerplay,77,67,7,4,114.93,16.42
KP Pietersen,2014,Death,12,11,1,0,109.09,9.09
KP Pietersen,2014,Middle,126,104,12,3,121.15,14.42
KP Pietersen,2014,Powerplay,156,118,21,4,132.2,21.19
KP Pietersen,2016,Middle,45,43,1,2,104.65,6.98
KP Pietersen,2016,Powerplay,28,18,3,1,155.56,22.22
KR Mayers,2023,Middle,97,58,4,9,167.24,22.41
KR Mayers,2023,Powerplay,276,200,34,12,138.0,23.0
KR Sen,2022,Death,0,3,0,0,0.0,0.0
KS Bharat,2021,Death,26,13,0,2,200.0,15.38
KS Bharat,2021,Middle,108,91,5,4,118.68,9.89
KS Bharat,2021,Powerplay,56,50,5,2,112.0,14.0
KS Bharat,2022,Powerplay,8,7,2,0,114.29,28.57
KS Rathore,2025,Powerplay,0,5,0,0,0.0,0.0
KS Sharma,2022,Powerplay,4,4,1,0,100.0,25.0
KS Sharma,2023,Middle,6,10,0,0,60.0,0.0
KS Sharma,2023,Powerplay,6,11,0,0,54.55,0.0
KS Williamson,2015,Death,21,14,1,1,150.0,14.29
KS Williamson,2015,Middle,10,13,0,0,76.92,0.0
KS Williamson,2016,Death,19,14,3,0,135.71,21.43
KS Williamson,2016,Middle,93,86,10,0,108.14,11.63
KS Williamson,2016,Powerplay,12,22,1,0,54.55,4.55
KS Williamson,2017,Death,61,29,7,1,210.34,27.59
KS Williamson,2017,Middle,171,113,11,9,151.33,17.7
KS Williamson,2017,Powerplay,24,26,2,0,92.31,7.69
KS Williamson,2018,Death,27,28,2,0,96.43,7.14
KS Williamson,2018,Middle,528,338,38,25,156.21,18.64
KS Williamson,2018,Powerplay,180,149,24,3,120.81,18.12
KS Williamson,2019,Death,46,21,4,3,219.05,33.33
KS Williamson,2019,Middle,91,87,6,2,104.6,9.2
KS Williamson,2019,Powerplay,17,21,2,0,80.95,9.52
KS Williamson,2020,Death,96,56,9,3,171.43,21.43
KS Williamson,2020,Middle,177,147,11,6,120.41,11.56
KS Williamson,2020,Powerplay,43,33,6,1,130.3,21.21
KS Williamson,2021,Death,58,31,9,1,187.1,32.26
KS Williamson,2021,Middle,130,134,7,1,97.01,5.97
KS Williamson,2021,Powerplay,81,72,14,0,112.5,19.44
KS Williamson,2022,Death,8,8,1,0,100.0,12.5
KS Williamson,2022,Middle,98,79,4,5,124.05,11.39
KS Williamson,2022,Powerplay,110,144,11,3,76.39,9.72
KS Williamson,2024,Middle,11,14,1,0,78.57,7.14
KS Williamson,2024,Powerplay,16,13,3,0,123.08,23.08
KT Maphaka,2025,Death,8,2,2,0,400.0,100.0
KV Sharma,2009,Death,1,3,0,0,33.33,0.0
KV Sharma,2013,Death,31,27,1,1,114.81,7.41
KV Sharma,2013,Middle,47,50,4,1,94.0,10.0
KV Sharma,2013,Powerplay,7,9,1,0,77.78,11.11
KV Sharma,2014,Death,33,24,1,2,137.5,12.5
KV Sharma,2014,Middle,9,5,0,1,180.0,20.0
KV Sharma,2015,Death,67,45,1,6,148.89,15.56
KV Sharma,2015,Middle,37,40,2,0,92.5,5.0
KV Sharma,2016,Death,36,29,3,1,124.14,13.79
KV Sharma,2016,Middle,0,1,0,0,0.0,0.0
KV Sharma,2017,Death,26,15,4,1,173.33,33.33
KV Sharma,2017,Middle,23,26,1,1,88.46,7.69
KV Sharma,2023,Death,2,2,0,0,100.0,0.0
KV Sharma,2023,Middle,1,3,0,0,33.33,0.0
KV Sharma,2024,Death,31,15,2,3,206.67,33.33
KV Sharma,2025,Death,1,1,0,0,100.0,0.0
KW Richardson,2013,Death,10,13,0,0,76.92,0.0
KW Richardson,2013,Middle,24,23,2,1,104.35,13.04
KW Richardson,2014,Death,1,2,0,0,50.0,0.0
KW Richardson,2016,Death,1,1,0,0,100.0,0.0
Kamran Akmal,2008,Death,20,12,1,1,166.67,16.67
Kamran Akmal,2008,Middle,57,25,4,5,228.0,36.0
Kamran Akmal,2008,Powerplay,47,40,7,2,117.5,22.5
Kamran Khan,2009,Middle,3,5,0,0,60.0,0.0
Karanveer Singh,2014,Death,1,1,0,0,100.0,0.0
Karanveer Singh,2015,Death,7,9,1,0,77.78,11.11
Karanveer Singh,2015,Middle,4,7,0,0,57.14,0.0
Kartik Sharma,2026,Death,48,29,7,2,165.52,31.03
Kartik Sharma,2026,Middle,216,164,14,13,131.71,16.46
Kartik Sharma,2026,Powerplay,31,23,3,1,134.78,17.39
Kartik Tyagi,2020,Death,4,6,0,0,66.67,0.0
Kartik Tyagi,2021,Death,2,4,0,0,50.0,0.0
Kartik Tyagi,2022,Death,7,5,1,0,140.0,20.0
Kartik Tyagi,2022,Middle,0,1,0,0,0.0,0.0
Kartik Tyagi,2026,Death,6,5,0,1,120.0,20.0
Kartik Tyagi,2026,Middle,5,5,1,0,100.0,20.0
Krish Bhagat,2026,Death,3,10,0,0,30.0,0.0
Krish Bhagat,2026,Middle,7,11,0,0,63.64,0.0
Kuldeep Yadav,2017,Death,16,15,2,0,106.67,13.33
Kuldeep Yadav,2017,Middle,4,7,0,0,57.14,0.0
Kuldeep Yadav,2018,Death,10,15,1,0,66.67,6.67
Kuldeep Yadav,2018,Middle,2,9,0,0,22.22,0.0
Kuldeep Yadav,2019,Death,12,7,1,0,171.43,14.29
Kuldeep Yadav,2019,Middle,0,1,0,0,0.0,0.0
Kuldeep Yadav,2020,Death,9,11,1,0,81.82,9.09
Kuldeep Yadav,2020,Middle,4,10,0,0,40.0,0.0
Kuldeep Yadav,2022,Death,43,35,3,2,122.86,14.29
Kuldeep Yadav,2022,Middle,5,17,0,0,29.41,0.0
Kuldeep Yadav,2023,Death,30,46,2,0,65.22,4.35
Kuldeep Yadav,2023,Middle,1,2,0,0,50.0,0.0
Kuldeep Yadav,2024,Death,26,31,3,0,83.87,9.68
Kuldeep Yadav,2024,Middle,21,10,3,1,210.0,40.0
Kuldeep Yadav,2025,Death,17,14,2,0,121.43,14.29
Kuldeep Yadav,2025,Middle,1,2,0,0,50.0,0.0
Kuldeep Yadav,2026,Death,5,9,0,0,55.56,0.0
Kuldeep Yadav,2026,Middle,4,12,0,0,33.33,0.0
Kumar Kushagra,2024,Death,0,1,0,0,0.0,0.0
Kumar Kushagra,2024,Middle,1,3,0,0,33.33,0.0
Kumar Kushagra,2024,Powerplay,2,3,0,0,66.67,0.0
Kumar Kushagra,2026,Middle,1,2,0,0,50.0,0.0
Kumar Kushagra,2026,Powerplay,17,12,3,0,141.67,25.0
L Ablish,2011,Death,0,2,0,0,0.0,0.0
L Balaji,2008,Death,0,4,0,0,0.0,0.0
L Balaji,2009,Death,4,10,0,0,40.0,0.0
L Balaji,2010,Death,14,11,1,1,127.27,18.18
L Balaji,2010,Middle,4,9,0,0,44.44,0.0
L Balaji,2011,Death,4,2,0,0,200.0,0.0
L Balaji,2013,Death,9,10,1,0,90.0,10.0
L Balaji,2014,Death,1,3,0,0,33.33,0.0
L Ngidi,2025,Death,0,2,0,0,0.0,0.0
L Ngidi,2026,Death,4,6,0,0,66.67,0.0
L Ronchi,2008,Powerplay,34,32,6,1,106.25,21.88
L Ronchi,2009,Powerplay,0,2,0,0,0.0,0.0
L Wood,2024,Death,9,3,0,1,300.0,33.33
LA Carseldine,2009,Death,17,10,2,0,170.0,20.0
LA Carseldine,2009,Middle,25,22,2,0,113.64,9.09
LA Carseldine,2009,Powerplay,38,34,7,0,111.76,20.59
LA Pomersbach,2008,Death,39,18,5,2,216.67,38.89
LA Pomersbach,2008,Middle,78,60,6,4,130.0,16.67
LA Pomersbach,2008,Powerplay,35,21,2,3,166.67,23.81
LA Pomersbach,2009,Middle,13,23,0,0,56.52,0.0
LA Pomersbach,2009,Powerplay,27,23,3,1,117.39,17.39
LA Pomersbach,2011,Death,3,5,0,0,60.0,0.0
LA Pomersbach,2011,Middle,32,20,2,2,160.0,20.0
LA Pomersbach,2011,Powerplay,16,14,2,0,114.29,14.29
LA Pomersbach,2013,Death,17,11,0,1,154.55,9.09
LA Pomersbach,2013,Middle,16,29,1,0,55.17,3.45
LA Pomersbach,2013,Powerplay,25,19,4,0,131.58,21.05
LB Williams,2024,Death,1,2,0,0,50.0,0.0
LE Plunkett,2018,Death,1,3,0,0,33.33,0.0
LG Pretorius,2026,Middle,7,6,0,0,116.67,0.0
LG Pretorius,2026,Powerplay,0,2,0,0,0.0,0.0
LH Ferguson,2017,Death,1,1,0,0,100.0,0.0
LH Ferguson,2020,Death,42,26,4,1,161.54,19.23
LH Ferguson,2020,Middle,1,3,0,0,33.33,0.0
LH Ferguson,2021,Death,12,8,0,1,150.0,12.5
LH Ferguson,2021,Middle,2,2,0,0,100.0,0.0
LH Ferguson,2022,Death,5,4,1,0,125.0,25.0
LH Ferguson,2024,Death,1,1,0,0,100.0,0.0
LH Ferguson,2025,Death,4,1,1,0,400.0,100.0
LJ Wright,2013,Death,68,30,11,2,226.67,43.33
LJ Wright,2013,Middle,26,21,4,0,123.81,19.05
LJ Wright,2013,Powerplay,8,8,0,1,100.0,12.5
LMP Simmons,2014,Death,7,10,0,0,70.0,0.0
LMP Simmons,2014,Middle,199,138,15,9,144.2,17.39
LMP Simmons,2014,Powerplay,188,142,28,5,132.39,23.24
LMP Simmons,2015,Death,25,15,3,1,166.67,26.67
LMP Simmons,2015,Middle,256,198,21,11,129.29,16.16
LMP Simmons,2015,Powerplay,259,225,32,9,115.11,18.22
LMP Simmons,2016,Powerplay,8,8,0,1,100.0,12.5
LMP Simmons,2017,Middle,50,31,3,4,161.29,22.58
LMP Simmons,2017,Powerplay,87,81,7,4,107.41,13.58
LPC Silva,2008,Death,23,10,2,1,230.0,30.0
LPC Silva,2008,Middle,8,9,1,0,88.89,11.11
LPC Silva,2008,Powerplay,9,7,2,0,128.57,28.57
LR Shukla,2008,Death,97,59,10,4,164.41,23.73
LR Shukla,2008,Middle,65,61,7,1,106.56,13.11
LR Shukla,2008,Powerplay,1,2,0,0,50.0,0.0
LR Shukla,2009,Death,21,21,1,1,100.0,9.52
LR Shukla,2009,Middle,61,61,4,2,100.0,9.84
LR Shukla,2009,Powerplay,1,3,0,0,33.33,0.0
LR Shukla,2010,Death,15,9,0,2,166.67,22.22
LR Shukla,2010,Middle,21,17,3,0,123.53,17.65
LR Shukla,2011,Death,14,10,2,0,140.0,20.0
LR Shukla,2012,Death,38,28,3,2,135.71,17.86
LR Shukla,2012,Middle,37,29,1,3,127.59,13.79
LR Shukla,2013,Middle,3,12,0,0,25.0,0.0
LR Shukla,2014,Death,4,4,1,0,100.0,25.0
LR Shukla,2014,Middle,27,34,1,1,79.41,5.88
LRPL Taylor,2008,Middle,55,37,3,3,148.65,16.22
LRPL Taylor,2008,Powerplay,94,44,10,7,213.64,38.64
LRPL Taylor,2009,Death,74,39,5,6,189.74,28.21
LRPL Taylor,2009,Middle,169,127,11,8,133.07,14.96
LRPL Taylor,2009,Powerplay,31,40,4,0,77.5,10.0
LRPL Taylor,2010,Death,23,14,2,1,164.29,21.43
LRPL Taylor,2010,Middle,65,61,0,5,106.56,8.2
LRPL Taylor,2011,Death,74,49,5,3,151.02,16.33
LRPL Taylor,2011,Middle,106,101,6,4,104.95,9.9
LRPL Taylor,2012,Death,24,16,0,3,150.0,18.75
LRPL Taylor,2012,Middle,154,133,10,4,115.79,10.53
LRPL Taylor,2012,Powerplay,19,22,2,0,86.36,9.09
LRPL Taylor,2013,Death,2,3,0,0,66.67,0.0
LRPL Taylor,2013,Middle,56,66,1,1,84.85,3.03
LRPL Taylor,2013,Powerplay,5,7,1,0,71.43,14.29
LRPL Taylor,2014,Death,20,14,3,0,142.86,21.43
LRPL Taylor,2014,Middle,33,37,2,0,89.19,5.41
LRPL Taylor,2014,Powerplay,6,8,1,0,75.0,12.5
LS Livingstone,2019,Death,1,2,0,0,50.0,0.0
LS Livingstone,2019,Middle,12,9,2,0,133.33,22.22
LS Livingstone,2019,Powerplay,57,37,4,5,154.05,24.32
LS Livingstone,2021,Death,0,1,0,0,0.0,0.0
LS Livingstone,2021,Middle,35,31,2,1,112.9,9.68
LS Livingstone,2021,Powerplay,7,9,1,0,77.78,11.11
LS Livingstone,2022,Death,65,31,5,5,209.68,32.26
LS Livingstone,2022,Middle,301,174,17,24,172.99,23.56
LS Livingstone,2022,Powerplay,70,33,7,5,212.12,36.36
LS Livingstone,2023,Death,69,28,2,8,246.43,35.71
LS Livingstone,2023,Middle,171,111,12,10,154.05,19.82
LS Livingstone,2023,Powerplay,24,27,4,0,88.89,14.81
LS Livingstone,2024,Death,58,29,5,4,200.0,31.03
LS Livingstone,2024,Middle,52,47,3,3,110.64,12.77
LS Livingstone,2024,Powerplay,1,2,0,0,50.0,0.0
LS Livingstone,2025,Death,37,13,1,5,284.62,46.15
LS Livingstone,2025,Middle,71,61,2,4,116.39,9.84
LS Livingstone,2025,Powerplay,4,10,1,0,40.0,10.0
LS Livingstone,2026,Death,1,5,0,0,20.0,0.0
LS Livingstone,2026,Middle,2,4,0,0,50.0,0.0
LS Livingstone,2026,Powerplay,12,16,0,1,75.0,6.25
Lalit Yadav,2021,Death,29,22,3,0,131.82,13.64
Lalit Yadav,2021,Middle,34,48,3,0,70.83,6.25
Lalit Yadav,2022,Death,21,14,1,2,150.0,21.43
Lalit Yadav,2022,Middle,111,101,7,4,109.9,10.89
Lalit Yadav,2022,Powerplay,23,29,3,0,79.31,10.34
Lalit Yadav,2023,Death,22,24,3,0,91.67,12.5
Lalit Yadav,2023,Middle,42,33,5,0,127.27,15.15
Lalit Yadav,2023,Powerplay,2,2,0,0,100.0,0.0
Lalit Yadav,2024,Death,3,4,0,0,75.0,0.0
Lalit Yadav,2024,Middle,7,8,1,0,87.5,12.5
Liton Das,2023,Powerplay,4,4,1,0,100.0,25.0
M Ashwin,2016,Death,0,1,0,0,0.0,0.0
M Ashwin,2018,Middle,1,2,0,0,50.0,0.0
M Ashwin,2019,Death,3,5,0,0,60.0,0.0
M Ashwin,2020,Death,4,4,0,0,100.0,0.0
M Ashwin,2021,Death,10,12,1,0,83.33,8.33
M Ashwin,2021,Middle,5,12,0,0,41.67,0.0
M Ashwin,2022,Death,11,10,1,1,110.0,20.0
M Ashwin,2022,Middle,1,4,0,0,25.0,0.0
M Jansen,2021,Death,0,3,0,0,0.0,0.0
M Jansen,2022,Death,9,7,0,1,128.57,14.29
M Jansen,2023,Death,22,25,2,0,88.0,8.0
M Jansen,2023,Middle,17,18,2,0,94.44,11.11
M Jansen,2024,Death,1,1,0,0,100.0,0.0
M Jansen,2024,Middle,17,12,1,1,141.67,16.67
M Jansen,2025,Death,55,46,2,3,119.57,10.87
M Jansen,2025,Middle,20,17,1,1,117.65,11.76
M Jansen,2026,Death,40,30,1,3,133.33,13.33
M Jansen,2026,Middle,11,15,0,0,73.33,0.0
M Kaif,2008,Death,23,20,2,1,115.0,15.0
M Kaif,2008,Middle,131,113,8,5,115.93,11.5
M Kaif,2008,Powerplay,22,37,4,0,59.46,10.81
M Kaif,2010,Death,2,2,0,0,100.0,0.0
M Kaif,2010,Middle,26,28,2,0,92.86,7.14
M Kaif,2011,Death,11,9,1,0,122.22,11.11
M Kaif,2011,Middle,30,24,4,0,125.0,16.67
M Kaif,2012,Middle,14,16,1,0,87.5,6.25
M Kartik,2008,Death,12,13,1,0,92.31,7.69
M Kartik,2008,Middle,18,14,2,0,128.57,14.29
M Kartik,2009,Death,20,19,0,0,105.26,0.0
M Kartik,2009,Middle,1,1,0,0,100.0,0.0
M Kartik,2010,Death,9,10,0,0,90.0,0.0
M Kartik,2010,Middle,13,12,2,0,108.33,16.67
M Kartik,2011,Death,1,2,0,0,50.0,0.0
M Kartik,2011,Middle,10,12,1,0,83.33,8.33
M Kartik,2012,Death,26,21,1,1,123.81,9.52
M Kartik,2013,Death,2,3,0,0,66.67,0.0
M Klinger,2011,Middle,22,27,2,0,81.48,7.41
M Klinger,2011,Powerplay,50,48,7,0,104.17,14.58
M Manhas,2009,Death,45,28,5,1,160.71,21.43
M Manhas,2009,Middle,30,32,2,0,93.75,6.25
M Manhas,2009,Powerplay,0,2,0,0,0.0,0.0
M Manhas,2010,Death,47,43,4,0,109.3,9.3
M Manhas,2010,Middle,99,98,8,0,101.02,8.16
M Manhas,2010,Powerplay,11,8,2,0,137.5,25.0
M Manhas,2011,Death,21,18,1,1,116.67,11.11
M Manhas,2011,Middle,58,62,3,2,93.55,8.06
M Manhas,2011,Powerplay,35,43,4,1,81.4,11.63
M Manhas,2012,Death,62,40,3,4,155.0,17.5
M Manhas,2012,Middle,58,56,7,0,103.57,12.5
M Manhas,2013,Death,4,7,0,0,57.14,0.0
M Manhas,2013,Middle,9,10,1,0,90.0,10.0
M Manhas,2014,Death,25,13,2,1,192.31,23.08
M Manhas,2014,Middle,10,10,1,0,100.0,10.0
M Markande,2018,Death,18,17,2,0,105.88,11.76
M Markande,2018,Middle,3,7,0,0,42.86,0.0
M Markande,2019,Death,6,5,1,0,120.0,20.0
M Markande,2023,Death,21,13,2,1,161.54,23.08
M Morkel,2009,Middle,8,8,1,0,100.0,12.5
M Morkel,2010,Death,9,16,1,0,56.25,6.25
M Morkel,2011,Death,36,22,2,2,163.64,18.18
M Morkel,2011,Middle,0,2,0,0,0.0,0.0
M Morkel,2012,Death,3,5,0,0,60.0,0.0
M Morkel,2013,Death,55,25,6,3,220.0,36.0
M Morkel,2013,Middle,2,4,0,0,50.0,0.0
M Morkel,2014,Death,4,3,0,0,133.33,0.0
M Morkel,2015,Death,4,3,0,0,133.33,0.0
M Morkel,2016,Death,1,1,0,0,100.0,0.0
M Muralitharan,2008,Death,0,3,0,0,0.0,0.0
M Muralitharan,2009,Death,8,8,1,0,100.0,12.5
M Muralitharan,2010,Death,1,2,0,0,50.0,0.0
M Muralitharan,2011,Death,5,7,0,0,71.43,0.0
M Muralitharan,2012,Death,6,9,0,0,66.67,0.0
M Ntini,2008,Death,11,18,2,0,61.11,11.11
M Prasidh Krishna,2018,Death,1,5,0,0,20.0,0.0
M Prasidh Krishna,2019,Death,0,2,0,0,0.0,0.0
M Prasidh Krishna,2020,Death,2,4,0,0,50.0,0.0
M Prasidh Krishna,2021,Death,0,1,0,0,0.0,0.0
M Prasidh Krishna,2022,Death,6,12,0,0,50.0,0.0
M Prasidh Krishna,2026,Death,6,7,1,0,85.71,14.29
M Rawat,2008,Death,20,20,3,0,100.0,15.0
M Rawat,2008,Middle,14,17,0,1,82.35,5.88
M Rawat,2008,Powerplay,0,2,0,0,0.0,0.0
M Rawat,2009,Death,12,12,1,0,100.0,8.33
M Rawat,2009,Middle,4,7,0,0,57.14,0.0
M Rawat,2013,Death,3,5,0,0,60.0,0.0
M Rawat,2013,Middle,2,6,0,0,33.33,0.0
M Shahrukh Khan,2021,Death,78,48,7,4,162.5,22.92
M Shahrukh Khan,2021,Middle,75,61,2,6,122.95,13.11
M Shahrukh Khan,2021,Powerplay,0,5,0,0,0.0,0.0
M Shahrukh Khan,2022,Death,30,18,1,3,166.67,22.22
M Shahrukh Khan,2022,Middle,72,83,2,5,86.75,8.43
M Shahrukh Khan,2022,Powerplay,15,7,1,1,214.29,28.57
M Shahrukh Khan,2023,Death,129,74,12,6,174.32,24.32
M Shahrukh Khan,2023,Middle,27,20,1,3,135.0,20.0
M Shahrukh Khan,2024,Death,22,12,1,2,183.33,25.0
M Shahrukh Khan,2024,Middle,97,58,7,7,167.24,24.14
M Shahrukh Khan,2024,Powerplay,8,5,1,0,160.0,20.0
M Shahrukh Khan,2025,Death,64,34,2,5,188.24,20.59
M Shahrukh Khan,2025,Middle,115,62,9,8,185.48,27.42
M Shahrukh Khan,2025,Powerplay,0,4,0,0,0.0,0.0
M Shahrukh Khan,2026,Death,6,7,0,0,85.71,0.0
M Shahrukh Khan,2026,Middle,37,26,3,2,142.31,19.23
M Theekshana,2022,Death,7,4,0,1,175.0,25.0
M Theekshana,2022,Middle,0,3,0,0,0.0,0.0
M Theekshana,2025,Death,7,17,0,0,41.18,0.0
M Theekshana,2025,Middle,3,10,0,0,30.0,0.0
M Tiwari,2025,Middle,3,4,0,0,75.0,0.0
M Tiwari,2026,Death,18,8,2,1,225.0,37.5
M Vijay,2009,Middle,16,18,0,1,88.89,5.56
M Vijay,2009,Powerplay,44,49,4,1,89.8,10.2
M Vijay,2010,Death,45,19,4,3,236.84,36.84
M Vijay,2010,Middle,172,106,9,12,162.26,19.81
M Vijay,2010,Powerplay,241,167,23,11,144.31,20.36
M Vijay,2011,Death,2,4,0,0,50.0,0.0
M Vijay,2011,Middle,210,125,12,13,168.0,20.0
M Vijay,2011,Powerplay,222,210,22,7,105.71,13.81
M Vijay,2012,Death,14,8,2,0,175.0,25.0
M Vijay,2012,Middle,126,91,11,5,138.46,17.58
M Vijay,2012,Powerplay,196,166,26,5,118.07,18.67
M Vijay,2013,Death,8,6,1,0,133.33,16.67
M Vijay,2013,Middle,81,85,5,1,95.29,7.06
M Vijay,2013,Powerplay,223,195,21,7,114.36,14.36
M Vijay,2014,Middle,105,66,10,4,159.09,21.21
M Vijay,2014,Powerplay,102,127,10,1,80.31,8.66
M Vijay,2015,Middle,48,47,3,1,102.13,8.51
M Vijay,2015,Powerplay,203,181,24,7,112.15,17.13
M Vijay,2016,Death,5,7,0,0,71.43,0.0
M Vijay,2016,Middle,185,153,13,5,120.92,11.76
M Vijay,2016,Powerplay,263,204,37,5,128.92,20.59
M Vijay,2018,Powerplay,12,10,0,1,120.0,10.0
M Vijay,2019,Middle,26,34,1,0,76.47,2.94
M Vijay,2019,Powerplay,38,27,5,1,140.74,22.22
M Vijay,2020,Middle,2,4,0,0,50.0,0.0
M Vijay,2020,Powerplay,30,39,4,0,76.92,10.26
M Vohra,2013,Death,20,9,3,1,222.22,44.44
M Vohra,2013,Middle,76,60,8,1,126.67,15.0
M Vohra,2013,Powerplay,65,48,11,0,135.42,22.92
M Vohra,2014,Death,0,2,0,0,0.0,0.0
M Vohra,2014,Middle,114,92,8,4,123.91,13.04
M Vohra,2014,Powerplay,210,138,19,12,152.17,22.46
M Vohra,2015,Middle,22,21,0,2,104.76,9.52
M Vohra,2015,Powerplay,60,60,4,3,100.0,11.67
M Vohra,2016,Middle,60,39,6,2,153.85,20.51
M Vohra,2016,Powerplay,101,92,13,1,109.78,15.22
M Vohra,2017,Death,16,7,1,1,228.57,28.57
M Vohra,2017,Middle,72,46,5,4,156.52,19.57
M Vohra,2017,Powerplay,141,106,17,4,133.02,19.81
M Vohra,2018,Middle,12,12,0,1,100.0,8.33
M Vohra,2018,Powerplay,43,35,2,3,122.86,14.29
M Vohra,2021,Powerplay,42,39,5,2,107.69,17.95
M Vohra,2022,Powerplay,19,11,1,2,172.73,27.27
M Vohra,2023,Powerplay,10,11,1,0,90.91,9.09
M de Lange,2014,Death,1,2,0,0,50.0,0.0
MA Agarwal,2011,Middle,42,37,2,2,113.51,10.81
MA Agarwal,2011,Powerplay,95,80,14,2,118.75,20.0
MA Agarwal,2012,Death,50,18,4,4,277.78,44.44
MA Agarwal,2012,Middle,77,64,7,3,120.31,15.62
MA Agarwal,2012,Powerplay,98,75,8,8,130.67,21.33
MA Agarwal,2013,Death,3,3,0,0,100.0,0.0
MA Agarwal,2013,Middle,15,12,0,1,125.0,8.33
MA Agarwal,2013,Powerplay,49,47,6,2,104.26,17.02
MA Agarwal,2014,Death,6,2,0,1,300.0,50.0
MA Agarwal,2014,Middle,25,20,2,1,125.0,15.0
MA Agarwal,2014,Powerplay,84,69,10,1,121.74,15.94
MA Agarwal,2015,Death,12,8,2,0,150.0,25.0
MA Agarwal,2015,Middle,83,65,7,2,127.69,13.85
MA Agarwal,2015,Powerplay,118,103,14,5,114.56,18.45
MA Agarwal,2016,Powerplay,27,25,3,1,108.0,16.0
MA Agarwal,2017,Powerplay,26,27,3,0,96.3,11.11
MA Agarwal,2018,Death,11,7,0,1,157.14,14.29
MA Agarwal,2018,Middle,66,54,3,3,122.22,11.11
MA Agarwal,2018,Powerplay,43,33,6,1,130.3,21.21
MA Agarwal,2019,Death,12,5,1,1,240.0,40.0
MA Agarwal,2019,Middle,234,150,16,11,156.0,18.0
MA Agarwal,2019,Powerplay,86,79,9,2,108.86,13.92
MA Agarwal,2020,Death,55,23,6,3,239.13,39.13
MA Agarwal,2020,Middle,162,95,13,7,170.53,21.05
MA Agarwal,2020,Powerplay,215,155,27,5,138.71,20.65
MA Agarwal,2021,Death,38,17,4,2,223.53,35.29
MA Agarwal,2021,Middle,207,134,17,10,154.48,20.15
MA Agarwal,2021,Powerplay,186,158,19,6,117.72,15.82
MA Agarwal,2022,Middle,51,49,5,1,104.08,12.24
MA Agarwal,2022,Powerplay,145,111,18,5,130.63,20.72
MA Agarwal,2023,Death,1,2,0,0,50.0,0.0
MA Agarwal,2023,Middle,123,92,8,4,133.7,13.04
MA Agarwal,2023,Powerplay,142,114,20,2,124.56,19.3
MA Agarwal,2024,Middle,5,5,1,0,100.0,20.0
MA Agarwal,2024,Powerplay,59,52,7,1,113.46,15.38
MA Agarwal,2025,Death,4,4,0,0,100.0,0.0
MA Agarwal,2025,Middle,62,37,7,1,167.57,21.62
MA Agarwal,2025,Powerplay,29,23,3,1,126.09,17.39
MA Khote,2008,Death,12,13,2,0,92.31,15.38
MA Khote,2008,Middle,12,9,0,1,133.33,11.11
MA Starc,2014,Death,44,43,5,0,102.33,11.63
MA Starc,2014,Middle,41,41,4,0,100.0,9.76
MA Starc,2015,Death,11,14,1,0,78.57,7.14
MA Starc,2024,Death,7,9,1,0,77.78,11.11
MA Starc,2024,Middle,2,2,0,0,100.0,0.0
MA Starc,2025,Death,6,10,0,0,60.0,0.0
MA Starc,2026,Death,0,2,0,0,0.0,0.0
MA Wood,2018,Death,0,2,0,0,0.0,0.0
MA Wood,2018,Middle,1,1,0,0,100.0,0.0
MA Wood,2023,Death,11,5,1,1,220.0,40.0
MC Henriques,2009,Death,25,12,2,1,208.33,25.0
MC Henriques,2009,Middle,13,28,0,0,46.43,0.0
MC Henriques,2010,Death,0,1,0,0,0.0,0.0
MC Henriques,2010,Middle,11,4,2,0,275.0,50.0
MC Henriques,2013,Death,76,42,11,2,180.95,30.95
MC Henriques,2013,Middle,86,79,9,1,108.86,12.66
MC Henriques,2013,Powerplay,3,3,0,0,100.0,0.0
MC Henriques,2014,Death,0,2,0,0,0.0,0.0
MC Henriques,2014,Middle,9,12,1,0,75.0,8.33
MC Henriques,2015,Death,54,32,2,3,168.75,15.62
MC Henriques,2015,Middle,180,137,12,8,131.39,14.6
MC Henriques,2015,Powerplay,49,41,4,2,119.51,14.63
MC Henriques,2016,Death,54,33,4,3,163.64,21.21
MC Henriques,2016,Middle,86,77,7,2,111.69,11.69
MC Henriques,2016,Powerplay,42,47,4,1,89.36,10.64
MC Henriques,2017,Death,69,34,8,2,202.94,29.41
MC Henriques,2017,Middle,145,121,12,2,119.83,11.57
MC Henriques,2017,Powerplay,63,48,8,0,131.25,16.67
MC Henriques,2021,Death,12,9,0,1,133.33,11.11
MC Henriques,2021,Middle,19,23,0,0,82.61,0.0
MC Juneja,2013,Death,5,9,0,0,55.56,0.0
MC Juneja,2013,Middle,100,101,8,1,99.01,8.91
MC Juneja,2013,Powerplay,20,18,3,0,111.11,16.67
MD Choudhary,2026,Death,98,58,3,10,168.97,22.41
MD Choudhary,2026,Middle,72,62,8,2,116.13,16.13
MD Mishra,2010,Middle,57,44,4,3,129.55,15.91
MD Mishra,2010,Powerplay,107,98,14,3,109.18,17.35
MD Mishra,2011,Death,23,15,1,2,153.33,20.0
MD Mishra,2011,Middle,27,24,2,0,112.5,8.33
MD Mishra,2011,Powerplay,17,21,2,0,80.95,9.52
MD Mishra,2012,Powerplay,4,4,1,0,100.0,25.0
MD Shanaka,2023,Death,9,7,1,0,128.57,14.29
MD Shanaka,2023,Middle,17,18,1,1,94.44,11.11
MD Shanaka,2023,Powerplay,0,1,0,0,0.0,0.0
MD Shanaka,2026,Death,10,10,0,1,100.0,10.0
MD Shanaka,2026,Middle,53,36,3,3,147.22,16.67
MDKJ Perera,2013,Powerplay,14,13,3,0,107.69,23.08
MEK Hussey,2008,Death,52,20,4,4,260.0,40.0
MEK Hussey,2008,Middle,92,56,3,7,164.29,17.86
MEK Hussey,2008,Powerplay,24,24,5,0,100.0,20.83
MEK Hussey,2010,Death,11,11,0,0,100.0,0.0
MEK Hussey,2010,Middle,22,29,2,0,75.86,6.9
MEK Hussey,2010,Powerplay,4,4,0,0,100.0,0.0
MEK Hussey,2011,Death,45,24,7,0,187.5,29.17
MEK Hussey,2011,Middle,257,200,23,3,128.5,13.0
MEK Hussey,2011,Powerplay,190,189,23,3,100.53,13.76
MEK Hussey,2012,Death,1,2,0,0,50.0,0.0
MEK Hussey,2012,Middle,115,91,13,3,126.37,17.58
MEK Hussey,2012,Powerplay,145,143,15,5,101.4,13.99
MEK Hussey,2013,Death,54,28,6,3,192.86,32.14
MEK Hussey,2013,Middle,371,275,31,10,134.91,14.91
MEK Hussey,2013,Powerplay,307,262,44,4,117.18,18.32
MEK Hussey,2014,Middle,83,75,2,4,110.67,8.0
MEK Hussey,2014,Powerplay,126,107,15,3,117.76,16.82
MEK Hussey,2015,Death,1,2,0,0,50.0,0.0
MEK Hussey,2015,Middle,44,31,2,2,141.94,12.9
MEK Hussey,2015,Powerplay,32,37,3,1,86.49,10.81
MF Maharoof,2008,Death,106,51,9,7,207.84,31.37
MF Maharoof,2008,Middle,19,28,1,0,67.86,3.57
MF Maharoof,2009,Death,18,19,0,0,94.74,0.0
MF Maharoof,2009,Middle,3,2,0,0,150.0,0.0
MF Maharoof,2010,Death,3,4,0,0,75.0,0.0
MF Maharoof,2010,Middle,28,19,2,2,147.37,21.05
MG Bracewell,2023,Death,11,11,0,0,100.0,0.0
MG Bracewell,2023,Middle,45,34,6,1,132.35,20.59
MG Bracewell,2023,Powerplay,2,2,0,0,100.0,0.0
MG Johnson,2013,Death,27,27,0,2,100.0,7.41
MG Johnson,2013,Middle,12,9,2,0,133.33,22.22
MG Johnson,2014,Death,56,50,4,3,112.0,14.0
MG Johnson,2015,Death,29,30,1,1,96.67,6.67
MG Johnson,2015,Middle,2,6,0,0,33.33,0.0
MG Johnson,2016,Death,3,9,0,0,33.33,0.0
MG Johnson,2016,Middle,2,5,0,0,40.0,0.0
MG Johnson,2017,Death,18,11,1,1,163.64,18.18
MG Johnson,2017,Middle,2,6,0,0,33.33,0.0
MG Johnson,2018,Death,15,10,2,0,150.0,20.0
MJ Clarke,2012,Middle,22,30,1,0,73.33,3.33
MJ Clarke,2012,Powerplay,76,64,11,0,118.75,17.19
MJ Guptill,2016,Middle,34,26,2,2,130.77,15.38
MJ Guptill,2016,Powerplay,23,29,1,1,79.31,6.9
MJ Guptill,2017,Middle,16,9,0,2,177.78,22.22
MJ Guptill,2017,Powerplay,110,78,17,2,141.03,24.36
MJ Guptill,2019,Middle,2,5,0,0,40.0,0.0
MJ Guptill,2019,Powerplay,80,49,4,7,163.27,22.45
MJ Henry,2026,Death,2,3,0,0,66.67,0.0
MJ Henry,2026,Middle,5,7,1,0,71.43,14.29
MJ Lumb,2010,Middle,53,40,8,1,132.5,22.5
MJ Lumb,2010,Powerplay,225,149,37,5,151.01,28.19
MJ Lumb,2011,Powerplay,0,2,0,0,0.0,0.0
MJ McClenaghan,2015,Death,13,6,0,2,216.67,33.33
MJ McClenaghan,2016,Death,6,6,1,0,100.0,16.67
MJ McClenaghan,2016,Middle,28,17,1,3,164.71,23.53
MJ McClenaghan,2017,Death,14,11,0,1,127.27,9.09
MJ McClenaghan,2017,Middle,2,3,0,0,66.67,0.0
MJ McClenaghan,2017,Powerplay,0,1,0,0,0.0,0.0
MJ McClenaghan,2018,Death,10,7,1,1,142.86,28.57
MJ McClenaghan,2018,Middle,0,2,0,0,0.0,0.0
MJ McClenaghan,2019,Death,11,16,2,0,68.75,12.5
MJ Owen,2025,Powerplay,0,2,0,0,0.0,0.0
MJ Santner,2019,Death,18,8,0,2,225.0,25.0
MJ Santner,2019,Middle,13,14,0,1,92.86,7.14
MJ Santner,2022,Death,2,3,0,0,66.67,0.0
MJ Santner,2022,Powerplay,20,24,3,0,83.33,12.5
MJ Santner,2023,Death,2,4,0,0,50.0,0.0
MJ Santner,2024,Death,0,2,0,0,0.0,0.0
MJ Santner,2024,Middle,14,15,1,0,93.33,6.67
MJ Santner,2025,Death,35,25,2,3,140.0,20.0
MJ Santner,2025,Middle,5,8,0,0,62.5,0.0
MJ Santner,2026,Death,24,16,3,0,150.0,18.75
MJ Santner,2026,Middle,2,3,0,0,66.67,0.0
MJ Suthar,2024,Death,1,2,0,0,50.0,0.0
MK Lomror,2018,Death,14,15,1,0,93.33,6.67
MK Lomror,2018,Middle,6,6,0,0,100.0,0.0
MK Lomror,2019,Powerplay,8,3,2,0,266.67,66.67
MK Lomror,2020,Death,7,3,0,1,233.33,33.33
MK Lomror,2020,Middle,41,37,1,2,110.81,8.11
MK Lomror,2020,Powerplay,11,14,1,0,78.57,7.14
MK Lomror,2021,Death,12,13,0,0,92.31,0.0
MK Lomror,2021,Middle,79,52,3,6,151.92,17.31
MK Lomror,2021,Powerplay,3,8,0,0,37.5,0.0
MK Lomror,2022,Death,36,21,3,2,171.43,23.81
MK Lomror,2022,Middle,44,33,4,1,133.33,15.15
MK Lomror,2022,Powerplay,6,3,0,1,200.0,33.33
MK Lomror,2023,Death,30,26,5,0,115.38,19.23
MK Lomror,2023,Middle,101,60,4,8,168.33,20.0
MK Lomror,2023,Powerplay,3,10,0,0,30.0,0.0
MK Lomror,2024,Death,52,31,5,3,167.74,25.81
MK Lomror,2024,Middle,73,37,4,6,197.3,27.03
MK Pandey,2008,Death,3,6,0,0,50.0,0.0
MK Pandey,2008,Powerplay,0,3,0,0,0.0,0.0
MK Pandey,2009,Death,19,13,0,1,146.15,7.69
MK Pandey,2009,Middle,100,66,9,3,151.52,18.18
MK Pandey,2009,Powerplay,48,38,8,0,126.32,21.05
MK Pandey,2010,Middle,71,68,4,4,104.41,11.76
MK Pandey,2010,Powerplay,177,157,23,3,112.74,16.56
MK Pandey,2011,Death,18,9,0,2,200.0,22.22
MK Pandey,2011,Middle,121,116,10,4,104.31,12.07
MK Pandey,2011,Powerplay,107,102,18,0,104.9,17.65
MK Pandey,2012,Death,29,16,3,1,181.25,25.0
MK Pandey,2012,Middle,41,35,2,2,117.14,11.43
MK Pandey,2012,Powerplay,68,59,6,3,115.25,15.25
MK Pandey,2013,Death,42,25,7,0,168.0,28.0
MK Pandey,2013,Middle,72,72,3,3,100.0,8.33
MK Pandey,2013,Powerplay,22,40,1,0,55.0,2.5
MK Pandey,2014,Death,42,24,3,3,175.0,25.0
MK Pandey,2014,Middle,246,204,19,6,120.59,12.25
MK Pandey,2014,Powerplay,121,115,13,2,105.22,13.04
MK Pandey,2015,Death,0,1,0,0,0.0,0.0
MK Pandey,2015,Middle,134,109,9,5,122.94,12.84
MK Pandey,2015,Powerplay,91,74,13,2,122.97,20.27
MK Pandey,2016,Death,11,11,1,0,100.0,9.09
MK Pandey,2016,Middle,195,136,10,9,143.38,13.97
MK Pandey,2016,Powerplay,42,36,6,0,116.67,16.67
MK Pandey,2017,Death,87,51,4,6,170.59,19.61
MK Pandey,2017,Middle,276,228,19,6,121.05,10.96
MK Pandey,2017,Powerplay,28,27,4,0,103.7,14.81
MK Pandey,2018,Death,91,69,6,3,131.88,13.04
MK Pandey,2018,Middle,166,142,12,2,116.9,9.86
MK Pandey,2018,Powerplay,27,35,4,0,77.14,11.43
MK Pandey,2019,Death,60,34,5,2,176.47,20.59
MK Pandey,2019,Middle,211,184,18,2,114.67,10.87
MK Pandey,2019,Powerplay,74,46,11,2,160.87,28.26
MK Pandey,2020,Death,58,37,5,3,156.76,21.62
MK Pandey,2020,Middle,186,180,6,8,103.33,7.78
MK Pandey,2020,Powerplay,181,116,24,7,156.03,26.72
MK Pandey,2021,Death,38,26,3,1,146.15,15.38
MK Pandey,2021,Middle,171,136,11,5,125.74,11.76
MK Pandey,2021,Powerplay,77,73,7,3,105.48,13.7
MK Pandey,2022,Middle,57,46,5,1,123.91,13.04
MK Pandey,2022,Powerplay,31,34,4,1,91.18,14.71
MK Pandey,2023,Death,4,5,0,0,80.0,0.0
MK Pandey,2023,Middle,118,105,9,3,112.38,11.43
MK Pandey,2023,Powerplay,37,35,6,0,105.71,17.14
MK Pandey,2024,Death,6,2,0,1,300.0,50.0
MK Pandey,2024,Middle,36,28,2,1,128.57,10.71
MK Pandey,2025,Death,18,12,1,1,150.0,16.67
MK Pandey,2025,Middle,74,53,4,4,139.62,15.09
MK Pandey,2026,Middle,41,29,4,1,141.38,17.24
MK Pandey,2026,Powerplay,29,20,4,1,145.0,25.0
MK Tiwary,2008,Death,30,17,5,0,176.47,29.41
MK Tiwary,2008,Middle,60,56,8,0,107.14,14.29
MK Tiwary,2008,Powerplay,14,12,3,0,116.67,25.0
MK Tiwary,2009,Death,8,9,1,0,88.89,11.11
MK Tiwary,2009,Middle,1,4,0,0,25.0,0.0
MK Tiwary,2010,Death,57,28,5,3,203.57,28.57
MK Tiwary,2010,Middle,120,113,9,0,106.19,7.96
MK Tiwary,2010,Powerplay,59,44,9,2,134.09,25.0
MK Tiwary,2011,Death,56,42,2,3,133.33,11.9
MK Tiwary,2011,Middle,233,222,18,8,104.95,11.71
MK Tiwary,2011,Powerplay,65,58,5,3,112.07,13.79
MK Tiwary,2012,Death,68,51,7,0,133.33,13.73
MK Tiwary,2012,Middle,169,152,13,3,111.18,10.53
MK Tiwary,2012,Powerplay,23,43,1,0,53.49,2.33
MK Tiwary,2013,Death,37,29,3,0,127.59,10.34
MK Tiwary,2013,Middle,95,99,8,1,95.96,9.09
MK Tiwary,2013,Powerplay,14,12,1,0,116.67,8.33
MK Tiwary,2014,Death,71,43,8,2,165.12,23.26
MK Tiwary,2014,Middle,80,70,6,2,114.29,11.43
MK Tiwary,2014,Powerplay,1,5,0,0,20.0,0.0
MK Tiwary,2015,Middle,36,32,4,1,112.5,15.62
MK Tiwary,2015,Powerplay,21,24,4,0,87.5,16.67
MK Tiwary,2017,Death,165,103,17,7,160.19,23.3
MK Tiwary,2017,Middle,137,112,11,4,122.32,13.39
MK Tiwary,2017,Powerplay,18,20,2,0,90.0,10.0
MK Tiwary,2018,Death,4,1,1,0,400.0,100.0
MK Tiwary,2018,Middle,35,32,3,1,109.38,12.5
MK Tiwary,2018,Powerplay,8,11,0,0,72.73,0.0
ML Hayden,2008,Death,22,13,4,0,169.23,30.77
ML Hayden,2008,Middle,85,52,6,4,163.46,19.23
ML Hayden,2008,Powerplay,72,62,12,2,116.13,22.58
ML Hayden,2009,Death,40,20,1,4,200.0,25.0
ML Hayden,2009,Middle,247,183,21,9,134.97,16.39
ML Hayden,2009,Powerplay,284,190,38,9,149.47,24.74
ML Hayden,2010,Middle,109,74,7,7,147.3,18.92
ML Hayden,2010,Powerplay,237,205,30,9,115.61,19.02
MM Ali,2018,Middle,74,39,4,6,189.74,25.64
MM Ali,2018,Powerplay,3,7,0,0,42.86,0.0
MM Ali,2019,Death,48,30,7,1,160.0,26.67
MM Ali,2019,Middle,148,80,8,14,185.0,27.5
MM Ali,2019,Powerplay,24,23,1,2,104.35,13.04
MM Ali,2020,Death,1,2,0,0,50.0,0.0
MM Ali,2020,Middle,11,14,1,0,78.57,7.14
MM Ali,2021,Death,55,26,4,4,211.54,30.77
MM Ali,2021,Middle,252,179,20,13,140.78,18.44
MM Ali,2021,Powerplay,50,55,7,2,90.91,16.36
MM Ali,2022,Death,32,23,4,1,139.13,21.74
MM Ali,2022,Middle,101,87,7,3,116.09,11.49
MM Ali,2022,Powerplay,111,67,13,7,165.67,29.85
MM Ali,2023,Death,32,18,1,3,177.78,22.22
MM Ali,2023,Middle,67,54,7,2,124.07,16.67
MM Ali,2023,Powerplay,23,16,4,1,143.75,31.25
MM Ali,2024,Death,33,14,1,4,235.71,35.71
MM Ali,2024,Middle,77,72,3,4,106.94,9.72
MM Ali,2024,Powerplay,18,12,3,0,150.0,25.0
MM Ali,2025,Death,0,2,0,0,0.0,0.0
MM Ali,2025,Middle,1,1,0,0,100.0,0.0
MM Ali,2025,Powerplay,4,11,0,0,36.36,0.0
MM Patel,2008,Middle,0,1,0,0,0.0,0.0
MM Patel,2009,Death,33,24,5,0,137.5,20.83
MM Patel,2009,Middle,0,2,0,0,0.0,0.0
MM Patel,2010,Death,4,5,0,0,80.0,0.0
MM Patel,2011,Middle,0,1,0,0,0.0,0.0
MM Patel,2012,Death,2,7,0,0,28.57,0.0
MM Patel,2017,Death,0,1,0,0,0.0,0.0
MM Sharma,2013,Death,0,2,0,0,0.0,0.0
MM Sharma,2013,Middle,0,3,0,0,0.0,0.0
MM Sharma,2014,Death,1,3,0,0,33.33,0.0
MM Sharma,2015,Death,28,18,1,2,155.56,16.67
MM Sharma,2016,Death,7,9,0,0,77.78,0.0
MM Sharma,2016,Middle,25,17,3,1,147.06,23.53
MM Sharma,2017,Death,30,29,3,0,103.45,10.34
MM Sharma,2017,Middle,21,21,1,1,100.0,9.52
MM Sharma,2018,Death,7,8,1,0,87.5,12.5
MM Sharma,2018,Middle,3,5,0,0,60.0,0.0
MM Sharma,2019,Death,0,2,0,0,0.0,0.0
MM Sharma,2023,Death,0,1,0,0,0.0,0.0
MM Sharma,2024,Death,0,1,0,0,0.0,0.0
MM Sharma,2024,Middle,2,14,0,0,14.29,0.0
MM Sharma,2025,Death,1,3,0,0,33.33,0.0
MN Samuels,2012,Death,19,12,1,1,158.33,16.67
MN Samuels,2012,Middle,97,92,5,4,105.43,9.78
MN Samuels,2012,Powerplay,8,19,1,0,42.11,5.26
MN Samuels,2013,Middle,7,14,1,0,50.0,7.14
MN Samuels,2013,Powerplay,1,4,0,0,25.0,0.0
MN Samuels,2017,Middle,29,29,1,2,100.0,10.34
MN Samuels,2017,Powerplay,0,2,0,0,0.0,0.0
MN van Wyk,2009,Death,54,35,5,1,154.29,17.14
MN van Wyk,2009,Middle,81,71,8,0,114.08,11.27
MN van Wyk,2009,Powerplay,28,25,5,0,112.0,20.0
MP Breetzke,2025,Powerplay,14,12,1,1,116.67,16.67
MP Stoinis,2016,Death,43,23,5,1,186.96,26.09
MP Stoinis,2016,Middle,65,50,4,2,130.0,12.0
MP Stoinis,2016,Powerplay,38,35,4,1,108.57,14.29
MP Stoinis,2017,Death,5,9,0,0,55.56,0.0
MP Stoinis,2017,Middle,8,10,0,0,80.0,0.0
MP Stoinis,2017,Powerplay,4,5,1,0,80.0,20.0
MP Stoinis,2018,Death,63,43,5,2,146.51,16.28
MP Stoinis,2018,Middle,34,31,1,2,109.68,9.68
MP Stoinis,2018,Powerplay,1,1,0,0,100.0,0.0
MP Stoinis,2019,Death,132,76,13,5,173.68,23.68
MP Stoinis,2019,Middle,79,79,1,5,100.0,7.59
MP Stoinis,2019,Powerplay,0,1,0,0,0.0,0.0
MP Stoinis,2020,Death,98,55,10,4,178.18,25.45
MP Stoinis,2020,Middle,197,135,12,11,145.93,17.04
MP Stoinis,2020,Powerplay,56,45,9,1,124.44,22.22
MP Stoinis,2021,Death,43,21,7,1,204.76,38.1
MP Stoinis,2021,Middle,43,44,4,0,97.73,9.09
MP Stoinis,2021,Powerplay,3,6,0,0,50.0,0.0
MP Stoinis,2022,Death,111,62,6,10,179.03,25.81
MP Stoinis,2022,Middle,45,44,1,3,102.27,9.09
MP Stoinis,2023,Death,75,35,6,6,214.29,34.29
MP Stoinis,2023,Middle,284,206,15,19,137.86,16.5
MP Stoinis,2023,Powerplay,49,31,7,2,158.06,29.03
MP Stoinis,2024,Death,44,25,5,2,176.0,28.0
MP Stoinis,2024,Middle,206,139,13,11,148.2,17.27
MP Stoinis,2024,Powerplay,130,97,19,3,134.02,22.68
MP Stoinis,2025,Death,100,34,5,10,294.12,44.12
MP Stoinis,2025,Middle,45,32,2,4,140.62,18.75
MP Stoinis,2025,Powerplay,15,19,1,1,78.95,10.53
MP Stoinis,2026,Death,106,45,12,7,235.56,42.22
MP Stoinis,2026,Middle,88,65,9,2,135.38,16.92
MP Stoinis,2026,Powerplay,18,9,1,2,200.0,33.33
MP Yadav,2026,Death,5,5,1,0,100.0,20.0
MR Marsh,2010,Death,10,6,0,1,166.67,16.67
MR Marsh,2010,Middle,18,24,1,0,75.0,4.17
MR Marsh,2011,Death,32,24,2,2,133.33,16.67
MR Marsh,2011,Middle,18,25,0,1,72.0,4.0
MR Marsh,2013,Death,49,30,3,4,163.33,23.33
MR Marsh,2013,Middle,91,76,3,6,119.74,11.84
MR Marsh,2016,Death,7,11,0,0,63.64,0.0
MR Marsh,2020,Death,0,1,0,0,0.0,0.0
MR Marsh,2022,Death,27,16,4,1,168.75,31.25
MR Marsh,2022,Middle,109,88,7,5,123.86,13.64
MR Marsh,2022,Powerplay,115,85,8,8,135.29,18.82
MR Marsh,2023,Middle,63,49,3,4,128.57,14.29
MR Marsh,2023,Powerplay,65,48,8,3,135.42,22.92
MR Marsh,2024,Middle,18,12,2,1,150.0,25.0
MR Marsh,2024,Powerplay,43,26,7,2,165.38,34.62
MR Marsh,2025,Death,23,11,1,2,209.09,27.27
MR Marsh,2025,Middle,309,182,29,16,169.78,24.73
MR Marsh,2025,Powerplay,295,188,26,19,156.91,23.94
MR Marsh,2026,Death,19,14,2,1,135.71,21.43
MR Marsh,2026,Middle,219,142,16,13,154.23,20.42
MR Marsh,2026,Powerplay,317,187,31,22,169.52,28.34
MS Bhandage,2025,Middle,1,4,0,0,25.0,0.0
MS Bisla,2010,Death,7,9,1,0,77.78,11.11
MS Bisla,2010,Middle,61,51,3,2,119.61,9.8
MS Bisla,2010,Powerplay,146,117,22,4,124.79,22.22
MS Bisla,2011,Middle,12,20,0,0,60.0,0.0
MS Bisla,2011,Powerplay,60,69,8,0,86.96,11.59
MS Bisla,2012,Middle,138,110,7,7,125.45,12.73
MS Bisla,2012,Powerplay,75,50,9,3,150.0,24.0
MS Bisla,2013,Death,33,16,5,1,206.25,37.5
MS Bisla,2013,Middle,69,61,6,2,113.11,13.11
MS Bisla,2013,Powerplay,153,158,25,3,96.84,17.72
MS Bisla,2014,Powerplay,3,9,0,0,33.33,0.0
MS Bisla,2015,Powerplay,37,30,6,1,123.33,23.33
MS Dhoni,2008,Death,162,83,16,8,195.18,28.92
MS Dhoni,2008,Middle,252,226,22,7,111.5,12.83
MS Dhoni,2008,Powerplay,0,1,0,0,0.0,0.0
MS Dhoni,2009,Death,109,62,12,2,175.81,22.58
MS Dhoni,2009,Middle,219,197,9,7,111.17,8.12
MS Dhoni,2009,Powerplay,4,2,1,0,200.0,50.0
MS Dhoni,2010,Death,80,33,9,4,242.42,39.39
MS Dhoni,2010,Middle,201,169,16,4,118.93,11.83
MS Dhoni,2010,Powerplay,6,8,1,0,75.0,12.5
MS Dhoni,2011,Death,211,95,13,17,222.11,31.58
MS Dhoni,2011,Middle,180,150,12,6,120.0,12.0
MS Dhoni,2012,Death,171,108,14,4,158.33,16.67
MS Dhoni,2012,Middle,180,162,11,5,111.11,9.88
MS Dhoni,2012,Powerplay,4,5,1,0,80.0,20.0
MS Dhoni,2013,Death,238,117,17,16,203.42,28.21
MS Dhoni,2013,Middle,214,160,14,9,133.75,14.37
MS Dhoni,2013,Powerplay,6,3,1,0,200.0,33.33
MS Dhoni,2014,Death,253,133,17,16,190.23,24.81
MS Dhoni,2014,Middle,118,114,5,4,103.51,7.89
MS Dhoni,2015,Death,179,105,12,13,170.48,23.81
MS Dhoni,2015,Middle,193,199,15,4,96.98,9.55
MS Dhoni,2015,Powerplay,0,1,0,0,0.0,0.0
MS Dhoni,2016,Death,168,87,13,10,193.1,26.44
MS Dhoni,2016,Middle,108,111,4,4,97.3,7.21
MS Dhoni,2016,Powerplay,8,12,1,0,66.67,8.33
MS Dhoni,2017,Death,134,78,8,9,171.79,21.79
MS Dhoni,2017,Middle,156,172,7,7,90.7,8.14
MS Dhoni,2018,Death,252,117,14,21,215.38,29.91
MS Dhoni,2018,Middle,196,173,9,9,113.29,10.4
MS Dhoni,2018,Powerplay,7,11,1,0,63.64,9.09
MS Dhoni,2019,Death,231,128,16,14,180.47,23.44
MS Dhoni,2019,Middle,166,170,5,7,97.65,7.06
MS Dhoni,2019,Powerplay,5,7,1,0,71.43,14.29
MS Dhoni,2020,Death,97,60,9,5,161.67,23.33
MS Dhoni,2020,Middle,93,100,5,2,93.0,7.0
MS Dhoni,2020,Powerplay,10,12,2,0,83.33,16.67
MS Dhoni,2021,Death,74,47,10,3,157.45,27.66
MS Dhoni,2021,Middle,37,55,2,0,67.27,3.64
MS Dhoni,2021,Powerplay,3,5,0,0,60.0,0.0
MS Dhoni,2022,Death,147,86,15,7,170.93,25.58
MS Dhoni,2022,Middle,72,95,5,2,75.79,7.37
MS Dhoni,2022,Powerplay,6,5,1,0,120.0,20.0
MS Dhoni,2023,Death,100,50,3,10,200.0,26.0
MS Dhoni,2023,Middle,2,4,0,0,50.0,0.0
MS Dhoni,2024,Death,154,68,13,13,226.47,38.24
MS Dhoni,2024,Middle,7,4,1,0,175.0,25.0
MS Dhoni,2025,Death,150,91,9,11,164.84,21.98
MS Dhoni,2025,Middle,46,54,3,1,85.19,7.41
MS Gony,2008,Death,35,20,2,3,175.0,25.0
MS Gony,2008,Middle,0,2,0,0,0.0,0.0
MS Gony,2009,Death,6,2,0,1,300.0,50.0
MS Gony,2009,Middle,7,5,0,1,140.0,20.0
MS Gony,2010,Death,2,6,0,0,33.33,0.0
MS Gony,2011,Death,0,2,0,0,0.0,0.0
MS Gony,2012,Middle,4,8,0,0,50.0,0.0
MS Gony,2013,Death,36,18,2,3,200.0,27.78
MS Gony,2013,Middle,9,7,2,0,128.57,28.57
MS Wade,2011,Middle,20,26,0,0,76.92,0.0
MS Wade,2011,Powerplay,2,7,0,0,28.57,0.0
MS Wade,2022,Middle,46,47,4,0,97.87,8.51
MS Wade,2022,Powerplay,111,91,19,2,121.98,23.08
MS Wade,2024,Middle,4,6,0,0,66.67,0.0
MV Boucher,2008,Death,73,45,5,4,162.22,20.0
MV Boucher,2008,Middle,130,108,16,2,120.37,16.67
MV Boucher,2008,Powerplay,22,24,3,0,91.67,12.5
MV Boucher,2009,Death,83,52,5,4,159.62,17.31
MV Boucher,2009,Middle,60,62,3,1,96.77,6.45
MV Boucher,2010,Death,11,7,0,1,157.14,14.29
MV Boucher,2010,Middle,2,3,0,0,66.67,0.0
MV Boucher,2011,Death,5,4,0,0,125.0,0.0
MV Boucher,2011,Middle,1,2,0,0,50.0,0.0
MW Short,2023,Middle,10,14,0,0,71.43,0.0
MW Short,2023,Powerplay,107,78,15,4,137.18,24.36
MW Short,2026,Middle,27,25,2,0,108.0,8.0
MW Short,2026,Powerplay,31,25,4,1,124.0,20.0
Mandeep Singh,2010,Powerplay,4,11,1,0,36.36,9.09
Mandeep Singh,2011,Death,33,26,3,1,126.92,15.38
Mandeep Singh,2011,Middle,14,15,1,0,93.33,6.67
Mandeep Singh,2012,Death,15,13,0,0,115.38,0.0
Mandeep Singh,2012,Middle,197,155,19,3,127.1,14.19
Mandeep Singh,2012,Powerplay,219,173,34,4,126.59,21.97
Mandeep Singh,2013,Death,15,11,1,0,136.36,9.09
Mandeep Singh,2013,Middle,68,58,6,0,117.24,10.34
Mandeep Singh,2013,Powerplay,177,154,29,0,114.94,18.83
Mandeep Singh,2014,Powerplay,24,25,2,0,96.0,8.0
Mandeep Singh,2015,Death,17,10,1,1,170.0,20.0
Mandeep Singh,2015,Middle,108,66,14,4,163.64,27.27
Mandeep Singh,2015,Powerplay,32,24,2,1,133.33,12.5
Mandeep Singh,2017,Death,0,1,0,0,0.0,0.0
Mandeep Singh,2017,Middle,88,94,4,2,93.62,6.38
Mandeep Singh,2017,Powerplay,100,82,17,2,121.95,23.17
Mandeep Singh,2018,Death,140,73,10,8,191.78,24.66
Mandeep Singh,2018,Middle,106,109,5,3,97.25,7.34
Mandeep Singh,2018,Powerplay,6,4,1,0,150.0,25.0
Mandeep Singh,2019,Death,94,61,8,2,154.1,16.39
Mandeep Singh,2019,Middle,71,59,2,2,120.34,6.78
Mandeep Singh,2020,Death,12,8,1,1,150.0,25.0
Mandeep Singh,2020,Middle,84,66,7,2,127.27,13.64
Mandeep Singh,2020,Powerplay,34,35,2,1,97.14,8.57
Mandeep Singh,2021,Powerplay,15,13,2,0,115.38,15.38
Mandeep Singh,2022,Powerplay,18,23,4,0,78.26,17.39
Mandeep Singh,2023,Middle,10,8,0,1,125.0,12.5
Mandeep Singh,2023,Powerplay,4,8,0,0,50.0,0.0
Mashrafe Mortaza,2009,Death,2,2,0,0,100.0,0.0
Mayank Dagar,2024,Death,0,1,0,0,0.0,0.0
Misbah-ul-Haq,2008,Death,40,15,2,4,266.67,40.0
Misbah-ul-Haq,2008,Middle,50,47,4,1,106.38,10.64
Misbah-ul-Haq,2008,Powerplay,27,19,4,1,142.11,26.32
Mohammad Ashraful,2009,Powerplay,2,10,0,0,20.0,0.0
Mohammad Asif,2008,Death,0,2,0,0,0.0,0.0
Mohammad Asif,2008,Middle,3,4,0,0,75.0,0.0
Mohammad Hafeez,2008,Death,5,4,1,0,125.0,25.0
Mohammad Hafeez,2008,Middle,31,43,2,1,72.09,6.98
Mohammad Hafeez,2008,Powerplay,28,36,4,1,77.78,13.89
Mohammad Nabi,2017,Death,2,3,0,0,66.67,0.0
Mohammad Nabi,2018,Death,4,2,1,0,200.0,50.0
Mohammad Nabi,2018,Middle,14,10,2,0,140.0,20.0
Mohammad Nabi,2019,Death,74,47,7,5,157.45,25.53
Mohammad Nabi,2019,Middle,35,28,1,1,125.0,7.14
Mohammad Nabi,2019,Powerplay,6,2,0,1,300.0,50.0
Mohammad Nabi,2020,Death,11,8,2,0,137.5,25.0
Mohammad Nabi,2021,Middle,34,20,3,2,170.0,25.0
Mohammad Nabi,2024,Death,12,14,0,1,85.71,7.14
Mohammad Nabi,2024,Middle,3,4,0,0,75.0,0.0
Mohammad Nabi,2024,Powerplay,20,13,2,1,153.85,23.08
Mohammed Shami,2013,Death,5,8,0,0,62.5,0.0
Mohammed Shami,2013,Middle,0,2,0,0,0.0,0.0
Mohammed Shami,2014,Death,2,4,0,0,50.0,0.0
Mohammed Shami,2014,Middle,1,3,0,0,33.33,0.0
Mohammed Shami,2016,Death,2,4,0,0,50.0,0.0
Mohammed Shami,2017,Death,28,19,4,1,147.37,26.32
Mohammed Shami,2017,Middle,8,5,0,1,160.0,20.0
Mohammed Shami,2018,Middle,7,6,1,0,116.67,16.67
Mohammed Shami,2019,Death,1,2,0,0,50.0,0.0
Mohammed Shami,2020,Death,2,2,0,0,100.0,0.0
Mohammed Shami,2020,Middle,0,1,0,0,0.0,0.0
Mohammed Shami,2021,Death,13,17,0,0,76.47,0.0
Mohammed Shami,2023,Death,5,6,1,0,83.33,16.67
Mohammed Shami,2025,Death,9,7,1,0,128.57,14.29
Mohammed Shami,2025,Middle,1,3,0,0,33.33,0.0
Mohammed Shami,2026,Death,24,16,2,2,150.0,25.0
Mohammed Shami,2026,Middle,7,6,0,1,116.67,16.67
Mohammed Siraj,2018,Death,20,15,1,1,133.33,13.33
Mohammed Siraj,2018,Middle,5,7,1,0,71.43,14.29
Mohammed Siraj,2019,Death,4,12,0,0,33.33,0.0
Mohammed Siraj,2020,Death,17,14,2,0,121.43,14.29
Mohammed Siraj,2021,Death,18,25,1,1,72.0,8.0
Mohammed Siraj,2021,Middle,2,1,0,0,200.0,0.0
Mohammed Siraj,2022,Death,28,28,5,0,100.0,17.86
Mohammed Siraj,2022,Middle,2,5,0,0,40.0,0.0
Mohammed Siraj,2023,Death,1,2,0,0,50.0,0.0
Mohammed Siraj,2024,Death,12,8,0,2,150.0,25.0
Mohammed Siraj,2025,Death,3,4,0,0,75.0,0.0
Mohammed Siraj,2026,Death,0,2,0,0,0.0,0.0
Mohammed Siraj,2026,Middle,5,14,1,0,35.71,7.14
Mohit Rathee,2023,Death,1,2,0,0,50.0,0.0
Mohsin Khan,2022,Death,22,13,2,1,169.23,23.08
Mohsin Khan,2022,Middle,1,3,0,0,33.33,0.0
Mohsin Khan,2023,Death,0,1,0,0,0.0,0.0
Mohsin Khan,2023,Middle,0,6,0,0,0.0,0.0
Mohsin Khan,2024,Death,2,1,0,0,200.0,0.0
Mohsin Khan,2026,Death,0,4,0,0,0.0,0.0
Mujeeb Ur Rahman,2018,Death,10,7,2,0,142.86,28.57
Mujeeb Ur Rahman,2019,Death,0,4,0,0,0.0,0.0
Mujeeb Ur Rahman,2020,Middle,1,3,0,0,33.33,0.0
Mujeeb Ur Rahman,2021,Death,1,1,0,0,100.0,0.0
Mukesh Choudhary,2022,Death,2,2,0,0,100.0,0.0
Mukesh Choudhary,2022,Middle,4,4,1,0,100.0,25.0
Mukesh Choudhary,2026,Middle,2,2,0,0,100.0,0.0
Mukesh Kumar,2023,Death,7,9,0,0,77.78,0.0
Mukesh Kumar,2024,Death,2,8,0,0,25.0,0.0
Mukesh Kumar,2024,Middle,1,1,0,0,100.0,0.0
Musheer Khan,2025,Middle,0,3,0,0,0.0,0.0
Mustafizur Rahman,2018,Death,1,3,0,0,33.33,0.0
Mustafizur Rahman,2021,Death,8,11,0,1,72.73,9.09
Mustafizur Rahman,2021,Middle,0,3,0,0,0.0,0.0
Mustafizur Rahman,2022,Death,3,5,0,0,60.0,0.0
Mustafizur Rahman,2023,Death,1,1,0,0,100.0,0.0
Mustafizur Rahman,2025,Death,0,1,0,0,0.0,0.0
N Burger,2026,Death,14,9,0,1,155.56,11.11
N Jagadeesan,2020,Middle,32,26,4,0,123.08,15.38
N Jagadeesan,2020,Powerplay,1,3,0,0,33.33,0.0
N Jagadeesan,2022,Death,9,11,0,0,81.82,0.0
N Jagadeesan,2022,Middle,31,26,3,1,119.23,15.38
N Jagadeesan,2023,Middle,26,23,4,0,113.04,17.39
N Jagadeesan,2023,Powerplay,63,58,10,1,108.62,18.97
N Pooran,2019,Death,21,26,1,0,80.77,3.85
N Pooran,2019,Middle,131,72,8,13,181.94,29.17
N Pooran,2019,Powerplay,16,9,1,1,177.78,22.22
N Pooran,2020,Death,81,45,4,6,180.0,22.22
N Pooran,2020,Middle,254,148,17,18,171.62,23.65
N Pooran,2020,Powerplay,18,16,2,1,112.5,18.75
N Pooran,2021,Death,26,20,2,1,130.0,15.0
N Pooran,2021,Middle,59,54,1,4,109.26,9.26
N Pooran,2021,Powerplay,0,2,0,0,0.0,0.0
N Pooran,2022,Death,109,58,8,8,187.93,27.59
N Pooran,2022,Middle,197,145,8,13,135.86,14.48
N Pooran,2022,Powerplay,0,9,0,0,0.0,0.0
N Pooran,2023,Death,130,70,11,7,185.71,25.71
N Pooran,2023,Middle,221,134,15,18,164.93,24.63
N Pooran,2023,Powerplay,7,3,0,1,233.33,33.33
N Pooran,2024,Death,170,95,16,11,178.95,28.42
N Pooran,2024,Middle,297,173,16,22,171.68,21.97
N Pooran,2024,Powerplay,32,11,3,3,290.91,54.55
N Pooran,2025,Death,92,45,9,6,204.44,33.33
N Pooran,2025,Middle,321,155,24,27,207.1,32.9
N Pooran,2025,Powerplay,106,65,11,7,163.08,27.69
N Pooran,2026,Death,33,10,1,4,330.0,50.0
N Pooran,2026,Middle,152,135,8,10,112.59,13.33
N Pooran,2026,Powerplay,49,38,2,5,128.95,18.42
N Rana,2016,Death,5,4,1,0,125.0,25.0
N Rana,2016,Middle,82,57,4,7,143.86,19.3
N Rana,2016,Powerplay,13,13,1,1,100.0,15.38
N Rana,2017,Death,32,13,4,2,246.15,46.15
N Rana,2017,Middle,207,174,11,11,118.97,12.64
N Rana,2017,Powerplay,94,76,9,4,123.68,17.11
N Rana,2018,Death,47,27,5,2,174.07,25.93
N Rana,2018,Middle,185,143,14,8,129.37,15.38
N Rana,2018,Powerplay,72,62,7,4,116.13,17.74
N Rana,2019,Death,35,16,1,4,218.75,31.25
N Rana,2019,Middle,253,164,18,16,154.27,20.73
N Rana,2019,Powerplay,56,55,8,1,101.82,16.36
N Rana,2020,Death,34,20,7,0,170.0,35.0
N Rana,2020,Middle,198,132,18,8,150.0,19.7
N Rana,2020,Powerplay,120,102,18,4,117.65,21.57
N Rana,2021,Death,53,33,6,2,160.61,24.24
N Rana,2021,Middle,224,185,13,12,121.08,13.51
N Rana,2021,Powerplay,105,95,15,3,110.53,18.95
N Rana,2022,Death,36,22,2,3,163.64,22.73
N Rana,2022,Middle,236,167,15,14,141.32,17.37
N Rana,2022,Powerplay,83,60,12,4,138.33,26.67
N Rana,2023,Death,31,17,3,2,182.35,29.41
N Rana,2023,Middle,288,205,25,14,140.49,19.02
N Rana,2023,Powerplay,90,70,10,4,128.57,20.0
N Rana,2024,Middle,30,20,3,1,150.0,20.0
N Rana,2024,Powerplay,12,14,2,0,85.71,14.29
N Rana,2025,Death,10,5,2,0,200.0,40.0
N Rana,2025,Middle,122,81,14,4,150.62,22.22
N Rana,2025,Powerplay,85,48,11,5,177.08,33.33
N Rana,2026,Death,19,8,1,2,237.5,37.5
N Rana,2026,Middle,135,74,15,6,182.43,28.38
N Rana,2026,Powerplay,71,67,11,2,105.97,19.4
N Saini,2012,Death,6,6,1,0,100.0,16.67
N Saini,2012,Middle,54,51,5,0,105.88,9.8
N Saini,2012,Powerplay,80,83,10,0,96.39,12.05
N Sindhu,2026,Middle,34,27,1,2,125.93,11.11
N Sindhu,2026,Powerplay,29,23,6,0,126.09,26.09
N Wadhera,2023,Death,56,31,7,3,180.65,32.26
N Wadhera,2023,Middle,165,117,14,8,141.03,18.8
N Wadhera,2023,Powerplay,20,18,2,1,111.11,16.67
N Wadhera,2024,Death,3,7,0,0,42.86,0.0
N Wadhera,2024,Middle,105,74,9,6,141.89,20.27
N Wadhera,2024,Powerplay,1,3,0,0,33.33,0.0
N Wadhera,2025,Death,2,4,0,0,50.0,0.0
N Wadhera,2025,Middle,334,223,26,19,149.78,20.18
N Wadhera,2025,Powerplay,32,24,2,2,133.33,16.67
N Wadhera,2026,Death,11,6,1,1,183.33,33.33
N Wadhera,2026,Middle,54,47,3,3,114.89,12.77
N Wadhera,2026,Powerplay,0,4,0,0,0.0,0.0
ND Doshi,2011,Death,0,10,0,0,0.0,0.0
ND Doshi,2011,Middle,0,3,0,0,0.0,0.0
NJ Maddinson,2014,Powerplay,16,14,3,0,114.29,21.43
NJ Maddinson,2015,Powerplay,4,7,1,0,57.14,14.29
NJ Rimmington,2011,Death,1,1,0,0,100.0,0.0
NK Patel,2008,Death,31,18,2,1,172.22,16.67
NK Patel,2008,Middle,37,29,4,0,127.59,13.79
NK Patel,2008,Powerplay,35,34,7,0,102.94,20.59
NK Patel,2009,Middle,8,17,0,0,47.06,0.0
NK Patel,2009,Powerplay,10,21,1,0,47.62,4.76
NL McCullum,2011,Death,18,15,0,1,120.0,6.67
NL McCullum,2011,Middle,8,7,0,0,114.29,0.0
NLTC Perera,2011,Death,1,2,0,0,50.0,0.0
NLTC Perera,2011,Middle,8,15,1,0,53.33,6.67
NLTC Perera,2011,Powerplay,14,10,3,0,140.0,30.0
NLTC Perera,2012,Death,4,5,0,0,80.0,0.0
NLTC Perera,2012,Middle,0,4,0,0,0.0,0.0
NLTC Perera,2013,Death,116,73,5,8,158.9,17.81
NLTC Perera,2013,Middle,112,85,6,6,131.76,14.12
NLTC Perera,2013,Powerplay,5,5,1,0,100.0,20.0
NLTC Perera,2015,Middle,12,15,0,1,80.0,6.67
NLTC Perera,2016,Death,92,49,4,8,187.76,24.49
NLTC Perera,2016,Middle,57,43,3,3,132.56,13.95
NM Coulter-Nile,2013,Death,9,6,0,1,150.0,16.67
NM Coulter-Nile,2015,Death,12,8,0,1,150.0,12.5
NM Coulter-Nile,2015,Middle,8,10,2,0,80.0,20.0
NM Coulter-Nile,2016,Death,4,6,0,0,66.67,0.0
NM Coulter-Nile,2016,Middle,5,8,1,0,62.5,12.5
NM Coulter-Nile,2017,Death,14,12,0,2,116.67,16.67
NM Coulter-Nile,2020,Death,25,15,4,0,166.67,26.67
NM Coulter-Nile,2021,Death,3,4,0,0,75.0,0.0
NM Coulter-Nile,2021,Middle,1,1,0,0,100.0,0.0
NM Coulter-Nile,2022,Death,1,2,0,0,50.0,0.0
NS Naik,2016,Death,11,14,0,0,78.57,0.0
NS Naik,2016,Middle,12,17,1,0,70.59,5.88
NS Naik,2019,Powerplay,7,16,1,0,43.75,6.25
NS Naik,2020,Death,0,2,0,0,0.0,0.0
NS Naik,2020,Middle,1,1,0,0,100.0,0.0
NT Ellis,2021,Death,17,14,0,1,121.43,7.14
NT Ellis,2021,Middle,1,2,0,0,50.0,0.0
NT Ellis,2022,Middle,0,2,0,0,0.0,0.0
NT Ellis,2023,Death,1,2,0,0,50.0,0.0
NT Ellis,2023,Middle,0,5,0,0,0.0,0.0
NV Ojha,2009,Death,7,6,0,1,116.67,16.67
NV Ojha,2009,Middle,85,59,7,4,144.07,18.64
NV Ojha,2009,Powerplay,76,79,4,6,96.2,12.66
NV Ojha,2010,Death,37,16,3,3,231.25,37.5
NV Ojha,2010,Middle,131,101,9,7,129.7,15.84
NV Ojha,2010,Powerplay,208,166,30,5,125.3,21.08
NV Ojha,2011,Death,28,14,1,3,200.0,28.57
NV Ojha,2011,Middle,40,47,1,2,85.11,6.38
NV Ojha,2011,Powerplay,92,100,9,6,92.0,15.0
NV Ojha,2012,Death,36,32,2,2,112.5,12.5
NV Ojha,2012,Middle,138,99,8,9,139.39,17.17
NV Ojha,2012,Powerplay,77,92,10,2,83.7,13.04
NV Ojha,2013,Death,0,1,0,0,0.0,0.0
NV Ojha,2013,Middle,9,9,1,0,100.0,11.11
NV Ojha,2014,Death,76,41,5,5,185.37,24.39
NV Ojha,2014,Middle,116,88,5,9,131.82,15.91
NV Ojha,2014,Powerplay,34,31,4,2,109.68,19.35
NV Ojha,2015,Death,27,18,2,2,150.0,22.22
NV Ojha,2015,Middle,110,99,10,2,111.11,12.12
NV Ojha,2015,Powerplay,0,3,0,0,0.0,0.0
NV Ojha,2016,Death,57,55,4,1,103.64,9.09
NV Ojha,2016,Middle,72,73,2,4,98.63,8.22
NV Ojha,2016,Powerplay,7,10,1,0,70.0,10.0
NV Ojha,2017,Death,39,33,0,2,118.18,6.06
NV Ojha,2017,Middle,40,32,2,1,125.0,9.38
NV Ojha,2018,Death,0,1,0,0,0.0,0.0
NV Ojha,2018,Middle,1,3,0,0,33.33,0.0
Naman Dhir,2024,Death,49,18,2,5,272.22,38.89
Naman Dhir,2024,Middle,53,25,4,4,212.0,32.0
Naman Dhir,2024,Powerplay,38,35,6,1,108.57,20.0
Naman Dhir,2025,Death,173,84,19,10,205.95,34.52
Naman Dhir,2025,Middle,44,39,4,0,112.82,10.26
Naman Dhir,2025,Powerplay,35,15,2,3,233.33,33.33
Naman Dhir,2026,Death,45,24,5,2,187.5,29.17
Naman Dhir,2026,Middle,181,126,15,7,143.65,17.46
Naman Dhir,2026,Powerplay,92,66,11,4,139.39,22.73
Navdeep Saini,2019,Middle,2,3,0,0,66.67,0.0
Navdeep Saini,2019,Powerplay,0,1,0,0,0.0,0.0
Navdeep Saini,2020,Death,25,22,3,0,113.64,13.64
Navdeep Saini,2020,Middle,2,5,0,0,40.0,0.0
Navdeep Saini,2021,Middle,2,4,0,0,50.0,0.0
Navdeep Saini,2022,Death,2,2,0,0,100.0,0.0
Naveen-ul-Haq,2023,Death,14,14,2,0,100.0,14.29
Naveen-ul-Haq,2023,Middle,2,6,0,0,33.33,0.0
Naveen-ul-Haq,2024,Death,2,4,0,0,50.0,0.0
Nithish Kumar Reddy,2024,Death,37,21,2,3,176.19,23.81
Nithish Kumar Reddy,2024,Middle,229,151,12,16,151.66,18.54
Nithish Kumar Reddy,2024,Powerplay,37,40,1,2,92.5,7.5
Nithish Kumar Reddy,2025,Death,40,20,4,2,200.0,30.0
Nithish Kumar Reddy,2025,Middle,107,98,9,1,109.18,10.2
Nithish Kumar Reddy,2025,Powerplay,34,34,3,1,100.0,11.76
Nithish Kumar Reddy,2026,Death,112,49,4,12,228.57,32.65
Nithish Kumar Reddy,2026,Middle,186,117,15,9,158.97,20.51
Nithish Kumar Reddy,2026,Powerplay,4,10,0,0,40.0,0.0
Noor Ahmad,2023,Death,7,6,1,0,116.67,16.67
Noor Ahmad,2023,Middle,1,3,0,0,33.33,0.0
Noor Ahmad,2024,Death,4,5,1,0,80.0,20.0
Noor Ahmad,2024,Middle,1,4,0,0,25.0,0.0
Noor Ahmad,2025,Death,6,15,0,0,40.0,0.0
Noor Ahmad,2025,Middle,1,2,0,0,50.0,0.0
Noor Ahmad,2026,Death,9,9,0,1,100.0,11.11
Noor Ahmad,2026,Middle,2,14,0,0,14.29,0.0
OA Shah,2010,Death,60,41,3,4,146.34,17.07
OA Shah,2010,Middle,50,49,3,1,102.04,8.16
OA Shah,2010,Powerplay,5,5,1,0,100.0,20.0
OA Shah,2011,Death,19,11,0,2,172.73,18.18
OA Shah,2011,Middle,7,4,1,0,175.0,25.0
OA Shah,2012,Death,111,69,9,4,160.87,18.84
OA Shah,2012,Middle,210,173,15,10,121.39,14.45
OA Shah,2012,Powerplay,18,13,0,2,138.46,15.38
OA Shah,2013,Death,12,12,1,0,100.0,8.33
OA Shah,2013,Middle,13,11,1,0,118.18,9.09
OC McCoy,2022,Death,8,5,0,1,160.0,20.0
OF Smith,2022,Death,46,32,1,5,143.75,18.75
OF Smith,2022,Middle,5,12,0,0,41.67,0.0
P Awana,2012,Death,4,5,0,0,80.0,0.0
P Awana,2013,Death,1,9,0,0,11.11,0.0
P Chopra,2018,Middle,8,6,2,0,133.33,33.33
P Dogra,2010,Death,39,24,3,2,162.5,20.83
P Dogra,2010,Middle,68,82,1,3,82.93,4.88
P Dogra,2012,Death,6,10,0,0,60.0,0.0
P Dogra,2012,Middle,9,14,0,0,64.29,0.0
P Dogra,2013,Death,5,8,0,0,62.5,0.0
P Dubey,2020,Death,6,12,0,0,50.0,0.0
P Dubey,2020,Middle,1,1,0,0,100.0,0.0
P Dubey,2023,Death,1,2,0,0,50.0,0.0
P Dubey,2023,Middle,15,18,2,0,83.33,11.11
P Kumar,2008,Death,54,46,6,1,117.39,15.22
P Kumar,2008,Middle,52,47,3,5,110.64,17.02
P Kumar,2008,Powerplay,6,5,1,0,120.0,20.0
P Kumar,2009,Death,64,40,1,6,160.0,17.5
P Kumar,2009,Middle,1,3,0,0,33.33,0.0
P Kumar,2009,Powerplay,0,3,0,0,0.0,0.0
P Kumar,2010,Death,3,6,0,0,50.0,0.0
P Kumar,2010,Middle,1,2,0,0,50.0,0.0
P Kumar,2011,Death,27,30,2,1,90.0,10.0
P Kumar,2011,Middle,0,1,0,0,0.0,0.0
P Kumar,2012,Death,35,29,2,1,120.69,10.34
P Kumar,2013,Death,45,38,3,3,118.42,15.79
P Kumar,2014,Death,1,2,0,0,50.0,0.0
P Kumar,2015,Death,10,20,0,0,50.0,0.0
P Kumar,2015,Middle,7,5,1,0,140.0,20.0
P Kumar,2016,Death,22,21,3,0,104.76,14.29
P Kumar,2016,Middle,2,5,0,0,40.0,0.0
P Kumar,2017,Death,8,9,0,0,88.89,0.0
P Negi,2012,Death,13,11,2,0,118.18,18.18
P Negi,2012,Middle,23,18,2,1,127.78,16.67
P Negi,2015,Death,93,55,9,4,169.09,23.64
P Negi,2015,Middle,22,17,1,1,129.41,11.76
P Negi,2016,Death,32,26,2,1,123.08,11.54
P Negi,2016,Middle,25,30,0,2,83.33,6.67
P Negi,2016,Powerplay,0,3,0,0,0.0,0.0
P Negi,2017,Death,83,55,5,5,150.91,18.18
P Negi,2017,Middle,61,56,5,2,108.93,12.5
P Negi,2018,Death,0,1,0,0,0.0,0.0
P Negi,2018,Middle,3,4,0,0,75.0,0.0
P Negi,2019,Death,5,9,0,0,55.56,0.0
P Negi,2019,Powerplay,4,3,1,0,133.33,33.33
P Nissanka,2026,Middle,43,36,3,1,119.44,11.11
P Nissanka,2026,Powerplay,234,137,30,11,170.8,29.93
P Parameswaran,2011,Death,1,1,0,0,100.0,0.0
P Parameswaran,2012,Death,0,1,0,0,0.0,0.0
P Ray Barman,2019,Middle,19,24,2,0,79.17,8.33
P Sahu,2016,Death,19,13,1,1,146.15,15.38
P Simran Singh,2019,Death,15,11,1,1,136.36,18.18
P Simran Singh,2019,Middle,1,6,0,0,16.67,0.0
P Simran Singh,2020,Death,4,7,0,0,57.14,0.0
P Simran Singh,2020,Powerplay,11,8,2,0,137.5,25.0
P Simran Singh,2021,Powerplay,19,23,1,1,82.61,8.7
P Simran Singh,2022,Powerplay,14,11,2,0,127.27,18.18
P Simran Singh,2023,Death,24,12,3,1,200.0,33.33
P Simran Singh,2023,Middle,115,72,5,9,159.72,19.44
P Simran Singh,2023,Powerplay,219,154,30,9,142.21,25.32
P Simran Singh,2024,Middle,98,65,6,7,150.77,20.0
P Simran Singh,2024,Powerplay,230,147,28,12,156.46,27.21
P Simran Singh,2025,Death,17,6,1,2,283.33,50.0
P Simran Singh,2025,Middle,209,122,19,11,171.31,24.59
P Simran Singh,2025,Powerplay,372,240,43,17,155.0,25.0
P Simran Singh,2026,Middle,230,134,19,11,171.64,22.39
P Simran Singh,2026,Powerplay,270,166,35,11,162.65,27.71
PA Patel,2008,Middle,103,97,9,2,106.19,11.34
PA Patel,2008,Powerplay,194,198,32,1,97.98,16.67
PA Patel,2009,Middle,14,16,1,0,87.5,6.25
PA Patel,2009,Powerplay,128,110,18,2,116.36,18.18
PA Patel,2010,Death,7,5,1,0,140.0,20.0
PA Patel,2010,Middle,36,32,1,2,112.5,9.38
PA Patel,2010,Powerplay,29,42,4,0,69.05,9.52
PA Patel,2011,Death,1,5,0,0,20.0,0.0
PA Patel,2011,Middle,117,99,12,1,118.18,13.13
PA Patel,2011,Powerplay,84,78,13,1,107.69,17.95
PA Patel,2012,Death,14,12,1,0,116.67,8.33
PA Patel,2012,Middle,70,58,6,1,120.69,12.07
PA Patel,2012,Powerplay,109,94,12,3,115.96,15.96
PA Patel,2013,Death,14,6,1,1,233.33,33.33
PA Patel,2013,Middle,70,79,5,0,88.61,6.33
PA Patel,2013,Powerplay,210,170,31,3,123.53,20.0
PA Patel,2014,Death,18,7,3,0,257.14,42.86
PA Patel,2014,Middle,57,52,6,0,109.62,11.54
PA Patel,2014,Powerplay,130,126,21,1,103.17,17.46
PA Patel,2015,Middle,108,70,11,3,154.29,20.0
PA Patel,2015,Powerplay,231,176,36,2,131.25,21.59
PA Patel,2016,Death,3,4,0,0,75.0,0.0
PA Patel,2016,Middle,80,51,6,4,156.86,19.61
PA Patel,2016,Powerplay,94,96,17,0,97.92,17.71
PA Patel,2017,Middle,87,80,7,1,108.75,10.0
PA Patel,2017,Powerplay,308,213,42,7,144.6,23.0
PA Patel,2018,Middle,35,31,3,0,112.9,9.68
PA Patel,2018,Powerplay,118,78,17,4,151.28,26.92
PA Patel,2019,Death,6,6,1,0,100.0,16.67
PA Patel,2019,Middle,101,79,8,3,127.85,13.92
PA Patel,2019,Powerplay,265,180,39,7,147.22,25.56
PA Reddy,2012,Death,6,2,0,1,300.0,50.0
PA Reddy,2012,Middle,30,26,3,0,115.38,11.54
PA Reddy,2012,Powerplay,37,31,3,1,119.35,12.9
PA Reddy,2013,Middle,25,28,2,0,89.29,7.14
PA Reddy,2013,Powerplay,66,73,7,0,90.41,9.59
PBB Rajapaksa,2022,Death,1,2,0,0,50.0,0.0
PBB Rajapaksa,2022,Middle,148,97,10,9,152.58,19.59
PBB Rajapaksa,2022,Powerplay,56,29,6,4,193.1,34.48
PBB Rajapaksa,2023,Death,1,2,0,0,50.0,0.0
PBB Rajapaksa,2023,Middle,49,41,4,1,119.51,12.2
PBB Rajapaksa,2023,Powerplay,21,19,2,1,110.53,15.79
PC Valthaty,2009,Middle,0,1,0,0,0.0,0.0
PC Valthaty,2009,Powerplay,6,11,1,0,54.55,9.09
PC Valthaty,2011,Death,27,13,5,0,207.69,38.46
PC Valthaty,2011,Middle,162,115,11,10,140.87,18.26
PC Valthaty,2011,Powerplay,268,206,39,10,130.1,23.79
PC Valthaty,2012,Powerplay,30,51,4,0,58.82,7.84
PC Valthaty,2013,Middle,4,11,0,0,36.36,0.0
PC Valthaty,2013,Powerplay,2,6,0,0,33.33,0.0
PD Collingwood,2010,Death,66,37,1,7,178.38,21.62
PD Collingwood,2010,Middle,111,100,5,5,111.0,10.0
PD Collingwood,2010,Powerplay,26,19,3,1,136.84,21.05
PD Salt,2023,Death,24,11,2,2,218.18,36.36
PD Salt,2023,Middle,86,51,10,3,168.63,25.49
PD Salt,2023,Powerplay,108,71,12,5,152.11,23.94
PD Salt,2024,Middle,138,77,14,7,179.22,27.27
PD Salt,2024,Powerplay,296,158,36,17,187.34,33.54
PD Salt,2025,Middle,85,47,5,7,180.85,25.53
PD Salt,2025,Powerplay,314,180,42,15,174.44,31.67
PD Salt,2026,Middle,84,45,5,6,186.67,24.44
PD Salt,2026,Powerplay,118,75,11,5,157.33,21.33
PHKD Mendis,2025,Death,14,14,0,0,100.0,0.0
PHKD Mendis,2025,Middle,72,45,7,2,160.0,20.0
PHKD Mendis,2025,Powerplay,5,9,0,0,55.56,0.0
PJ Cummins,2015,Death,0,2,0,0,0.0,0.0
PJ Cummins,2017,Death,47,29,3,2,162.07,17.24
PJ Cummins,2017,Middle,30,23,2,2,130.43,17.39
PJ Cummins,2017,Powerplay,0,1,0,0,0.0,0.0
PJ Cummins,2020,Death,98,52,6,7,188.46,25.0
PJ Cummins,2020,Middle,48,62,3,1,77.42,6.45
PJ Cummins,2021,Death,45,37,2,3,121.62,13.51
PJ Cummins,2021,Middle,48,19,3,5,252.63,42.11
PJ Cummins,2022,Death,3,6,0,0,50.0,0.0
PJ Cummins,2022,Middle,58,17,5,6,341.18,64.71
PJ Cummins,2024,Death,86,62,6,5,138.71,17.74
PJ Cummins,2024,Middle,47,32,3,3,146.88,18.75
PJ Cummins,2025,Death,81,36,4,7,225.0,30.56
PJ Cummins,2025,Middle,16,22,2,0,72.73,9.09
PJ Cummins,2026,Death,7,5,0,1,140.0,20.0
PJ Cummins,2026,Middle,23,14,1,2,164.29,21.43
PJ Sangwan,2008,Death,2,5,0,0,40.0,0.0
PJ Sangwan,2009,Death,6,10,0,0,60.0,0.0
PJ Sangwan,2010,Death,6,5,0,0,120.0,0.0
PJ Sangwan,2010,Middle,4,9,0,0,44.44,0.0
PJ Sangwan,2013,Death,4,2,1,0,200.0,50.0
PJ Sangwan,2017,Death,2,4,0,0,50.0,0.0
PJ Sangwan,2018,Death,0,4,0,0,0.0,0.0
PJ Sangwan,2022,Death,2,5,0,0,40.0,0.0
PK Garg,2020,Death,51,30,5,2,170.0,23.33
PK Garg,2020,Middle,61,67,3,0,91.04,4.48
PK Garg,2020,Powerplay,17,12,0,2,141.67,16.67
PK Garg,2021,Middle,72,69,2,3,104.35,7.25
PK Garg,2021,Powerplay,0,5,0,0,0.0,0.0
PK Garg,2022,Middle,22,13,2,1,169.23,23.08
PK Garg,2022,Powerplay,24,20,2,1,120.0,15.0
PK Garg,2023,Middle,12,9,1,0,133.33,11.11
PK Garg,2023,Powerplay,10,13,0,0,76.92,0.0
PM Sarvesh Kumar,2008,Death,1,2,0,0,50.0,0.0
PN Mankad,2022,Middle,4,1,1,0,400.0,100.0
PN Mankad,2023,Death,14,10,1,1,140.0,20.0
PN Mankad,2023,Middle,34,24,3,1,141.67,16.67
PN Mankad,2023,Powerplay,45,37,8,0,121.62,21.62
PP Chawla,2008,Death,74,38,9,3,194.74,31.58
PP Chawla,2008,Middle,15,20,1,0,75.0,5.0
PP Chawla,2009,Death,25,29,2,0,86.21,6.9
PP Chawla,2009,Middle,6,7,1,0,85.71,14.29
PP Chawla,2010,Death,44,38,5,0,115.79,13.16
PP Chawla,2010,Middle,18,21,2,0,85.71,9.52
PP Chawla,2011,Death,30,26,2,2,115.38,15.38
PP Chawla,2011,Middle,18,29,0,0,62.07,0.0
PP Chawla,2012,Death,73,54,6,3,135.19,16.67
PP Chawla,2012,Middle,33,34,3,1,97.06,11.76
PP Chawla,2013,Death,23,25,4,0,92.0,16.0
PP Chawla,2013,Middle,41,32,1,3,128.12,12.5
PP Chawla,2014,Death,31,17,4,1,182.35,29.41
PP Chawla,2014,Middle,0,2,0,0,0.0,0.0
PP Chawla,2015,Death,32,28,4,1,114.29,17.86
PP Chawla,2015,Middle,22,19,1,1,115.79,10.53
PP Chawla,2016,Death,8,5,1,0,160.0,20.0
PP Chawla,2016,Middle,4,8,0,0,50.0,0.0
PP Chawla,2016,Powerplay,15,13,3,0,115.38,23.08
PP Chawla,2017,Death,0,1,0,0,0.0,0.0
PP Chawla,2017,Middle,2,5,0,0,40.0,0.0
PP Chawla,2018,Death,9,16,0,0,56.25,0.0
PP Chawla,2018,Middle,18,18,1,1,100.0,11.11
PP Chawla,2019,Death,34,24,4,1,141.67,20.83
PP Chawla,2019,Middle,8,13,0,1,61.54,7.69
PP Chawla,2021,Death,0,2,0,0,0.0,0.0
PP Chawla,2023,Death,8,13,0,0,61.54,0.0
PP Chawla,2023,Middle,17,9,1,1,188.89,22.22
PP Chawla,2024,Death,11,7,1,1,157.14,28.57
PP Chawla,2024,Middle,4,8,0,0,50.0,0.0
PP Hinge,2026,Death,0,1,0,0,0.0,0.0
PP Hinge,2026,Middle,3,8,0,0,37.5,0.0
PP Ojha,2008,Death,2,4,0,0,50.0,0.0
PP Ojha,2009,Death,1,5,0,0,20.0,0.0
PP Ojha,2009,Middle,0,2,0,0,0.0,0.0
PP Ojha,2010,Death,3,8,0,0,37.5,0.0
PP Ojha,2012,Death,4,12,0,0,33.33,0.0
PP Ojha,2012,Middle,0,1,0,0,0.0,0.0
PP Ojha,2013,Death,2,4,0,0,50.0,0.0
PP Ojha,2014,Death,4,8,0,0,50.0,0.0
PP Shaw,2018,Middle,63,42,4,3,150.0,16.67
PP Shaw,2018,Powerplay,182,118,23,7,154.24,25.42
PP Shaw,2019,Death,18,11,3,0,163.64,27.27
PP Shaw,2019,Middle,114,80,9,4,142.5,16.25
PP Shaw,2019,Powerplay,220,172,33,5,127.91,22.09
PP Shaw,2020,Middle,72,42,6,4,171.43,23.81
PP Shaw,2020,Powerplay,156,125,21,4,124.8,20.0
PP Shaw,2021,Middle,126,94,9,6,134.04,15.96
PP Shaw,2021,Powerplay,353,206,47,12,171.36,28.64
PP Shaw,2022,Middle,66,41,6,3,160.98,21.95
PP Shaw,2022,Powerplay,217,144,31,7,150.69,26.39
PP Shaw,2023,Middle,28,20,4,0,140.0,20.0
PP Shaw,2023,Powerplay,77,64,12,1,120.31,20.31
PP Shaw,2024,Middle,58,33,4,4,175.76,24.24
PP Shaw,2024,Powerplay,140,88,26,1,159.09,30.68
PR Shah,2008,Death,14,11,2,0,127.27,18.18
PR Shah,2008,Middle,19,22,2,0,86.36,9.09
PR Shah,2008,Powerplay,0,1,0,0,0.0,0.0
PR Shah,2009,Death,4,5,0,0,80.0,0.0
PR Shah,2009,Middle,19,16,3,0,118.75,18.75
PR Shah,2009,Powerplay,30,30,1,2,100.0,10.0
PR Shah,2011,Middle,5,5,1,0,100.0,20.0
PR Veer,2026,Death,47,38,4,2,123.68,15.79
PR Veer,2026,Middle,43,29,6,1,148.28,24.14
PSP Handscomb,2016,Middle,6,12,0,0,50.0,0.0
PV Tambe,2013,Death,3,6,0,0,50.0,0.0
PV Tambe,2014,Death,5,9,0,0,55.56,0.0
PV Tambe,2015,Death,3,5,0,0,60.0,0.0
PV Tambe,2016,Death,1,8,0,0,12.5,0.0
PV Tambe,2016,Middle,6,10,1,0,60.0,10.0
PVD Chameera,2022,Death,39,24,2,3,162.5,20.83
PVD Chameera,2022,Middle,4,4,1,0,100.0,25.0
PVD Chameera,2025,Death,7,11,0,0,63.64,0.0
PVD Chameera,2025,Middle,3,3,0,0,100.0,0.0
PVD Chameera,2026,Middle,0,3,0,0,0.0,0.0
PVSN Raju,2025,Death,1,1,0,0,100.0,0.0
PWA Mulder,2025,Death,8,7,1,0,114.29,14.29
PWA Mulder,2025,Middle,1,4,0,0,25.0,0.0
PWH de Silva,2021,Death,1,1,0,0,100.0,0.0
PWH de Silva,2021,Middle,0,1,0,0,0.0,0.0
PWH de Silva,2022,Death,13,11,2,0,118.18,18.18
PWH de Silva,2022,Middle,25,32,2,1,78.12,9.38
PWH de Silva,2023,Death,28,25,3,0,112.0,12.0
PWH de Silva,2023,Middle,5,3,0,0,166.67,0.0
PWH de Silva,2025,Death,1,4,0,0,25.0,0.0
PWH de Silva,2025,Middle,8,11,0,0,72.73,0.0
Pankaj Singh,2008,Death,5,8,0,0,62.5,0.0
Pankaj Singh,2009,Death,1,2,0,0,50.0,0.0
Pankaj Singh,2010,Death,1,2,0,0,50.0,0.0
Parvez Rasool,2013,Death,5,9,0,0,55.56,0.0
Parvez Rasool,2015,Death,2,2,0,0,100.0,0.0
Parvez Rasool,2016,Death,10,9,1,0,111.11,11.11
Prince Yadav,2025,Death,5,10,0,0,50.0,0.0
Prince Yadav,2026,Death,0,1,0,0,0.0,0.0
Priyansh Arya,2025,Middle,161,81,10,14,198.77,29.63
Priyansh Arya,2025,Powerplay,384,217,50,17,176.96,30.88
Priyansh Arya,2026,Middle,70,35,4,6,200.0,28.57
Priyansh Arya,2026,Powerplay,294,136,23,26,216.18,36.03
Q de Kock,2013,Powerplay,6,15,1,0,40.0,6.67
Q de Kock,2014,Middle,37,30,5,0,123.33,16.67
Q de Kock,2014,Powerplay,116,100,14,4,116.0,18.0
Q de Kock,2015,Middle,44,27,4,3,162.96,25.93
Q de Kock,2015,Powerplay,78,50,14,1,156.0,30.0
Q de Kock,2016,Death,14,7,3,0,200.0,42.86
Q de Kock,2016,Middle,188,136,17,6,138.24,16.91
Q de Kock,2016,Powerplay,242,183,32,7,132.24,21.31
Q de Kock,2018,Middle,71,55,5,3,129.09,14.55
Q de Kock,2018,Powerplay,130,107,15,5,121.5,18.69
Q de Kock,2019,Death,37,21,4,1,176.19,23.81
Q de Kock,2019,Middle,173,140,12,6,123.57,12.86
Q de Kock,2019,Powerplay,319,235,29,18,135.74,20.0
Q de Kock,2020,Death,3,4,0,0,75.0,0.0
Q de Kock,2020,Middle,191,132,12,11,144.7,17.42
Q de Kock,2020,Powerplay,312,225,34,11,138.67,20.0
Q de Kock,2021,Death,6,3,1,0,200.0,33.33
Q de Kock,2021,Middle,118,107,11,0,110.28,10.28
Q de Kock,2021,Powerplay,172,145,17,7,118.62,16.55
Q de Kock,2022,Death,54,17,5,4,317.65,52.94
Q de Kock,2022,Middle,191,135,16,6,141.48,16.3
Q de Kock,2022,Powerplay,257,188,26,12,136.7,20.21
Q de Kock,2023,Middle,73,53,4,4,137.74,15.09
Q de Kock,2023,Powerplay,70,48,6,4,145.83,20.83
Q de Kock,2024,Death,1,3,0,0,33.33,0.0
Q de Kock,2024,Middle,110,79,11,3,139.24,17.72
Q de Kock,2024,Powerplay,139,104,18,6,133.65,23.08
Q de Kock,2025,Death,18,7,1,2,257.14,42.86
Q de Kock,2025,Middle,46,33,3,2,139.39,15.15
Q de Kock,2025,Powerplay,88,76,5,7,115.79,15.79
Q de Kock,2026,Death,17,10,2,0,170.0,20.0
Q de Kock,2026,Middle,80,39,5,6,205.13,28.21
Q de Kock,2026,Powerplay,35,32,2,3,109.38,15.62
R Ashwin,2009,Death,6,9,1,0,66.67,11.11
R Ashwin,2009,Middle,2,6,0,0,33.33,0.0
R Ashwin,2010,Death,24,26,2,0,92.31,7.69
R Ashwin,2010,Middle,6,14,0,0,42.86,0.0
R Ashwin,2011,Death,2,6,0,0,33.33,0.0
R Ashwin,2012,Death,18,15,2,0,120.0,13.33
R Ashwin,2013,Death,15,14,2,0,107.14,14.29
R Ashwin,2013,Middle,8,17,0,0,47.06,0.0
R Ashwin,2013,Powerplay,12,18,2,0,66.67,11.11
R Ashwin,2014,Death,20,16,3,0,125.0,18.75
R Ashwin,2014,Middle,25,29,1,0,86.21,3.45
R Ashwin,2015,Death,50,30,6,1,166.67,23.33
R Ashwin,2015,Middle,2,2,0,0,100.0,0.0
R Ashwin,2016,Death,12,13,0,1,92.31,7.69
R Ashwin,2016,Middle,29,19,3,0,152.63,15.79
R Ashwin,2016,Powerplay,0,6,0,0,0.0,0.0
R Ashwin,2018,Death,68,43,4,4,158.14,18.6
R Ashwin,2018,Middle,34,26,3,1,130.77,15.38
R Ashwin,2018,Powerplay,0,2,0,0,0.0,0.0
R Ashwin,2019,Death,34,20,2,3,170.0,25.0
R Ashwin,2019,Middle,8,8,1,0,100.0,12.5
R Ashwin,2020,Death,29,29,3,0,100.0,10.34
R Ashwin,2020,Middle,8,5,0,1,160.0,20.0
R Ashwin,2021,Death,30,26,1,1,115.38,7.69
R Ashwin,2021,Middle,14,16,1,0,87.5,6.25
R Ashwin,2022,Death,72,40,6,3,180.0,22.5
R Ashwin,2022,Middle,72,64,1,4,112.5,7.81
R Ashwin,2022,Powerplay,46,30,7,2,153.33,30.0
R Ashwin,2023,Death,35,19,4,1,184.21,26.32
R Ashwin,2023,Middle,32,28,1,2,114.29,10.71
R Ashwin,2023,Powerplay,0,4,0,0,0.0,0.0
R Ashwin,2024,Death,5,6,0,0,83.33,0.0
R Ashwin,2024,Middle,81,68,5,4,119.12,13.24
R Ashwin,2025,Middle,13,17,1,0,76.47,5.88
R Ashwin,2025,Powerplay,20,13,2,1,153.85,23.08
R Bhatia,2008,Death,16,11,1,1,145.45,18.18
R Bhatia,2008,Middle,18,17,1,1,105.88,11.76
R Bhatia,2009,Death,6,12,1,0,50.0,8.33
R Bhatia,2009,Middle,2,6,0,0,33.33,0.0
R Bhatia,2010,Death,23,12,1,2,191.67,25.0
R Bhatia,2010,Middle,1,5,0,0,20.0,0.0
R Bhatia,2011,Death,25,20,3,0,125.0,15.0
R Bhatia,2011,Middle,0,2,0,0,0.0,0.0
R Bhatia,2012,Death,20,11,3,0,181.82,27.27
R Bhatia,2012,Middle,15,17,1,0,88.24,5.88
R Bhatia,2013,Death,67,38,5,3,176.32,21.05
R Bhatia,2013,Middle,32,42,3,0,76.19,7.14
R Bhatia,2014,Death,39,23,4,2,169.57,26.09
R Bhatia,2014,Middle,28,30,0,1,93.33,3.33
R Bhatia,2015,Death,0,1,0,0,0.0,0.0
R Bhatia,2016,Death,33,19,1,2,173.68,15.79
R Bhatia,2016,Middle,1,1,0,0,100.0,0.0
R Bhatia,2017,Middle,16,17,0,1,94.12,5.88
R Bishnoi,2009,Death,1,2,0,0,50.0,0.0
R Bishnoi,2009,Middle,0,1,0,0,0.0,0.0
R Bishnoi,2009,Powerplay,18,14,1,2,128.57,21.43
R Dhawan,2013,Death,8,9,1,0,88.89,11.11
R Dhawan,2013,Middle,13,12,2,0,108.33,16.67
R Dhawan,2014,Death,54,40,5,1,135.0,15.0
R Dhawan,2014,Middle,28,35,3,0,80.0,8.57
R Dhawan,2015,Death,23,21,0,2,109.52,9.52
R Dhawan,2015,Middle,13,12,2,0,108.33,16.67
R Dhawan,2016,Death,14,6,0,1,233.33,16.67
R Dhawan,2022,Death,32,19,4,2,168.42,31.58
R Dhawan,2022,Middle,5,21,0,0,23.81,0.0
R Dhawan,2023,Death,9,6,0,1,150.0,16.67
R Dhawan,2023,Middle,11,6,1,0,183.33,16.67
R Dravid,2008,Death,88,44,7,7,200.0,31.82
R Dravid,2008,Middle,245,207,23,4,118.36,13.04
R Dravid,2008,Powerplay,37,46,5,0,80.43,10.87
R Dravid,2009,Death,28,14,3,1,200.0,28.57
R Dravid,2009,Middle,199,183,17,2,108.74,10.38
R Dravid,2009,Powerplay,44,37,8,0,118.92,21.62
R Dravid,2010,Death,14,9,2,0,155.56,22.22
R Dravid,2010,Middle,148,111,18,2,133.33,18.02
R Dravid,2010,Powerplay,94,79,14,1,118.99,18.99
R Dravid,2011,Middle,168,132,19,1,127.27,15.15
R Dravid,2011,Powerplay,175,180,26,1,97.22,15.0
R Dravid,2012,Death,10,9,1,0,111.11,11.11
R Dravid,2012,Middle,129,138,11,0,93.48,7.97
R Dravid,2012,Powerplay,323,265,51,4,121.89,20.75
R Dravid,2013,Death,20,13,2,1,153.85,23.08
R Dravid,2013,Middle,219,189,18,3,115.87,11.11
R Dravid,2013,Powerplay,232,222,44,1,104.5,20.27
R McLaren,2010,Death,19,16,3,0,118.75,18.75
R McLaren,2010,Middle,35,35,3,0,100.0,8.57
R McLaren,2010,Powerplay,12,18,1,0,66.67,5.56
R McLaren,2011,Death,34,28,3,1,121.43,14.29
R McLaren,2011,Middle,56,68,4,0,82.35,5.88
R McLaren,2013,Death,2,3,0,0,66.67,0.0
R McLaren,2013,Middle,1,3,0,0,33.33,0.0
R Minz,2025,Middle,6,15,0,0,40.0,0.0
R Minz,2026,Death,6,4,1,0,150.0,25.0
R Ninan,2011,Death,3,5,0,0,60.0,0.0
R Parag,2019,Death,59,29,5,4,203.45,31.03
R Parag,2019,Middle,101,93,12,1,108.6,13.98
R Parag,2019,Powerplay,0,4,0,0,0.0,0.0
R Parag,2020,Death,46,26,5,2,176.92,26.92
R Parag,2020,Middle,40,44,1,1,90.91,4.55
R Parag,2020,Powerplay,0,7,0,0,0.0,0.0
R Parag,2021,Death,30,29,1,1,103.45,6.9
R Parag,2021,Middle,63,53,5,3,118.87,15.09
R Parag,2022,Death,120,79,8,7,151.9,18.99
R Parag,2022,Middle,63,53,3,3,118.87,11.32
R Parag,2023,Death,26,16,1,3,162.5,25.0
R Parag,2023,Middle,52,49,3,2,106.12,10.2
R Parag,2024,Death,92,50,7,6,184.0,26.0
R Parag,2024,Middle,431,294,26,25,146.6,17.35
R Parag,2024,Powerplay,50,39,7,2,128.21,23.08
R Parag,2025,Death,43,25,2,4,172.0,24.0
R Parag,2025,Middle,265,165,18,16,160.61,20.61
R Parag,2025,Powerplay,84,46,7,7,182.61,30.43
R Parag,2026,Death,0,2,0,0,0.0,0.0
R Parag,2026,Middle,255,153,17,18,166.67,22.88
R Parag,2026,Powerplay,53,40,7,3,132.5,25.0
R Powell,2022,Death,113,48,5,13,235.42,37.5
R Powell,2022,Middle,137,119,5,9,115.13,11.76
R Powell,2023,Middle,7,9,1,0,77.78,11.11
R Powell,2024,Death,80,44,8,5,181.82,29.55
R Powell,2024,Middle,23,24,2,1,95.83,12.5
R Powell,2025,Death,5,5,1,0,100.0,20.0
R Powell,2026,Death,47,27,5,2,174.07,25.93
R Powell,2026,Middle,128,100,10,7,128.0,17.0
R Powell,2026,Powerplay,15,13,1,1,115.38,15.38
R Rampaul,2013,Death,28,28,2,1,100.0,10.71
R Rampaul,2013,Middle,9,8,1,0,112.5,12.5
R Rampaul,2014,Middle,13,13,0,1,100.0,7.69
R Ravindra,2024,Middle,49,27,0,5,181.48,18.52
R Ravindra,2024,Powerplay,169,110,21,7,153.64,25.45
R Ravindra,2025,Death,21,6,0,3,350.0,50.0
R Ravindra,2025,Middle,64,53,4,1,120.75,9.43
R Ravindra,2025,Powerplay,105,88,14,0,119.32,15.91
R Sai Kishore,2024,Death,13,6,0,2,216.67,33.33
R Sai Kishore,2025,Death,4,7,0,0,57.14,0.0
R Sai Kishore,2025,Middle,1,3,0,0,33.33,0.0
R Sanjay Yadav,2022,Death,0,2,0,0,0.0,0.0
R Sathish,2010,Death,49,32,6,0,153.12,18.75
R Sathish,2010,Middle,63,64,5,0,98.44,7.81
R Sathish,2011,Death,15,15,1,0,100.0,6.67
R Sathish,2011,Middle,10,12,0,0,83.33,0.0
R Sathish,2011,Powerplay,0,7,0,0,0.0,0.0
R Sathish,2013,Death,61,36,5,3,169.44,22.22
R Sathish,2013,Middle,47,40,4,2,117.5,15.0
R Sathish,2016,Death,18,16,0,1,112.5,6.25
R Sathish,2016,Middle,6,8,1,0,75.0,12.5
R Sharma,2010,Death,25,24,2,1,104.17,12.5
R Sharma,2010,Middle,4,2,1,0,200.0,50.0
R Sharma,2011,Death,16,15,1,1,106.67,13.33
R Sharma,2011,Middle,8,6,0,1,133.33,16.67
R Sharma,2012,Death,2,11,0,0,18.18,0.0
R Sharma,2013,Death,11,17,1,0,64.71,5.88
R Shepherd,2022,Death,33,17,2,3,194.12,29.41
R Shepherd,2022,Middle,25,23,0,2,108.7,8.7
R Shepherd,2023,Middle,0,1,0,0,0.0,0.0
R Shepherd,2024,Death,57,21,5,5,271.43,47.62
R Shepherd,2025,Death,64,22,5,6,290.91,50.0
R Shepherd,2025,Middle,0,1,0,0,0.0,0.0
R Shepherd,2026,Death,21,25,1,1,84.0,8.0
R Shepherd,2026,Middle,62,40,5,4,155.0,22.5
R Shukla,2013,Death,1,2,0,0,50.0,0.0
R Shukla,2014,Death,15,18,2,0,83.33,11.11
R Shukla,2014,Middle,3,3,0,0,100.0,0.0
R Smaran,2026,Death,5,2,1,0,250.0,50.0
R Smaran,2026,Middle,4,4,1,0,100.0,25.0
R Smaran,2026,Powerplay,10,19,1,0,52.63,5.26
R Tewatia,2014,Middle,16,13,0,1,123.08,7.69
R Tewatia,2017,Death,15,8,3,0,187.5,37.5
R Tewatia,2017,Powerplay,4,3,1,0,133.33,33.33
R Tewatia,2018,Death,32,21,4,1,152.38,23.81
R Tewatia,2018,Middle,18,22,1,0,81.82,4.55
R Tewatia,2019,Death,21,15,1,1,140.0,13.33
R Tewatia,2019,Middle,5,7,1,0,71.43,14.29
R Tewatia,2020,Death,155,75,8,14,206.67,29.33
R Tewatia,2020,Middle,98,103,5,3,95.15,7.77
R Tewatia,2020,Powerplay,2,4,0,0,50.0,0.0
R Tewatia,2021,Death,45,38,2,3,118.42,13.16
R Tewatia,2021,Middle,110,109,9,3,100.92,11.01
R Tewatia,2022,Death,158,88,16,8,179.55,27.27
R Tewatia,2022,Middle,59,59,6,1,100.0,11.86
R Tewatia,2023,Death,69,36,2,7,191.67,25.0
R Tewatia,2023,Middle,18,21,1,0,85.71,4.76
R Tewatia,2024,Death,128,68,18,4,188.24,32.35
R Tewatia,2024,Middle,58,58,6,1,100.0,12.07
R Tewatia,2025,Death,82,46,5,7,178.26,26.09
R Tewatia,2025,Middle,17,13,1,0,130.77,7.69
R Tewatia,2026,Death,85,57,8,4,149.12,21.05
R Tewatia,2026,Middle,104,72,12,4,144.44,22.22
R Tewatia,2026,Powerplay,0,2,0,0,0.0,0.0
R Vinay Kumar,2008,Death,11,11,0,1,100.0,9.09
R Vinay Kumar,2008,Middle,14,11,2,0,127.27,18.18
R Vinay Kumar,2009,Death,36,29,4,1,124.14,17.24
R Vinay Kumar,2009,Middle,11,15,0,0,73.33,0.0
R Vinay Kumar,2010,Death,24,28,1,0,85.71,3.57
R Vinay Kumar,2010,Middle,3,4,0,0,75.0,0.0
R Vinay Kumar,2011,Death,31,27,2,1,114.81,11.11
R Vinay Kumar,2011,Middle,19,20,2,0,95.0,10.0
R Vinay Kumar,2012,Death,54,42,3,2,128.57,11.9
R Vinay Kumar,2012,Middle,14,20,0,0,70.0,0.0
R Vinay Kumar,2013,Death,62,39,5,3,158.97,20.51
R Vinay Kumar,2013,Middle,8,5,1,0,160.0,20.0
R Vinay Kumar,2014,Death,4,6,0,0,66.67,0.0
R Vinay Kumar,2015,Death,0,2,0,0,0.0,0.0
R Vinay Kumar,2016,Death,11,9,0,1,122.22,11.11
R Vinay Kumar,2016,Middle,2,3,0,0,66.67,0.0
R Vinay Kumar,2018,Death,6,3,1,0,200.0,33.33
RA Bawa,2022,Middle,11,13,1,0,84.62,7.69
RA Bawa,2022,Powerplay,0,1,0,0,0.0,0.0
RA Bawa,2025,Death,8,4,0,0,200.0,0.0
RA Bawa,2026,Death,12,10,0,0,120.0,0.0
RA Bawa,2026,Middle,4,4,1,0,100.0,25.0
RA Jadeja,2008,Death,38,29,2,2,131.03,13.79
RA Jadeja,2008,Middle,96,71,9,4,135.21,18.31
RA Jadeja,2009,Death,60,43,7,1,139.53,18.6
RA Jadeja,2009,Middle,226,210,13,5,107.62,8.57
RA Jadeja,2009,Powerplay,7,12,1,0,58.33,8.33
RA Jadeja,2011,Death,68,41,4,5,165.85,21.95
RA Jadeja,2011,Middle,195,176,12,9,110.8,11.93
RA Jadeja,2011,Powerplay,19,10,4,0,190.0,40.0
RA Jadeja,2012,Death,61,43,3,4,141.86,16.28
RA Jadeja,2012,Middle,130,108,10,5,120.37,13.89
RA Jadeja,2013,Death,85,48,9,4,177.08,27.08
RA Jadeja,2013,Middle,115,86,8,2,133.72,11.63
RA Jadeja,2014,Death,77,56,3,3,137.5,10.71
RA Jadeja,2014,Middle,69,53,6,2,130.19,15.09
RA Jadeja,2015,Death,63,54,3,1,116.67,7.41
RA Jadeja,2015,Middle,69,72,4,2,95.83,8.33
RA Jadeja,2016,Death,78,62,6,3,125.81,14.52
RA Jadeja,2016,Middle,92,97,6,0,94.85,6.19
RA Jadeja,2016,Powerplay,19,16,2,1,118.75,18.75
RA Jadeja,2017,Death,59,35,4,2,168.57,17.14
RA Jadeja,2017,Middle,99,78,9,2,126.92,14.1
RA Jadeja,2018,Death,51,36,2,3,141.67,13.89
RA Jadeja,2018,Middle,38,38,1,1,100.0,5.26
RA Jadeja,2019,Death,77,57,6,3,135.09,15.79
RA Jadeja,2019,Middle,28,30,1,1,93.33,6.67
RA Jadeja,2020,Death,180,84,18,10,214.29,33.33
RA Jadeja,2020,Middle,43,44,3,1,97.73,9.09
RA Jadeja,2020,Powerplay,7,6,1,0,116.67,16.67
RA Jadeja,2021,Death,154,81,13,8,190.12,25.93
RA Jadeja,2021,Middle,67,74,6,0,90.54,8.11
RA Jadeja,2022,Death,89,52,6,5,171.15,21.15
RA Jadeja,2022,Middle,27,43,0,0,62.79,0.0
RA Jadeja,2022,Powerplay,0,3,0,0,0.0,0.0
RA Jadeja,2023,Death,151,96,10,8,157.29,18.75
RA Jadeja,2023,Middle,38,36,1,1,105.56,5.56
RA Jadeja,2024,Death,113,62,8,6,182.26,22.58
RA Jadeja,2024,Middle,146,115,13,2,126.96,13.04
RA Jadeja,2024,Powerplay,8,10,1,0,80.0,10.0
RA Jadeja,2025,Death,112,70,7,6,160.0,18.57
RA Jadeja,2025,Middle,145,122,11,3,118.85,11.48
RA Jadeja,2025,Powerplay,44,30,7,1,146.67,26.67
RA Jadeja,2026,Death,96,64,10,1,150.0,17.19
RA Jadeja,2026,Middle,117,110,6,2,106.36,7.27
RA Jadeja,2026,Powerplay,53,22,8,2,240.91,45.45
RA Tripathi,2017,Death,8,6,0,1,133.33,16.67
RA Tripathi,2017,Middle,93,77,6,4,120.78,12.99
RA Tripathi,2017,Powerplay,290,184,37,12,157.61,26.63
RA Tripathi,2018,Death,30,18,1,2,166.67,16.67
RA Tripathi,2018,Middle,109,89,8,2,122.47,11.24
RA Tripathi,2018,Powerplay,86,59,9,4,145.76,22.03
RA Tripathi,2019,Death,25,19,2,1,131.58,15.79
RA Tripathi,2019,Middle,78,70,7,0,111.43,10.0
RA Tripathi,2019,Powerplay,34,28,3,1,121.43,14.29
RA Tripathi,2020,Death,45,22,5,3,204.55,36.36
RA Tripathi,2020,Middle,79,69,3,3,114.49,8.7
RA Tripathi,2020,Powerplay,106,90,13,4,117.78,18.89
RA Tripathi,2021,Death,13,14,0,1,92.86,7.14
RA Tripathi,2021,Middle,263,179,24,8,146.93,17.88
RA Tripathi,2021,Powerplay,121,89,17,2,135.96,21.35
RA Tripathi,2022,Death,23,8,2,2,287.5,50.0
RA Tripathi,2022,Middle,248,155,21,12,160.0,21.29
RA Tripathi,2022,Powerplay,138,97,16,6,142.27,22.68
RA Tripathi,2023,Death,19,13,2,1,146.15,23.08
RA Tripathi,2023,Middle,160,123,14,6,130.08,16.26
RA Tripathi,2023,Powerplay,90,76,12,3,118.42,19.74
RA Tripathi,2024,Middle,61,48,4,2,127.08,12.5
RA Tripathi,2024,Powerplay,94,65,13,3,144.62,24.62
RA Tripathi,2025,Middle,19,24,1,0,79.17,4.17
RA Tripathi,2025,Powerplay,36,33,5,1,109.09,18.18
RD Chahar,2017,Death,3,2,0,0,150.0,0.0
RD Chahar,2019,Death,12,11,2,0,109.09,18.18
RD Chahar,2020,Death,2,4,0,0,50.0,0.0
RD Chahar,2021,Death,14,15,1,0,93.33,6.67
RD Chahar,2022,Death,71,55,7,4,129.09,20.0
RD Chahar,2022,Middle,6,13,0,0,46.15,0.0
RD Chahar,2023,Death,0,1,0,0,0.0,0.0
RD Chahar,2023,Middle,0,8,0,0,0.0,0.0
RD Chahar,2024,Death,2,5,0,0,40.0,0.0
RD Chahar,2024,Middle,19,10,3,1,190.0,40.0
RD Gaikwad,2020,Death,30,21,3,1,142.86,19.05
RD Gaikwad,2020,Middle,108,82,8,2,131.71,12.2
RD Gaikwad,2020,Powerplay,66,66,5,3,100.0,12.12
RD Gaikwad,2021,Death,70,32,6,5,218.75,34.38
RD Gaikwad,2021,Middle,293,191,26,11,153.4,19.37
RD Gaikwad,2021,Powerplay,269,239,32,7,112.55,16.32
RD Gaikwad,2022,Death,7,7,0,0,100.0,0.0
RD Gaikwad,2022,Middle,175,120,13,7,145.83,16.67
RD Gaikwad,2022,Powerplay,185,162,20,7,114.2,16.67
RD Gaikwad,2023,Death,13,9,0,1,144.44,11.11
RD Gaikwad,2023,Middle,232,156,11,15,148.72,16.67
RD Gaikwad,2023,Powerplay,345,233,35,14,148.07,21.03
RD Gaikwad,2024,Death,59,33,3,5,178.79,24.24
RD Gaikwad,2024,Middle,259,194,16,9,133.51,12.89
RD Gaikwad,2024,Powerplay,261,185,38,4,141.08,22.7
RD Gaikwad,2025,Middle,54,37,4,2,145.95,16.22
RD Gaikwad,2025,Powerplay,68,44,10,2,154.55,27.27
RD Gaikwad,2026,Death,27,14,3,1,192.86,28.57
RD Gaikwad,2026,Middle,112,106,5,3,105.66,7.55
RD Gaikwad,2026,Powerplay,194,152,20,8,127.63,18.42
RD Rickelton,2025,Middle,91,62,8,5,146.77,20.97
RD Rickelton,2025,Powerplay,297,193,39,12,153.89,26.42
RD Rickelton,2026,Death,18,9,1,1,200.0,22.22
RD Rickelton,2026,Middle,173,82,10,15,210.98,30.49
RD Rickelton,2026,Powerplay,257,149,20,22,172.48,28.19
RE Levi,2012,Middle,21,16,1,2,131.25,18.75
RE Levi,2012,Powerplay,62,57,9,2,108.77,19.3
RE van der Merwe,2009,Death,34,21,2,3,161.9,23.81
RE van der Merwe,2009,Middle,60,49,4,3,122.45,14.29
RE van der Merwe,2009,Powerplay,28,28,2,2,100.0,14.29
RE van der Merwe,2010,Death,1,2,0,0,50.0,0.0
RE van der Merwe,2011,Death,12,13,1,0,92.31,7.69
RE van der Merwe,2011,Middle,2,3,0,0,66.67,0.0
RE van der Merwe,2013,Middle,14,16,1,0,87.5,6.25
RE van der Merwe,2013,Powerplay,8,9,1,0,88.89,11.11
RG More,2015,Death,2,2,0,0,100.0,0.0
RG Sharma,2008,Death,119,44,14,7,270.45,47.73
RG Sharma,2008,Middle,268,209,21,12,128.23,15.79
RG Sharma,2008,Powerplay,12,17,2,0,70.59,11.76
RG Sharma,2009,Death,101,55,6,8,183.64,25.45
RG Sharma,2009,Middle,220,212,10,9,103.77,8.96
RG Sharma,2009,Powerplay,33,46,4,1,71.74,10.87
RG Sharma,2010,Death,121,63,9,8,192.06,26.98
RG Sharma,2010,Middle,268,205,26,6,130.73,15.61
RG Sharma,2010,Powerplay,14,32,1,0,43.75,3.12
RG Sharma,2011,Death,95,57,5,7,166.67,21.05
RG Sharma,2011,Middle,237,202,21,5,117.33,12.87
RG Sharma,2011,Powerplay,40,38,6,1,105.26,18.42
RG Sharma,2012,Death,72,37,4,6,194.59,27.03
RG Sharma,2012,Middle,234,197,21,6,118.78,13.71
RG Sharma,2012,Powerplay,126,107,14,6,117.76,18.69
RG Sharma,2013,Death,191,88,11,17,217.05,31.82
RG Sharma,2013,Middle,312,276,20,10,113.04,10.87
RG Sharma,2013,Powerplay,29,44,4,0,65.91,9.09
RG Sharma,2014,Death,118,62,10,8,190.32,29.03
RG Sharma,2014,Middle,246,207,20,6,118.84,12.56
RG Sharma,2014,Powerplay,26,33,1,2,78.79,9.09
RG Sharma,2015,Death,77,36,7,5,213.89,33.33
RG Sharma,2015,Middle,316,238,23,12,132.77,14.71
RG Sharma,2015,Powerplay,89,59,11,4,150.85,25.42
RG Sharma,2016,Death,69,33,10,2,209.09,36.36
RG Sharma,2016,Middle,177,159,10,5,111.32,9.43
RG Sharma,2016,Powerplay,241,174,29,10,138.51,22.41
RG Sharma,2017,Death,62,42,3,3,147.62,14.29
RG Sharma,2017,Middle,218,176,22,5,123.86,15.34
RG Sharma,2017,Powerplay,53,55,6,1,96.36,12.73
RG Sharma,2018,Death,96,46,8,6,208.7,30.43
RG Sharma,2018,Middle,148,121,13,4,122.31,14.05
RG Sharma,2018,Powerplay,41,47,4,2,87.23,12.77
RG Sharma,2019,Death,0,1,0,0,0.0,0.0
RG Sharma,2019,Middle,134,105,14,4,127.62,17.14
RG Sharma,2019,Powerplay,265,208,38,5,127.4,20.67
RG Sharma,2020,Death,8,8,1,0,100.0,12.5
RG Sharma,2020,Middle,163,113,11,10,144.25,18.58
RG Sharma,2020,Powerplay,163,142,15,9,114.79,16.9
RG Sharma,2021,Death,1,4,0,0,25.0,0.0
RG Sharma,2021,Middle,116,92,6,5,126.09,11.96
RG Sharma,2021,Powerplay,262,202,27,9,129.7,17.82
RG Sharma,2022,Middle,37,39,2,1,94.87,7.69
RG Sharma,2022,Powerplay,227,183,25,12,124.04,20.22
RG Sharma,2023,Death,4,5,1,0,80.0,20.0
RG Sharma,2023,Middle,88,64,10,2,137.5,18.75
RG Sharma,2023,Powerplay,234,179,24,14,130.73,21.23
RG Sharma,2024,Death,27,12,3,1,225.0,33.33
RG Sharma,2024,Middle,121,89,14,5,135.96,21.35
RG Sharma,2024,Powerplay,269,176,28,17,152.84,25.57
RG Sharma,2025,Death,0,2,0,0,0.0,0.0
RG Sharma,2025,Middle,169,113,16,7,149.56,20.35
RG Sharma,2025,Powerplay,247,164,25,15,150.61,24.39
RG Sharma,2026,Middle,102,61,7,7,167.21,22.95
RG Sharma,2026,Powerplay,180,118,14,14,152.54,23.73
RJ Gleeson,2024,Death,2,2,0,0,100.0,0.0
RJ Harris,2009,Death,20,14,0,0,142.86,0.0
RJ Harris,2009,Middle,1,4,0,0,25.0,0.0
RJ Harris,2010,Death,29,23,1,2,126.09,13.04
RJ Harris,2010,Middle,16,16,1,0,100.0,6.25
RJ Harris,2011,Death,17,20,2,0,85.0,10.0
RJ Harris,2011,Middle,13,18,1,0,72.22,5.56
RJ Harris,2012,Death,18,11,1,1,163.64,18.18
RJ Harris,2013,Death,2,5,0,0,40.0,0.0
RJ Peterson,2012,Death,18,15,2,1,120.0,20.0
RJ Peterson,2012,Middle,14,15,1,0,93.33,6.67
RJ Quiney,2009,Middle,38,31,3,2,122.58,16.13
RJ Quiney,2009,Powerplay,65,71,9,1,91.55,14.08
RJW Topley,2024,Death,3,6,0,0,50.0,0.0
RK Bhui,2018,Powerplay,0,5,0,0,0.0,0.0
RK Bhui,2019,Middle,7,12,0,0,58.33,0.0
RK Bhui,2024,Middle,3,7,0,0,42.86,0.0
RK Bhui,2024,Powerplay,0,2,0,0,0.0,0.0
RK Singh,2018,Middle,29,31,4,0,93.55,12.9
RK Singh,2019,Death,7,9,0,0,77.78,0.0
RK Singh,2019,Middle,30,25,1,2,120.0,12.0
RK Singh,2020,Middle,11,11,1,0,100.0,9.09
RK Singh,2022,Death,99,49,11,5,202.04,32.65
RK Singh,2022,Middle,66,61,6,1,108.2,11.48
RK Singh,2022,Powerplay,9,7,0,1,128.57,14.29
RK Singh,2023,Death,233,122,15,19,190.98,27.87
RK Singh,2023,Middle,210,180,14,7,116.67,11.67
RK Singh,2023,Powerplay,18,11,2,1,163.64,27.27
RK Singh,2024,Death,75,39,6,5,192.31,28.21
RK Singh,2024,Middle,83,65,5,3,127.69,12.31
RK Singh,2024,Powerplay,9,7,2,0,128.57,28.57
RK Singh,2025,Death,99,42,13,6,235.71,45.24
RK Singh,2025,Middle,105,89,7,4,117.98,12.36
RK Singh,2025,Powerplay,0,2,0,0,0.0,0.0
RK Singh,2026,Death,154,75,15,8,205.33,30.67
RK Singh,2026,Middle,141,122,12,3,115.57,12.3
RK Singh,2026,Powerplay,4,1,1,0,400.0,100.0
RM Patidar,2021,Middle,51,38,1,3,134.21,10.53
RM Patidar,2021,Powerplay,20,24,2,0,83.33,8.33
RM Patidar,2022,Death,20,10,1,2,200.0,30.0
RM Patidar,2022,Middle,225,132,13,14,170.45,20.45
RM Patidar,2022,Powerplay,87,75,13,2,116.0,20.0
RM Patidar,2024,Death,14,8,0,2,175.0,25.0
RM Patidar,2024,Middle,318,176,10,30,180.68,22.73
RM Patidar,2024,Powerplay,63,39,11,1,161.54,30.77
RM Patidar,2025,Death,35,23,2,3,152.17,21.74
RM Patidar,2025,Middle,241,160,20,10,150.62,18.75
RM Patidar,2025,Powerplay,36,34,3,1,105.88,11.76
RM Patidar,2026,Death,78,28,3,9,278.57,42.86
RM Patidar,2026,Middle,385,188,22,33,204.79,29.26
RM Patidar,2026,Powerplay,37,43,5,0,86.05,11.63
RN ten Doeschate,2011,Death,61,34,5,3,179.41,23.53
RN ten Doeschate,2011,Middle,41,36,3,2,113.89,13.89
RN ten Doeschate,2011,Powerplay,5,3,1,0,166.67,33.33
RN ten Doeschate,2012,Death,18,17,1,1,105.88,11.76
RN ten Doeschate,2012,Middle,3,4,0,0,75.0,0.0
RN ten Doeschate,2013,Death,34,18,5,1,188.89,33.33
RN ten Doeschate,2013,Middle,50,41,4,1,121.95,12.2
RN ten Doeschate,2013,Powerplay,1,4,0,0,25.0,0.0
RN ten Doeschate,2014,Death,46,24,2,4,191.67,25.0
RN ten Doeschate,2014,Middle,6,9,1,0,66.67,11.11
RN ten Doeschate,2015,Death,34,18,3,2,188.89,27.78
RN ten Doeschate,2015,Middle,27,27,1,1,100.0,7.41
RP Meredith,2022,Death,0,1,0,0,0.0,0.0
RP Meredith,2023,Death,0,2,0,0,0.0,0.0
RP Singh,2008,Death,27,24,2,1,112.5,12.5
RP Singh,2009,Death,6,11,0,0,54.55,0.0
RP Singh,2009,Middle,2,6,0,0,33.33,0.0
RP Singh,2010,Death,9,19,0,0,47.37,0.0
RP Singh,2011,Death,2,4,0,0,50.0,0.0
RP Singh,2012,Death,6,8,0,0,75.0,0.0
RP Singh,2012,Middle,0,4,0,0,0.0,0.0
RR Bhatkal,2012,Death,0,2,0,0,0.0,0.0
RR Pant,2016,Death,27,15,2,2,180.0,26.67
RR Pant,2016,Middle,128,99,11,4,129.29,15.15
RR Pant,2016,Powerplay,43,38,6,0,113.16,15.79
RR Pant,2017,Death,41,17,2,5,241.18,41.18
RR Pant,2017,Middle,265,160,21,15,165.62,22.5
RR Pant,2017,Powerplay,59,43,5,4,137.21,20.93
RR Pant,2018,Death,112,46,12,9,243.48,45.65
RR Pant,2018,Middle,458,275,38,27,166.55,23.64
RR Pant,2018,Powerplay,114,73,18,1,156.16,26.03
RR Pant,2019,Death,149,62,10,13,240.32,37.1
RR Pant,2019,Middle,329,223,25,14,147.53,17.49
RR Pant,2019,Powerplay,11,17,1,0,64.71,5.88
RR Pant,2020,Death,59,37,8,2,159.46,27.03
RR Pant,2020,Middle,255,222,23,5,114.86,12.61
RR Pant,2020,Powerplay,25,42,1,1,59.52,4.76
RR Pant,2021,Death,103,66,12,2,156.06,21.21
RR Pant,2021,Middle,262,217,22,7,120.74,13.36
RR Pant,2021,Powerplay,57,45,9,1,126.67,22.22
RR Pant,2022,Death,32,18,1,3,177.78,22.22
RR Pant,2022,Middle,252,174,24,12,144.83,20.69
RR Pant,2022,Powerplay,54,30,10,1,180.0,36.67
RR Pant,2024,Death,92,38,8,7,242.11,39.47
RR Pant,2024,Middle,328,230,26,16,142.61,18.26
RR Pant,2024,Powerplay,26,19,2,2,136.84,21.05
RR Pant,2025,Death,70,37,3,7,189.19,27.03
RR Pant,2025,Middle,148,112,14,7,132.14,18.75
RR Pant,2025,Powerplay,51,53,6,2,96.23,15.09
RR Pant,2026,Death,72,35,10,3,205.71,37.14
RR Pant,2026,Middle,192,140,16,6,137.14,15.71
RR Pant,2026,Powerplay,49,52,4,2,94.23,11.54
RR Powar,2008,Death,26,14,4,1,185.71,35.71
RR Powar,2008,Middle,2,7,0,0,28.57,0.0
RR Powar,2009,Death,23,22,2,0,104.55,9.09
RR Powar,2010,Death,4,4,0,0,100.0,0.0
RR Powar,2010,Middle,1,4,0,0,25.0,0.0
RR Powar,2011,Death,11,13,0,0,84.62,0.0
RR Raje,2008,Death,8,9,1,0,88.89,11.11
RR Raje,2009,Death,12,9,0,1,133.33,11.11
RR Rossouw,2014,Death,14,7,1,1,200.0,28.57
RR Rossouw,2014,Middle,19,20,0,1,95.0,5.0
RR Rossouw,2014,Powerplay,6,14,1,0,42.86,7.14
RR Rossouw,2015,Middle,0,1,0,0,0.0,0.0
RR Rossouw,2015,Powerplay,14,9,1,1,155.56,22.22
RR Rossouw,2023,Death,40,16,3,3,250.0,37.5
RR Rossouw,2023,Middle,130,94,9,7,138.3,17.02
RR Rossouw,2023,Powerplay,37,30,5,1,123.33,20.0
RR Rossouw,2024,Death,2,3,0,0,66.67,0.0
RR Rossouw,2024,Middle,127,66,8,10,192.42,27.27
RR Rossouw,2024,Powerplay,82,46,17,1,178.26,39.13
RR Sarwan,2008,Middle,28,35,0,0,80.0,0.0
RR Sarwan,2008,Powerplay,45,40,6,1,112.5,17.5
RS Bopara,2009,Death,18,8,0,2,225.0,25.0
RS Bopara,2009,Middle,51,36,3,3,141.67,16.67
RS Bopara,2009,Powerplay,69,75,5,2,92.0,9.33
RS Bopara,2010,Death,51,24,7,1,212.5,33.33
RS Bopara,2010,Middle,136,121,12,1,112.4,10.74
RS Bopara,2010,Powerplay,61,69,6,1,88.41,10.14
RS Bopara,2015,Death,57,46,3,2,123.91,10.87
RS Bopara,2015,Middle,88,74,3,4,118.92,9.46
RS Gavaskar,2010,Middle,2,8,0,0,25.0,0.0
RS Sodhi,2010,Death,4,2,1,0,200.0,50.0
RT Ponting,2008,Middle,34,38,2,1,89.47,7.89
RT Ponting,2008,Powerplay,5,15,0,0,33.33,0.0
RT Ponting,2013,Middle,12,15,1,0,80.0,6.67
RT Ponting,2013,Powerplay,40,60,2,1,66.67,5.0
RV Gomez,2011,Death,40,34,3,1,117.65,11.76
RV Gomez,2011,Middle,6,15,1,0,40.0,6.67
RV Gomez,2011,Powerplay,0,1,0,0,0.0,0.0
RV Gomez,2013,Death,4,1,1,0,400.0,100.0
RV Patel,2021,Death,7,7,1,0,100.0,14.29
RV Patel,2021,Middle,18,20,2,0,90.0,10.0
RV Patel,2022,Middle,6,3,0,1,200.0,33.33
RV Patel,2023,Death,42,30,3,1,140.0,13.33
RV Patel,2023,Middle,7,13,0,0,53.85,0.0
RV Uthappa,2008,Death,34,25,3,2,136.0,20.0
RV Uthappa,2008,Middle,228,198,23,6,115.15,14.65
RV Uthappa,2008,Powerplay,54,51,8,1,105.88,17.65
RV Uthappa,2009,Death,27,18,1,2,150.0,16.67
RV Uthappa,2009,Middle,91,76,10,1,119.74,14.47
RV Uthappa,2009,Powerplay,57,76,7,0,75.0,9.21
RV Uthappa,2010,Death,107,39,5,11,274.36,41.03
RV Uthappa,2010,Middle,243,166,14,14,146.39,16.87
RV Uthappa,2010,Powerplay,24,13,2,2,184.62,30.77
RV Uthappa,2011,Death,43,26,2,3,165.38,19.23
RV Uthappa,2011,Middle,181,150,16,7,120.67,15.33
RV Uthappa,2011,Powerplay,39,29,9,0,134.48,31.03
RV Uthappa,2012,Death,42,25,4,1,168.0,20.0
RV Uthappa,2012,Middle,220,182,17,6,120.88,12.64
RV Uthappa,2012,Powerplay,142,135,17,3,105.19,14.81
RV Uthappa,2013,Death,14,6,1,1,233.33,33.33
RV Uthappa,2013,Middle,141,124,11,5,113.71,12.9
RV Uthappa,2013,Powerplay,275,238,29,6,115.55,14.71
RV Uthappa,2014,Death,37,22,5,1,168.18,27.27
RV Uthappa,2014,Middle,333,242,28,11,137.6,16.12
RV Uthappa,2014,Powerplay,289,214,41,6,135.05,21.96
RV Uthappa,2015,Death,17,12,1,0,141.67,8.33
RV Uthappa,2015,Middle,69,66,4,1,104.55,7.58
RV Uthappa,2015,Powerplay,278,199,37,6,139.7,21.61
RV Uthappa,2016,Death,14,7,1,1,200.0,28.57
RV Uthappa,2016,Middle,127,103,9,4,123.3,12.62
RV Uthappa,2016,Powerplay,253,178,35,3,142.13,21.35
RV Uthappa,2017,Death,16,11,1,1,145.45,18.18
RV Uthappa,2017,Middle,281,151,21,19,186.09,26.49
RV Uthappa,2017,Powerplay,91,73,14,1,124.66,20.55
RV Uthappa,2018,Death,0,2,0,0,0.0,0.0
RV Uthappa,2018,Middle,195,135,14,13,144.44,20.0
RV Uthappa,2018,Powerplay,155,127,16,8,122.05,18.9
RV Uthappa,2019,Death,27,22,2,1,122.73,13.64
RV Uthappa,2019,Middle,169,155,13,7,109.03,12.9
RV Uthappa,2019,Powerplay,88,70,13,2,125.71,21.43
RV Uthappa,2020,Death,12,9,2,0,133.33,22.22
RV Uthappa,2020,Middle,84,75,7,2,112.0,12.0
RV Uthappa,2020,Powerplay,100,80,10,5,125.0,18.75
RV Uthappa,2021,Middle,62,46,2,3,134.78,10.87
RV Uthappa,2021,Powerplay,53,38,6,2,139.47,21.05
RV Uthappa,2022,Death,23,10,1,3,230.0,40.0
RV Uthappa,2022,Middle,73,49,2,6,148.98,16.33
RV Uthappa,2022,Powerplay,134,111,16,5,120.72,18.92
Rahmanullah Gurbaz,2023,Middle,82,58,5,5,141.38,17.24
Rahmanullah Gurbaz,2023,Powerplay,139,111,12,9,125.23,18.92
Rahmanullah Gurbaz,2024,Middle,18,10,1,2,180.0,30.0
Rahmanullah Gurbaz,2024,Powerplay,44,36,6,2,122.22,22.22
Rahmanullah Gurbaz,2025,Middle,11,6,2,0,183.33,33.33
Rahmanullah Gurbaz,2025,Powerplay,63,47,8,3,134.04,23.4
Ramandeep Singh,2022,Death,27,11,3,1,245.45,36.36
Ramandeep Singh,2022,Middle,16,25,0,0,64.0,0.0
Ramandeep Singh,2022,Powerplay,2,3,0,0,66.67,0.0
Ramandeep Singh,2024,Death,60,25,3,6,240.0,36.0
Ramandeep Singh,2024,Middle,59,36,2,5,163.89,19.44
Ramandeep Singh,2025,Death,15,14,0,1,107.14,7.14
Ramandeep Singh,2025,Middle,32,21,1,3,152.38,19.05
Ramandeep Singh,2026,Death,31,18,5,0,172.22,27.78
Ramandeep Singh,2026,Middle,51,50,3,2,102.0,10.0
Rashid Khan,2017,Death,11,9,0,1,122.22,11.11
Rashid Khan,2018,Death,53,22,3,6,240.91,40.91
Rashid Khan,2018,Middle,6,9,0,0,66.67,0.0
Rashid Khan,2019,Death,33,21,2,2,157.14,19.05
Rashid Khan,2019,Middle,1,2,0,0,50.0,0.0
Rashid Khan,2020,Death,35,29,3,2,120.69,17.24
Rashid Khan,2021,Death,72,62,7,2,116.13,14.52
Rashid Khan,2021,Middle,6,4,1,0,150.0,25.0
Rashid Khan,2022,Death,85,35,3,9,242.86,34.29
Rashid Khan,2022,Middle,6,9,0,0,66.67,0.0
Rashid Khan,2023,Death,89,41,6,9,217.07,36.59
Rashid Khan,2023,Middle,41,19,2,4,215.79,31.58
Rashid Khan,2024,Death,63,39,8,2,161.54,25.64
Rashid Khan,2024,Middle,35,30,2,1,116.67,10.0
Rashid Khan,2025,Death,28,20,1,2,140.0,15.0
Rashid Khan,2025,Middle,12,8,1,1,150.0,25.0
Rashid Khan,2026,Death,23,15,2,1,153.33,20.0
Rashid Khan,2026,Middle,27,26,2,1,103.85,11.54
Rasikh Salam,2019,Death,5,4,0,0,125.0,0.0
Rasikh Salam,2022,Death,7,6,1,0,116.67,16.67
Rasikh Salam,2024,Death,15,9,3,0,166.67,33.33
Rasikh Salam,2024,Middle,13,21,1,0,61.9,4.76
Rasikh Salam,2026,Death,3,2,0,0,150.0,0.0
Ravi Bishnoi,2020,Death,2,6,0,0,33.33,0.0
Ravi Bishnoi,2020,Middle,5,6,1,0,83.33,16.67
Ravi Bishnoi,2021,Death,1,4,0,0,25.0,0.0
Ravi Bishnoi,2022,Death,0,1,0,0,0.0,0.0
Ravi Bishnoi,2023,Death,12,11,1,0,109.09,9.09
Ravi Bishnoi,2023,Middle,8,16,0,0,50.0,0.0
Ravi Bishnoi,2024,Death,2,4,0,0,50.0,0.0
Ravi Bishnoi,2024,Middle,2,2,0,0,100.0,0.0
Ravi Bishnoi,2025,Death,12,14,0,2,85.71,14.29
Ravi Bishnoi,2025,Middle,1,2,0,0,50.0,0.0
Ravi Bishnoi,2026,Death,0,3,0,0,0.0,0.0
Ravi Singh,2026,Middle,4,2,1,0,200.0,50.0
S Anirudha,2008,Powerplay,1,7,0,0,14.29,0.0
S Anirudha,2010,Death,29,16,2,2,181.25,25.0
S Anirudha,2010,Middle,1,2,0,0,50.0,0.0
S Anirudha,2011,Death,16,17,0,0,94.12,0.0
S Anirudha,2011,Middle,42,38,1,3,110.53,10.53
S Anirudha,2011,Powerplay,25,19,5,0,131.58,26.32
S Anirudha,2012,Death,19,6,1,2,316.67,50.0
S Anirudha,2013,Powerplay,0,2,0,0,0.0,0.0
S Anirudha,2014,Death,1,2,0,0,50.0,0.0
S Anirudha,2014,Middle,2,3,0,0,66.67,0.0
S Aravind,2011,Death,12,7,2,0,171.43,28.57
S Aravind,2011,Middle,1,1,0,0,100.0,0.0
S Aravind,2012,Death,14,8,3,0,175.0,37.5
S Aravind,2015,Death,0,1,0,0,0.0,0.0
S Aravind,2017,Death,20,25,1,0,80.0,4.0
S Aravind,2017,Middle,12,15,1,0,80.0,6.67
S Arora,2026,Death,86,43,5,8,200.0,30.23
S Arora,2026,Middle,33,33,4,1,100.0,15.15
S Arora,2026,Powerplay,2,1,0,0,200.0,0.0
S Badree,2017,Death,3,6,0,0,50.0,0.0
S Badree,2017,Middle,10,17,0,0,58.82,0.0
S Badrinath,2008,Death,83,40,7,5,207.5,30.0
S Badrinath,2008,Middle,75,57,9,2,131.58,19.3
S Badrinath,2008,Powerplay,34,33,5,1,103.03,18.18
S Badrinath,2009,Death,35,29,4,0,120.69,13.79
S Badrinath,2009,Middle,119,117,12,4,101.71,13.68
S Badrinath,2009,Powerplay,23,18,4,0,127.78,22.22
S Badrinath,2010,Death,103,69,14,1,149.28,21.74
S Badrinath,2010,Middle,228,195,23,4,116.92,13.85
S Badrinath,2010,Powerplay,24,37,4,0,64.86,10.81
S Badrinath,2011,Death,103,60,7,4,171.67,18.33
S Badrinath,2011,Middle,269,199,28,5,135.18,16.58
S Badrinath,2011,Powerplay,22,53,3,0,41.51,5.66
S Badrinath,2012,Death,2,3,0,0,66.67,0.0
S Badrinath,2012,Middle,125,100,13,2,125.0,15.0
S Badrinath,2012,Powerplay,69,78,10,0,88.46,12.82
S Badrinath,2013,Middle,114,103,10,0,110.68,9.71
S Badrinath,2013,Powerplay,10,17,1,0,58.82,5.88
S Chanderpaul,2008,Powerplay,25,31,4,0,80.65,12.9
S Dhawan,2008,Death,62,40,6,2,155.0,20.0
S Dhawan,2008,Middle,213,171,20,5,124.56,14.62
S Dhawan,2008,Powerplay,65,84,9,1,77.38,11.9
S Dhawan,2009,Death,12,10,1,0,120.0,10.0
S Dhawan,2009,Middle,24,27,2,0,88.89,7.41
S Dhawan,2009,Powerplay,4,8,0,0,50.0,0.0
S Dhawan,2010,Middle,44,36,3,1,122.22,11.11
S Dhawan,2010,Powerplay,143,133,19,2,107.52,15.79
S Dhawan,2011,Death,49,28,4,2,175.0,21.43
S Dhawan,2011,Middle,126,107,11,2,117.76,12.15
S Dhawan,2011,Powerplay,225,174,32,3,129.31,20.11
S Dhawan,2012,Death,38,20,4,2,190.0,30.0
S Dhawan,2012,Middle,221,187,19,6,118.18,13.37
S Dhawan,2012,Powerplay,309,231,35,10,133.77,19.48
S Dhawan,2013,Death,21,11,4,0,190.91,36.36
S Dhawan,2013,Middle,170,122,18,3,139.34,17.21
S Dhawan,2013,Powerplay,120,120,15,2,100.0,14.17
S Dhawan,2014,Death,16,11,2,0,145.45,18.18
S Dhawan,2014,Middle,126,110,8,4,114.55,10.91
S Dhawan,2014,Powerplay,231,196,38,3,117.86,20.92
S Dhawan,2015,Death,9,11,1,0,81.82,9.09
S Dhawan,2015,Middle,118,90,9,4,131.11,14.44
S Dhawan,2015,Powerplay,220,184,35,1,119.57,19.57
S Dhawan,2016,Death,55,30,7,2,183.33,30.0
S Dhawan,2016,Middle,234,206,20,2,113.59,10.68
S Dhawan,2016,Powerplay,208,191,23,4,108.9,14.14
S Dhawan,2017,Death,26,14,2,1,185.71,21.43
S Dhawan,2017,Middle,193,155,17,3,124.52,12.9
S Dhawan,2017,Powerplay,259,206,34,5,125.73,18.93
S Dhawan,2018,Death,15,10,2,0,150.0,20.0
S Dhawan,2018,Middle,229,157,27,6,145.86,21.02
S Dhawan,2018,Powerplay,252,195,30,8,129.23,19.49
S Dhawan,2019,Death,11,11,0,0,100.0,0.0
S Dhawan,2019,Middle,172,137,19,1,125.55,14.6
S Dhawan,2019,Powerplay,337,234,45,10,144.02,23.5
S Dhawan,2020,Death,70,45,6,2,155.56,17.78
S Dhawan,2020,Middle,291,197,26,5,147.72,15.74
S Dhawan,2020,Powerplay,252,183,34,6,137.7,21.86
S Dhawan,2021,Death,13,8,2,0,162.5,25.0
S Dhawan,2021,Middle,298,231,25,8,129.0,14.29
S Dhawan,2021,Powerplay,276,232,36,8,118.97,18.97
S Dhawan,2022,Death,34,17,2,2,200.0,23.53
S Dhawan,2022,Middle,184,149,18,2,123.49,13.42
S Dhawan,2022,Powerplay,241,206,27,8,116.99,16.99
S Dhawan,2023,Death,62,34,5,5,182.35,29.41
S Dhawan,2023,Middle,148,110,17,4,134.55,19.09
S Dhawan,2023,Powerplay,158,114,26,3,138.6,25.44
S Dhawan,2024,Death,0,1,0,0,0.0,0.0
S Dhawan,2024,Middle,53,40,4,2,132.5,15.0
S Dhawan,2024,Powerplay,99,80,14,2,123.75,20.0
S Dube,2019,Death,9,5,0,1,180.0,20.0
S Dube,2019,Middle,31,28,1,2,110.71,10.71
S Dube,2020,Death,68,45,4,5,151.11,20.0
S Dube,2020,Middle,61,60,1,4,101.67,8.33
S Dube,2021,Death,16,14,0,1,114.29,7.14
S Dube,2021,Middle,192,146,17,8,131.51,17.12
S Dube,2021,Powerplay,22,33,1,1,66.67,6.06
S Dube,2022,Death,69,33,3,6,209.09,27.27
S Dube,2022,Middle,210,144,18,10,145.83,19.44
S Dube,2022,Powerplay,8,7,1,0,114.29,14.29
S Dube,2023,Death,94,50,2,9,188.0,22.0
S Dube,2023,Middle,324,214,10,26,151.4,16.82
S Dube,2024,Death,116,62,8,10,187.1,29.03
S Dube,2024,Middle,279,181,20,18,154.14,20.99
S Dube,2025,Death,74,58,7,3,127.59,17.24
S Dube,2025,Middle,265,205,14,16,129.27,14.63
S Dube,2025,Powerplay,6,5,1,0,120.0,20.0
S Dube,2026,Death,120,66,13,6,181.82,28.79
S Dube,2026,Middle,149,103,11,9,144.66,19.42
S Dube,2026,Powerplay,1,1,0,0,100.0,0.0
S Gopal,2014,Death,11,10,1,0,110.0,10.0
S Gopal,2015,Death,1,1,0,0,100.0,0.0
S Gopal,2016,Middle,2,16,0,0,12.5,0.0
S Gopal,2018,Death,37,33,4,0,112.12,12.12
S Gopal,2018,Middle,13,12,1,0,108.33,8.33
S Gopal,2019,Death,33,19,4,1,173.68,26.32
S Gopal,2019,Middle,30,23,4,0,130.43,17.39
S Gopal,2019,Powerplay,0,4,0,0,0.0,0.0
S Gopal,2020,Death,21,14,3,0,150.0,21.43
S Gopal,2020,Middle,16,25,0,0,64.0,0.0
S Gopal,2021,Death,7,4,0,1,175.0,25.0
S Gopal,2021,Middle,0,1,0,0,0.0,0.0
S Gopal,2022,Death,9,7,2,0,128.57,28.57
S Kaul,2013,Death,7,9,0,0,77.78,0.0
S Kaul,2014,Death,2,2,0,0,100.0,0.0
S Kaul,2017,Death,0,2,0,0,0.0,0.0
S Kaul,2018,Death,1,9,0,0,11.11,0.0
S Kaul,2018,Middle,2,5,0,0,40.0,0.0
S Kaul,2019,Death,0,1,0,0,0.0,0.0
S Kaul,2021,Death,8,8,1,0,100.0,12.5
S Kaushik,2016,Death,0,1,0,0,0.0,0.0
S Ladda,2010,Death,0,1,0,0,0.0,0.0
S Ladda,2010,Middle,0,8,0,0,0.0,0.0
S Lamichhane,2019,Death,0,1,0,0,0.0,0.0
S Nadeem,2011,Death,0,1,0,0,0.0,0.0
S Nadeem,2012,Death,0,2,0,0,0.0,0.0
S Nadeem,2013,Death,11,22,1,0,50.0,4.55
S Nadeem,2013,Middle,3,5,0,0,60.0,0.0
S Nadeem,2014,Death,2,2,0,0,100.0,0.0
S Nadeem,2014,Middle,5,17,0,0,29.41,0.0
S Nadeem,2015,Death,0,3,0,0,0.0,0.0
S Nadeem,2015,Middle,2,4,0,0,50.0,0.0
S Nadeem,2016,Death,1,4,0,0,25.0,0.0
S Nadeem,2016,Middle,0,1,0,0,0.0,0.0
S Nadeem,2017,Death,2,9,0,0,22.22,0.0
S Nadeem,2018,Middle,6,8,0,0,75.0,0.0
S Nadeem,2020,Death,7,8,1,0,87.5,12.5
S Nadeem,2021,Death,0,1,0,0,0.0,0.0
S Narwal,2010,Death,2,3,0,0,66.67,0.0
S Narwal,2010,Middle,12,9,2,0,133.33,22.22
S Narwal,2013,Death,17,12,3,0,141.67,25.0
S Narwal,2013,Middle,6,3,1,0,200.0,33.33
S Rana,2011,Death,13,9,2,0,144.44,22.22
S Rana,2011,Middle,3,6,0,0,50.0,0.0
S Rana,2014,Death,44,32,5,0,137.5,15.62
S Rana,2014,Middle,7,10,0,0,70.0,0.0
S Rana,2014,Powerplay,20,22,2,1,90.91,13.64
S Randiv,2011,Death,2,4,0,0,50.0,0.0
S Sohal,2008,Death,4,8,0,0,50.0,0.0
S Sohal,2009,Powerplay,115,91,9,8,126.37,18.68
S Sohal,2011,Death,0,1,0,0,0.0,0.0
S Sohal,2011,Middle,85,63,8,3,134.92,17.46
S Sohal,2011,Powerplay,164,126,17,7,130.16,19.05
S Sreesanth,2008,Death,0,3,0,0,0.0,0.0
S Sreesanth,2009,Death,5,18,1,0,27.78,5.56
S Sreesanth,2010,Death,27,21,5,0,128.57,23.81
S Sreesanth,2011,Death,1,8,0,0,12.5,0.0
S Sreesanth,2011,Middle,0,1,0,0,0.0,0.0
S Sreesanth,2013,Death,1,4,0,0,25.0,0.0
S Sriram,2010,Middle,14,18,1,0,77.78,5.56
S Sriram,2010,Powerplay,13,11,2,0,118.18,18.18
S Sriram,2011,Middle,4,7,0,0,57.14,0.0
S Tyagi,2010,Death,3,4,0,0,75.0,0.0
S Vidyut,2008,Middle,42,33,5,1,127.27,18.18
S Vidyut,2008,Powerplay,103,76,16,2,135.53,23.68
SA Abbott,2015,Death,14,9,1,1,155.56,22.22
SA Abbott,2015,Middle,1,4,0,0,25.0,0.0
SA Abbott,2022,Death,6,2,0,1,300.0,50.0
SA Abbott,2022,Middle,1,3,0,0,33.33,0.0
SA Asnodkar,2008,Middle,103,97,13,0,106.19,13.4
SA Asnodkar,2008,Powerplay,208,134,30,6,155.22,26.87
SA Asnodkar,2009,Middle,42,32,5,1,131.25,18.75
SA Asnodkar,2009,Powerplay,56,61,6,3,91.8,14.75
SA Asnodkar,2010,Powerplay,5,4,1,0,125.0,25.0
SA Asnodkar,2011,Powerplay,9,9,1,0,100.0,11.11
SA Yadav,2012,Middle,0,4,0,0,0.0,0.0
SA Yadav,2014,Death,95,63,11,3,150.79,22.22
SA Yadav,2014,Middle,65,48,4,2,135.42,12.5
SA Yadav,2014,Powerplay,0,4,0,0,0.0,0.0
SA Yadav,2015,Death,48,24,4,3,200.0,29.17
SA Yadav,2015,Middle,88,79,7,3,111.39,12.66
SA Yadav,2015,Powerplay,21,10,1,2,210.0,30.0
SA Yadav,2016,Death,32,14,5,1,228.57,42.86
SA Yadav,2016,Middle,104,92,8,2,113.04,10.87
SA Yadav,2016,Powerplay,44,35,5,2,125.71,20.0
SA Yadav,2017,Death,39,28,3,2,139.29,17.86
SA Yadav,2017,Middle,66,60,5,1,110.0,10.0
SA Yadav,2018,Death,8,7,1,0,114.29,14.29
SA Yadav,2018,Middle,216,175,22,4,123.43,14.86
SA Yadav,2018,Powerplay,288,202,38,12,142.57,24.75
SA Yadav,2019,Death,27,17,2,2,158.82,23.53
SA Yadav,2019,Middle,294,231,25,7,127.27,13.85
SA Yadav,2019,Powerplay,103,76,18,1,135.53,25.0
SA Yadav,2020,Death,47,20,5,3,235.0,40.0
SA Yadav,2020,Middle,284,214,31,5,132.71,16.82
SA Yadav,2020,Powerplay,149,96,25,3,155.21,29.17
SA Yadav,2021,Death,37,19,7,1,194.74,42.11
SA Yadav,2021,Middle,199,136,20,8,146.32,20.59
SA Yadav,2021,Powerplay,80,65,13,1,123.08,21.54
SA Yadav,2022,Death,80,36,5,8,222.22,36.11
SA Yadav,2022,Middle,179,141,13,7,126.95,14.18
SA Yadav,2022,Powerplay,42,29,5,1,144.83,20.69
SA Yadav,2023,Death,76,30,8,5,253.33,43.33
SA Yadav,2023,Middle,473,265,52,21,178.49,27.55
SA Yadav,2023,Powerplay,46,37,4,1,124.32,13.51
SA Yadav,2024,Death,21,7,2,2,300.0,57.14
SA Yadav,2024,Middle,238,142,23,12,167.61,24.65
SA Yadav,2024,Powerplay,86,56,11,4,153.57,26.79
SA Yadav,2025,Death,83,43,7,6,193.02,30.23
SA Yadav,2025,Middle,557,326,54,28,170.86,25.15
SA Yadav,2025,Powerplay,77,58,8,4,132.76,20.69
SA Yadav,2026,Death,7,6,1,0,116.67,16.67
SA Yadav,2026,Middle,182,123,17,6,147.97,18.7
SA Yadav,2026,Powerplay,81,54,10,4,150.0,25.93
SB Bangar,2008,Death,29,17,1,3,170.59,23.53
SB Bangar,2008,Middle,18,32,0,0,56.25,0.0
SB Bangar,2009,Middle,2,9,0,0,22.22,0.0
SB Dubey,2024,Death,10,5,1,1,200.0,40.0
SB Dubey,2024,Middle,23,14,2,1,164.29,21.43
SB Dubey,2025,Death,76,37,3,7,205.41,27.03
SB Dubey,2025,Middle,15,22,1,0,68.18,4.55
SB Dubey,2025,Powerplay,14,6,2,1,233.33,50.0
SB Dubey,2026,Death,42,30,5,1,140.0,20.0
SB Dubey,2026,Middle,39,28,3,2,139.29,17.86
SB Jakati,2009,Death,20,15,3,0,133.33,20.0
SB Jakati,2012,Death,7,12,0,0,58.33,0.0
SB Jakati,2016,Death,1,2,0,0,50.0,0.0
SB Joshi,2008,Middle,6,14,0,0,42.86,0.0
SB Styris,2008,Death,16,16,2,0,100.0,12.5
SB Styris,2008,Middle,88,94,7,2,93.62,9.57
SB Styris,2008,Powerplay,8,12,0,0,66.67,0.0
SB Styris,2009,Middle,14,8,0,1,175.0,12.5
SB Styris,2011,Death,5,2,1,0,250.0,50.0
SB Wagh,2011,Death,2,3,0,0,66.67,0.0
SC Ganguly,2008,Death,48,16,2,5,300.0,43.75
SC Ganguly,2008,Middle,173,168,12,9,102.98,12.5
SC Ganguly,2008,Powerplay,128,121,19,1,105.79,16.53
SC Ganguly,2009,Death,13,13,1,0,100.0,7.69
SC Ganguly,2009,Middle,119,121,7,3,98.35,8.26
SC Ganguly,2009,Powerplay,51,71,5,2,71.83,9.86
SC Ganguly,2010,Death,37,22,1,4,168.18,22.73
SC Ganguly,2010,Middle,237,202,22,6,117.33,13.86
SC Ganguly,2010,Powerplay,219,194,35,5,112.89,20.62
SC Ganguly,2011,Death,2,4,0,0,50.0,0.0
SC Ganguly,2011,Middle,44,41,3,2,107.32,12.2
SC Ganguly,2011,Powerplay,4,13,0,0,30.77,0.0
SC Ganguly,2012,Death,14,10,1,1,140.0,20.0
SC Ganguly,2012,Middle,127,143,12,2,88.81,9.79
SC Ganguly,2012,Powerplay,127,118,17,1,107.63,15.25
SD Chitnis,2008,Death,12,9,1,0,133.33,11.11
SD Chitnis,2009,Death,6,7,1,0,85.71,14.29
SD Chitnis,2009,Middle,0,1,0,0,0.0,0.0
SD Chitnis,2011,Death,8,8,1,0,100.0,12.5
SD Chitnis,2011,Middle,1,1,0,0,100.0,0.0
SD Chitnis,2012,Death,6,6,0,0,100.0,0.0
SD Chitnis,2012,Middle,59,50,7,1,118.0,16.0
SD Chitnis,2012,Powerplay,1,6,0,0,16.67,0.0
SD Hope,2024,Death,7,7,0,0,100.0,0.0
SD Hope,2024,Middle,98,55,3,8,178.18,20.0
SD Hope,2024,Powerplay,78,60,9,4,130.0,21.67
SD Lad,2019,Powerplay,15,13,1,1,115.38,15.38
SE Bond,2010,Middle,1,2,0,0,50.0,0.0
SE Marsh,2008,Death,38,24,2,3,158.33,20.83
SE Marsh,2008,Middle,364,238,32,17,152.94,20.59
SE Marsh,2008,Powerplay,212,178,25,6,119.1,17.42
SE Marsh,2010,Death,19,6,1,2,316.67,50.0
SE Marsh,2010,Middle,90,60,7,4,150.0,18.33
SE Marsh,2010,Powerplay,38,48,6,0,79.17,12.5
SE Marsh,2011,Death,43,31,2,2,138.71,12.9
SE Marsh,2011,Middle,372,223,34,18,166.82,23.32
SE Marsh,2011,Powerplay,85,89,15,0,95.51,16.85
SE Marsh,2012,Death,30,13,1,2,230.77,23.08
SE Marsh,2012,Middle,179,140,17,5,127.86,15.71
SE Marsh,2012,Powerplay,127,127,21,0,100.0,16.54
SE Marsh,2013,Death,20,20,1,0,100.0,5.0
SE Marsh,2013,Middle,173,122,19,4,141.8,18.85
SE Marsh,2013,Powerplay,107,107,19,0,100.0,17.76
SE Marsh,2014,Middle,55,35,5,2,157.14,20.0
SE Marsh,2014,Powerplay,15,17,2,1,88.24,17.65
SE Marsh,2015,Middle,48,26,3,3,184.62,23.08
SE Marsh,2015,Powerplay,41,36,6,0,113.89,16.67
SE Marsh,2016,Death,18,10,1,1,180.0,20.0
SE Marsh,2016,Middle,107,87,8,3,122.99,12.64
SE Marsh,2016,Powerplay,34,37,4,0,91.89,10.81
SE Marsh,2017,Middle,146,98,18,3,148.98,21.43
SE Marsh,2017,Powerplay,112,94,18,1,119.15,20.21
SE Rutherford,2019,Death,47,24,2,5,195.83,29.17
SE Rutherford,2019,Middle,26,30,0,2,86.67,6.67
SE Rutherford,2022,Death,2,4,0,0,50.0,0.0
SE Rutherford,2022,Middle,27,34,1,1,79.41,5.88
SE Rutherford,2022,Powerplay,4,12,0,0,33.33,0.0
SE Rutherford,2025,Death,96,61,7,6,157.38,21.31
SE Rutherford,2025,Middle,194,119,15,12,163.03,22.69
SE Rutherford,2025,Powerplay,0,4,0,0,0.0,0.0
SE Rutherford,2026,Death,54,29,1,7,186.21,27.59
SE Rutherford,2026,Middle,69,45,4,5,153.33,20.0
SH Johnson,2024,Death,6,7,1,0,85.71,14.29
SH Johnson,2025,Death,1,1,0,0,100.0,0.0
SH Johnson,2025,Middle,1,3,0,0,33.33,0.0
SH Johnson,2026,Middle,0,1,0,0,0.0,0.0
SJ Srivastava,2010,Death,1,2,0,0,50.0,0.0
SJ Srivastava,2011,Death,4,3,0,0,133.33,0.0
SK Raina,2008,Death,35,26,3,1,134.62,15.38
SK Raina,2008,Middle,293,201,18,15,145.77,16.42
SK Raina,2008,Powerplay,92,67,14,2,137.31,23.88
SK Raina,2009,Death,48,29,4,3,165.52,24.14
SK Raina,2009,Middle,244,184,19,9,132.61,15.22
SK Raina,2009,Powerplay,141,93,14,9,151.61,24.73
SK Raina,2010,Death,53,41,3,3,129.27,14.63
SK Raina,2010,Middle,310,223,18,15,139.01,14.8
SK Raina,2010,Powerplay,157,100,24,4,157.0,28.0
SK Raina,2011,Death,92,49,4,7,187.76,22.45
SK Raina,2011,Middle,240,173,21,7,138.73,16.18
SK Raina,2011,Powerplay,105,101,11,3,103.96,13.86
SK Raina,2012,Death,28,15,0,2,186.67,13.33
SK Raina,2012,Middle,296,217,25,11,136.41,16.59
SK Raina,2012,Powerplay,116,92,11,6,126.09,18.48
SK Raina,2013,Death,152,69,16,6,220.29,31.88
SK Raina,2013,Middle,316,223,23,11,141.7,15.25
SK Raina,2013,Powerplay,78,72,11,1,108.33,16.67
SK Raina,2014,Death,48,42,3,0,114.29,7.14
SK Raina,2014,Middle,308,213,27,11,144.6,17.84
SK Raina,2014,Powerplay,163,102,20,8,159.8,27.45
SK Raina,2015,Death,9,3,2,0,300.0,66.67
SK Raina,2015,Middle,253,200,17,11,126.5,14.0
SK Raina,2015,Powerplay,112,100,12,5,112.0,17.0
SK Raina,2016,Death,25,18,3,0,138.89,16.67
SK Raina,2016,Middle,196,169,17,1,115.98,10.65
SK Raina,2016,Powerplay,178,125,19,9,142.4,22.4
SK Raina,2017,Death,48,28,5,2,171.43,25.0
SK Raina,2017,Middle,261,184,22,7,141.85,15.76
SK Raina,2017,Powerplay,129,92,14,4,140.22,19.57
SK Raina,2018,Death,74,35,6,4,211.43,28.57
SK Raina,2018,Middle,243,204,20,7,119.12,13.24
SK Raina,2018,Powerplay,128,96,20,1,133.33,21.88
SK Raina,2019,Death,10,9,1,0,111.11,11.11
SK Raina,2019,Middle,238,197,22,6,120.81,14.21
SK Raina,2019,Powerplay,134,106,22,3,126.42,23.58
SK Raina,2021,Death,31,19,4,1,163.16,26.32
SK Raina,2021,Middle,111,89,5,8,124.72,14.61
SK Raina,2021,Powerplay,18,19,4,0,94.74,21.05
SK Rasheed,2025,Middle,2,3,0,0,66.67,0.0
SK Rasheed,2025,Powerplay,69,60,9,2,115.0,18.33
SK Trivedi,2008,Death,4,11,0,0,36.36,0.0
SK Trivedi,2008,Middle,1,1,0,0,100.0,0.0
SK Trivedi,2009,Death,8,15,0,0,53.33,0.0
SK Trivedi,2009,Middle,1,2,0,0,50.0,0.0
SK Trivedi,2010,Death,20,14,3,1,142.86,28.57
SK Trivedi,2011,Middle,0,2,0,0,0.0,0.0
SK Trivedi,2012,Death,5,6,0,0,83.33,0.0
SK Trivedi,2013,Death,3,7,0,0,42.86,0.0
SK Warne,2008,Death,45,40,3,2,112.5,12.5
SK Warne,2008,Middle,24,18,4,0,133.33,22.22
SK Warne,2009,Death,55,51,3,2,107.84,9.8
SK Warne,2009,Middle,53,65,3,2,81.54,7.69
SK Warne,2010,Death,10,17,0,0,58.82,0.0
SK Warne,2010,Middle,0,2,0,0,0.0,0.0
SK Warne,2011,Death,5,5,1,0,100.0,20.0
SK Warne,2011,Middle,5,15,0,0,33.33,0.0
SL Malinga,2009,Death,0,1,0,0,0.0,0.0
SL Malinga,2010,Death,1,1,0,0,100.0,0.0
SL Malinga,2011,Death,1,4,0,0,25.0,0.0
SL Malinga,2011,Middle,7,5,0,1,140.0,20.0
SL Malinga,2012,Death,54,48,4,3,112.5,14.58
SL Malinga,2012,Middle,1,5,0,0,20.0,0.0
SL Malinga,2013,Death,9,18,1,0,50.0,5.56
SL Malinga,2014,Death,2,4,0,0,50.0,0.0
SL Malinga,2015,Death,6,10,1,0,60.0,10.0
SL Malinga,2017,Death,7,3,0,1,233.33,33.33
SM Curran,2019,Death,65,29,9,2,224.14,37.93
SM Curran,2019,Middle,10,16,1,0,62.5,6.25
SM Curran,2019,Powerplay,20,10,3,1,200.0,40.0
SM Curran,2020,Death,67,41,5,4,163.41,21.95
SM Curran,2020,Middle,71,58,3,5,122.41,13.79
SM Curran,2020,Powerplay,48,42,4,3,114.29,16.67
SM Curran,2021,Death,46,23,3,3,200.0,26.09
SM Curran,2021,Middle,10,6,2,0,166.67,33.33
SM Curran,2023,Death,107,57,7,8,187.72,26.32
SM Curran,2023,Middle,150,135,11,4,111.11,11.11
SM Curran,2023,Powerplay,14,9,1,1,155.56,22.22
SM Curran,2024,Death,47,30,4,3,156.67,23.33
SM Curran,2024,Middle,178,144,14,3,123.61,11.81
SM Curran,2024,Powerplay,41,43,5,0,95.35,11.63
SM Curran,2025,Death,7,8,0,1,87.5,12.5
SM Curran,2025,Middle,81,49,8,3,165.31,22.45
SM Curran,2025,Powerplay,24,25,3,0,96.0,12.0
SM Harwood,2009,Death,8,13,0,0,61.54,0.0
SM Katich,2008,Death,17,13,0,1,130.77,7.69
SM Katich,2008,Middle,43,34,4,1,126.47,14.71
SM Katich,2008,Powerplay,35,21,7,0,166.67,33.33
SM Katich,2009,Middle,35,30,3,1,116.67,13.33
SM Katich,2009,Powerplay,110,87,12,5,126.44,19.54
SM Pollock,2008,Death,72,35,7,5,205.71,34.29
SM Pollock,2008,Middle,74,70,5,3,105.71,11.43
SM Pollock,2008,Powerplay,1,6,0,0,16.67,0.0
SMSM Senanayake,2013,Death,9,15,0,0,60.0,0.0
SMSM Senanayake,2013,Middle,1,1,0,0,100.0,0.0
SN Khan,2015,Death,63,36,8,1,175.0,25.0
SN Khan,2015,Middle,47,34,4,1,138.24,14.71
SN Khan,2016,Death,57,23,6,4,247.83,43.48
SN Khan,2016,Middle,9,8,1,0,112.5,12.5
SN Khan,2018,Death,37,23,5,1,160.87,26.09
SN Khan,2018,Middle,14,18,2,0,77.78,11.11
SN Khan,2019,Death,29,21,2,1,138.1,14.29
SN Khan,2019,Middle,109,92,12,2,118.48,15.22
SN Khan,2019,Powerplay,36,28,4,1,128.57,17.86
SN Khan,2020,Death,20,13,3,0,153.85,23.08
SN Khan,2020,Middle,13,16,2,0,81.25,12.5
SN Khan,2021,Middle,0,1,0,0,0.0,0.0
SN Khan,2021,Powerplay,0,3,0,0,0.0,0.0
SN Khan,2022,Death,19,13,2,0,146.15,15.38
SN Khan,2022,Middle,33,33,2,0,100.0,6.06
SN Khan,2022,Powerplay,39,21,5,2,185.71,33.33
SN Khan,2023,Death,9,5,2,0,180.0,40.0
SN Khan,2023,Middle,30,40,1,0,75.0,2.5
SN Khan,2023,Powerplay,14,16,1,1,87.5,12.5
SN Khan,2026,Death,12,5,3,0,240.0,60.0
SN Khan,2026,Middle,66,46,7,3,143.48,21.74
SN Khan,2026,Powerplay,79,43,12,3,183.72,34.88
SN Thakur,2015,Death,7,6,1,0,116.67,16.67
SN Thakur,2017,Death,0,3,0,0,0.0,0.0
SN Thakur,2018,Death,15,5,3,0,300.0,60.0
SN Thakur,2019,Death,14,7,1,1,200.0,28.57
SN Thakur,2020,Death,1,1,0,0,100.0,0.0
SN Thakur,2020,Middle,11,20,0,0,55.0,0.0
SN Thakur,2021,Death,4,3,0,0,133.33,0.0
SN Thakur,2021,Middle,0,1,0,0,0.0,0.0
SN Thakur,2022,Death,69,46,3,5,150.0,17.39
SN Thakur,2022,Middle,51,41,4,2,124.39,14.63
SN Thakur,2023,Death,38,28,6,0,135.71,21.43
SN Thakur,2023,Middle,75,38,7,4,197.37,28.95
SN Thakur,2023,Powerplay,0,4,0,0,0.0,0.0
SN Thakur,2024,Death,21,17,2,1,123.53,17.65
SN Thakur,2025,Death,18,12,3,0,150.0,25.0
SN Thakur,2026,Death,11,14,1,0,78.57,7.14
SN Thakur,2026,Middle,13,16,1,0,81.25,6.25
SO Hetmyer,2019,Death,8,5,0,1,160.0,20.0
SO Hetmyer,2019,Middle,52,42,2,4,123.81,14.29
SO Hetmyer,2019,Powerplay,30,26,2,2,115.38,15.38
SO Hetmyer,2020,Death,72,38,3,6,189.47,23.68
SO Hetmyer,2020,Middle,88,61,4,6,144.26,16.39
SO Hetmyer,2020,Powerplay,23,25,4,0,92.0,16.0
SO Hetmyer,2021,Death,133,65,9,9,204.62,27.69
SO Hetmyer,2021,Middle,109,77,10,3,141.56,16.88
SO Hetmyer,2022,Death,218,106,13,19,205.66,30.19
SO Hetmyer,2022,Middle,96,98,8,2,97.96,10.2
SO Hetmyer,2023,Death,165,85,9,13,194.12,25.88
SO Hetmyer,2023,Middle,127,106,3,9,119.81,11.32
SO Hetmyer,2023,Powerplay,7,5,0,1,140.0,20.0
SO Hetmyer,2024,Death,84,42,7,6,200.0,30.95
SO Hetmyer,2024,Middle,29,26,2,1,111.54,11.54
SO Hetmyer,2025,Death,114,72,8,6,158.33,19.44
SO Hetmyer,2025,Middle,125,91,9,5,137.36,15.38
SO Hetmyer,2025,Powerplay,6,5,1,0,120.0,20.0
SO Hetmyer,2026,Death,19,17,1,0,111.76,5.88
SO Hetmyer,2026,Middle,51,42,3,3,121.43,14.29
SO Hetmyer,2026,Powerplay,8,10,1,0,80.0,10.0
SP Fleming,2008,Middle,76,54,10,1,140.74,20.37
SP Fleming,2008,Powerplay,116,108,16,2,107.41,16.67
SP Goswami,2008,Middle,48,40,6,1,120.0,17.5
SP Goswami,2008,Powerplay,34,45,3,0,75.56,6.67
SP Goswami,2009,Middle,14,21,1,0,66.67,4.76
SP Goswami,2009,Powerplay,39,39,5,0,100.0,12.82
SP Goswami,2010,Powerplay,8,10,2,0,80.0,20.0
SP Goswami,2011,Middle,0,1,0,0,0.0,0.0
SP Goswami,2011,Powerplay,29,28,5,0,103.57,17.86
SP Goswami,2012,Death,11,13,0,0,84.62,0.0
SP Goswami,2012,Middle,47,44,3,1,106.82,9.09
SP Goswami,2012,Powerplay,11,10,1,0,110.0,10.0
SP Goswami,2018,Middle,10,8,1,0,125.0,12.5
SP Goswami,2018,Powerplay,41,30,5,1,136.67,20.0
SP Goswami,2020,Death,0,1,0,0,0.0,0.0
SP Goswami,2020,Powerplay,0,3,0,0,0.0,0.0
SP Jackson,2017,Death,6,6,0,0,100.0,0.0
SP Jackson,2017,Middle,22,16,3,0,137.5,18.75
SP Jackson,2017,Powerplay,10,9,2,0,111.11,22.22
SP Jackson,2022,Death,13,14,0,0,92.86,0.0
SP Jackson,2022,Middle,10,12,0,1,83.33,8.33
SP Narine,2012,Death,9,7,2,0,128.57,28.57
SP Narine,2013,Death,21,18,0,2,116.67,11.11
SP Narine,2013,Middle,0,1,0,0,0.0,0.0
SP Narine,2014,Death,4,6,0,0,66.67,0.0
SP Narine,2014,Middle,6,8,0,0,75.0,0.0
SP Narine,2015,Death,0,1,0,0,0.0,0.0
SP Narine,2016,Death,7,13,0,0,53.85,0.0
SP Narine,2017,Death,2,3,0,0,66.67,0.0
SP Narine,2017,Middle,0,1,0,0,0.0,0.0
SP Narine,2017,Powerplay,222,126,34,10,176.19,34.92
SP Narine,2018,Death,5,4,1,0,125.0,25.0
SP Narine,2018,Middle,70,42,7,4,166.67,26.19
SP Narine,2018,Powerplay,282,142,32,19,198.59,35.92
SP Narine,2019,Middle,24,17,1,3,141.18,23.53
SP Narine,2019,Powerplay,117,68,16,6,172.06,32.35
SP Narine,2020,Death,0,1,0,0,0.0,0.0
SP Narine,2020,Middle,94,53,8,6,177.36,26.42
SP Narine,2020,Powerplay,27,31,2,2,87.1,12.9
SP Narine,2021,Death,5,13,0,0,38.46,0.0
SP Narine,2021,Middle,53,27,2,5,196.3,25.93
SP Narine,2021,Powerplay,4,7,1,0,57.14,14.29
SP Narine,2022,Death,22,10,0,3,220.0,30.0
SP Narine,2022,Middle,38,22,5,2,172.73,31.82
SP Narine,2022,Powerplay,11,8,1,1,137.5,25.0
SP Narine,2023,Death,9,11,1,0,81.82,9.09
SP Narine,2023,Middle,12,10,1,1,120.0,20.0
SP Narine,2023,Powerplay,0,4,0,0,0.0,0.0
SP Narine,2024,Death,9,7,2,0,128.57,28.57
SP Narine,2024,Middle,198,98,15,16,202.04,31.63
SP Narine,2024,Powerplay,281,165,33,17,170.3,30.3
SP Narine,2025,Middle,42,23,3,4,182.61,30.43
SP Narine,2025,Powerplay,204,121,22,15,168.6,30.58
SP Narine,2026,Death,3,9,0,0,33.33,0.0
SP Narine,2026,Middle,13,6,0,2,216.67,33.33
SP Narine,2026,Powerplay,24,17,2,2,141.18,23.53
SPD Smith,2012,Death,147,86,9,9,170.93,20.93
SPD Smith,2012,Middle,192,164,12,4,117.07,9.76
SPD Smith,2012,Powerplay,11,12,2,0,91.67,16.67
SPD Smith,2013,Death,49,24,3,4,204.17,29.17
SPD Smith,2013,Middle,96,94,10,0,102.13,10.64
SPD Smith,2013,Powerplay,14,14,2,0,100.0,14.29
SPD Smith,2014,Death,69,38,10,1,181.58,28.95
SPD Smith,2014,Middle,72,71,3,2,101.41,7.04
SPD Smith,2014,Powerplay,5,3,0,0,166.67,0.0
SPD Smith,2015,Death,42,25,5,1,168.0,24.0
SPD Smith,2015,Middle,198,154,19,2,128.57,13.64
SPD Smith,2015,Powerplay,52,41,9,0,126.83,21.95
SPD Smith,2016,Death,39,21,5,1,185.71,28.57
SPD Smith,2016,Middle,140,100,8,5,140.0,13.0
SPD Smith,2016,Powerplay,91,54,14,2,168.52,29.63
SPD Smith,2017,Death,66,38,4,4,173.68,21.05
SPD Smith,2017,Middle,275,237,19,5,116.03,10.13
SPD Smith,2017,Powerplay,131,112,15,3,116.96,16.07
SPD Smith,2019,Death,59,46,5,2,128.26,15.22
SPD Smith,2019,Middle,210,184,19,2,114.13,11.41
SPD Smith,2019,Powerplay,48,43,6,0,111.63,13.95
SPD Smith,2020,Death,39,29,5,0,134.48,17.24
SPD Smith,2020,Middle,154,115,11,5,133.91,13.91
SPD Smith,2020,Powerplay,110,91,14,4,120.88,19.78
SPD Smith,2021,Death,20,12,2,1,166.67,25.0
SPD Smith,2021,Middle,88,79,7,0,111.39,8.86
SPD Smith,2021,Powerplay,44,44,4,1,100.0,11.36
SR Dubey,2026,Death,4,2,1,0,200.0,50.0
SR Tendulkar,2008,Death,3,3,0,0,100.0,0.0
SR Tendulkar,2008,Middle,93,91,12,1,102.2,14.29
SR Tendulkar,2008,Powerplay,92,83,14,1,110.84,18.07
SR Tendulkar,2009,Death,18,10,3,0,180.0,30.0
SR Tendulkar,2009,Middle,215,160,22,6,134.38,17.5
SR Tendulkar,2009,Powerplay,130,129,14,4,100.78,13.95
SR Tendulkar,2010,Death,61,31,8,2,196.77,32.26
SR Tendulkar,2010,Middle,230,197,23,1,116.75,12.18
SR Tendulkar,2010,Powerplay,325,235,55,0,138.3,23.4
SR Tendulkar,2011,Death,43,26,6,1,165.38,26.92
SR Tendulkar,2011,Middle,264,242,23,3,109.09,10.74
SR Tendulkar,2011,Powerplay,246,220,38,1,111.82,17.73
SR Tendulkar,2012,Death,7,6,1,0,116.67,16.67
SR Tendulkar,2012,Middle,149,118,14,2,126.27,13.56
SR Tendulkar,2012,Powerplay,168,159,24,2,105.66,16.35
SR Tendulkar,2013,Death,0,2,0,0,0.0,0.0
SR Tendulkar,2013,Middle,108,78,9,3,138.46,15.38
SR Tendulkar,2013,Powerplay,179,151,30,2,118.54,21.19
SR Watson,2008,Death,43,23,5,0,186.96,21.74
SR Watson,2008,Middle,367,234,34,17,156.84,21.79
SR Watson,2008,Powerplay,57,50,7,2,114.0,18.0
SR Watson,2010,Death,5,3,1,0,166.67,33.33
SR Watson,2010,Middle,119,67,10,6,177.61,23.88
SR Watson,2010,Powerplay,57,43,6,3,132.56,20.93
SR Watson,2011,Death,7,3,0,1,233.33,33.33
SR Watson,2011,Middle,153,96,10,11,159.38,21.88
SR Watson,2011,Powerplay,169,153,21,5,110.46,16.99
SR Watson,2012,Death,4,1,1,0,400.0,100.0
SR Watson,2012,Middle,151,99,14,9,152.53,23.23
SR Watson,2012,Powerplay,100,68,11,5,147.06,23.53
SR Watson,2013,Death,61,27,3,5,225.93,29.63
SR Watson,2013,Middle,299,205,27,14,145.85,20.0
SR Watson,2013,Powerplay,182,146,29,3,124.66,21.92
SR Watson,2014,Death,19,15,1,1,126.67,13.33
SR Watson,2014,Middle,187,128,16,12,146.09,21.88
SR Watson,2014,Powerplay,39,55,3,1,70.91,7.27
SR Watson,2015,Death,29,14,2,2,207.14,28.57
SR Watson,2015,Middle,141,90,10,8,156.67,20.0
SR Watson,2015,Powerplay,173,153,24,4,113.07,18.3
SR Watson,2016,Death,49,25,4,4,196.0,32.0
SR Watson,2016,Middle,123,97,9,8,126.8,17.53
SR Watson,2016,Powerplay,7,12,1,0,58.33,8.33
SR Watson,2017,Death,8,10,0,0,80.0,0.0
SR Watson,2017,Middle,42,47,2,1,89.36,6.38
SR Watson,2017,Powerplay,21,21,4,0,100.0,19.05
SR Watson,2018,Death,31,17,5,0,182.35,29.41
SR Watson,2018,Middle,250,126,17,17,198.41,26.98
SR Watson,2018,Powerplay,274,215,22,18,127.44,18.6
SR Watson,2019,Death,32,16,0,4,200.0,25.0
SR Watson,2019,Middle,177,99,17,10,178.79,27.27
SR Watson,2019,Powerplay,189,196,25,6,96.43,15.82
SR Watson,2020,Death,2,3,0,0,66.67,0.0
SR Watson,2020,Middle,146,99,14,6,147.47,20.2
SR Watson,2020,Powerplay,151,145,19,7,104.14,17.93
SS Cottrell,2020,Death,0,1,0,0,0.0,0.0
SS Cottrell,2020,Middle,0,1,0,0,0.0,0.0
SS Iyer,2015,Death,8,6,1,0,133.33,16.67
SS Iyer,2015,Middle,234,149,16,15,157.05,20.81
SS Iyer,2015,Powerplay,197,187,24,6,105.35,16.04
SS Iyer,2016,Middle,1,3,0,0,33.33,0.0
SS Iyer,2016,Powerplay,29,40,2,1,72.5,7.5
SS Iyer,2017,Death,41,24,4,2,170.83,25.0
SS Iyer,2017,Middle,241,163,25,7,147.85,19.63
SS Iyer,2017,Powerplay,55,55,7,1,100.0,14.55
SS Iyer,2018,Death,82,36,4,8,227.78,33.33
SS Iyer,2018,Middle,236,184,15,11,128.26,14.13
SS Iyer,2018,Powerplay,92,89,10,2,103.37,13.48
SS Iyer,2019,Death,19,17,1,1,111.76,11.76
SS Iyer,2019,Middle,281,247,22,7,113.77,11.74
SS Iyer,2019,Powerplay,166,122,19,6,136.07,20.49
SS Iyer,2020,Death,72,37,6,4,194.59,27.03
SS Iyer,2020,Middle,313,260,14,10,120.38,9.23
SS Iyer,2020,Powerplay,129,122,19,2,105.74,17.21
SS Iyer,2021,Death,47,33,3,2,142.42,15.15
SS Iyer,2021,Middle,107,99,3,3,108.08,6.06
SS Iyer,2021,Powerplay,21,39,1,0,53.85,2.56
SS Iyer,2022,Death,10,8,1,0,125.0,12.5
SS Iyer,2022,Middle,224,172,15,9,130.23,13.95
SS Iyer,2022,Powerplay,167,118,25,2,141.53,22.88
SS Iyer,2024,Death,84,36,6,7,233.33,36.11
SS Iyer,2024,Middle,249,177,25,7,140.68,18.08
SS Iyer,2024,Powerplay,18,26,3,0,69.23,11.54
SS Iyer,2025,Death,149,59,12,13,252.54,42.37
SS Iyer,2025,Middle,355,215,19,23,165.12,19.53
SS Iyer,2025,Powerplay,99,69,12,3,143.48,21.74
SS Iyer,2026,Death,72,42,5,5,171.43,23.81
SS Iyer,2026,Middle,368,209,23,25,176.08,22.97
SS Iyer,2026,Powerplay,57,42,11,0,135.71,26.19
SS Mishra,2026,Death,1,3,0,0,33.33,0.0
SS Prabhudessai,2022,Middle,59,46,6,2,128.26,17.39
SS Prabhudessai,2022,Powerplay,8,12,1,0,66.67,8.33
SS Prabhudessai,2023,Death,19,13,0,2,146.15,15.38
SS Prabhudessai,2023,Middle,16,16,1,0,100.0,6.25
SS Prabhudessai,2024,Death,4,6,1,0,66.67,16.67
SS Prabhudessai,2024,Middle,20,12,2,0,166.67,16.67
SS Shaikh,2009,Middle,6,7,1,0,85.71,14.29
SS Tiwary,2008,Death,4,6,0,0,66.67,0.0
SS Tiwary,2008,Middle,22,14,3,1,157.14,28.57
SS Tiwary,2009,Death,13,12,0,0,108.33,0.0
SS Tiwary,2010,Death,62,32,5,4,193.75,28.12
SS Tiwary,2010,Middle,312,242,19,13,128.93,13.22
SS Tiwary,2010,Powerplay,43,33,5,1,130.3,18.18
SS Tiwary,2011,Death,87,67,6,4,129.85,14.93
SS Tiwary,2011,Middle,94,108,6,1,87.04,6.48
SS Tiwary,2011,Powerplay,6,11,1,0,54.55,9.09
SS Tiwary,2012,Death,69,41,4,3,168.29,17.07
SS Tiwary,2012,Middle,99,100,4,4,99.0,8.0
SS Tiwary,2012,Powerplay,21,26,1,1,80.77,7.69
SS Tiwary,2013,Death,21,19,2,0,110.53,10.53
SS Tiwary,2013,Middle,75,69,1,4,108.7,7.25
SS Tiwary,2013,Powerplay,13,18,1,0,72.22,5.56
SS Tiwary,2015,Death,83,53,7,4,156.6,20.75
SS Tiwary,2015,Middle,26,25,2,1,104.0,12.0
SS Tiwary,2016,Death,4,4,0,0,100.0,0.0
SS Tiwary,2016,Middle,122,97,10,4,125.77,14.43
SS Tiwary,2016,Powerplay,43,38,7,0,113.16,18.42
SS Tiwary,2017,Middle,27,24,4,0,112.5,16.67
SS Tiwary,2017,Powerplay,25,19,5,0,131.58,26.32
SS Tiwary,2020,Death,16,6,2,1,266.67,50.0
SS Tiwary,2020,Middle,84,70,6,2,120.0,11.43
SS Tiwary,2020,Powerplay,3,4,0,0,75.0,0.0
SS Tiwary,2021,Death,22,12,3,0,183.33,25.0
SS Tiwary,2021,Middle,79,75,4,2,105.33,8.0
SS Tiwary,2021,Powerplay,14,10,3,0,140.0,30.0
ST Jayasuriya,2008,Middle,164,94,17,9,174.47,27.66
ST Jayasuriya,2008,Powerplay,344,214,40,21,160.75,28.5
ST Jayasuriya,2009,Middle,89,71,6,3,125.35,12.68
ST Jayasuriya,2009,Powerplay,130,119,17,4,109.24,17.65
ST Jayasuriya,2010,Powerplay,33,31,4,1,106.45,16.13
STR Binny,2010,Death,8,5,1,0,160.0,20.0
STR Binny,2011,Death,7,7,0,0,100.0,0.0
STR Binny,2011,Middle,26,18,2,1,144.44,16.67
STR Binny,2011,Powerplay,4,6,0,0,66.67,0.0
STR Binny,2012,Death,18,15,1,0,120.0,6.67
STR Binny,2012,Middle,72,46,8,3,156.52,23.91
STR Binny,2012,Powerplay,0,6,0,0,0.0,0.0
STR Binny,2013,Death,77,50,5,4,154.0,18.0
STR Binny,2013,Middle,211,145,19,8,145.52,18.62
STR Binny,2013,Powerplay,5,4,1,0,125.0,25.0
STR Binny,2014,Death,34,25,2,2,136.0,16.0
STR Binny,2014,Middle,89,95,2,3,93.68,5.26
STR Binny,2014,Powerplay,0,1,0,0,0.0,0.0
STR Binny,2015,Death,43,28,4,1,153.57,17.86
STR Binny,2015,Middle,30,37,3,0,81.08,8.11
STR Binny,2016,Death,35,19,2,3,184.21,26.32
STR Binny,2016,Middle,27,18,3,1,150.0,22.22
STR Binny,2016,Powerplay,1,2,0,0,50.0,0.0
STR Binny,2017,Death,34,19,2,2,178.95,21.05
STR Binny,2017,Middle,36,51,2,1,70.59,5.88
STR Binny,2017,Powerplay,8,6,2,0,133.33,33.33
STR Binny,2018,Death,20,14,0,2,142.86,14.29
STR Binny,2018,Middle,24,25,2,0,96.0,8.0
STR Binny,2019,Death,59,28,5,3,210.71,28.57
STR Binny,2019,Middle,11,12,0,1,91.67,8.33
SU Parakh,2026,Middle,22,19,3,0,115.79,15.79
SU Parakh,2026,Powerplay,24,14,2,2,171.43,28.57
SV Samson,2013,Death,49,34,6,1,144.12,20.59
SV Samson,2013,Middle,128,115,8,4,111.3,10.43
SV Samson,2013,Powerplay,29,29,5,0,100.0,17.24
SV Samson,2014,Death,11,10,0,1,110.0,10.0
SV Samson,2014,Middle,206,152,11,10,135.53,13.82
SV Samson,2014,Powerplay,122,111,14,6,109.91,18.02
SV Samson,2015,Death,51,21,2,6,242.86,38.1
SV Samson,2015,Middle,97,77,8,2,125.97,12.99
SV Samson,2015,Powerplay,56,64,6,0,87.5,9.38
SV Samson,2016,Death,30,16,0,3,187.5,18.75
SV Samson,2016,Middle,181,140,12,5,129.29,12.14
SV Samson,2016,Powerplay,80,102,8,0,78.43,7.84
SV Samson,2017,Death,35,13,1,4,269.23,38.46
SV Samson,2017,Middle,147,113,5,8,130.09,11.5
SV Samson,2017,Powerplay,204,147,26,7,138.78,22.45
SV Samson,2018,Death,68,26,3,8,261.54,42.31
SV Samson,2018,Middle,274,218,16,9,125.69,11.47
SV Samson,2018,Powerplay,99,75,11,2,132.0,17.33
SV Samson,2019,Death,63,29,7,2,217.24,31.03
SV Samson,2019,Middle,171,123,10,6,139.02,13.01
SV Samson,2019,Powerplay,107,77,11,5,138.96,20.78
SV Samson,2020,Death,3,5,0,0,60.0,0.0
SV Samson,2020,Middle,290,163,13,22,177.91,21.47
SV Samson,2020,Powerplay,80,66,8,4,121.21,18.18
SV Samson,2021,Death,83,52,6,4,159.62,19.23
SV Samson,2021,Middle,299,206,24,12,145.15,17.48
SV Samson,2021,Powerplay,99,93,15,1,106.45,17.2
SV Samson,2022,Death,45,21,5,3,214.29,38.1
SV Samson,2022,Middle,290,207,21,18,140.1,18.84
SV Samson,2022,Powerplay,123,83,17,5,148.19,26.51
SV Samson,2023,Death,25,14,3,1,178.57,28.57
SV Samson,2023,Middle,261,168,12,20,155.36,19.05
SV Samson,2023,Powerplay,76,54,10,3,140.74,24.07
SV Samson,2024,Death,84,39,5,6,215.38,28.21
SV Samson,2024,Middle,301,204,20,14,147.55,16.67
SV Samson,2024,Powerplay,145,100,23,4,145.0,27.0
SV Samson,2025,Middle,124,90,8,6,137.78,15.56
SV Samson,2025,Powerplay,160,111,19,7,144.14,23.42
SV Samson,2026,Death,47,23,4,3,204.35,30.43
SV Samson,2026,Middle,191,108,16,12,176.85,25.93
SV Samson,2026,Powerplay,235,154,32,9,152.6,26.62
SW Billings,2016,Death,9,7,0,1,128.57,14.29
SW Billings,2016,Middle,79,55,4,3,143.64,12.73
SW Billings,2016,Powerplay,0,1,0,0,0.0,0.0
SW Billings,2017,Middle,37,29,3,1,127.59,13.79
SW Billings,2017,Powerplay,101,74,16,0,136.49,21.62
SW Billings,2018,Death,49,26,3,3,188.46,23.08
SW Billings,2018,Middle,47,41,3,2,114.63,12.2
SW Billings,2018,Powerplay,12,11,2,0,109.09,18.18
SW Billings,2019,Middle,0,4,0,0,0.0,0.0
SW Billings,2022,Death,18,13,0,2,138.46,15.38
SW Billings,2022,Middle,133,113,7,7,117.7,12.39
SW Billings,2022,Powerplay,12,11,2,0,109.09,18.18
SW Tait,2010,Death,2,4,0,0,50.0,0.0
SW Tait,2010,Middle,10,9,0,1,111.11,11.11
SW Tait,2011,Death,7,5,1,0,140.0,20.0
SW Tait,2011,Middle,3,5,0,0,60.0,0.0
SW Tait,2013,Death,1,3,0,0,33.33,0.0
SZ Mulani,2024,Death,1,1,0,0,100.0,0.0
Sachin Baby,2013,Middle,3,7,0,0,42.86,0.0
Sachin Baby,2016,Death,72,38,6,4,189.47,26.32
Sachin Baby,2016,Middle,46,36,3,1,127.78,11.11
Sachin Baby,2016,Powerplay,0,3,0,0,0.0,0.0
Sachin Baby,2017,Death,12,8,2,0,150.0,25.0
Sachin Baby,2017,Middle,3,7,0,0,42.86,0.0
Sachin Baby,2021,Middle,6,16,0,0,37.5,0.0
Sakib Hussain,2026,Death,5,7,1,0,71.43,14.29
Salil Arora,2026,Middle,35,21,2,2,166.67,19.05
Salman Butt,2008,Death,4,2,1,0,200.0,50.0
Salman Butt,2008,Middle,85,61,11,1,139.34,19.67
Salman Butt,2008,Powerplay,103,97,18,1,106.19,19.59
Sameer Rizvi,2024,Death,29,14,3,2,207.14,35.71
Sameer Rizvi,2024,Middle,22,29,1,0,75.86,3.45
Sameer Rizvi,2025,Death,32,12,2,3,266.67,41.67
Sameer Rizvi,2025,Middle,80,56,7,4,142.86,19.64
Sameer Rizvi,2025,Powerplay,9,11,2,0,81.82,18.18
Sameer Rizvi,2026,Death,42,25,0,4,168.0,16.0
Sameer Rizvi,2026,Middle,201,125,14,13,160.8,21.6
Sameer Rizvi,2026,Powerplay,9,21,1,0,42.86,4.76
Sandeep Sharma,2013,Death,0,1,0,0,0.0,0.0
Sandeep Sharma,2014,Death,2,5,0,0,40.0,0.0
Sandeep Sharma,2015,Death,2,5,0,0,40.0,0.0
Sandeep Sharma,2015,Middle,7,9,1,0,77.78,11.11
Sandeep Sharma,2016,Death,3,4,0,0,75.0,0.0
Sandeep Sharma,2016,Middle,5,5,0,0,100.0,0.0
Sandeep Sharma,2017,Death,6,5,0,0,120.0,0.0
Sandeep Sharma,2018,Death,0,4,0,0,0.0,0.0
Sandeep Sharma,2019,Death,6,3,1,0,200.0,33.33
Sandeep Sharma,2020,Death,12,15,1,0,80.0,6.67
Sandeep Sharma,2021,Death,8,7,1,0,114.29,14.29
Sandeep Sharma,2023,Death,2,5,0,0,40.0,0.0
Sandeep Sharma,2023,Middle,0,1,0,0,0.0,0.0
Sandeep Sharma,2025,Death,6,5,0,0,120.0,0.0
Sanvir Singh,2023,Death,4,3,1,0,133.33,33.33
Sanvir Singh,2023,Middle,0,1,0,0,0.0,0.0
Sanvir Singh,2023,Powerplay,7,5,0,1,140.0,20.0
Sanvir Singh,2024,Death,14,11,1,0,127.27,9.09
Sanvir Singh,2024,Middle,0,1,0,0,0.0,0.0
Saurav Chauhan,2024,Death,16,12,1,1,133.33,16.67
Saurav Chauhan,2024,Middle,2,3,0,0,66.67,0.0
Sediqullah Atal,2025,Middle,22,16,0,2,137.5,12.5
Shahbaz Ahmed,2020,Death,1,1,0,0,100.0,0.0
Shahbaz Ahmed,2021,Death,30,24,2,1,125.0,12.5
Shahbaz Ahmed,2021,Middle,15,20,2,0,75.0,10.0
Shahbaz Ahmed,2021,Powerplay,14,9,0,1,155.56,11.11
Shahbaz Ahmed,2022,Death,43,25,3,3,172.0,24.0
Shahbaz Ahmed,2022,Middle,175,149,11,6,117.45,11.41
Shahbaz Ahmed,2022,Powerplay,0,5,0,0,0.0,0.0
Shahbaz Ahmed,2023,Death,23,14,3,0,164.29,21.43
Shahbaz Ahmed,2023,Middle,15,16,0,1,93.75,6.25
Shahbaz Ahmed,2023,Powerplay,4,9,0,0,44.44,0.0
Shahbaz Ahmed,2024,Death,111,63,5,9,176.19,22.22
Shahbaz Ahmed,2024,Middle,101,100,2,4,101.0,6.0
Shahbaz Ahmed,2024,Powerplay,3,3,0,0,100.0,0.0
Shahbaz Ahmed,2025,Death,9,8,1,0,112.5,12.5
Shahbaz Ahmed,2026,Death,45,26,3,3,173.08,23.08
Shahbaz Ahmed,2026,Middle,13,15,1,0,86.67,6.67
Shahid Afridi,2008,Death,22,10,2,2,220.0,40.0
Shahid Afridi,2008,Middle,16,18,1,1,88.89,11.11
Shahid Afridi,2008,Powerplay,43,18,4,3,238.89,38.89
Shakib Al Hasan,2011,Death,7,5,1,0,140.0,20.0
Shakib Al Hasan,2011,Middle,22,17,3,0,129.41,17.65
Shakib Al Hasan,2012,Death,30,22,2,1,136.36,13.64
Shakib Al Hasan,2012,Middle,59,51,4,2,115.69,11.76
Shakib Al Hasan,2014,Death,104,60,13,2,173.33,25.0
Shakib Al Hasan,2014,Middle,122,90,9,5,135.56,15.56
Shakib Al Hasan,2014,Powerplay,2,3,0,0,66.67,0.0
Shakib Al Hasan,2015,Death,4,7,0,0,57.14,0.0
Shakib Al Hasan,2015,Middle,32,20,5,0,160.0,25.0
Shakib Al Hasan,2016,Death,54,33,2,4,163.64,18.18
Shakib Al Hasan,2016,Middle,57,61,5,1,93.44,9.84
Shakib Al Hasan,2016,Powerplay,3,12,0,0,25.0,0.0
Shakib Al Hasan,2017,Death,1,1,0,0,100.0,0.0
Shakib Al Hasan,2018,Death,48,32,5,2,150.0,21.88
Shakib Al Hasan,2018,Middle,155,141,15,2,109.93,12.06
Shakib Al Hasan,2018,Powerplay,32,22,5,1,145.45,27.27
Shakib Al Hasan,2019,Death,5,6,0,0,83.33,0.0
Shakib Al Hasan,2019,Middle,4,4,0,0,100.0,0.0
Shakib Al Hasan,2021,Death,14,16,1,0,87.5,6.25
Shakib Al Hasan,2021,Middle,33,32,2,1,103.12,9.38
Shashank Singh,2022,Death,42,23,3,3,182.61,26.09
Shashank Singh,2022,Middle,27,24,2,1,112.5,12.5
Shashank Singh,2024,Death,116,49,8,10,236.73,36.73
Shashank Singh,2024,Middle,204,141,14,11,144.68,17.73
Shashank Singh,2024,Powerplay,34,25,6,0,136.0,24.0
Shashank Singh,2025,Death,202,100,17,11,202.0,28.0
Shashank Singh,2025,Middle,148,128,6,7,115.62,10.16
Shashank Singh,2026,Death,79,40,8,4,197.5,30.0
Shashank Singh,2026,Middle,53,30,3,4,176.67,23.33
Shivam Mavi,2018,Death,13,12,1,0,108.33,8.33
Shivam Mavi,2018,Middle,0,3,0,0,0.0,0.0
Shivam Mavi,2020,Death,10,14,1,0,71.43,7.14
Shivam Mavi,2021,Death,25,20,2,2,125.0,20.0
Shivam Mavi,2022,Death,0,1,0,0,0.0,0.0
Shivam Mavi,2022,Middle,3,6,0,0,50.0,0.0
Shivam Sharma,2014,Death,5,3,1,0,166.67,33.33
Shivam Singh,2024,Death,2,3,0,0,66.67,0.0
Shivang Kumar,2026,Death,38,26,6,1,146.15,26.92
Shivang Kumar,2026,Middle,14,19,0,0,73.68,0.0
Shoaib Ahmed,2009,Death,0,4,0,0,0.0,0.0
Shoaib Ahmed,2009,Middle,1,2,0,0,50.0,0.0
Shoaib Akhtar,2008,Middle,2,7,0,0,28.57,0.0
Shoaib Malik,2008,Death,2,4,0,0,50.0,0.0
Shoaib Malik,2008,Middle,32,29,2,0,110.34,6.9
Shoaib Malik,2008,Powerplay,17,13,3,0,130.77,23.08
Shubman Gill,2018,Death,60,38,8,1,157.89,23.68
Shubman Gill,2018,Middle,119,85,9,4,140.0,15.29
Shubman Gill,2018,Powerplay,24,16,5,0,150.0,31.25
Shubman Gill,2019,Death,38,31,1,2,122.58,9.68
Shubman Gill,2019,Middle,157,114,8,7,137.72,13.16
Shubman Gill,2019,Powerplay,100,92,12,1,108.7,14.13
Shubman Gill,2020,Death,21,18,1,1,116.67,11.11
Shubman Gill,2020,Middle,161,146,10,2,110.27,8.22
Shubman Gill,2020,Powerplay,257,208,33,6,123.56,18.75
Shubman Gill,2021,Death,1,5,0,0,20.0,0.0
Shubman Gill,2021,Middle,192,167,14,6,114.97,11.98
Shubman Gill,2021,Powerplay,285,229,36,6,124.45,18.34
Shubman Gill,2022,Death,30,22,2,1,136.36,13.64
Shubman Gill,2022,Middle,238,160,19,7,148.75,16.25
Shubman Gill,2022,Powerplay,211,180,29,3,117.22,17.78
Shubman Gill,2023,Death,79,40,3,6,197.5,22.5
Shubman Gill,2023,Middle,454,286,30,21,158.74,17.83
Shubman Gill,2023,Powerplay,352,234,51,6,150.43,24.36
Shubman Gill,2024,Death,38,20,2,2,190.0,20.0
Shubman Gill,2024,Middle,194,121,15,5,160.33,16.53
Shubman Gill,2024,Powerplay,194,148,20,8,131.08,18.92
Shubman Gill,2025,Death,45,22,3,3,204.55,27.27
Shubman Gill,2025,Middle,322,195,28,12,165.13,20.51
Shubman Gill,2025,Powerplay,282,197,31,9,143.15,20.3
Shubman Gill,2026,Death,24,15,1,3,160.0,26.67
Shubman Gill,2026,Middle,378,225,30,18,168.0,21.33
Shubman Gill,2026,Powerplay,330,209,43,12,157.89,26.32
Sikandar Raza,2023,Death,34,27,2,1,125.93,11.11
Sikandar Raza,2023,Middle,97,64,8,5,151.56,20.31
Sikandar Raza,2023,Powerplay,8,7,0,0,114.29,0.0
Sikandar Raza,2024,Middle,43,36,2,2,119.44,11.11
Sikandar Raza,2024,Powerplay,0,2,0,0,0.0,0.0
Simarjeet Singh,2022,Death,5,5,0,0,100.0,0.0
Simarjeet Singh,2022,Middle,2,3,0,0,66.67,0.0
Simarjeet Singh,2025,Death,3,6,0,0,50.0,0.0
Simarjeet Singh,2025,Middle,0,1,0,0,0.0,0.0
Sohail Tanvir,2008,Death,11,9,0,0,122.22,0.0
Sohail Tanvir,2008,Middle,11,11,2,0,100.0,18.18
Sohail Tanvir,2008,Powerplay,13,8,1,1,162.5,25.0
Sumit Kumar,2024,Death,2,7,0,0,28.57,0.0
Sumit Kumar,2024,Middle,16,15,2,1,106.67,20.0
Sumit Kumar,2024,Powerplay,0,2,0,0,0.0,0.0
Sunny Gupta,2012,Middle,0,1,0,0,0.0,0.0
Sunny Singh,2011,Death,7,9,1,0,77.78,11.11
Sunny Singh,2011,Middle,21,14,2,1,150.0,21.43
Sunny Singh,2011,Powerplay,15,8,3,0,187.5,37.5
Suryansh Shedge,2025,Death,1,4,0,0,25.0,0.0
Suryansh Shedge,2025,Middle,6,7,0,0,85.71,0.0
Suryansh Shedge,2026,Death,33,17,3,2,194.12,29.41
Suryansh Shedge,2026,Middle,109,64,4,9,170.31,20.31
Suryansh Shedge,2026,Powerplay,16,9,2,1,177.78,33.33
Swapnil Singh,2016,Death,0,1,0,0,0.0,0.0
Swapnil Singh,2017,Death,2,2,0,0,100.0,0.0
Swapnil Singh,2017,Middle,10,17,0,0,58.82,0.0
Swapnil Singh,2023,Death,2,4,0,0,50.0,0.0
Swapnil Singh,2024,Death,22,12,1,2,183.33,25.0
Swapnil Singh,2024,Middle,15,9,2,1,166.67,33.33
T Banton,2020,Powerplay,18,20,1,1,90.0,10.0
T Dahiya,2026,Death,6,8,1,0,75.0,12.5
T Dahiya,2026,Middle,6,7,1,0,85.71,14.29
T Henderson,2009,Middle,9,6,0,1,150.0,16.67
T Henderson,2009,Powerplay,2,9,0,0,22.22,0.0
T Kohler-Cadmore,2024,Middle,1,3,0,0,33.33,0.0
T Kohler-Cadmore,2024,Powerplay,47,51,7,1,92.16,15.69
T Kohli,2008,Death,3,3,0,0,100.0,0.0
T Kohli,2008,Powerplay,7,12,0,1,58.33,8.33
T Kohli,2009,Death,1,3,0,0,33.33,0.0
T Kohli,2009,Middle,0,1,0,0,0.0,0.0
T Natarajan,2020,Death,3,5,0,0,60.0,0.0
T Natarajan,2026,Death,1,2,0,0,50.0,0.0
T Shamsi,2021,Death,2,4,0,0,50.0,0.0
T Stubbs,2022,Death,1,1,0,0,100.0,0.0
T Stubbs,2022,Middle,1,1,0,0,100.0,0.0
T Stubbs,2022,Powerplay,0,2,0,0,0.0,0.0
T Stubbs,2023,Death,9,8,1,0,112.5,12.5
T Stubbs,2023,Middle,16,23,1,0,69.57,4.35
T Stubbs,2024,Death,217,74,16,17,293.24,44.59
T Stubbs,2024,Middle,145,116,6,8,125.0,12.07
T Stubbs,2024,Powerplay,10,7,2,0,142.86,28.57
T Stubbs,2025,Death,137,68,16,5,201.47,30.88
T Stubbs,2025,Middle,161,128,9,6,125.78,11.72
T Stubbs,2025,Powerplay,8,4,0,1,200.0,25.0
T Stubbs,2026,Death,78,52,5,4,150.0,17.31
T Stubbs,2026,Middle,169,136,9,5,124.26,10.29
T Stubbs,2026,Powerplay,28,28,4,0,100.0,14.29
T Taibu,2008,Death,9,5,1,0,180.0,20.0
T Taibu,2008,Middle,22,21,2,0,104.76,9.52
T Thushara,2009,Death,2,7,0,0,28.57,0.0
T Thushara,2010,Death,10,11,0,0,90.91,0.0
TA Boult,2017,Death,5,8,0,0,62.5,0.0
TA Boult,2018,Middle,0,2,0,0,0.0,0.0
TA Boult,2019,Death,6,3,0,1,200.0,33.33
TA Boult,2019,Middle,1,1,0,0,100.0,0.0
TA Boult,2020,Death,0,1,0,0,0.0,0.0
TA Boult,2021,Death,1,4,0,0,25.0,0.0
TA Boult,2022,Death,39,26,2,1,150.0,11.54
TA Boult,2022,Middle,1,3,0,0,33.33,0.0
TA Boult,2023,Death,2,5,0,0,40.0,0.0
TA Boult,2023,Middle,14,9,1,1,155.56,22.22
TA Boult,2024,Death,14,16,2,0,87.5,12.5
TA Boult,2025,Death,2,3,0,0,66.67,0.0
TA Boult,2026,Death,7,2,0,1,350.0,50.0
TA Boult,2026,Middle,1,2,0,0,50.0,0.0
TD Paine,2011,Powerplay,10,26,0,0,38.46,0.0
TG Southee,2014,Middle,4,4,1,0,100.0,25.0
TG Southee,2015,Death,13,9,1,0,144.44,11.11
TG Southee,2016,Death,27,14,1,2,192.86,21.43
TG Southee,2016,Middle,3,4,0,0,75.0,0.0
TG Southee,2017,Death,7,3,0,1,233.33,33.33
TG Southee,2018,Death,44,31,5,1,141.94,19.35
TG Southee,2018,Middle,8,15,0,0,53.33,0.0
TG Southee,2019,Death,9,9,0,0,100.0,0.0
TG Southee,2021,Death,3,5,0,0,60.0,0.0
TG Southee,2022,Death,1,6,0,0,16.67,0.0
TG Southee,2022,Middle,1,6,0,0,16.67,0.0
TH David,2021,Death,1,3,0,0,33.33,0.0
TH David,2022,Death,114,46,4,13,247.83,36.96
TH David,2022,Middle,72,40,8,3,180.0,27.5
TH David,2023,Death,166,85,10,13,195.29,27.06
TH David,2023,Middle,65,61,2,2,106.56,6.56
TH David,2024,Death,164,85,11,12,192.94,27.06
TH David,2024,Middle,70,65,3,2,107.69,7.69
TH David,2025,Death,122,61,8,11,200.0,31.15
TH David,2025,Middle,55,38,7,2,144.74,23.68
TH David,2026,Death,156,64,8,15,243.75,35.94
TH David,2026,Middle,148,95,14,8,155.79,23.16
TK Curran,2018,Death,6,13,0,0,46.15,0.0
TK Curran,2018,Middle,17,15,3,0,113.33,20.0
TK Curran,2020,Death,42,21,3,3,200.0,28.57
TK Curran,2020,Middle,41,41,2,0,100.0,4.88
TK Curran,2021,Death,10,10,1,0,100.0,10.0
TK Curran,2021,Middle,11,7,1,0,157.14,14.29
TL Seifert,2021,Death,2,4,0,0,50.0,0.0
TL Seifert,2022,Powerplay,24,19,4,0,126.32,21.05
TL Seifert,2026,Powerplay,19,18,2,1,105.56,16.67
TL Suman,2009,Death,21,15,1,0,140.0,6.67
TL Suman,2009,Middle,136,114,11,4,119.3,13.16
TL Suman,2009,Powerplay,80,61,6,4,131.15,16.39
TL Suman,2010,Death,73,51,4,4,143.14,15.69
TL Suman,2010,Middle,192,159,13,7,120.75,12.58
TL Suman,2010,Powerplay,42,45,6,1,93.33,15.56
TL Suman,2011,Death,2,7,0,0,28.57,0.0
TL Suman,2011,Middle,54,34,3,5,158.82,23.53
TL Suman,2011,Powerplay,9,10,2,0,90.0,20.0
TL Suman,2012,Powerplay,15,19,1,1,78.95,10.53
TL Suman,2013,Middle,13,12,1,0,108.33,8.33
TL Suman,2013,Powerplay,39,46,7,0,84.78,15.22
TM Dilshan,2008,Death,31,14,3,2,221.43,35.71
TM Dilshan,2008,Middle,63,55,9,1,114.55,18.18
TM Dilshan,2008,Powerplay,8,9,2,0,88.89,22.22
TM Dilshan,2009,Death,76,39,7,4,194.87,28.21
TM Dilshan,2009,Middle,187,199,13,3,93.97,8.04
TM Dilshan,2009,Powerplay,151,101,21,6,149.5,26.73
TM Dilshan,2010,Middle,8,13,0,0,61.54,0.0
TM Dilshan,2010,Powerplay,36,40,6,0,90.0,15.0
TM Dilshan,2011,Death,19,10,0,2,190.0,20.0
TM Dilshan,2011,Middle,70,66,8,0,106.06,12.12
TM Dilshan,2011,Powerplay,137,104,25,1,131.73,25.0
TM Dilshan,2012,Death,28,23,3,0,121.74,13.04
TM Dilshan,2012,Middle,150,127,15,4,118.11,14.96
TM Dilshan,2012,Powerplay,99,109,13,1,90.83,12.84
TM Dilshan,2013,Middle,22,16,3,0,137.5,18.75
TM Dilshan,2013,Powerplay,53,76,9,0,69.74,11.84
TM Head,2016,Death,40,24,3,1,166.67,16.67
TM Head,2016,Middle,13,15,0,1,86.67,6.67
TM Head,2017,Death,53,24,3,4,220.83,29.17
TM Head,2017,Middle,88,67,5,2,131.34,10.45
TM Head,2017,Powerplay,10,17,1,0,58.82,5.88
TM Head,2024,Middle,165,103,12,10,160.19,21.36
TM Head,2024,Powerplay,398,191,51,22,208.38,38.22
TM Head,2025,Middle,113,69,11,5,163.77,23.19
TM Head,2025,Powerplay,260,157,39,10,165.61,31.21
TM Head,2026,Middle,73,43,2,6,169.77,18.6
TM Head,2026,Powerplay,337,197,44,17,171.07,30.96
TM Srivastava,2008,Death,4,3,0,0,133.33,0.0
TM Srivastava,2008,Middle,4,7,0,0,57.14,0.0
TM Srivastava,2009,Death,0,1,0,0,0.0,0.0
TR Birt,2011,Death,51,28,8,2,182.14,35.71
TR Birt,2011,Middle,24,29,1,0,82.76,3.45
TS Mills,2017,Death,6,6,0,1,100.0,16.67
TS Mills,2017,Middle,2,5,0,0,40.0,0.0
TS Mills,2022,Death,0,3,0,0,0.0,0.0
TU Deshpande,2020,Death,21,12,2,1,175.0,25.0
TU Deshpande,2023,Death,0,1,0,0,0.0,0.0
TU Deshpande,2024,Death,0,1,0,0,0.0,0.0
TU Deshpande,2025,Death,7,8,0,0,87.5,0.0
TU Deshpande,2026,Death,17,9,0,2,188.89,22.22
TU Deshpande,2026,Middle,9,5,0,1,180.0,20.0
Tanush Kotian,2024,Middle,6,11,0,0,54.55,0.0
Tanush Kotian,2024,Powerplay,18,20,3,0,90.0,15.0
Tilak Varma,2022,Death,63,42,5,2,150.0,16.67
Tilak Varma,2022,Middle,315,233,22,14,135.19,15.45
Tilak Varma,2022,Powerplay,19,27,2,0,70.37,7.41
Tilak Varma,2023,Death,86,41,8,6,209.76,34.15
Tilak Varma,2023,Middle,206,150,13,13,137.33,17.33
Tilak Varma,2023,Powerplay,50,17,5,4,294.12,52.94
Tilak Varma,2024,Death,42,25,0,4,168.0,16.0
Tilak Varma,2024,Middle,333,208,32,14,160.1,22.12
Tilak Varma,2024,Powerplay,40,44,3,1,90.91,9.09
Tilak Varma,2025,Death,55,30,4,3,183.33,23.33
Tilak Varma,2025,Middle,245,186,15,11,131.72,13.98
Tilak Varma,2025,Powerplay,36,29,4,1,124.14,17.24
Tilak Varma,2026,Death,137,51,14,11,268.63,49.02
Tilak Varma,2026,Middle,181,150,12,6,120.67,12.0
Tilak Varma,2026,Powerplay,41,45,4,0,91.11,8.89
U Kaul,2008,Death,0,1,0,0,0.0,0.0
UA Birla,2013,Middle,1,5,0,0,20.0,0.0
UA Birla,2013,Powerplay,6,9,1,0,66.67,11.11
UBT Chand,2011,Middle,2,3,0,0,66.67,0.0
UBT Chand,2011,Powerplay,0,9,0,0,0.0,0.0
UBT Chand,2012,Middle,3,6,0,0,50.0,0.0
UBT Chand,2012,Powerplay,33,28,2,3,117.86,17.86
UBT Chand,2013,Death,1,4,0,0,25.0,0.0
UBT Chand,2013,Middle,86,81,8,1,106.17,11.11
UBT Chand,2013,Powerplay,71,72,9,3,98.61,16.67
UBT Chand,2014,Powerplay,2,9,0,0,22.22,0.0
UBT Chand,2015,Death,6,4,1,0,150.0,25.0
UBT Chand,2015,Middle,82,59,10,2,138.98,20.34
UBT Chand,2015,Powerplay,14,20,2,0,70.0,10.0
UBT Chand,2016,Powerplay,0,4,0,0,0.0,0.0
UT Khawaja,2016,Middle,20,25,1,0,80.0,4.0
UT Khawaja,2016,Powerplay,107,74,13,3,144.59,21.62
UT Yadav,2010,Death,3,4,0,0,75.0,0.0
UT Yadav,2011,Death,1,3,0,0,33.33,0.0
UT Yadav,2011,Middle,0,2,0,0,0.0,0.0
UT Yadav,2012,Death,1,6,0,0,16.67,0.0
UT Yadav,2012,Middle,1,1,0,0,100.0,0.0
UT Yadav,2013,Death,38,38,3,1,100.0,10.53
UT Yadav,2014,Death,2,4,0,0,50.0,0.0
UT Yadav,2015,Death,29,14,5,1,207.14,42.86
UT Yadav,2016,Death,9,5,0,1,180.0,20.0
UT Yadav,2017,Death,10,13,0,0,76.92,0.0
UT Yadav,2018,Death,2,5,0,0,40.0,0.0
UT Yadav,2018,Middle,1,6,0,0,16.67,0.0
UT Yadav,2019,Death,15,14,3,0,107.14,21.43
UT Yadav,2019,Middle,10,11,0,1,90.91,9.09
UT Yadav,2020,Middle,0,2,0,0,0.0,0.0
UT Yadav,2022,Death,48,31,3,4,154.84,22.58
UT Yadav,2022,Middle,7,9,1,0,77.78,11.11
UT Yadav,2023,Death,16,13,1,0,123.08,7.69
UT Yadav,2023,Middle,3,5,0,0,60.0,0.0
UT Yadav,2024,Death,10,11,0,1,90.91,9.09
UT Yadav,2024,Middle,2,4,0,0,50.0,0.0
Umar Gul,2008,Death,21,14,1,2,150.0,21.43
Umar Gul,2008,Middle,18,5,0,3,360.0,60.0
Umran Malik,2022,Death,4,8,0,0,50.0,0.0
Umran Malik,2023,Death,13,7,1,1,185.71,28.57
Urvil Patel,2025,Middle,26,11,4,1,236.36,45.45
Urvil Patel,2025,Powerplay,42,21,1,5,200.0,28.57
Urvil Patel,2026,Middle,27,17,2,2,158.82,23.53
Urvil Patel,2026,Powerplay,102,47,4,12,217.02,34.04
V Kohli,2008,Death,11,8,2,0,137.5,25.0
V Kohli,2008,Middle,101,81,8,4,124.69,14.81
V Kohli,2008,Powerplay,53,68,8,0,77.94,11.76
V Kohli,2009,Death,74,47,5,4,157.45,19.15
V Kohli,2009,Middle,151,147,13,4,102.72,11.56
V Kohli,2009,Powerplay,21,25,4,0,84.0,16.0
V Kohli,2010,Death,105,55,10,6,190.91,29.09
V Kohli,2010,Middle,199,151,16,6,131.79,14.57
V Kohli,2010,Powerplay,2,5,0,0,40.0,0.0
V Kohli,2011,Death,84,40,6,6,210.0,30.0
V Kohli,2011,Middle,322,260,28,9,123.85,14.23
V Kohli,2011,Powerplay,151,159,21,1,94.97,13.84
V Kohli,2012,Death,57,33,3,4,172.73,21.21
V Kohli,2012,Middle,208,187,15,6,111.23,11.23
V Kohli,2012,Powerplay,99,105,15,0,94.29,14.29
V Kohli,2013,Death,102,47,11,6,217.02,36.17
V Kohli,2013,Middle,376,285,29,13,131.93,14.74
V Kohli,2013,Powerplay,158,122,25,3,129.51,22.95
V Kohli,2014,Death,38,19,2,3,200.0,26.32
V Kohli,2014,Middle,276,208,15,13,132.69,13.46
V Kohli,2014,Powerplay,45,67,6,0,67.16,8.96
V Kohli,2015,Death,32,12,4,2,266.67,50.0
V Kohli,2015,Middle,269,200,15,12,134.5,13.5
V Kohli,2015,Powerplay,204,174,16,9,117.24,14.37
V Kohli,2016,Death,205,85,15,14,241.18,34.12
V Kohli,2016,Middle,483,323,37,17,149.54,16.72
V Kohli,2016,Powerplay,278,229,32,6,121.4,16.59
V Kohli,2017,Death,15,11,0,2,136.36,18.18
V Kohli,2017,Middle,142,116,8,4,122.41,10.34
V Kohli,2017,Powerplay,151,125,15,5,120.8,16.0
V Kohli,2018,Death,66,33,1,6,200.0,21.21
V Kohli,2018,Middle,216,169,18,6,127.81,14.2
V Kohli,2018,Powerplay,247,177,33,6,139.55,22.03
V Kohli,2019,Death,72,27,5,6,266.67,40.74
V Kohli,2019,Middle,153,129,9,2,118.6,8.53
V Kohli,2019,Powerplay,239,171,32,5,139.77,21.64
V Kohli,2020,Death,102,49,6,4,208.16,20.41
V Kohli,2020,Middle,280,259,8,7,108.11,5.79
V Kohli,2020,Powerplay,86,76,10,0,113.16,13.16
V Kohli,2021,Death,1,1,0,0,100.0,0.0
V Kohli,2021,Middle,163,153,11,4,106.54,9.8
V Kohli,2021,Powerplay,237,183,31,5,129.51,19.67
V Kohli,2022,Death,22,19,0,1,115.79,5.26
V Kohli,2022,Middle,159,138,10,4,115.22,10.14
V Kohli,2022,Powerplay,160,137,22,3,116.79,18.25
V Kohli,2023,Death,54,25,4,4,216.0,32.0
V Kohli,2023,Middle,284,212,20,8,133.96,13.21
V Kohli,2023,Powerplay,301,220,41,4,136.82,20.45
V Kohli,2024,Death,54,31,4,3,174.19,22.58
V Kohli,2024,Middle,314,217,22,14,144.7,16.59
V Kohli,2024,Powerplay,373,231,36,21,161.47,24.68
V Kohli,2025,Death,22,15,1,1,146.67,13.33
V Kohli,2025,Middle,317,237,22,10,133.76,13.5
V Kohli,2025,Powerplay,318,202,43,8,157.43,25.25
V Kohli,2026,Death,38,16,3,3,237.5,37.5
V Kohli,2026,Middle,276,184,23,11,150.0,18.48
V Kohli,2026,Powerplay,360,206,47,11,174.76,28.16
V Nigam,2025,Death,57,32,6,4,178.12,31.25
V Nigam,2025,Middle,65,39,7,3,166.67,25.64
V Nigam,2025,Powerplay,20,7,3,1,285.71,57.14
V Nigam,2026,Death,15,10,2,0,150.0,20.0
V Pratap Singh,2012,Death,0,1,0,0,0.0,0.0
V Sehwag,2008,Middle,163,76,16,11,214.47,35.53
V Sehwag,2008,Powerplay,236,140,30,9,168.57,27.86
V Sehwag,2009,Middle,61,43,5,2,141.86,16.28
V Sehwag,2009,Powerplay,134,91,19,5,147.25,26.37
V Sehwag,2010,Middle,116,64,9,7,181.25,25.0
V Sehwag,2010,Powerplay,236,153,37,7,154.25,28.76
V Sehwag,2011,Death,10,5,1,1,200.0,40.0
V Sehwag,2011,Middle,224,103,20,14,217.48,33.01
V Sehwag,2011,Powerplay,190,131,30,3,145.04,25.19
V Sehwag,2012,Middle,238,141,24,10,168.79,24.11
V Sehwag,2012,Powerplay,257,166,33,9,154.82,25.3
V Sehwag,2013,Death,5,2,1,0,250.0,50.0
V Sehwag,2013,Middle,99,72,13,2,137.5,20.83
V Sehwag,2013,Powerplay,190,155,27,4,122.58,20.0
V Sehwag,2014,Death,18,7,1,2,257.14,42.86
V Sehwag,2014,Middle,157,101,12,8,155.45,19.8
V Sehwag,2014,Powerplay,280,206,43,8,135.92,24.76
V Sehwag,2015,Middle,36,30,2,2,120.0,13.33
V Sehwag,2015,Powerplay,63,54,10,1,116.67,20.37
V Shankar,2017,Death,31,24,4,0,129.17,16.67
V Shankar,2017,Middle,63,44,7,1,143.18,18.18
V Shankar,2017,Powerplay,7,7,1,0,100.0,14.29
V Shankar,2018,Death,108,59,4,8,183.05,20.34
V Shankar,2018,Middle,100,85,7,3,117.65,11.76
V Shankar,2018,Powerplay,3,3,0,0,100.0,0.0
V Shankar,2019,Death,77,39,6,4,197.44,25.64
V Shankar,2019,Middle,153,134,3,8,114.18,8.21
V Shankar,2019,Powerplay,14,20,2,0,70.0,10.0
V Shankar,2020,Death,21,14,2,1,150.0,21.43
V Shankar,2020,Middle,74,76,8,0,97.37,10.53
V Shankar,2020,Powerplay,2,6,0,0,33.33,0.0
V Shankar,2021,Death,30,29,0,1,103.45,3.45
V Shankar,2021,Middle,28,23,1,2,121.74,13.04
V Shankar,2022,Middle,0,1,0,0,0.0,0.0
V Shankar,2022,Powerplay,19,34,1,0,55.88,2.94
V Shankar,2023,Death,91,33,3,11,275.76,42.42
V Shankar,2023,Middle,155,121,14,3,128.1,14.05
V Shankar,2023,Powerplay,51,33,9,1,154.55,30.3
V Shankar,2024,Death,32,26,4,0,123.08,15.38
V Shankar,2024,Middle,43,38,3,1,113.16,10.53
V Shankar,2024,Powerplay,8,8,0,1,100.0,12.5
V Shankar,2025,Death,23,15,1,1,153.33,13.33
V Shankar,2025,Middle,71,56,4,2,126.79,10.71
V Shankar,2025,Powerplay,23,19,3,0,121.05,15.79
V Suryavanshi,2025,Middle,108,51,7,10,211.76,33.33
V Suryavanshi,2025,Powerplay,144,70,11,14,205.71,35.71
V Suryavanshi,2026,Death,13,4,0,2,325.0,50.0
V Suryavanshi,2026,Middle,238,99,14,24,240.4,38.38
V Suryavanshi,2026,Powerplay,521,223,48,46,233.63,42.15
V Viyaskanth,2024,Death,7,5,0,0,140.0,0.0
VG Arora,2022,Death,5,13,0,0,38.46,0.0
VG Arora,2023,Death,3,2,0,0,150.0,0.0
VG Arora,2024,Death,1,1,0,0,100.0,0.0
VG Arora,2025,Death,0,1,0,0,0.0,0.0
VG Arora,2025,Middle,0,7,0,0,0.0,0.0
VG Arora,2026,Death,0,1,0,0,0.0,0.0
VG Arora,2026,Middle,1,2,0,0,50.0,0.0
VH Zol,2014,Middle,7,5,1,0,140.0,20.0
VH Zol,2014,Powerplay,22,21,2,1,104.76,14.29
VR Aaron,2011,Death,0,5,0,0,0.0,0.0
VR Aaron,2012,Death,1,3,0,0,33.33,0.0
VR Aaron,2014,Death,33,28,2,1,117.86,10.71
VR Aaron,2014,Middle,1,5,0,0,20.0,0.0
VR Aaron,2015,Death,6,3,0,1,200.0,33.33
VR Aaron,2017,Death,4,10,0,0,40.0,0.0
VR Aaron,2019,Death,3,7,0,0,42.86,0.0
VR Aaron,2020,Death,1,10,0,0,10.0,0.0
VR Iyer,2021,Middle,158,122,12,7,129.51,15.57
VR Iyer,2021,Powerplay,212,166,25,7,127.71,19.28
VR Iyer,2022,Death,0,1,0,0,0.0,0.0
VR Iyer,2022,Middle,55,47,5,1,117.02,12.77
VR Iyer,2022,Powerplay,127,121,12,6,104.96,14.88
VR Iyer,2023,Death,9,9,1,0,100.0,11.11
VR Iyer,2023,Middle,247,158,15,13,156.33,17.72
VR Iyer,2023,Powerplay,142,109,16,7,130.28,21.1
VR Iyer,2024,Death,56,34,4,4,164.71,23.53
VR Iyer,2024,Middle,203,149,14,10,136.24,16.11
VR Iyer,2024,Powerplay,111,50,17,5,222.0,44.0
VR Iyer,2025,Death,42,15,6,2,280.0,53.33
VR Iyer,2025,Middle,96,76,9,2,126.32,14.47
VR Iyer,2025,Powerplay,4,11,0,0,36.36,0.0
VR Iyer,2026,Death,61,36,4,4,169.44,22.22
VR Iyer,2026,Middle,53,34,6,2,155.88,23.53
VR Iyer,2026,Powerplay,95,42,11,7,226.19,42.86
VRV Singh,2008,Death,4,3,1,0,133.33,33.33
VS Malik,2010,Death,6,5,1,0,120.0,20.0
VS Malik,2014,Death,1,2,0,0,50.0,0.0
VS Yeligati,2008,Death,2,2,0,0,100.0,0.0
VVS Laxman,2008,Death,2,4,0,0,50.0,0.0
VVS Laxman,2008,Middle,75,56,8,1,133.93,16.07
VVS Laxman,2008,Powerplay,78,72,14,0,108.33,19.44
VVS Laxman,2009,Middle,5,9,0,0,55.56,0.0
VVS Laxman,2009,Powerplay,14,24,1,1,58.33,8.33
VVS Laxman,2010,Powerplay,64,60,7,1,106.67,13.33
VVS Laxman,2011,Middle,13,10,1,0,130.0,10.0
VVS Laxman,2011,Powerplay,25,31,2,1,80.65,9.68
VY Mahesh,2008,Death,12,17,0,0,70.59,0.0
VY Mahesh,2008,Middle,3,10,0,0,30.0,0.0
Vijaykumar Vyshak,2023,Death,13,9,0,1,144.44,11.11
Vijaykumar Vyshak,2024,Death,1,3,0,0,33.33,0.0
Vijaykumar Vyshak,2026,Death,2,4,0,0,50.0,0.0
Virat Singh,2021,Middle,15,24,1,0,62.5,4.17
Virat Singh,2021,Powerplay,0,2,0,0,0.0,0.0
Vishnu Vinod,2017,Death,7,3,0,1,233.33,33.33
Vishnu Vinod,2017,Middle,2,2,0,0,100.0,0.0
Vishnu Vinod,2017,Powerplay,10,21,1,0,47.62,4.76
Vishnu Vinod,2023,Death,1,3,0,0,33.33,0.0
Vishnu Vinod,2023,Middle,35,27,2,2,129.63,14.81
Vishnu Vinod,2026,Death,15,8,1,1,187.5,25.0
Vivrant Sharma,2023,Middle,42,23,4,2,182.61,26.09
Vivrant Sharma,2023,Powerplay,27,24,5,0,112.5,20.83
W Jaffer,2008,Middle,53,32,5,2,165.62,21.88
W Jaffer,2008,Powerplay,62,72,7,1,86.11,11.11
W Jaffer,2009,Powerplay,15,17,2,0,88.24,11.76
WA Mota,2008,Death,12,9,1,0,133.33,11.11
WA Mota,2008,Middle,14,18,1,0,77.78,5.56
WA Mota,2009,Death,1,5,0,0,20.0,0.0
WA Mota,2009,Middle,29,43,0,0,67.44,0.0
WD Parnell,2011,Death,24,22,1,1,109.09,9.09
WD Parnell,2011,Middle,13,17,1,0,76.47,5.88
WD Parnell,2012,Death,8,13,0,0,61.54,0.0
WD Parnell,2012,Powerplay,11,14,2,0,78.57,14.29
WD Parnell,2013,Death,5,7,0,0,71.43,0.0
WD Parnell,2014,Death,2,2,0,0,100.0,0.0
WD Parnell,2023,Death,2,5,0,0,40.0,0.0
WG Jacks,2024,Middle,151,81,10,12,186.42,27.16
WG Jacks,2024,Powerplay,73,49,6,5,148.98,22.45
WG Jacks,2025,Death,1,1,0,0,100.0,0.0
WG Jacks,2025,Middle,115,92,8,6,125.0,15.22
WG Jacks,2025,Powerplay,117,79,14,5,148.1,24.05
WG Jacks,2026,Death,43,17,2,4,252.94,35.29
WG Jacks,2026,Middle,48,32,3,3,150.0,18.75
WG Jacks,2026,Powerplay,47,26,7,2,180.77,34.62
WP Saha,2008,Death,66,37,3,3,178.38,16.22
WP Saha,2008,Middle,56,49,3,3,114.29,12.24
WP Saha,2008,Powerplay,37,33,6,1,112.12,21.21
WP Saha,2009,Death,51,26,3,3,196.15,23.08
WP Saha,2009,Middle,21,15,0,1,140.0,6.67
WP Saha,2010,Death,26,22,3,0,118.18,13.64
WP Saha,2010,Middle,19,18,1,1,105.56,11.11
WP Saha,2010,Powerplay,22,13,5,0,169.23,38.46
WP Saha,2011,Death,20,12,1,1,166.67,16.67
WP Saha,2011,Middle,42,47,0,3,89.36,6.38
WP Saha,2011,Powerplay,6,4,1,0,150.0,25.0
WP Saha,2012,Middle,6,14,0,0,42.86,0.0
WP Saha,2013,Middle,13,12,1,0,108.33,8.33
WP Saha,2013,Powerplay,57,44,5,4,129.55,20.45
WP Saha,2014,Death,80,38,7,5,210.53,31.58
WP Saha,2014,Middle,174,130,12,9,133.85,16.15
WP Saha,2014,Powerplay,108,81,14,4,133.33,22.22
WP Saha,2015,Death,46,30,6,1,153.33,23.33
WP Saha,2015,Middle,110,99,1,4,111.11,5.05
WP Saha,2015,Powerplay,93,68,9,5,136.76,20.59
WP Saha,2016,Death,40,32,3,0,125.0,9.38
WP Saha,2016,Middle,174,145,16,1,120.0,11.72
WP Saha,2016,Powerplay,56,35,10,0,160.0,28.57
WP Saha,2017,Death,54,32,3,3,168.75,18.75
WP Saha,2017,Middle,116,108,7,4,107.41,10.19
WP Saha,2017,Powerplay,60,46,9,1,130.43,21.74
WP Saha,2018,Death,24,17,1,1,141.18,11.76
WP Saha,2018,Middle,17,11,3,0,154.55,27.27
WP Saha,2018,Powerplay,81,74,13,0,109.46,17.57
WP Saha,2019,Death,5,5,0,0,100.0,0.0
WP Saha,2019,Middle,0,1,0,0,0.0,0.0
WP Saha,2019,Powerplay,81,47,13,1,172.34,29.79
WP Saha,2020,Death,9,10,1,0,90.0,10.0
WP Saha,2020,Middle,134,101,13,3,132.67,15.84
WP Saha,2020,Powerplay,71,42,10,2,169.05,28.57
WP Saha,2021,Death,9,11,1,0,81.82,9.09
WP Saha,2021,Middle,43,51,0,0,84.31,0.0
WP Saha,2021,Powerplay,79,77,6,5,102.6,14.29
WP Saha,2022,Death,11,9,1,0,122.22,11.11
WP Saha,2022,Middle,89,88,7,0,101.14,7.95
WP Saha,2022,Powerplay,217,162,32,7,133.95,24.07
WP Saha,2023,Middle,83,71,8,0,116.9,11.27
WP Saha,2023,Powerplay,287,214,39,8,134.11,21.96
WP Saha,2024,Middle,6,10,0,0,60.0,0.0
WP Saha,2024,Powerplay,130,105,18,3,123.81,20.0
WPUJC Vaas,2008,Death,12,14,0,0,85.71,0.0
WPUJC Vaas,2008,Middle,3,3,0,0,100.0,0.0
WPUJC Vaas,2009,Death,12,8,1,0,150.0,12.5
WPUJC Vaas,2009,Middle,18,13,0,1,138.46,7.69
WPUJC Vaas,2010,Death,25,26,1,1,96.15,7.69
WPUJC Vaas,2010,Middle,5,8,0,0,62.5,0.0
Washington Sundar,2017,Death,9,12,0,0,75.0,0.0
Washington Sundar,2018,Death,52,22,4,4,236.36,36.36
Washington Sundar,2018,Middle,13,16,1,0,81.25,6.25
Washington Sundar,2019,Death,1,3,0,0,33.33,0.0
Washington Sundar,2020,Death,22,18,2,0,122.22,11.11
Washington Sundar,2020,Middle,89,77,8,2,115.58,12.99
Washington Sundar,2021,Death,3,5,0,0,60.0,0.0
Washington Sundar,2021,Middle,11,17,1,0,64.71,5.88
Washington Sundar,2021,Powerplay,16,24,1,0,66.67,4.17
Washington Sundar,2022,Death,83,46,9,3,180.43,26.09
Washington Sundar,2022,Middle,18,23,0,0,78.26,0.0
Washington Sundar,2023,Death,42,27,6,0,155.56,22.22
Washington Sundar,2023,Middle,18,33,0,0,54.55,0.0
Washington Sundar,2024,Death,0,1,0,0,0.0,0.0
Washington Sundar,2025,Death,27,16,0,2,168.75,12.5
Washington Sundar,2025,Middle,83,55,8,3,150.91,20.0
Washington Sundar,2025,Powerplay,23,9,2,2,255.56,44.44
Washington Sundar,2026,Death,161,87,16,8,185.06,27.59
Washington Sundar,2026,Middle,192,149,19,4,128.86,15.44
Washington Sundar,2026,Powerplay,20,13,4,0,153.85,30.77
X Thalaivan Sargunam,2013,Middle,10,17,0,0,58.82,0.0
XC Bartlett,2025,Middle,11,15,1,0,73.33,6.67
XC Bartlett,2026,Death,29,13,2,2,223.08,30.77
Y Gnaneswara Rao,2011,Middle,4,4,1,0,100.0,25.0
Y Gnaneswara Rao,2011,Powerplay,15,13,2,0,115.38,15.38
Y Nagar,2009,Death,1,2,0,0,50.0,0.0
Y Nagar,2009,Middle,19,18,1,0,105.56,5.56
Y Nagar,2010,Death,1,6,0,0,16.67,0.0
Y Nagar,2011,Death,56,35,3,5,160.0,22.86
Y Nagar,2011,Middle,55,64,3,1,85.94,6.25
Y Nagar,2011,Powerplay,0,1,0,0,0.0,0.0
Y Nagar,2012,Death,91,60,10,3,151.67,21.67
Y Nagar,2012,Middle,60,71,3,0,84.51,4.23
Y Nagar,2012,Powerplay,2,2,0,0,100.0,0.0
Y Prithvi Raj,2019,Death,0,1,0,0,0.0,0.0
Y Venugopal Rao,2008,Death,109,57,9,8,191.23,29.82
Y Venugopal Rao,2008,Middle,139,109,8,7,127.52,13.76
Y Venugopal Rao,2008,Powerplay,35,41,4,0,85.37,9.76
Y Venugopal Rao,2009,Death,95,76,6,2,125.0,10.53
Y Venugopal Rao,2009,Middle,29,38,0,1,76.32,2.63
Y Venugopal Rao,2010,Death,1,3,0,0,33.33,0.0
Y Venugopal Rao,2010,Middle,33,40,3,1,82.5,10.0
Y Venugopal Rao,2011,Death,75,41,7,4,182.93,26.83
Y Venugopal Rao,2011,Middle,250,208,23,9,120.19,15.38
Y Venugopal Rao,2011,Powerplay,11,30,0,0,36.67,0.0
Y Venugopal Rao,2012,Death,6,7,1,0,85.71,14.29
Y Venugopal Rao,2012,Middle,105,99,4,5,106.06,9.09
Y Venugopal Rao,2012,Powerplay,21,20,3,0,105.0,15.0
Y Venugopal Rao,2014,Death,20,13,2,0,153.85,15.38
Y Venugopal Rao,2014,Middle,42,45,4,0,93.33,8.89
Y Venugopal Rao,2014,Powerplay,9,5,2,0,180.0,40.0
YA Abdulla,2010,Death,0,1,0,0,0.0,0.0
YBK Jaiswal,2020,Middle,22,16,1,1,137.5,12.5
YBK Jaiswal,2020,Powerplay,18,28,1,1,64.29,7.14
YBK Jaiswal,2021,Middle,73,48,6,5,152.08,22.92
YBK Jaiswal,2021,Powerplay,176,120,26,5,146.67,25.83
YBK Jaiswal,2022,Middle,86,70,7,2,122.86,12.86
YBK Jaiswal,2022,Powerplay,167,121,20,8,138.02,23.14
YBK Jaiswal,2023,Death,39,14,5,3,278.57,57.14
YBK Jaiswal,2023,Middle,225,162,21,9,138.89,18.52
YBK Jaiswal,2023,Powerplay,355,205,57,13,173.17,34.15
YBK Jaiswal,2024,Death,9,6,1,0,150.0,16.67
YBK Jaiswal,2024,Middle,144,90,9,8,160.0,18.89
YBK Jaiswal,2024,Powerplay,281,182,44,8,154.4,28.57
YBK Jaiswal,2025,Death,2,3,0,0,66.67,0.0
YBK Jaiswal,2025,Middle,188,139,15,6,135.25,15.11
YBK Jaiswal,2025,Powerplay,369,208,45,22,177.4,32.21
YBK Jaiswal,2026,Middle,125,92,14,3,135.87,18.48
YBK Jaiswal,2026,Powerplay,302,188,38,15,160.64,28.19
YK Pathan,2008,Death,78,32,9,5,243.75,43.75
YK Pathan,2008,Middle,237,134,20,14,176.87,25.37
YK Pathan,2008,Powerplay,115,73,14,6,157.53,27.4
YK Pathan,2009,Death,38,18,3,3,211.11,33.33
YK Pathan,2009,Middle,160,138,13,7,115.94,14.49
YK Pathan,2009,Powerplay,63,31,9,4,203.23,41.94
YK Pathan,2010,Death,17,4,1,2,425.0,75.0
YK Pathan,2010,Middle,313,187,21,22,167.38,22.99
YK Pathan,2010,Powerplay,2,9,0,0,22.22,0.0
YK Pathan,2011,Death,84,46,11,2,182.61,28.26
YK Pathan,2011,Middle,195,145,13,11,134.48,16.55
YK Pathan,2011,Powerplay,4,9,0,0,44.44,0.0
YK Pathan,2012,Death,103,83,7,3,124.1,12.05
YK Pathan,2012,Middle,87,78,3,4,111.54,8.97
YK Pathan,2012,Powerplay,1,5,0,0,20.0,0.0
YK Pathan,2013,Death,79,45,5,5,175.56,22.22
YK Pathan,2013,Middle,192,150,17,8,128.0,16.67
YK Pathan,2013,Powerplay,60,44,8,2,136.36,22.73
YK Pathan,2014,Death,49,33,4,1,148.48,15.15
YK Pathan,2014,Middle,207,124,10,18,166.94,22.58
YK Pathan,2014,Powerplay,12,8,1,1,150.0,25.0
YK Pathan,2015,Death,91,51,9,4,178.43,25.49
YK Pathan,2015,Middle,205,166,18,8,123.49,15.66
YK Pathan,2015,Powerplay,14,12,2,0,116.67,16.67
YK Pathan,2016,Death,123,67,15,3,183.58,26.87
YK Pathan,2016,Middle,189,156,12,7,121.15,12.18
YK Pathan,2016,Powerplay,49,25,6,3,196.0,36.0
YK Pathan,2017,Death,29,19,2,1,152.63,15.79
YK Pathan,2017,Middle,93,84,3,5,110.71,9.52
YK Pathan,2017,Powerplay,21,12,4,0,175.0,33.33
YK Pathan,2018,Death,133,82,10,8,162.2,21.95
YK Pathan,2018,Middle,108,103,9,3,104.85,11.65
YK Pathan,2018,Powerplay,19,15,3,0,126.67,20.0
YK Pathan,2019,Death,30,31,0,1,96.77,3.23
YK Pathan,2019,Middle,10,14,1,0,71.43,7.14
YS Chahal,2014,Death,1,1,0,0,100.0,0.0
YS Chahal,2015,Death,1,1,0,0,100.0,0.0
YS Chahal,2017,Death,13,24,0,0,54.17,0.0
YS Chahal,2017,Middle,0,2,0,0,0.0,0.0
YS Chahal,2018,Death,0,4,0,0,0.0,0.0
YS Chahal,2019,Death,2,4,0,0,50.0,0.0
YS Chahal,2019,Middle,4,12,0,0,33.33,0.0
YS Chahal,2020,Death,1,3,0,0,33.33,0.0
YS Chahal,2021,Death,9,16,0,0,56.25,0.0
YS Chahal,2021,Middle,1,11,0,0,9.09,0.0
YS Chahal,2022,Death,5,8,0,0,62.5,0.0
YV Dhull,2023,Middle,14,14,1,0,100.0,7.14
YV Dhull,2023,Powerplay,2,9,0,0,22.22,0.0
YV Takawale,2008,Death,28,12,4,1,233.33,41.67
YV Takawale,2008,Middle,9,9,1,0,100.0,11.11
YV Takawale,2008,Powerplay,32,43,2,1,74.42,6.98
YV Takawale,2009,Powerplay,18,22,2,0,81.82,9.09
YV Takawale,2014,Middle,33,24,2,1,137.5,12.5
YV Takawale,2014,Powerplay,71,67,15,0,105.97,22.39
Yash Dayal,2022,Death,0,1,0,0,0.0,0.0
Yash Dayal,2025,Death,4,7,0,0,57.14,0.0
Yash Dayal,2025,Middle,0,1,0,0,0.0,0.0
Yashpal Singh,2009,Death,11,10,2,0,110.0,20.0
Yashpal Singh,2009,Middle,19,20,1,0,95.0,5.0
Yashpal Singh,2009,Powerplay,17,35,2,0,48.57,5.71
Younis Khan,2008,Powerplay,3,7,0,0,42.86,0.0
Yudhvir Singh,2023,Death,1,2,0,0,50.0,0.0
Yudhvir Singh,2024,Death,0,1,0,0,0.0,0.0
Yudhvir Singh,2024,Middle,21,13,1,2,161.54,23.08
Yuvraj Singh,2008,Death,74,35,6,6,211.43,34.29
Yuvraj Singh,2008,Middle,198,133,17,10,148.87,20.3
Yuvraj Singh,2008,Powerplay,27,16,1,3,168.75,25.0
Yuvraj Singh,2009,Death,37,24,4,1,154.17,20.83
Yuvraj Singh,2009,Middle,264,225,17,14,117.33,13.78
Yuvraj Singh,2009,Powerplay,39,45,4,1,86.67,11.11
Yuvraj Singh,2010,Death,49,32,4,3,153.12,21.88
Yuvraj Singh,2010,Middle,173,139,11,10,124.46,15.11
Yuvraj Singh,2010,Powerplay,36,29,6,1,124.14,24.14
Yuvraj Singh,2011,Death,80,52,3,6,153.85,17.31
Yuvraj Singh,2011,Middle,256,203,20,12,126.11,15.76
Yuvraj Singh,2011,Powerplay,7,6,1,0,116.67,16.67
Yuvraj Singh,2013,Death,62,35,2,6,177.14,22.86
Yuvraj Singh,2013,Middle,148,129,8,9,114.73,13.18
Yuvraj Singh,2013,Powerplay,28,26,4,0,107.69,15.38
Yuvraj Singh,2014,Death,111,50,3,14,222.0,34.0
Yuvraj Singh,2014,Middle,247,202,17,14,122.28,15.35
Yuvraj Singh,2014,Powerplay,12,22,1,0,54.55,4.55
Yuvraj Singh,2015,Death,39,24,3,3,162.5,25.0
Yuvraj Singh,2015,Middle,188,167,16,7,112.57,13.77
Yuvraj Singh,2015,Powerplay,20,18,4,0,111.11,22.22
Yuvraj Singh,2016,Death,46,26,5,3,176.92,30.77
Yuvraj Singh,2016,Middle,184,148,16,10,124.32,17.57
Yuvraj Singh,2016,Powerplay,6,5,1,0,120.0,20.0
Yuvraj Singh,2017,Death,85,45,11,3,188.89,31.11
Yuvraj Singh,2017,Middle,159,128,17,5,124.22,17.19
Yuvraj Singh,2017,Powerplay,4,3,1,0,133.33,33.33
Yuvraj Singh,2018,Death,1,3,0,0,33.33,0.0
Yuvraj Singh,2018,Middle,50,54,3,2,92.59,9.26
Yuvraj Singh,2018,Powerplay,14,16,3,0,87.5,18.75
Yuvraj Singh,2019,Death,6,6,1,0,100.0,16.67
Yuvraj Singh,2019,Middle,92,69,6,6,133.33,17.39
Z Khan,2008,Death,29,26,4,0,111.54,15.38
Z Khan,2008,Middle,4,16,0,0,25.0,0.0
Z Khan,2009,Death,8,11,0,0,72.73,0.0
Z Khan,2010,Death,24,13,3,1,184.62,30.77
Z Khan,2011,Death,11,11,1,0,100.0,9.09
Z Khan,2011,Middle,10,10,1,0,100.0,10.0
Z Khan,2011,Powerplay,0,3,0,0,0.0,0.0
Z Khan,2012,Death,12,16,1,0,75.0,6.25
Z Khan,2012,Middle,0,1,0,0,0.0,0.0
Z Khan,2014,Death,8,7,0,1,114.29,14.29
Z Khan,2016,Death,6,11,1,0,54.55,9.09
Z Khan,2016,Middle,0,2,0,0,0.0,0.0
Z Khan,2017,Death,2,2,0,0,100.0,0.0
Z Khan,2017,Middle,2,11,0,0,18.18,0.0
A Ashish Reddy,Career,Death,192,127,11,10,151.18,16.54
A Ashish Reddy,Career,Middle,83,60,4,5,138.33,15.0
A Ashish Reddy,Career,Powerplay,5,6,1,0,83.33,16.67
A Badoni,Career,Death,446,257,35,22,173.54,22.18
A Badoni,Career,Middle,607,478,47,19,126.99,13.81
A Badoni,Career,Powerplay,124,99,14,6,125.25,20.2
A Chandila,Career,Death,4,7,0,0,57.14,0.0
A Chopra,Career,Middle,26,32,3,0,81.25,9.38
A Chopra,Career,Powerplay,27,39,4,0,69.23,10.26
A Choudhary,Career,Death,24,19,1,1,126.32,10.53
A Choudhary,Career,Middle,1,1,0,0,100.0,0.0
A Dananjaya,Career,Death,4,5,0,0,80.0,0.0
A Flintoff,Career,Death,22,13,2,1,169.23,23.08
A Flintoff,Career,Middle,26,27,2,0,96.3,7.41
A Flintoff,Career,Powerplay,14,13,1,1,107.69,15.38
A Kamboj,Career,Death,51,35,4,2,145.71,17.14
A Kamboj,Career,Middle,23,15,1,2,153.33,20.0
A Kumble,Career,Death,29,39,2,0,74.36,5.13
A Kumble,Career,Middle,6,8,1,0,75.0,12.5
A Manohar,Career,Death,116,67,8,8,173.13,23.88
A Manohar,Career,Middle,164,150,13,6,109.33,12.67
A Manohar,Career,Powerplay,12,18,2,0,66.67,11.11
A Mhatre,Career,Death,4,5,0,0,80.0,0.0
A Mhatre,Career,Middle,161,89,9,12,180.9,23.6
A Mhatre,Career,Powerplay,275,145,42,11,189.66,36.55
A Mishra,Career,Death,236,209,22,5,112.92,12.92
A Mishra,Career,Middle,143,203,9,0,70.44,4.43
A Mishra,Career,Powerplay,1,5,0,0,20.0,0.0
A Mithun,Career,Death,13,11,2,0,118.18,18.18
A Mithun,Career,Middle,21,15,2,1,140.0,20.0
A Mukund,Career,Death,0,1,0,0,0.0,0.0
A Mukund,Career,Middle,5,6,0,0,83.33,0.0
A Mukund,Career,Powerplay,14,15,1,0,93.33,6.67
A Nehra,Career,Death,34,57,2,1,59.65,5.26
A Nehra,Career,Middle,5,3,1,0,166.67,33.33
A Nortje,Career,Death,46,44,6,0,104.55,13.64
A Nortje,Career,Middle,3,6,0,0,50.0,0.0
A Raghuvanshi,Career,Death,118,67,11,6,176.12,25.37
A Raghuvanshi,Career,Middle,484,345,44,15,140.29,17.1
A Raghuvanshi,Career,Powerplay,283,194,31,14,145.88,23.2
A Singh,Career,Death,2,7,0,0,28.57,0.0
A Singh,Career,Middle,0,2,0,0,0.0,0.0
A Symonds,Career,Death,238,142,14,14,167.61,19.72
A Symonds,Career,Middle,663,521,48,27,127.26,14.4
A Symonds,Career,Powerplay,72,82,12,0,87.8,14.63
A Tomar,Career,Powerplay,4,8,1,0,50.0,12.5
A Uniyal,Career,Death,4,7,0,0,57.14,0.0
A Zampa,Career,Death,5,6,0,0,83.33,0.0
A Zampa,Career,Middle,10,18,1,0,55.56,5.56
AA Bilakhia,Career,Death,34,27,3,0,125.93,11.11
AA Bilakhia,Career,Middle,12,26,0,0,46.15,0.0
AA Bilakhia,Career,Powerplay,23,31,2,0,74.19,6.45
AA Chavan,Career,Death,11,8,2,0,137.5,25.0
AA Chavan,Career,Middle,1,3,0,0,33.33,0.0
AA Jhunjhunwala,Career,Death,53,38,7,1,139.47,21.05
AA Jhunjhunwala,Career,Middle,140,137,10,3,102.19,9.49
AA Jhunjhunwala,Career,Powerplay,24,34,2,1,70.59,8.82
AA Kulkarni,Career,Middle,9,12,1,0,75.0,8.33
AA Kulkarni,Career,Powerplay,17,21,2,0,80.95,9.52
AA Noffke,Career,Middle,9,10,1,0,90.0,10.0
AB Agarkar,Career,Death,108,79,7,3,136.71,12.66
AB Agarkar,Career,Middle,49,59,5,0,83.05,8.47
AB Agarkar,Career,Powerplay,20,13,1,2,153.85,23.08
AB Barath,Career,Death,2,5,0,0,40.0,0.0
AB Barath,Career,Middle,22,23,3,0,95.65,13.04
AB Barath,Career,Powerplay,18,14,2,1,128.57,21.43
AB Dinda,Career,Death,18,37,1,0,48.65,2.7
AB Dinda,Career,Middle,8,11,1,0,72.73,9.09
AB McDonald,Career,Death,78,62,5,2,125.81,11.29
AB McDonald,Career,Middle,15,19,0,0,78.95,0.0
AB McDonald,Career,Powerplay,30,19,4,2,157.89,31.58
AB de Villiers,Career,Death,1398,604,104,110,231.46,35.43
AB de Villiers,Career,Middle,3009,2182,208,120,137.9,15.03
AB de Villiers,Career,Powerplay,741,614,100,20,120.68,19.54
AC Blizzard,Career,Middle,21,14,1,2,150.0,21.43
AC Blizzard,Career,Powerplay,99,76,20,0,130.26,26.32
AC Gilchrist,Career,Death,52,25,3,5,208.0,32.0
AC Gilchrist,Career,Middle,622,432,43,38,143.98,18.75
AC Gilchrist,Career,Powerplay,1372,1026,188,49,133.72,23.1
AC Thomas,Career,Death,19,18,1,1,105.56,11.11
AC Thomas,Career,Middle,1,1,0,0,100.0,0.0
AC Voges,Career,Death,66,44,5,2,150.0,15.91
AC Voges,Career,Middle,108,90,9,1,120.0,11.11
AC Voges,Career,Powerplay,7,9,1,0,77.78,11.11
AD Hales,Career,Middle,34,37,2,0,91.89,5.41
AD Hales,Career,Powerplay,113,80,11,6,141.25,21.25
AD Mascarenhas,Career,Death,32,29,1,0,110.34,3.45
AD Mascarenhas,Career,Middle,43,47,3,1,91.49,8.51
AD Mascarenhas,Career,Powerplay,4,2,1,0,200.0,50.0
AD Mathews,Career,Death,320,209,23,13,153.11,17.22
AD Mathews,Career,Middle,392,347,21,15,112.97,10.37
AD Mathews,Career,Powerplay,10,17,0,1,58.82,5.88
AD Nath,Career,Death,16,18,2,0,88.89,11.11
AD Nath,Career,Middle,63,69,5,1,91.3,8.7
AD Nath,Career,Powerplay,11,11,0,1,100.0,9.09
AD Russell,Career,Death,1119,546,81,99,204.95,32.97
AD Russell,Career,Middle,1472,946,98,120,155.6,23.04
AD Russell,Career,Powerplay,41,17,5,3,241.18,47.06
AF Milne,Career,Death,17,19,0,1,89.47,5.26
AF Milne,Career,Middle,8,12,0,0,66.67,0.0
AG Murtaza,Career,Death,10,14,1,0,71.43,7.14
AG Paunikar,Career,Powerplay,48,55,9,0,87.27,16.36
AJ Finch,Career,Death,203,125,17,10,162.4,21.6
AJ Finch,Career,Middle,977,711,77,43,137.41,16.88
AJ Finch,Career,Powerplay,903,790,120,24,114.3,18.23
AJ Hosein,Career,Death,21,13,1,1,161.54,15.38
AJ Turner,Career,Death,4,14,0,0,28.57,0.0
AJ Turner,Career,Middle,20,14,0,2,142.86,14.29
AJ Tye,Career,Death,54,49,4,2,110.2,12.24
AJ Tye,Career,Middle,37,26,2,3,142.31,19.23
AK Markram,Career,Death,211,114,17,12,185.09,25.44
AK Markram,Career,Middle,967,739,57,37,130.85,12.72
AK Markram,Career,Powerplay,486,375,57,18,129.6,20.0
AL Menaria,Career,Death,73,60,8,2,121.67,16.67
AL Menaria,Career,Middle,314,286,16,14,109.79,10.49
AL Menaria,Career,Powerplay,8,8,0,1,100.0,12.5
AM Ghazanfar,Career,Death,2,3,0,0,66.67,0.0
AM Nayar,Career,Death,221,139,23,9,158.99,23.02
AM Nayar,Career,Middle,383,363,24,10,105.51,9.37
AM Nayar,Career,Powerplay,60,71,7,1,84.51,11.27
AM Rahane,Career,Death,385,234,36,15,164.53,21.79
AM Rahane,Career,Middle,2222,1796,154,51,123.72,11.41
AM Rahane,Career,Powerplay,2758,2239,350,75,123.18,18.98
AN Ahmed,Career,Death,36,26,4,1,138.46,19.23
AN Ghosh,Career,Middle,0,1,0,0,0.0,0.0
AN Ghosh,Career,Powerplay,7,7,1,0,100.0,14.29
AP Dole,Career,Death,32,19,3,1,168.42,21.05
AP Dole,Career,Middle,2,3,0,0,66.67,0.0
AP Majumdar,Career,Middle,66,61,3,2,108.2,8.2
AP Majumdar,Career,Powerplay,21,15,4,0,140.0,26.67
AP Tare,Career,Death,34,21,4,1,161.9,23.81
AP Tare,Career,Middle,79,50,9,3,158.0,24.0
AP Tare,Career,Powerplay,226,201,27,7,112.44,16.92
AR Bawne,Career,Death,12,12,1,0,100.0,8.33
AR Patel,Career,Death,814,525,44,48,155.05,17.52
AR Patel,Career,Middle,1182,960,92,49,123.12,14.69
AR Patel,Career,Powerplay,79,72,9,2,109.72,15.28
AS Joseph,Career,Death,16,22,1,0,72.73,4.55
AS Joseph,Career,Middle,11,10,2,0,110.0,20.0
AS Rajpoot,Career,Death,25,35,2,1,71.43,8.57
AS Rajpoot,Career,Middle,1,6,0,0,16.67,0.0
AS Raut,Career,Death,107,76,6,6,140.79,15.79
AS Raut,Career,Middle,80,85,6,1,94.12,8.24
AS Raut,Career,Powerplay,7,6,1,0,116.67,16.67
AS Roy,Career,Death,50,36,4,1,138.89,13.89
AS Roy,Career,Middle,24,23,1,1,104.35,8.7
AS Roy,Career,Powerplay,4,5,1,0,80.0,20.0
AS Yadav,Career,Death,39,29,5,1,134.48,20.69
AS Yadav,Career,Middle,10,10,0,1,100.0,10.0
AT Carey,Career,Death,31,28,0,1,110.71,3.57
AT Carey,Career,Middle,1,1,0,0,100.0,0.0
AT Rayudu,Career,Death,868,508,69,45,170.87,22.44
AT Rayudu,Career,Middle,2685,2155,197,102,124.59,13.87
AT Rayudu,Career,Powerplay,772,728,92,24,106.04,15.93
AU Rashid,Career,Death,4,3,1,0,133.33,33.33
AU Rashid,Career,Middle,17,12,1,1,141.67,16.67
AUK Pathan,Career,Death,14,10,3,0,140.0,30.0
AUK Pathan,Career,Middle,11,8,0,1,137.5,12.5
AUK Pathan,Career,Powerplay,14,5,2,1,280.0,60.0
Abdul Basith,Career,Death,1,1,0,0,100.0,0.0
Abdul Samad,Career,Death,448,254,30,33,176.38,24.8
Abdul Samad,Career,Middle,404,319,24,22,126.65,14.42
Abdul Samad,Career,Powerplay,2,2,0,0,100.0,0.0
Abdur Razzak,Career,Death,0,2,0,0,0.0,0.0
Abhishek Sharma,Career,Death,148,90,9,10,164.44,21.11
Abhishek Sharma,Career,Middle,844,492,55,58,171.54,22.97
Abhishek Sharma,Career,Powerplay,1379,801,160,75,172.16,29.34
Abishek Porel,Career,Death,52,27,7,2,192.59,33.33
Abishek Porel,Career,Middle,334,242,23,13,138.02,14.88
Abishek Porel,Career,Powerplay,382,259,50,13,147.49,24.32
Akash Deep,Career,Death,16,9,0,2,177.78,22.22
Akash Deep,Career,Middle,9,5,2,0,180.0,40.0
Akash Madhwal,Career,Death,4,5,0,0,80.0,0.0
Akash Madhwal,Career,Middle,4,9,0,0,44.44,0.0
Akshat Raghuwanshi,Career,Middle,29,25,1,1,116.0,8.0
Aman Hakim Khan,Career,Death,40,29,3,2,137.93,17.24
Aman Hakim Khan,Career,Middle,71,70,4,4,101.43,11.43
Aman Hakim Khan,Career,Powerplay,4,5,1,0,80.0,20.0
Aniket Verma,Career,Death,110,58,8,8,189.66,27.59
Aniket Verma,Career,Middle,188,122,8,17,154.1,20.49
Aniket Verma,Career,Powerplay,17,16,2,0,106.25,12.5
Anirudh Singh,Career,Death,9,9,1,0,100.0,11.11
Anirudh Singh,Career,Middle,36,37,2,1,97.3,8.11
Anirudh Singh,Career,Powerplay,18,20,3,0,90.0,15.0
Ankit Sharma,Career,Death,31,28,2,1,110.71,10.71
Ankit Sharma,Career,Middle,29,16,1,2,181.25,18.75
Ankit Sharma,Career,Powerplay,27,23,4,1,117.39,21.74
Ankit Soni,Career,Death,7,9,0,1,77.78,11.11
Anmolpreet Singh,Career,Middle,23,24,2,0,95.83,8.33
Anmolpreet Singh,Career,Powerplay,116,91,17,3,127.47,21.98
Anuj Rawat,Career,Death,127,67,11,8,189.55,28.36
Anuj Rawat,Career,Middle,108,112,6,3,96.43,8.04
Anuj Rawat,Career,Powerplay,83,88,9,3,94.32,13.64
Anureet Singh,Career,Death,29,35,2,1,82.86,8.57
Anureet Singh,Career,Middle,7,12,0,0,58.33,0.0
Arjun Tendulkar,Career,Death,18,14,0,1,128.57,7.14
Arshad Khan,Career,Death,85,54,4,6,157.41,18.52
Arshad Khan,Career,Middle,57,41,2,5,139.02,17.07
Arshad Khan (2),Career,Death,5,4,1,0,125.0,25.0
Arshdeep Singh,Career,Death,27,40,3,0,67.5,7.5
Arshdeep Singh,Career,Middle,5,7,1,0,71.43,14.29
Ashok Sharma,Career,Death,0,1,0,0,0.0,0.0
Ashok Sharma,Career,Middle,1,3,0,0,33.33,0.0
Ashutosh Sharma,Career,Death,360,178,29,25,202.25,30.34
Ashutosh Sharma,Career,Middle,197,150,10,14,131.33,16.0
Ashwani Kumar,Career,Death,1,6,0,0,16.67,0.0
Atharva Taide,Career,Middle,103,74,10,2,139.19,16.22
Atharva Taide,Career,Powerplay,157,103,20,6,152.43,25.24
Auqib Nabi,Career,Death,6,1,0,1,600.0,100.0
Auqib Nabi,Career,Middle,4,2,1,0,200.0,50.0
Avesh Khan,Career,Death,56,38,7,2,147.37,23.68
Avesh Khan,Career,Middle,12,5,0,2,240.0,40.0
Azhar Mahmood,Career,Death,96,63,10,5,152.38,23.81
Azhar Mahmood,Career,Middle,270,216,26,7,125.0,15.28
Azhar Mahmood,Career,Powerplay,22,24,3,1,91.67,16.67
Azmatullah Omarzai,Career,Death,61,31,5,5,196.77,32.26
Azmatullah Omarzai,Career,Middle,90,70,6,5,128.57,15.71
B Akhil,Career,Death,49,30,3,4,163.33,23.33
B Akhil,Career,Middle,27,25,2,1,108.0,12.0
B Chipli,Career,Death,78,44,10,1,177.27,25.0
B Chipli,Career,Middle,147,131,11,5,112.21,12.21
B Chipli,Career,Powerplay,55,75,7,1,73.33,10.67
B Indrajith,Career,Middle,2,3,0,0,66.67,0.0
B Indrajith,Career,Powerplay,19,27,2,0,70.37,7.41
B Kumar,Career,Death,299,291,28,4,102.75,11.0
B Kumar,Career,Middle,55,85,6,0,64.71,7.06
B Laughlin,Career,Death,1,5,0,0,20.0,0.0
B Laughlin,Career,Middle,4,8,0,0,50.0,0.0
B Lee,Career,Death,104,74,7,7,140.54,18.92
B Lee,Career,Middle,20,22,1,1,90.91,9.09
B Sai Sudharsan,Career,Death,201,98,13,15,205.1,28.57
B Sai Sudharsan,Career,Middle,1280,846,108,43,151.3,17.85
B Sai Sudharsan,Career,Powerplay,1015,731,136,24,138.85,21.89
B Stanlake,Career,Death,5,2,1,0,250.0,50.0
B Sumanth,Career,Death,23,21,2,0,109.52,9.52
B Sumanth,Career,Middle,12,16,1,0,75.0,6.25
BA Bhatt,Career,Death,6,7,0,1,85.71,14.29
BA Stokes,Career,Death,127,85,9,6,149.41,17.65
BA Stokes,Career,Middle,567,429,41,19,132.17,13.99
BA Stokes,Career,Powerplay,240,181,31,7,132.6,20.99
BAW Mendis,Career,Death,3,5,0,0,60.0,0.0
BAW Mendis,Career,Middle,0,1,0,0,0.0,0.0
BB McCullum,Career,Death,154,73,12,10,210.96,30.14
BB McCullum,Career,Middle,1156,886,95,49,130.47,16.25
BB McCullum,Career,Powerplay,1547,1217,183,69,127.12,20.71
BB Samantray,Career,Death,31,24,4,0,129.17,16.67
BB Samantray,Career,Middle,79,68,7,2,116.18,13.24
BB Samantray,Career,Powerplay,15,21,2,0,71.43,9.52
BB Sran,Career,Death,8,12,0,0,66.67,0.0
BB Sran,Career,Middle,1,1,0,0,100.0,0.0
BCJ Cutting,Career,Death,208,109,12,19,190.83,28.44
BCJ Cutting,Career,Middle,30,32,3,0,93.75,9.38
BE Hendricks,Career,Death,1,3,0,0,33.33,0.0
BJ Haddin,Career,Powerplay,18,11,2,1,163.64,27.27
BJ Hodge,Career,Death,493,291,42,23,169.42,22.34
BJ Hodge,Career,Middle,758,659,62,16,115.02,11.84
BJ Hodge,Career,Powerplay,148,162,18,4,91.36,13.58
BJ Rohrer,Career,Death,73,30,6,5,243.33,36.67
BJ Rohrer,Career,Middle,120,110,15,0,109.09,13.64
BJ Rohrer,Career,Powerplay,0,1,0,0,0.0,0.0
BKG Mendis,Career,Middle,0,1,0,0,0.0,0.0
BKG Mendis,Career,Powerplay,20,9,1,2,222.22,33.33
BMAJ Mendis,Career,Middle,22,25,0,0,88.0,0.0
BMAJ Mendis,Career,Powerplay,1,2,0,0,50.0,0.0
BR Dunk,Career,Powerplay,40,35,7,0,114.29,20.0
BR Sharath,Career,Middle,2,5,0,0,40.0,0.0
Basil Thampi,Career,Death,29,29,1,1,100.0,6.9
Basil Thampi,Career,Middle,3,6,0,0,50.0,0.0
Bipul Sharma,Career,Death,152,97,8,8,156.7,16.49
Bipul Sharma,Career,Middle,35,26,3,1,134.62,15.38
Brijesh Sharma,Career,Death,2,4,0,0,50.0,0.0
C Bosch,Career,Death,92,48,8,5,191.67,27.08
C Bosch,Career,Middle,5,15,0,0,33.33,0.0
C Connolly,Career,Death,63,26,6,4,242.31,38.46
C Connolly,Career,Middle,287,171,18,21,167.84,22.81
C Connolly,Career,Powerplay,137,102,18,7,134.31,24.51
C Green,Career,Death,199,118,16,9,168.64,21.19
C Green,Career,Middle,571,389,35,32,146.79,17.22
C Green,Career,Powerplay,251,170,33,7,147.65,23.53
C Madan,Career,Powerplay,14,18,3,0,77.78,16.67
C Munro,Career,Death,4,5,0,0,80.0,0.0
C Munro,Career,Middle,42,45,3,2,93.33,11.11
C Munro,Career,Powerplay,131,91,16,6,143.96,24.18
C Nanda,Career,Death,0,1,0,0,0.0,0.0
C Sakariya,Career,Death,19,25,3,0,76.0,12.0
C Sakariya,Career,Middle,1,5,0,0,20.0,0.0
C de Grandhomme,Career,Death,130,98,4,9,132.65,13.27
C de Grandhomme,Career,Middle,166,124,14,8,133.87,17.74
C de Grandhomme,Career,Powerplay,1,2,0,0,50.0,0.0
CA Ingram,Career,Death,53,35,6,2,151.43,22.86
CA Ingram,Career,Middle,138,126,14,3,109.52,13.49
CA Ingram,Career,Powerplay,14,18,2,0,77.78,11.11
CA Lynn,Career,Death,30,22,3,0,136.36,13.64
CA Lynn,Career,Middle,514,382,30,28,134.55,15.18
CA Lynn,Career,Powerplay,773,537,98,37,143.95,25.14
CA Pujara,Career,Death,40,29,3,2,137.93,17.24
CA Pujara,Career,Middle,135,133,12,1,101.5,9.77
CA Pujara,Career,Powerplay,215,228,35,1,94.3,15.79
CH Gayle,Career,Death,392,193,27,33,203.11,31.09
CH Gayle,Career,Middle,2174,1372,114,177,158.45,21.21
CH Gayle,Career,Powerplay,2390,1766,266,144,135.33,23.22
CH Morris,Career,Death,451,263,28,27,171.48,20.91
CH Morris,Career,Middle,144,127,11,6,113.39,13.39
CH Morris,Career,Powerplay,17,7,2,1,242.86,42.86
CJ Anderson,Career,Death,142,72,6,13,197.22,26.39
CJ Anderson,Career,Middle,344,288,27,16,119.44,14.93
CJ Anderson,Career,Powerplay,52,61,7,2,85.25,14.75
CJ Ferguson,Career,Death,17,16,3,0,106.25,18.75
CJ Ferguson,Career,Middle,64,77,4,0,83.12,5.19
CJ Ferguson,Career,Powerplay,17,24,2,0,70.83,8.33
CJ Jordan,Career,Death,69,57,3,3,121.05,10.53
CJ Jordan,Career,Middle,12,20,0,0,60.0,0.0
CJ McKay,Career,Middle,8,15,0,0,53.33,0.0
CK Kapugedera,Career,Death,13,16,0,0,81.25,0.0
CK Kapugedera,Career,Middle,3,6,0,0,50.0,0.0
CK Langeveldt,Career,Death,1,3,0,0,33.33,0.0
CK Langeveldt,Career,Middle,7,6,0,1,116.67,16.67
CL White,Career,Death,283,148,16,20,191.22,24.32
CL White,Career,Middle,572,493,46,16,116.02,12.58
CL White,Career,Powerplay,107,116,12,2,92.24,12.07
CM Gautam,Career,Death,45,37,8,0,121.62,21.62
CM Gautam,Career,Middle,56,51,3,2,109.8,9.8
CM Gautam,Career,Powerplay,68,61,6,4,111.48,16.39
CR Brathwaite,Career,Death,140,70,8,13,200.0,30.0
CR Brathwaite,Career,Middle,40,40,2,3,100.0,12.5
CR Woakes,Career,Death,52,47,5,1,110.64,12.77
CR Woakes,Career,Middle,26,30,2,1,86.67,10.0
CRD Fernando,Career,Death,4,3,0,0,133.33,0.0
CV Varun,Career,Death,30,43,3,0,69.77,6.98
CV Varun,Career,Middle,1,10,0,0,10.0,0.0
D Brevis,Career,Death,55,27,4,5,203.7,33.33
D Brevis,Career,Middle,464,312,23,35,148.72,18.59
D Brevis,Career,Powerplay,87,76,11,3,114.47,18.42
D Ferreira,Career,Death,165,71,10,16,232.39,36.62
D Ferreira,Career,Middle,147,109,15,6,134.86,19.27
D Ferreira,Career,Powerplay,14,11,1,1,127.27,18.18
D Kalyankrishna,Career,Death,3,8,0,0,37.5,0.0
D Padikkal,Career,Death,88,61,15,0,144.26,24.59
D Padikkal,Career,Middle,1105,836,87,45,132.18,15.79
D Padikkal,Career,Powerplay,1073,803,139,35,133.62,21.67
D Pretorius,Career,Death,34,22,3,2,154.55,22.73
D Pretorius,Career,Middle,10,6,0,1,166.67,16.67
D Salunkhe,Career,Death,25,17,4,0,147.06,23.53
D Salunkhe,Career,Middle,8,7,1,0,114.29,14.29
D Wiese,Career,Death,109,69,10,6,157.97,23.19
D Wiese,Career,Middle,38,31,2,1,122.58,9.68
D du Preez,Career,Death,3,5,0,0,60.0,0.0
D du Preez,Career,Middle,7,8,0,0,87.5,0.0
DA Miller,Career,Death,1152,653,78,73,176.42,23.12
DA Miller,Career,Middle,2019,1579,145,75,127.87,13.93
DA Miller,Career,Powerplay,102,118,10,3,86.44,11.02
DA Payne,Career,Death,6,5,0,0,120.0,0.0
DA Warner,Career,Death,415,231,38,20,179.65,25.11
DA Warner,Career,Middle,2820,2061,193,109,136.83,14.65
DA Warner,Career,Powerplay,3302,2390,430,104,138.16,22.34
DAJ Bracewell,Career,Death,12,9,1,0,133.33,11.11
DB Das,Career,Death,106,81,12,2,130.86,17.28
DB Das,Career,Middle,140,126,5,11,111.11,12.7
DB Das,Career,Powerplay,58,53,6,3,109.43,16.98
DB Ravi Teja,Career,Death,121,87,10,5,139.08,17.24
DB Ravi Teja,Career,Middle,199,170,18,4,117.06,12.94
DB Ravi Teja,Career,Powerplay,53,58,7,0,91.38,12.07
DE Bollinger,Career,Death,21,22,1,1,95.45,9.09
DG Nalkande,Career,Death,0,1,0,0,0.0,0.0
DG Nalkande,Career,Middle,12,11,0,1,109.09,9.09
DH Yagnik,Career,Death,91,66,12,1,137.88,19.7
DH Yagnik,Career,Middle,77,67,11,1,114.93,17.91
DJ Bravo,Career,Death,787,421,55,45,186.94,23.75
DJ Bravo,Career,Middle,636,665,49,15,95.64,9.62
DJ Bravo,Career,Powerplay,123,110,15,5,111.82,18.18
DJ Harris,Career,Middle,54,37,3,4,145.95,18.92
DJ Harris,Career,Powerplay,57,64,8,1,89.06,14.06
DJ Hooda,Career,Death,333,227,22,16,146.7,16.74
DJ Hooda,Career,Middle,983,776,54,42,126.68,12.37
DJ Hooda,Career,Powerplay,164,164,20,3,100.0,14.02
DJ Hussey,Career,Death,271,156,13,21,173.72,21.79
DJ Hussey,Career,Middle,911,799,58,35,114.02,11.64
DJ Hussey,Career,Powerplay,134,115,18,4,116.52,19.13
DJ Jacobs,Career,Middle,9,7,1,0,128.57,14.29
DJ Jacobs,Career,Powerplay,83,91,9,4,91.21,14.29
DJ Malan,Career,Middle,25,24,1,1,104.17,8.33
DJ Malan,Career,Powerplay,1,2,0,0,50.0,0.0
DJ Mitchell,Career,Death,38,29,3,0,131.03,10.34
DJ Mitchell,Career,Middle,216,160,14,8,135.0,13.75
DJ Mitchell,Career,Powerplay,97,78,11,2,124.36,16.67
DJ Muthuswami,Career,Death,1,3,0,0,33.33,0.0
DJ Thornely,Career,Middle,35,33,2,2,106.06,12.12
DJ Thornely,Career,Powerplay,4,20,0,0,20.0,0.0
DJ Willey,Career,Death,21,17,3,0,123.53,17.65
DJ Willey,Career,Middle,26,34,3,0,76.47,8.82
DJ Willey,Career,Powerplay,6,11,1,0,54.55,9.09
DJG Sammy,Career,Death,112,72,6,8,155.56,19.44
DJG Sammy,Career,Middle,175,164,7,10,106.71,10.37
DJG Sammy,Career,Powerplay,8,5,2,0,160.0,40.0
DJM Short,Career,Middle,65,39,5,5,166.67,25.64
DJM Short,Career,Powerplay,50,60,6,0,83.33,10.0
DL Chahar,Career,Death,73,61,6,3,119.67,14.75
DL Chahar,Career,Middle,69,42,2,6,164.29,19.05
DL Vettori,Career,Death,61,50,6,0,122.0,12.0
DL Vettori,Career,Middle,60,62,5,2,96.77,11.29
DM Bravo,Career,Death,6,5,1,0,120.0,20.0
DNT Zoysa,Career,Death,10,8,1,0,125.0,12.5
DNT Zoysa,Career,Middle,1,1,0,0,100.0,0.0
DP Conway,Career,Death,73,46,8,2,158.7,21.74
DP Conway,Career,Middle,543,357,48,21,152.1,19.33
DP Conway,Career,Powerplay,463,367,61,11,126.16,19.62
DP Nannes,Career,Death,1,5,0,0,20.0,0.0
DP Nannes,Career,Middle,3,8,0,0,37.5,0.0
DP Vijaykumar,Career,Death,1,1,0,0,100.0,0.0
DPMD Jayawardene,Career,Death,311,173,38,9,179.77,27.17
DPMD Jayawardene,Career,Middle,884,788,69,18,112.18,11.04
DPMD Jayawardene,Career,Powerplay,611,501,93,13,121.96,21.16
DR Martyn,Career,Death,4,2,1,0,200.0,50.0
DR Martyn,Career,Middle,14,19,0,0,73.68,0.0
DR Martyn,Career,Powerplay,1,3,0,0,33.33,0.0
DR Sams,Career,Death,24,18,1,2,133.33,16.67
DR Sams,Career,Middle,19,20,0,1,95.0,5.0
DR Sams,Career,Powerplay,1,6,0,0,16.67,0.0
DR Shorey,Career,Middle,13,17,0,1,76.47,5.88
DR Smith,Career,Death,115,74,6,8,155.41,18.92
DR Smith,Career,Middle,1055,711,84,62,148.38,20.53
DR Smith,Career,Powerplay,1209,970,154,47,124.64,20.72
DS Kulkarni,Career,Death,97,91,7,2,106.59,9.89
DS Kulkarni,Career,Middle,7,17,0,0,41.18,0.0
DS Lehmann,Career,Middle,14,15,2,0,93.33,13.33
DS Lehmann,Career,Powerplay,4,3,1,0,133.33,33.33
DS Rathi,Career,Death,3,8,0,0,37.5,0.0
DT Christian,Career,Death,254,187,14,12,135.83,13.9
DT Christian,Career,Middle,195,199,9,6,97.99,7.54
DT Christian,Career,Powerplay,3,8,0,0,37.5,0.0
DT Patil,Career,Middle,13,13,1,0,100.0,7.69
DV Malewar,Career,Powerplay,2,5,0,0,40.0,0.0
DW Steyn,Career,Death,158,137,14,3,115.33,12.41
DW Steyn,Career,Middle,9,23,0,0,39.13,0.0
Dhruv Jurel,Career,Death,409,228,25,27,179.39,22.81
Dhruv Jurel,Career,Middle,635,454,56,26,139.87,18.06
Dhruv Jurel,Career,Powerplay,151,93,17,9,162.37,27.96
E Lewis,Career,Death,24,15,2,2,160.0,26.67
E Lewis,Career,Middle,210,176,11,13,119.32,13.64
E Lewis,Career,Powerplay,420,286,49,21,146.85,24.48
E Malinga,Career,Death,4,9,0,0,44.44,0.0
E Malinga,Career,Middle,3,8,0,0,37.5,0.0
EJG Morgan,Career,Death,404,240,23,28,168.33,21.25
EJG Morgan,Career,Middle,826,715,65,33,115.52,13.71
EJG Morgan,Career,Powerplay,176,192,24,3,91.67,14.06
ER Dwivedi,Career,Death,19,9,1,2,211.11,33.33
ER Dwivedi,Career,Powerplay,5,5,1,0,100.0,20.0
F Behardien,Career,Death,14,12,2,0,116.67,16.67
F Behardien,Career,Middle,0,1,0,0,0.0,0.0
F du Plessis,Career,Death,415,207,39,23,200.48,29.95
F du Plessis,Career,Middle,2072,1629,119,70,127.19,11.6
F du Plessis,Career,Powerplay,2276,1670,281,81,136.29,21.68
FA Allen,Career,Death,4,7,0,0,57.14,0.0
FA Allen,Career,Middle,9,11,1,0,81.82,9.09
FH Allen,Career,Middle,142,50,4,18,284.0,44.0
FH Allen,Career,Powerplay,207,113,29,10,183.19,34.51
FH Edwards,Career,Death,4,5,0,0,80.0,0.0
FY Fazal,Career,Death,36,30,5,0,120.0,16.67
FY Fazal,Career,Middle,71,64,6,1,110.94,10.94
FY Fazal,Career,Powerplay,76,78,11,0,97.44,14.1
Fazalhaq Farooqi,Career,Death,5,15,0,0,33.33,0.0
G Coetzee,Career,Death,20,20,1,2,100.0,15.0
G Coetzee,Career,Middle,10,12,1,0,83.33,8.33
G Gambhir,Career,Death,170,123,17,4,138.21,17.07
G Gambhir,Career,Middle,1763,1409,164,21,125.12,13.13
G Gambhir,Career,Powerplay,2264,1862,309,33,121.59,18.37
GB Hogg,Career,Death,22,22,1,0,100.0,4.55
GC Smith,Career,Death,36,22,5,0,163.64,22.73
GC Smith,Career,Middle,321,256,28,9,125.39,14.45
GC Smith,Career,Powerplay,374,386,59,0,96.89,15.28
GC Viljoen,Career,Death,3,7,0,0,42.86,0.0
GD McGrath,Career,Death,0,2,0,0,0.0,0.0
GD McGrath,Career,Middle,4,3,1,0,133.33,33.33
GD Phillips,Career,Death,74,39,6,5,189.74,28.21
GD Phillips,Career,Middle,54,57,1,3,94.74,7.02
GD Phillips,Career,Powerplay,4,12,0,0,33.33,0.0
GF Linde,Career,Death,31,21,6,0,147.62,28.57
GH Vihari,Career,Death,54,52,5,0,103.85,9.62
GH Vihari,Career,Middle,168,177,13,1,94.92,7.91
GH Vihari,Career,Powerplay,59,90,5,0,65.56,5.56
GHS Garton,Career,Death,2,4,0,0,50.0,0.0
GJ Bailey,Career,Death,284,153,21,16,185.62,24.18
GJ Bailey,Career,Middle,245,261,14,3,93.87,6.51
GJ Bailey,Career,Powerplay,131,127,24,0,103.15,18.9
GJ Maxwell,Career,Death,442,241,44,22,183.4,27.39
GJ Maxwell,Career,Middle,1937,1260,133,123,153.73,20.32
GJ Maxwell,Career,Powerplay,433,309,59,16,140.13,24.27
GR Napier,Career,Middle,15,16,1,0,93.75,6.25
Gulbadin Naib,Career,Death,8,8,1,0,100.0,12.5
Gulbadin Naib,Career,Middle,11,7,0,1,157.14,14.29
Gurkeerat Singh,Career,Death,201,125,21,9,160.8,24.0
Gurkeerat Singh,Career,Middle,275,260,28,2,105.77,11.54
Gurkeerat Singh,Career,Powerplay,35,37,6,0,94.59,16.22
H Das,Career,Death,2,5,0,0,40.0,0.0
H Klaasen,Career,Death,569,280,41,38,203.21,28.21
H Klaasen,Career,Middle,1418,892,93,78,158.97,19.17
H Klaasen,Career,Powerplay,108,81,12,4,133.33,19.75
HC Brook,Career,Death,29,20,3,0,145.0,15.0
HC Brook,Career,Middle,61,49,5,2,124.49,14.29
HC Brook,Career,Powerplay,96,84,14,2,114.29,19.05
HE van der Dussen,Career,Death,12,10,1,0,120.0,10.0
HE van der Dussen,Career,Middle,10,14,1,0,71.43,7.14
HF Gurney,Career,Death,1,5,0,0,20.0,0.0
HH Gibbs,Career,Death,61,35,4,3,174.29,20.0
HH Gibbs,Career,Middle,378,354,25,12,106.78,10.45
HH Gibbs,Career,Powerplay,447,416,54,16,107.45,16.83
HH Pandya,Career,Death,1278,699,87,91,182.83,25.46
HH Pandya,Career,Middle,1491,1136,112,65,131.25,15.58
HH Pandya,Career,Powerplay,182,181,28,1,100.55,16.02
HM Amla,Career,Death,79,38,10,4,207.89,36.84
HM Amla,Career,Middle,235,169,17,9,139.05,15.38
HM Amla,Career,Powerplay,261,199,33,8,131.16,20.6
HR Shokeen,Career,Death,18,15,3,0,120.0,20.0
HR Shokeen,Career,Middle,47,45,6,0,104.44,13.33
HR Shokeen,Career,Powerplay,1,5,0,0,20.0,0.0
HV Patel,Career,Death,191,145,12,11,131.72,15.86
HV Patel,Career,Middle,89,93,6,4,95.7,10.75
Harbhajan Singh,Career,Death,573,367,51,33,156.13,22.89
Harbhajan Singh,Career,Middle,189,181,18,8,104.42,14.36
Harbhajan Singh,Career,Powerplay,62,51,8,1,121.57,17.65
Harmeet Singh,Career,Death,18,12,3,0,150.0,25.0
Harpreet Brar,Career,Death,186,134,15,8,138.81,17.16
Harpreet Brar,Career,Middle,63,72,5,2,87.5,9.72
Harpreet Singh,Career,Death,24,27,0,1,88.89,3.7
Harpreet Singh,Career,Middle,65,62,5,1,104.84,9.68
Harpreet Singh,Career,Powerplay,30,29,4,1,103.45,17.24
Harsh Dubey,Career,Death,13,9,2,0,144.44,22.22
Harshit Rana,Career,Death,28,32,4,1,87.5,15.62
Harshit Rana,Career,Middle,31,23,1,2,134.78,13.04
Himmat Singh,Career,Death,48,29,4,2,165.52,20.69
Himmat Singh,Career,Middle,41,36,1,3,113.89,11.11
I Malhotra,Career,Death,7,4,1,0,175.0,25.0
I Sharma,Career,Death,44,53,2,2,83.02,7.55
I Sharma,Career,Middle,13,16,2,0,81.25,12.5
I Udana,Career,Death,15,11,1,1,136.36,18.18
IC Pandey,Career,Death,0,2,0,0,0.0,0.0
IK Pathan,Career,Death,562,356,52,23,157.87,21.07
IK Pathan,Career,Middle,495,522,24,13,94.83,7.09
IK Pathan,Career,Powerplay,92,69,12,2,133.33,20.29
IR Jaggi,Career,Death,12,13,0,0,92.31,0.0
IR Jaggi,Career,Middle,39,47,3,0,82.98,6.38
IR Jaggi,Career,Powerplay,25,37,3,0,67.57,8.11
IS Sodhi,Career,Death,2,6,0,0,33.33,0.0
IS Sodhi,Career,Middle,5,11,0,0,45.45,0.0
Imran Tahir,Career,Death,29,27,4,0,107.41,14.81
Imran Tahir,Career,Middle,4,10,1,0,40.0,10.0
Iqbal Abdulla,Career,Death,59,50,8,0,118.0,16.0
Iqbal Abdulla,Career,Middle,28,32,1,1,87.5,6.25
Ishan Kishan,Career,Death,290,150,26,19,193.33,30.0
Ishan Kishan,Career,Middle,1781,1250,132,84,142.48,17.28
Ishan Kishan,Career,Powerplay,1520,1101,189,63,138.06,22.89
J Arunkumar,Career,Powerplay,23,23,5,0,100.0,21.74
J Botha,Career,Death,135,98,13,3,137.76,16.33
J Botha,Career,Middle,228,208,20,1,109.62,10.1
J Botha,Career,Powerplay,45,52,6,1,86.54,13.46
J Fraser-McGurk,Career,Middle,87,49,4,8,177.55,24.49
J Fraser-McGurk,Career,Powerplay,292,142,35,21,205.63,39.44
J Overton,Career,Death,92,57,10,4,161.4,24.56
J Overton,Career,Middle,55,35,3,3,157.14,17.14
J Suchith,Career,Death,46,26,4,2,176.92,23.08
J Suchith,Career,Middle,24,35,2,1,68.57,8.57
J Syed Mohammad,Career,Death,20,15,3,0,133.33,20.0
J Syed Mohammad,Career,Middle,9,11,1,0,81.82,9.09
J Theron,Career,Death,10,12,1,0,83.33,8.33
J Yadav,Career,Death,25,24,1,1,104.17,8.33
J Yadav,Career,Middle,15,12,1,0,125.0,8.33
JA Morkel,Career,Death,563,347,34,35,162.25,19.88
JA Morkel,Career,Middle,386,323,24,19,119.5,13.31
JA Morkel,Career,Powerplay,18,13,3,0,138.46,23.08
JA Richardson,Career,Death,2,4,0,0,50.0,0.0
JA Richardson,Career,Middle,15,22,2,0,68.18,9.09
JC Archer,Career,Death,228,148,12,15,154.05,18.24
JC Archer,Career,Middle,81,68,5,5,119.12,14.71
JC Archer,Career,Powerplay,0,4,0,0,0.0,0.0
JC Buttler,Career,Death,547,276,45,36,198.19,29.35
JC Buttler,Career,Middle,2226,1514,184,91,147.03,18.16
JC Buttler,Career,Powerplay,1850,1304,228,82,141.87,23.77
JD Ryder,Career,Death,28,19,1,2,147.37,15.79
JD Ryder,Career,Middle,136,113,10,4,120.35,12.39
JD Ryder,Career,Powerplay,432,323,56,13,133.75,21.36
JD Unadkat,Career,Death,152,118,11,6,128.81,14.41
JD Unadkat,Career,Middle,49,51,5,1,96.08,11.76
JDP Oram,Career,Death,50,35,4,3,142.86,20.0
JDP Oram,Career,Middle,56,72,2,2,77.78,5.56
JDS Neesham,Career,Death,32,36,1,2,88.89,8.33
JDS Neesham,Career,Middle,60,57,5,0,105.26,8.77
JE Root,Career,Powerplay,10,15,1,0,66.67,6.67
JE Taylor,Career,Death,3,3,0,0,100.0,0.0
JEC Franklin,Career,Death,78,51,11,0,152.94,21.57
JEC Franklin,Career,Middle,170,157,4,8,108.28,7.64
JEC Franklin,Career,Powerplay,79,92,10,1,85.87,11.96
JG Bethell,Career,Middle,26,26,2,0,100.0,7.69
JG Bethell,Career,Powerplay,137,90,19,6,152.22,27.78
JH Kallis,Career,Death,303,156,29,16,194.23,28.85
JH Kallis,Career,Middle,1086,1082,76,13,100.37,8.23
JH Kallis,Career,Powerplay,1030,975,149,15,105.64,16.82
JJ Bumrah,Career,Death,64,77,4,1,83.12,6.49
JJ Bumrah,Career,Middle,11,8,2,0,137.5,25.0
JJ Roy,Career,Death,34,20,3,2,170.0,25.0
JJ Roy,Career,Middle,200,133,16,9,150.38,18.8
JJ Roy,Career,Powerplay,380,288,56,10,131.94,22.92
JJ van der Wath,Career,Death,14,11,1,1,127.27,18.18
JJ van der Wath,Career,Middle,4,5,0,0,80.0,0.0
JL Denly,Career,Powerplay,0,1,0,0,0.0,0.0
JL Pattinson,Career,Death,15,13,2,0,115.38,15.38
JM Bairstow,Career,Death,45,29,2,3,155.17,17.24
JM Bairstow,Career,Middle,683,490,51,32,139.39,16.94
JM Bairstow,Career,Powerplay,944,623,120,39,151.52,25.52
JM Kemp,Career,Death,3,6,0,0,50.0,0.0
JM Kemp,Career,Middle,21,15,1,1,140.0,13.33
JM Kemp,Career,Powerplay,2,3,0,0,66.67,0.0
JM Sharma,Career,Death,354,194,25,25,182.47,25.77
JM Sharma,Career,Middle,733,506,59,42,144.86,19.96
JM Sharma,Career,Powerplay,13,23,2,0,56.52,8.7
JO Holder,Career,Death,204,152,12,12,134.21,15.79
JO Holder,Career,Middle,108,88,1,9,122.73,11.36
JO Holder,Career,Powerplay,12,21,3,0,57.14,14.29
JP Behrendorff,Career,Death,6,9,0,0,66.67,0.0
JP Duminy,Career,Death,710,391,47,41,181.59,22.51
JP Duminy,Career,Middle,1081,1001,49,32,107.99,8.09
JP Duminy,Career,Powerplay,235,239,30,6,98.33,15.06
JP Faulkner,Career,Death,386,233,26,21,165.67,20.17
JP Faulkner,Career,Middle,124,132,8,2,93.94,7.58
JP Faulkner,Career,Powerplay,14,20,2,0,70.0,10.0
JP Inglis,Career,Death,27,18,5,0,150.0,27.78
JP Inglis,Career,Middle,210,141,19,8,148.94,19.15
JP Inglis,Career,Powerplay,303,154,33,20,196.75,34.42
JPR Scantlebury-Searles,Career,Death,8,6,0,1,133.33,16.67
JR Hazlewood,Career,Death,16,18,1,0,88.89,5.56
JR Hazlewood,Career,Middle,3,12,0,0,25.0,0.0
JR Hopes,Career,Death,53,37,4,1,143.24,13.51
JR Hopes,Career,Middle,197,135,24,4,145.93,20.74
JR Hopes,Career,Powerplay,167,133,21,6,125.56,20.3
JR Philippe,Career,Death,1,2,0,0,50.0,0.0
JR Philippe,Career,Middle,26,20,3,0,130.0,15.0
JR Philippe,Career,Powerplay,51,55,6,1,92.73,12.73
Jaskaran Singh,Career,Death,7,9,0,0,77.78,0.0
Jaskaran Singh,Career,Middle,1,2,0,0,50.0,0.0
Joginder Sharma,Career,Death,29,23,0,2,126.09,8.7
Joginder Sharma,Career,Middle,7,7,1,0,100.0,14.29
K Goel,Career,Death,24,22,2,1,109.09,13.64
K Goel,Career,Middle,34,48,2,1,70.83,6.25
K Goel,Career,Powerplay,160,161,13,7,99.38,12.42
K Gowtham,Career,Death,152,80,9,11,190.0,25.0
K Gowtham,Career,Middle,87,63,6,5,138.1,17.46
K Gowtham,Career,Powerplay,8,5,0,1,160.0,20.0
K Kartikeya,Career,Death,9,10,1,0,90.0,10.0
K Kartikeya,Career,Middle,3,7,0,0,42.86,0.0
K Rabada,Career,Death,172,130,12,9,132.31,16.15
K Rabada,Career,Middle,89,105,9,2,84.76,10.48
K Rabada,Career,Powerplay,1,3,0,0,33.33,0.0
K Upadhyay,Career,Death,12,9,0,1,133.33,11.11
K Yadav,Career,Death,0,4,0,0,0.0,0.0
KA Jamieson,Career,Death,45,32,4,2,140.62,18.75
KA Jamieson,Career,Middle,32,41,2,2,78.05,9.76
KA Maharaj,Career,Death,1,2,0,0,50.0,0.0
KA Pollard,Career,Death,1682,928,109,124,181.25,25.11
KA Pollard,Career,Middle,1676,1338,107,95,125.26,15.1
KA Pollard,Career,Powerplay,53,49,4,2,108.16,12.24
KAJ Roach,Career,Death,1,4,0,0,25.0,0.0
KAJ Roach,Career,Middle,9,5,1,0,180.0,20.0
KB Arun Karthik,Career,Death,25,29,2,0,86.21,6.9
KB Arun Karthik,Career,Middle,26,22,2,1,118.18,13.64
KC Cariappa,Career,Death,12,13,0,1,92.31,7.69
KC Cariappa,Career,Middle,12,8,0,1,150.0,12.5
KC Sangakkara,Career,Death,135,90,16,3,150.0,21.11
KC Sangakkara,Career,Middle,1023,848,98,17,120.64,13.56
KC Sangakkara,Career,Powerplay,522,447,81,6,116.78,19.46
KD Karthik,Career,Death,1552,830,139,91,186.99,27.71
KD Karthik,Career,Middle,2875,2335,268,64,123.13,14.22
KD Karthik,Career,Powerplay,397,405,55,6,98.02,15.06
KH Pandya,Career,Death,638,402,59,28,158.71,21.64
KH Pandya,Career,Middle,1245,995,100,46,125.13,14.67
KH Pandya,Career,Powerplay,86,80,11,2,107.5,16.25
KJ Abbott,Career,Death,13,7,0,1,185.71,14.29
KJ Abbott,Career,Middle,0,1,0,0,0.0,0.0
KK Ahmed,Career,Death,2,9,0,0,22.22,0.0
KK Cooper,Career,Death,66,33,6,4,200.0,30.3
KK Cooper,Career,Middle,42,32,3,3,131.25,18.75
KK Cooper,Career,Powerplay,7,2,0,1,350.0,50.0
KK Nair,Career,Death,211,111,19,12,190.09,27.93
KK Nair,Career,Middle,881,708,81,21,124.44,14.41
KK Nair,Career,Powerplay,615,483,87,16,127.33,21.33
KL Nagarkoti,Career,Death,15,18,1,0,83.33,5.56
KL Nagarkoti,Career,Middle,7,15,0,0,46.67,0.0
KL Rahul,Career,Death,680,361,62,36,188.37,27.15
KL Rahul,Career,Middle,2701,1926,179,109,140.24,14.95
KL Rahul,Career,Powerplay,2437,1889,268,93,129.01,19.11
KM Asif,Career,Middle,0,2,0,0,0.0,0.0
KM Jadhav,Career,Death,453,325,35,22,139.38,17.54
KM Jadhav,Career,Middle,671,564,53,17,118.97,12.41
KM Jadhav,Career,Powerplay,67,80,12,1,83.75,16.25
KMA Paul,Career,Death,18,19,1,1,94.74,10.53
KMA Paul,Career,Middle,0,5,0,0,0.0,0.0
KMDN Kulasekara,Career,Death,5,3,1,0,166.67,33.33
KP Appanna,Career,Death,2,4,0,0,50.0,0.0
KP Pietersen,Career,Death,110,55,10,6,200.0,29.09
KP Pietersen,Career,Middle,499,394,34,22,126.65,14.21
KP Pietersen,Career,Powerplay,391,293,47,12,133.45,20.14
KR Mayers,Career,Middle,97,58,4,9,167.24,22.41
KR Mayers,Career,Powerplay,276,200,34,12,138.0,23.0
KR Sen,Career,Death,0,3,0,0,0.0,0.0
KS Bharat,Career,Death,26,13,0,2,200.0,15.38
KS Bharat,Career,Middle,108,91,5,4,118.68,9.89
KS Bharat,Career,Powerplay,64,57,7,2,112.28,15.79
KS Rathore,Career,Powerplay,0,5,0,0,0.0,0.0
KS Sharma,Career,Middle,6,10,0,0,60.0,0.0
KS Sharma,Career,Powerplay,10,15,1,0,66.67,6.67
KS Williamson,Career,Death,336,201,36,9,167.16,22.39
KS Williamson,Career,Middle,1309,1011,88,48,129.48,13.45
KS Williamson,Career,Powerplay,483,480,63,7,100.63,14.58
KT Maphaka,Career,Death,8,2,2,0,400.0,100.0
KV Sharma,Career,Death,228,161,12,14,141.61,16.15
KV Sharma,Career,Middle,117,125,7,3,93.6,8.0
KV Sharma,Career,Powerplay,7,9,1,0,77.78,11.11
KW Richardson,Career,Death,12,16,0,0,75.0,0.0
KW Richardson,Career,Middle,24,23,2,1,104.35,13.04
Kamran Akmal,Career,Death,20,12,1,1,166.67,16.67
Kamran Akmal,Career,Middle,57,25,4,5,228.0,36.0
Kamran Akmal,Career,Powerplay,47,40,7,2,117.5,22.5
Kamran Khan,Career,Middle,3,5,0,0,60.0,0.0
Karanveer Singh,Career,Death,8,10,1,0,80.0,10.0
Karanveer Singh,Career,Middle,4,7,0,0,57.14,0.0
Kartik Sharma,Career,Death,48,29,7,2,165.52,31.03
Kartik Sharma,Career,Middle,216,164,14,13,131.71,16.46
Kartik Sharma,Career,Powerplay,31,23,3,1,134.78,17.39
Kartik Tyagi,Career,Death,19,20,1,1,95.0,10.0
Kartik Tyagi,Career,Middle,5,6,1,0,83.33,16.67
Krish Bhagat,Career,Death,3,10,0,0,30.0,0.0
Krish Bhagat,Career,Middle,7,11,0,0,63.64,0.0
Kuldeep Yadav,Career,Death,168,183,15,2,91.8,9.29
Kuldeep Yadav,Career,Middle,42,70,3,1,60.0,5.71
Kumar Kushagra,Career,Death,0,1,0,0,0.0,0.0
Kumar Kushagra,Career,Middle,2,5,0,0,40.0,0.0
Kumar Kushagra,Career,Powerplay,19,15,3,0,126.67,20.0
L Ablish,Career,Death,0,2,0,0,0.0,0.0
L Balaji,Career,Death,32,40,2,1,80.0,7.5
L Balaji,Career,Middle,4,9,0,0,44.44,0.0
L Ngidi,Career,Death,4,8,0,0,50.0,0.0
L Ronchi,Career,Powerplay,34,34,6,1,100.0,20.59
L Wood,Career,Death,9,3,0,1,300.0,33.33
LA Carseldine,Career,Death,17,10,2,0,170.0,20.0
LA Carseldine,Career,Middle,25,22,2,0,113.64,9.09
LA Carseldine,Career,Powerplay,38,34,7,0,111.76,20.59
LA Pomersbach,Career,Death,59,34,5,3,173.53,23.53
LA Pomersbach,Career,Middle,139,132,9,6,105.3,11.36
LA Pomersbach,Career,Powerplay,103,77,11,4,133.77,19.48
LB Williams,Career,Death,1,2,0,0,50.0,0.0
LE Plunkett,Career,Death,1,3,0,0,33.33,0.0
LG Pretorius,Career,Middle,7,6,0,0,116.67,0.0
LG Pretorius,Career,Powerplay,0,2,0,0,0.0,0.0
LH Ferguson,Career,Death,65,41,6,2,158.54,19.51
LH Ferguson,Career,Middle,3,5,0,0,60.0,0.0
LJ Wright,Career,Death,68,30,11,2,226.67,43.33
LJ Wright,Career,Middle,26,21,4,0,123.81,19.05
LJ Wright,Career,Powerplay,8,8,0,1,100.0,12.5
LMP Simmons,Career,Death,32,25,3,1,128.0,16.0
LMP Simmons,Career,Middle,505,367,39,24,137.6,17.17
LMP Simmons,Career,Powerplay,542,456,67,19,118.86,18.86
LPC Silva,Career,Death,23,10,2,1,230.0,30.0
LPC Silva,Career,Middle,8,9,1,0,88.89,11.11
LPC Silva,Career,Powerplay,9,7,2,0,128.57,28.57
LR Shukla,Career,Death,189,131,17,9,144.27,19.85
LR Shukla,Career,Middle,214,214,16,7,100.0,10.75
LR Shukla,Career,Powerplay,2,5,0,0,40.0,0.0
LRPL Taylor,Career,Death,217,135,15,13,160.74,20.74
LRPL Taylor,Career,Middle,638,562,33,25,113.52,10.32
LRPL Taylor,Career,Powerplay,155,121,18,7,128.1,20.66
LS Livingstone,Career,Death,231,109,13,22,211.93,32.11
LS Livingstone,Career,Middle,644,437,38,42,147.37,18.31
LS Livingstone,Career,Powerplay,175,134,17,11,130.6,20.9
Lalit Yadav,Career,Death,75,64,7,2,117.19,14.06
Lalit Yadav,Career,Middle,194,190,16,4,102.11,10.53
Lalit Yadav,Career,Powerplay,25,31,3,0,80.65,9.68
Liton Das,Career,Powerplay,4,4,1,0,100.0,25.0
M Ashwin,Career,Death,28,32,2,1,87.5,9.38
M Ashwin,Career,Middle,7,18,0,0,38.89,0.0
M Jansen,Career,Death,127,112,5,7,113.39,10.71
M Jansen,Career,Middle,65,62,4,2,104.84,9.68
M Kaif,Career,Death,36,31,3,1,116.13,12.9
M Kaif,Career,Middle,201,181,15,5,111.05,11.05
M Kaif,Career,Powerplay,22,37,4,0,59.46,10.81
M Kartik,Career,Death,70,68,2,1,102.94,4.41
M Kartik,Career,Middle,42,39,5,0,107.69,12.82
M Klinger,Career,Middle,22,27,2,0,81.48,7.41
M Klinger,Career,Powerplay,50,48,7,0,104.17,14.58
M Manhas,Career,Death,204,149,15,7,136.91,14.77
M Manhas,Career,Middle,264,268,22,2,98.51,8.96
M Manhas,Career,Powerplay,46,53,6,1,86.79,13.21
M Markande,Career,Death,45,35,5,1,128.57,17.14
M Markande,Career,Middle,3,7,0,0,42.86,0.0
M Morkel,Career,Death,112,75,9,5,149.33,18.67
M Morkel,Career,Middle,10,14,1,0,71.43,7.14
M Muralitharan,Career,Death,20,29,1,0,68.97,3.45
M Ntini,Career,Death,11,18,2,0,61.11,11.11
M Prasidh Krishna,Career,Death,15,31,1,0,48.39,3.23
M Rawat,Career,Death,35,37,4,0,94.59,10.81
M Rawat,Career,Middle,20,30,0,1,66.67,3.33
M Rawat,Career,Powerplay,0,2,0,0,0.0,0.0
M Shahrukh Khan,Career,Death,329,193,23,20,170.47,22.28
M Shahrukh Khan,Career,Middle,423,310,24,31,136.45,17.74
M Shahrukh Khan,Career,Powerplay,23,21,2,1,109.52,14.29
M Theekshana,Career,Death,14,21,0,1,66.67,4.76
M Theekshana,Career,Middle,3,13,0,0,23.08,0.0
M Tiwari,Career,Death,18,8,2,1,225.0,37.5
M Tiwari,Career,Middle,3,4,0,0,75.0,0.0
M Vijay,Career,Death,74,44,7,3,168.18,22.73
M Vijay,Career,Middle,971,729,64,42,133.2,14.54
M Vijay,Career,Powerplay,1574,1375,176,46,114.47,16.15
M Vohra,Career,Death,36,18,4,2,200.0,33.33
M Vohra,Career,Middle,356,270,27,14,131.85,15.19
M Vohra,Career,Powerplay,691,540,73,27,127.96,18.52
M de Lange,Career,Death,1,2,0,0,50.0,0.0
MA Agarwal,Career,Death,192,89,17,12,215.73,32.58
MA Agarwal,Career,Middle,1152,814,88,46,141.52,16.46
MA Agarwal,Career,Powerplay,1402,1151,167,42,121.81,18.16
MA Khote,Career,Death,12,13,2,0,92.31,15.38
MA Khote,Career,Middle,12,9,0,1,133.33,11.11
MA Starc,Career,Death,68,78,7,0,87.18,8.97
MA Starc,Career,Middle,43,43,4,0,100.0,9.3
MA Wood,Career,Death,11,7,1,1,157.14,28.57
MA Wood,Career,Middle,1,1,0,0,100.0,0.0
MC Henriques,Career,Death,290,165,27,12,175.76,23.64
MC Henriques,Career,Middle,549,481,43,13,114.14,11.64
MC Henriques,Career,Powerplay,157,139,16,3,112.95,13.67
MC Juneja,Career,Death,5,9,0,0,55.56,0.0
MC Juneja,Career,Middle,100,101,8,1,99.01,8.91
MC Juneja,Career,Powerplay,20,18,3,0,111.11,16.67
MD Choudhary,Career,Death,98,58,3,10,168.97,22.41
MD Choudhary,Career,Middle,72,62,8,2,116.13,16.13
MD Mishra,Career,Death,23,15,1,2,153.33,20.0
MD Mishra,Career,Middle,84,68,6,3,123.53,13.24
MD Mishra,Career,Powerplay,128,123,17,3,104.07,16.26
MD Shanaka,Career,Death,19,17,1,1,111.76,11.76
MD Shanaka,Career,Middle,70,54,4,4,129.63,14.81
MD Shanaka,Career,Powerplay,0,1,0,0,0.0,0.0
MDKJ Perera,Career,Powerplay,14,13,3,0,107.69,23.08
MEK Hussey,Career,Death,164,87,17,7,188.51,27.59
MEK Hussey,Career,Middle,984,757,76,29,129.99,13.87
MEK Hussey,Career,Powerplay,828,766,105,16,108.09,15.8
MF Maharoof,Career,Death,127,74,9,7,171.62,21.62
MF Maharoof,Career,Middle,50,49,3,2,102.04,10.2
MG Bracewell,Career,Death,11,11,0,0,100.0,0.0
MG Bracewell,Career,Middle,45,34,6,1,132.35,20.59
MG Bracewell,Career,Powerplay,2,2,0,0,100.0,0.0
MG Johnson,Career,Death,148,137,8,7,108.03,10.95
MG Johnson,Career,Middle,18,26,2,0,69.23,7.69
MJ Clarke,Career,Middle,22,30,1,0,73.33,3.33
MJ Clarke,Career,Powerplay,76,64,11,0,118.75,17.19
MJ Guptill,Career,Middle,52,40,2,4,130.0,15.0
MJ Guptill,Career,Powerplay,213,156,22,10,136.54,20.51
MJ Henry,Career,Death,2,3,0,0,66.67,0.0
MJ Henry,Career,Middle,5,7,1,0,71.43,14.29
MJ Lumb,Career,Middle,53,40,8,1,132.5,22.5
MJ Lumb,Career,Powerplay,225,151,37,5,149.01,27.81
MJ McClenaghan,Career,Death,54,46,4,4,117.39,17.39
MJ McClenaghan,Career,Middle,30,22,1,3,136.36,18.18
MJ McClenaghan,Career,Powerplay,0,1,0,0,0.0,0.0
MJ Owen,Career,Powerplay,0,2,0,0,0.0,0.0
MJ Santner,Career,Death,81,58,5,5,139.66,17.24
MJ Santner,Career,Middle,34,40,1,1,85.0,5.0
MJ Santner,Career,Powerplay,20,24,3,0,83.33,12.5
MJ Suthar,Career,Death,1,2,0,0,50.0,0.0
MK Lomror,Career,Death,151,109,14,6,138.53,18.35
MK Lomror,Career,Middle,344,225,16,23,152.89,17.33
MK Lomror,Career,Powerplay,31,38,3,1,81.58,10.53
MK Pandey,Career,Death,526,341,38,24,154.25,18.18
MK Pandey,Career,Middle,2316,1937,156,69,119.57,11.62
MK Pandey,Career,Powerplay,1160,1010,152,24,114.85,17.43
MK Tiwary,Career,Death,496,323,49,15,153.56,19.81
MK Tiwary,Career,Middle,966,892,80,20,108.3,11.21
MK Tiwary,Career,Powerplay,223,229,25,5,97.38,13.1
ML Hayden,Career,Death,62,33,5,4,187.88,27.27
ML Hayden,Career,Middle,441,309,34,20,142.72,17.48
ML Hayden,Career,Powerplay,593,457,80,20,129.76,21.88
MM Ali,Career,Death,201,115,17,13,174.78,26.09
MM Ali,Career,Middle,731,526,50,42,138.97,17.49
MM Ali,Career,Powerplay,233,191,28,12,121.99,20.94
MM Patel,Career,Death,39,37,5,0,105.41,13.51
MM Patel,Career,Middle,0,4,0,0,0.0,0.0
MM Sharma,Career,Death,74,76,5,2,97.37,9.21
MM Sharma,Career,Middle,51,60,4,2,85.0,10.0
MN Samuels,Career,Death,19,12,1,1,158.33,16.67
MN Samuels,Career,Middle,133,135,7,6,98.52,9.63
MN Samuels,Career,Powerplay,9,25,1,0,36.0,4.0
MN van Wyk,Career,Death,54,35,5,1,154.29,17.14
MN van Wyk,Career,Middle,81,71,8,0,114.08,11.27
MN van Wyk,Career,Powerplay,28,25,5,0,112.0,20.0
MP Breetzke,Career,Powerplay,14,12,1,1,116.67,16.67
MP Stoinis,Career,Death,820,428,74,48,191.59,28.5
MP Stoinis,Career,Middle,1094,835,62,59,131.02,14.49
MP Stoinis,Career,Powerplay,314,249,42,10,126.1,20.88
MP Yadav,Career,Death,5,5,1,0,100.0,20.0
MR Marsh,Career,Death,167,113,12,11,147.79,20.35
MR Marsh,Career,Middle,845,598,61,46,141.3,17.89
MR Marsh,Career,Powerplay,835,534,80,54,156.37,25.09
MS Bhandage,Career,Middle,1,4,0,0,25.0,0.0
MS Bisla,Career,Death,40,25,6,1,160.0,28.0
MS Bisla,Career,Middle,280,242,16,11,115.7,11.16
MS Bisla,Career,Powerplay,474,433,70,11,109.47,18.71
MS Dhoni,Career,Death,2910,1548,220,183,187.98,26.03
MS Dhoni,Career,Middle,2440,2315,145,78,105.4,9.63
MS Dhoni,Career,Powerplay,59,72,10,0,81.94,13.89
MS Gony,Career,Death,79,48,4,7,164.58,22.92
MS Gony,Career,Middle,20,22,2,1,90.91,13.64
MS Wade,Career,Middle,70,79,4,0,88.61,5.06
MS Wade,Career,Powerplay,113,98,19,2,115.31,21.43
MV Boucher,Career,Death,172,108,10,9,159.26,17.59
MV Boucher,Career,Middle,193,175,19,3,110.29,12.57
MV Boucher,Career,Powerplay,22,24,3,0,91.67,12.5
MW Short,Career,Middle,37,39,2,0,94.87,5.13
MW Short,Career,Powerplay,138,103,19,5,133.98,23.3
Mandeep Singh,Career,Death,326,203,24,13,160.59,18.23
Mandeep Singh,Career,Middle,746,630,58,17,118.41,11.9
Mandeep Singh,Career,Powerplay,633,552,94,8,114.67,18.48
Mashrafe Mortaza,Career,Death,2,2,0,0,100.0,0.0
Mayank Dagar,Career,Death,0,1,0,0,0.0,0.0
Misbah-ul-Haq,Career,Death,40,15,2,4,266.67,40.0
Misbah-ul-Haq,Career,Middle,50,47,4,1,106.38,10.64
Misbah-ul-Haq,Career,Powerplay,27,19,4,1,142.11,26.32
Mohammad Ashraful,Career,Powerplay,2,10,0,0,20.0,0.0
Mohammad Asif,Career,Death,0,2,0,0,0.0,0.0
Mohammad Asif,Career,Middle,3,4,0,0,75.0,0.0
Mohammad Hafeez,Career,Death,5,4,1,0,125.0,25.0
Mohammad Hafeez,Career,Middle,31,43,2,1,72.09,6.98
Mohammad Hafeez,Career,Powerplay,28,36,4,1,77.78,13.89
Mohammad Nabi,Career,Death,103,74,10,6,139.19,21.62
Mohammad Nabi,Career,Middle,86,62,6,3,138.71,14.52
Mohammad Nabi,Career,Powerplay,26,15,2,2,173.33,26.67
Mohammed Shami,Career,Death,91,85,8,3,107.06,12.94
Mohammed Shami,Career,Middle,24,26,1,2,92.31,11.54
Mohammed Siraj,Career,Death,103,110,9,4,93.64,11.82
Mohammed Siraj,Career,Middle,14,27,2,0,51.85,7.41
Mohit Rathee,Career,Death,1,2,0,0,50.0,0.0
Mohsin Khan,Career,Death,24,19,2,1,126.32,15.79
Mohsin Khan,Career,Middle,1,9,0,0,11.11,0.0
Mujeeb Ur Rahman,Career,Death,11,12,2,0,91.67,16.67
Mujeeb Ur Rahman,Career,Middle,1,3,0,0,33.33,0.0
Mukesh Choudhary,Career,Death,2,2,0,0,100.0,0.0
Mukesh Choudhary,Career,Middle,6,6,1,0,100.0,16.67
Mukesh Kumar,Career,Death,9,17,0,0,52.94,0.0
Mukesh Kumar,Career,Middle,1,1,0,0,100.0,0.0
Musheer Khan,Career,Middle,0,3,0,0,0.0,0.0
Mustafizur Rahman,Career,Death,13,21,0,1,61.9,4.76
Mustafizur Rahman,Career,Middle,0,3,0,0,0.0,0.0
N Burger,Career,Death,14,9,0,1,155.56,11.11
N Jagadeesan,Career,Death,9,11,0,0,81.82,0.0
N Jagadeesan,Career,Middle,89,75,11,1,118.67,16.0
N Jagadeesan,Career,Powerplay,64,61,10,1,104.92,18.03
N Pooran,Career,Death,662,369,52,43,179.4,25.75
N Pooran,Career,Middle,1632,1016,97,125,160.63,21.85
N Pooran,Career,Powerplay,228,153,19,18,149.02,24.18
N Rana,Career,Death,302,165,32,17,183.03,29.7
N Rana,Career,Middle,1960,1402,150,101,139.8,17.9
N Rana,Career,Powerplay,801,662,104,32,121.0,20.54
N Saini,Career,Death,6,6,1,0,100.0,16.67
N Saini,Career,Middle,54,51,5,0,105.88,9.8
N Saini,Career,Powerplay,80,83,10,0,96.39,12.05
N Sindhu,Career,Middle,34,27,1,2,125.93,11.11
N Sindhu,Career,Powerplay,29,23,6,0,126.09,26.09
N Wadhera,Career,Death,72,48,8,4,150.0,25.0
N Wadhera,Career,Middle,658,461,52,36,142.73,19.09
N Wadhera,Career,Powerplay,53,49,4,3,108.16,14.29
ND Doshi,Career,Death,0,10,0,0,0.0,0.0
ND Doshi,Career,Middle,0,3,0,0,0.0,0.0
NJ Maddinson,Career,Powerplay,20,21,4,0,95.24,19.05
NJ Rimmington,Career,Death,1,1,0,0,100.0,0.0
NK Patel,Career,Death,31,18,2,1,172.22,16.67
NK Patel,Career,Middle,45,46,4,0,97.83,8.7
NK Patel,Career,Powerplay,45,55,8,0,81.82,14.55
NL McCullum,Career,Death,18,15,0,1,120.0,6.67
NL McCullum,Career,Middle,8,7,0,0,114.29,0.0
NLTC Perera,Career,Death,213,129,9,16,165.12,19.38
NLTC Perera,Career,Middle,189,162,10,10,116.67,12.35
NLTC Perera,Career,Powerplay,19,15,4,0,126.67,26.67
NM Coulter-Nile,Career,Death,68,53,4,4,128.3,15.09
NM Coulter-Nile,Career,Middle,14,19,3,0,73.68,15.79
NS Naik,Career,Death,11,16,0,0,68.75,0.0
NS Naik,Career,Middle,13,18,1,0,72.22,5.56
NS Naik,Career,Powerplay,7,16,1,0,43.75,6.25
NT Ellis,Career,Death,18,16,0,1,112.5,6.25
NT Ellis,Career,Middle,1,9,0,0,11.11,0.0
NV Ojha,Career,Death,307,217,17,19,141.47,16.59
NV Ojha,Career,Middle,742,610,45,38,121.64,13.61
NV Ojha,Career,Powerplay,494,481,58,21,102.7,16.42
Naman Dhir,Career,Death,267,126,26,17,211.9,34.13
Naman Dhir,Career,Middle,278,190,23,11,146.32,17.89
Naman Dhir,Career,Powerplay,165,116,19,8,142.24,23.28
Navdeep Saini,Career,Death,27,24,3,0,112.5,12.5
Navdeep Saini,Career,Middle,6,12,0,0,50.0,0.0
Navdeep Saini,Career,Powerplay,0,1,0,0,0.0,0.0
Naveen-ul-Haq,Career,Death,16,18,2,0,88.89,11.11
Naveen-ul-Haq,Career,Middle,2,6,0,0,33.33,0.0
Nithish Kumar Reddy,Career,Death,189,90,10,17,210.0,30.0
Nithish Kumar Reddy,Career,Middle,522,366,36,26,142.62,16.94
Nithish Kumar Reddy,Career,Powerplay,75,84,4,3,89.29,8.33
Noor Ahmad,Career,Death,26,35,2,1,74.29,8.57
Noor Ahmad,Career,Middle,5,23,0,0,21.74,0.0
OA Shah,Career,Death,202,133,13,10,151.88,17.29
OA Shah,Career,Middle,280,237,20,11,118.14,13.08
OA Shah,Career,Powerplay,23,18,1,2,127.78,16.67
OC McCoy,Career,Death,8,5,0,1,160.0,20.0
OF Smith,Career,Death,46,32,1,5,143.75,18.75
OF Smith,Career,Middle,5,12,0,0,41.67,0.0
P Awana,Career,Death,5,14,0,0,35.71,0.0
P Chopra,Career,Middle,8,6,2,0,133.33,33.33
P Dogra,Career,Death,50,42,3,2,119.05,11.9
P Dogra,Career,Middle,77,96,1,3,80.21,4.17
P Dubey,Career,Death,7,14,0,0,50.0,0.0
P Dubey,Career,Middle,16,19,2,0,84.21,10.53
P Kumar,Career,Death,269,241,17,12,111.62,12.03
P Kumar,Career,Middle,63,63,4,5,100.0,14.29
P Kumar,Career,Powerplay,6,8,1,0,75.0,12.5
P Negi,Career,Death,226,157,18,10,143.95,17.83
P Negi,Career,Middle,134,125,8,6,107.2,11.2
P Negi,Career,Powerplay,4,6,1,0,66.67,16.67
P Nissanka,Career,Middle,43,36,3,1,119.44,11.11
P Nissanka,Career,Powerplay,234,137,30,11,170.8,29.93
P Parameswaran,Career,Death,1,2,0,0,50.0,0.0
P Ray Barman,Career,Middle,19,24,2,0,79.17,8.33
P Sahu,Career,Death,19,13,1,1,146.15,15.38
P Simran Singh,Career,Death,60,36,5,4,166.67,25.0
P Simran Singh,Career,Middle,653,399,49,38,163.66,21.8
P Simran Singh,Career,Powerplay,1135,749,141,50,151.54,25.5
PA Patel,Career,Death,63,45,7,1,140.0,17.78
PA Patel,Career,Middle,878,744,75,17,118.01,12.37
PA Patel,Career,Powerplay,1900,1561,282,31,121.72,20.05
PA Reddy,Career,Death,6,2,0,1,300.0,50.0
PA Reddy,Career,Middle,55,54,5,0,101.85,9.26
PA Reddy,Career,Powerplay,103,104,10,1,99.04,10.58
PBB Rajapaksa,Career,Death,2,4,0,0,50.0,0.0
PBB Rajapaksa,Career,Middle,197,138,14,10,142.75,17.39
PBB Rajapaksa,Career,Powerplay,77,48,8,5,160.42,27.08
PC Valthaty,Career,Death,27,13,5,0,207.69,38.46
PC Valthaty,Career,Middle,166,127,11,10,130.71,16.54
PC Valthaty,Career,Powerplay,306,274,44,10,111.68,19.71
PD Collingwood,Career,Death,66,37,1,7,178.38,21.62
PD Collingwood,Career,Middle,111,100,5,5,111.0,10.0
PD Collingwood,Career,Powerplay,26,19,3,1,136.84,21.05
PD Salt,Career,Death,24,11,2,2,218.18,36.36
PD Salt,Career,Middle,393,220,34,23,178.64,25.91
PD Salt,Career,Powerplay,836,484,101,42,172.73,29.55
PHKD Mendis,Career,Death,14,14,0,0,100.0,0.0
PHKD Mendis,Career,Middle,72,45,7,2,160.0,20.0
PHKD Mendis,Career,Powerplay,5,9,0,0,55.56,0.0
PJ Cummins,Career,Death,367,229,21,25,160.26,20.09
PJ Cummins,Career,Middle,270,189,19,19,142.86,20.11
PJ Cummins,Career,Powerplay,0,1,0,0,0.0,0.0
PJ Sangwan,Career,Death,22,35,1,0,62.86,2.86
PJ Sangwan,Career,Middle,4,9,0,0,44.44,0.0
PK Garg,Career,Death,51,30,5,2,170.0,23.33
PK Garg,Career,Middle,167,158,8,4,105.7,7.59
PK Garg,Career,Powerplay,51,50,2,3,102.0,10.0
PM Sarvesh Kumar,Career,Death,1,2,0,0,50.0,0.0
PN Mankad,Career,Death,14,10,1,1,140.0,20.0
PN Mankad,Career,Middle,38,25,4,1,152.0,20.0
PN Mankad,Career,Powerplay,45,37,8,0,121.62,21.62
PP Chawla,Career,Death,402,323,42,12,124.46,16.72
PP Chawla,Career,Middle,206,225,11,8,91.56,8.44
PP Chawla,Career,Powerplay,15,13,3,0,115.38,23.08
PP Hinge,Career,Death,0,1,0,0,0.0,0.0
PP Hinge,Career,Middle,3,8,0,0,37.5,0.0
PP Ojha,Career,Death,16,41,0,0,39.02,0.0
PP Ojha,Career,Middle,0,3,0,0,0.0,0.0
PP Shaw,Career,Death,18,11,3,0,163.64,27.27
PP Shaw,Career,Middle,527,352,42,24,149.72,18.75
PP Shaw,Career,Powerplay,1345,917,193,37,146.67,25.08
PR Shah,Career,Death,18,16,2,0,112.5,12.5
PR Shah,Career,Middle,43,43,6,0,100.0,13.95
PR Shah,Career,Powerplay,30,31,1,2,96.77,9.68
PR Veer,Career,Death,47,38,4,2,123.68,15.79
PR Veer,Career,Middle,43,29,6,1,148.28,24.14
PSP Handscomb,Career,Middle,6,12,0,0,50.0,0.0
PV Tambe,Career,Death,12,28,0,0,42.86,0.0
PV Tambe,Career,Middle,6,10,1,0,60.0,10.0
PVD Chameera,Career,Death,46,35,2,3,131.43,14.29
PVD Chameera,Career,Middle,7,10,1,0,70.0,10.0
PVSN Raju,Career,Death,1,1,0,0,100.0,0.0
PWA Mulder,Career,Death,8,7,1,0,114.29,14.29
PWA Mulder,Career,Middle,1,4,0,0,25.0,0.0
PWH de Silva,Career,Death,43,41,5,0,104.88,12.2
PWH de Silva,Career,Middle,38,47,2,1,80.85,6.38
Pankaj Singh,Career,Death,7,12,0,0,58.33,0.0
Parvez Rasool,Career,Death,17,20,1,0,85.0,5.0
Prince Yadav,Career,Death,5,11,0,0,45.45,0.0
Priyansh Arya,Career,Middle,231,116,14,20,199.14,29.31
Priyansh Arya,Career,Powerplay,678,353,73,43,192.07,32.86
Q de Kock,Career,Death,150,72,16,7,208.33,31.94
Q de Kock,Career,Middle,1322,966,105,50,136.85,16.05
Q de Kock,Career,Powerplay,1964,1508,213,85,130.24,19.76
R Ashwin,Career,Death,420,312,36,14,134.62,16.03
R Ashwin,Career,Middle,334,319,17,12,104.7,9.09
R Ashwin,Career,Powerplay,78,73,11,3,106.85,19.18
R Bhatia,Career,Death,229,147,19,10,155.78,19.73
R Bhatia,Career,Middle,113,137,5,3,82.48,5.84
R Bishnoi,Career,Death,1,2,0,0,50.0,0.0
R Bishnoi,Career,Middle,0,1,0,0,0.0,0.0
R Bishnoi,Career,Powerplay,18,14,1,2,128.57,21.43
R Dhawan,Career,Death,140,101,10,7,138.61,16.83
R Dhawan,Career,Middle,70,86,8,0,81.4,9.3
R Dravid,Career,Death,160,89,15,9,179.78,26.97
R Dravid,Career,Middle,1108,960,106,12,115.42,12.29
R Dravid,Career,Powerplay,905,829,148,7,109.17,18.7
R McLaren,Career,Death,55,47,6,1,117.02,14.89
R McLaren,Career,Middle,92,106,7,0,86.79,6.6
R McLaren,Career,Powerplay,12,18,1,0,66.67,5.56
R Minz,Career,Death,6,4,1,0,150.0,25.0
R Minz,Career,Middle,6,15,0,0,40.0,0.0
R Ninan,Career,Death,3,5,0,0,60.0,0.0
R Parag,Career,Death,416,256,29,27,162.5,21.88
R Parag,Career,Middle,1270,904,85,69,140.49,17.04
R Parag,Career,Powerplay,187,136,21,12,137.5,24.26
R Powell,Career,Death,245,124,19,20,197.58,31.45
R Powell,Career,Middle,295,252,18,17,117.06,13.89
R Powell,Career,Powerplay,15,13,1,1,115.38,15.38
R Rampaul,Career,Death,28,28,2,1,100.0,10.71
R Rampaul,Career,Middle,22,21,1,1,104.76,9.52
R Ravindra,Career,Death,21,6,0,3,350.0,50.0
R Ravindra,Career,Middle,113,80,4,6,141.25,12.5
R Ravindra,Career,Powerplay,274,198,35,7,138.38,21.21
R Sai Kishore,Career,Death,17,13,0,2,130.77,15.38
R Sai Kishore,Career,Middle,1,3,0,0,33.33,0.0
R Sanjay Yadav,Career,Death,0,2,0,0,0.0,0.0
R Sathish,Career,Death,143,99,12,4,144.44,16.16
R Sathish,Career,Middle,126,124,10,2,101.61,9.68
R Sathish,Career,Powerplay,0,7,0,0,0.0,0.0
R Sharma,Career,Death,54,67,4,2,80.6,8.96
R Sharma,Career,Middle,12,8,1,1,150.0,25.0
R Shepherd,Career,Death,175,85,13,15,205.88,32.94
R Shepherd,Career,Middle,87,65,5,6,133.85,16.92
R Shukla,Career,Death,16,20,2,0,80.0,10.0
R Shukla,Career,Middle,3,3,0,0,100.0,0.0
R Smaran,Career,Death,5,2,1,0,250.0,50.0
R Smaran,Career,Middle,4,4,1,0,100.0,25.0
R Smaran,Career,Powerplay,10,19,1,0,52.63,5.26
R Tewatia,Career,Death,790,452,67,49,174.78,25.66
R Tewatia,Career,Middle,503,477,42,13,105.45,11.53
R Tewatia,Career,Powerplay,6,9,1,0,66.67,11.11
R Vinay Kumar,Career,Death,239,196,16,9,121.94,12.76
R Vinay Kumar,Career,Middle,71,78,5,0,91.03,6.41
RA Bawa,Career,Death,20,14,0,0,142.86,0.0
RA Bawa,Career,Middle,15,17,2,0,88.24,11.76
RA Bawa,Career,Powerplay,0,1,0,0,0.0,0.0
RA Jadeja,Career,Death,1612,1013,121,75,159.13,19.35
RA Jadeja,Career,Middle,1740,1563,119,42,111.32,10.3
RA Jadeja,Career,Powerplay,157,109,24,4,144.04,25.69
RA Tripathi,Career,Death,163,100,12,11,163.0,23.0
RA Tripathi,Career,Middle,1110,834,88,37,133.09,14.99
RA Tripathi,Career,Powerplay,995,721,125,36,138.0,22.33
RD Chahar,Career,Death,104,93,10,4,111.83,15.05
RD Chahar,Career,Middle,25,31,3,1,80.65,12.9
RD Gaikwad,Career,Death,206,116,15,13,177.59,24.14
RD Gaikwad,Career,Middle,1233,886,83,49,139.16,14.9
RD Gaikwad,Career,Powerplay,1388,1081,160,45,128.4,18.96
RD Rickelton,Career,Death,18,9,1,1,200.0,22.22
RD Rickelton,Career,Middle,264,144,18,20,183.33,26.39
RD Rickelton,Career,Powerplay,554,342,59,34,161.99,27.19
RE Levi,Career,Middle,21,16,1,2,131.25,18.75
RE Levi,Career,Powerplay,62,57,9,2,108.77,19.3
RE van der Merwe,Career,Death,47,36,3,3,130.56,16.67
RE van der Merwe,Career,Middle,76,68,5,3,111.76,11.76
RE van der Merwe,Career,Powerplay,36,37,3,2,97.3,13.51
RG More,Career,Death,2,2,0,0,100.0,0.0
RG Sharma,Career,Death,1161,595,92,78,195.13,28.57
RG Sharma,Career,Middle,3574,2878,287,121,124.18,14.18
RG Sharma,Career,Powerplay,2551,2024,278,122,126.04,19.76
RJ Gleeson,Career,Death,2,2,0,0,100.0,0.0
RJ Harris,Career,Death,86,73,4,3,117.81,9.59
RJ Harris,Career,Middle,30,38,2,0,78.95,5.26
RJ Peterson,Career,Death,18,15,2,1,120.0,20.0
RJ Peterson,Career,Middle,14,15,1,0,93.33,6.67
RJ Quiney,Career,Middle,38,31,3,2,122.58,16.13
RJ Quiney,Career,Powerplay,65,71,9,1,91.55,14.08
RJW Topley,Career,Death,3,6,0,0,50.0,0.0
RK Bhui,Career,Middle,10,19,0,0,52.63,0.0
RK Bhui,Career,Powerplay,0,7,0,0,0.0,0.0
RK Singh,Career,Death,667,336,60,43,198.51,30.65
RK Singh,Career,Middle,675,584,50,20,115.58,11.99
RK Singh,Career,Powerplay,40,28,5,2,142.86,25.0
RM Patidar,Career,Death,147,69,6,16,213.04,31.88
RM Patidar,Career,Middle,1220,694,66,90,175.79,22.48
RM Patidar,Career,Powerplay,243,215,34,4,113.02,17.67
RN ten Doeschate,Career,Death,193,111,16,11,173.87,24.32
RN ten Doeschate,Career,Middle,127,117,9,4,108.55,11.11
RN ten Doeschate,Career,Powerplay,6,7,1,0,85.71,14.29
RP Meredith,Career,Death,0,3,0,0,0.0,0.0
RP Singh,Career,Death,50,66,2,1,75.76,4.55
RP Singh,Career,Middle,2,10,0,0,20.0,0.0
RR Bhatkal,Career,Death,0,2,0,0,0.0,0.0
RR Pant,Career,Death,757,371,68,53,204.04,32.61
RR Pant,Career,Middle,2617,1852,220,113,141.31,17.98
RR Pant,Career,Powerplay,489,412,62,14,118.69,18.45
RR Powar,Career,Death,64,53,6,1,120.75,13.21
RR Powar,Career,Middle,3,11,0,0,27.27,0.0
RR Raje,Career,Death,20,18,1,1,111.11,11.11
RR Rossouw,Career,Death,56,26,4,4,215.38,30.77
RR Rossouw,Career,Middle,276,181,17,18,152.49,19.34
RR Rossouw,Career,Powerplay,139,99,24,3,140.4,27.27
RR Sarwan,Career,Middle,28,35,0,0,80.0,0.0
RR Sarwan,Career,Powerplay,45,40,6,1,112.5,17.5
RS Bopara,Career,Death,126,78,10,5,161.54,19.23
RS Bopara,Career,Middle,275,231,18,8,119.05,11.26
RS Bopara,Career,Powerplay,130,144,11,3,90.28,9.72
RS Gavaskar,Career,Middle,2,8,0,0,25.0,0.0
RS Sodhi,Career,Death,4,2,1,0,200.0,50.0
RT Ponting,Career,Middle,46,53,3,1,86.79,7.55
RT Ponting,Career,Powerplay,45,75,2,1,60.0,4.0
RV Gomez,Career,Death,44,35,4,1,125.71,14.29
RV Gomez,Career,Middle,6,15,1,0,40.0,6.67
RV Gomez,Career,Powerplay,0,1,0,0,0.0,0.0
RV Patel,Career,Death,49,37,4,1,132.43,13.51
RV Patel,Career,Middle,31,36,2,1,86.11,8.33
RV Uthappa,Career,Death,413,234,29,27,176.5,23.93
RV Uthappa,Career,Middle,2497,1918,191,105,130.19,15.43
RV Uthappa,Career,Powerplay,2032,1632,260,50,124.51,19.0
Rahmanullah Gurbaz,Career,Middle,111,74,8,7,150.0,20.27
Rahmanullah Gurbaz,Career,Powerplay,246,194,26,14,126.8,20.62
Ramandeep Singh,Career,Death,133,68,11,8,195.59,27.94
Ramandeep Singh,Career,Middle,158,132,6,10,119.7,12.12
Ramandeep Singh,Career,Powerplay,2,3,0,0,66.67,0.0
Rashid Khan,Career,Death,492,293,35,36,167.92,24.23
Rashid Khan,Career,Middle,134,107,8,7,125.23,14.02
Rasikh Salam,Career,Death,30,21,4,0,142.86,19.05
Rasikh Salam,Career,Middle,13,21,1,0,61.9,4.76
Ravi Bishnoi,Career,Death,29,43,1,2,67.44,6.98
Ravi Bishnoi,Career,Middle,16,26,1,0,61.54,3.85
Ravi Singh,Career,Middle,4,2,1,0,200.0,50.0
S Anirudha,Career,Death,65,41,3,4,158.54,17.07
S Anirudha,Career,Middle,45,43,1,3,104.65,9.3
S Anirudha,Career,Powerplay,26,28,5,0,92.86,17.86
S Aravind,Career,Death,46,41,6,0,112.2,14.63
S Aravind,Career,Middle,13,16,1,0,81.25,6.25
S Arora,Career,Death,86,43,5,8,200.0,30.23
S Arora,Career,Middle,33,33,4,1,100.0,15.15
S Arora,Career,Powerplay,2,1,0,0,200.0,0.0
S Badree,Career,Death,3,6,0,0,50.0,0.0
S Badree,Career,Middle,10,17,0,0,58.82,0.0
S Badrinath,Career,Death,326,201,32,10,162.19,20.9
S Badrinath,Career,Middle,930,771,95,17,120.62,14.53
S Badrinath,Career,Powerplay,182,236,27,1,77.12,11.86
S Chanderpaul,Career,Powerplay,25,31,4,0,80.65,12.9
S Dhawan,Career,Death,493,301,48,18,163.79,21.93
S Dhawan,Career,Middle,2844,2232,263,58,127.42,14.38
S Dhawan,Career,Powerplay,3399,2771,452,76,122.66,19.05
S Dube,Career,Death,566,333,37,41,169.97,23.42
S Dube,Career,Middle,1511,1081,92,93,139.78,17.11
S Dube,Career,Powerplay,37,46,3,1,80.43,8.7
S Gopal,Career,Death,119,88,14,2,135.23,18.18
S Gopal,Career,Middle,61,77,5,0,79.22,6.49
S Gopal,Career,Powerplay,0,4,0,0,0.0,0.0
S Kaul,Career,Death,18,31,1,0,58.06,3.23
S Kaul,Career,Middle,2,5,0,0,40.0,0.0
S Kaushik,Career,Death,0,1,0,0,0.0,0.0
S Ladda,Career,Death,0,1,0,0,0.0,0.0
S Ladda,Career,Middle,0,8,0,0,0.0,0.0
S Lamichhane,Career,Death,0,1,0,0,0.0,0.0
S Nadeem,Career,Death,23,52,2,0,44.23,3.85
S Nadeem,Career,Middle,16,35,0,0,45.71,0.0
S Narwal,Career,Death,19,15,3,0,126.67,20.0
S Narwal,Career,Middle,18,12,3,0,150.0,25.0
S Rana,Career,Death,57,41,7,0,139.02,17.07
S Rana,Career,Middle,10,16,0,0,62.5,0.0
S Rana,Career,Powerplay,20,22,2,1,90.91,13.64
S Randiv,Career,Death,2,4,0,0,50.0,0.0
S Sohal,Career,Death,4,9,0,0,44.44,0.0
S Sohal,Career,Middle,85,63,8,3,134.92,17.46
S Sohal,Career,Powerplay,279,217,26,15,128.57,18.89
S Sreesanth,Career,Death,34,54,6,0,62.96,11.11
S Sreesanth,Career,Middle,0,1,0,0,0.0,0.0
S Sriram,Career,Middle,18,25,1,0,72.0,4.0
S Sriram,Career,Powerplay,13,11,2,0,118.18,18.18
S Tyagi,Career,Death,3,4,0,0,75.0,0.0
S Vidyut,Career,Middle,42,33,5,1,127.27,18.18
S Vidyut,Career,Powerplay,103,76,16,2,135.53,23.68
SA Abbott,Career,Death,20,11,1,2,181.82,27.27
SA Abbott,Career,Middle,2,7,0,0,28.57,0.0
SA Asnodkar,Career,Middle,145,129,18,1,112.4,14.73
SA Asnodkar,Career,Powerplay,278,208,38,9,133.65,22.6
SA Yadav,Career,Death,600,314,61,36,191.08,30.89
SA Yadav,Career,Middle,2945,2036,281,106,144.65,19.01
SA Yadav,Career,Powerplay,1017,722,138,35,140.86,23.96
SB Bangar,Career,Death,29,17,1,3,170.59,23.53
SB Bangar,Career,Middle,20,41,0,0,48.78,0.0
SB Dubey,Career,Death,128,72,9,9,177.78,25.0
SB Dubey,Career,Middle,77,64,6,3,120.31,14.06
SB Dubey,Career,Powerplay,14,6,2,1,233.33,50.0
SB Jakati,Career,Death,28,29,3,0,96.55,10.34
SB Joshi,Career,Middle,6,14,0,0,42.86,0.0
SB Styris,Career,Death,21,18,3,0,116.67,16.67
SB Styris,Career,Middle,102,102,7,3,100.0,9.8
SB Styris,Career,Powerplay,8,12,0,0,66.67,0.0
SB Wagh,Career,Death,2,3,0,0,66.67,0.0
SC Ganguly,Career,Death,114,65,5,10,175.38,23.08
SC Ganguly,Career,Middle,700,675,56,22,103.7,11.56
SC Ganguly,Career,Powerplay,529,517,76,9,102.32,16.44
SD Chitnis,Career,Death,32,30,3,0,106.67,10.0
SD Chitnis,Career,Middle,60,52,7,1,115.38,15.38
SD Chitnis,Career,Powerplay,1,6,0,0,16.67,0.0
SD Hope,Career,Death,7,7,0,0,100.0,0.0
SD Hope,Career,Middle,98,55,3,8,178.18,20.0
SD Hope,Career,Powerplay,78,60,9,4,130.0,21.67
SD Lad,Career,Powerplay,15,13,1,1,115.38,15.38
SE Bond,Career,Middle,1,2,0,0,50.0,0.0
SE Marsh,Career,Death,168,104,8,10,161.54,17.31
SE Marsh,Career,Middle,1534,1029,143,59,149.08,19.63
SE Marsh,Career,Powerplay,771,733,116,8,105.18,16.92
SE Rutherford,Career,Death,199,118,10,18,168.64,23.73
SE Rutherford,Career,Middle,316,228,20,20,138.6,17.54
SE Rutherford,Career,Powerplay,4,16,0,0,25.0,0.0
SH Johnson,Career,Death,7,8,1,0,87.5,12.5
SH Johnson,Career,Middle,1,4,0,0,25.0,0.0
SJ Srivastava,Career,Death,5,5,0,0,100.0,0.0
SK Raina,Career,Death,653,383,54,29,170.5,21.67
SK Raina,Career,Middle,3309,2477,254,119,133.59,15.06
SK Raina,Career,Powerplay,1551,1165,196,55,133.13,21.55
SK Rasheed,Career,Middle,2,3,0,0,66.67,0.0
SK Rasheed,Career,Powerplay,69,60,9,2,115.0,18.33
SK Trivedi,Career,Death,40,53,3,1,75.47,7.55
SK Trivedi,Career,Middle,2,5,0,0,40.0,0.0
SK Warne,Career,Death,115,113,7,4,101.77,9.73
SK Warne,Career,Middle,82,100,7,2,82.0,9.0
SL Malinga,Career,Death,80,89,6,4,89.89,11.24
SL Malinga,Career,Middle,8,10,0,1,80.0,10.0
SM Curran,Career,Death,339,188,28,21,180.32,26.06
SM Curran,Career,Middle,500,408,39,15,122.55,13.24
SM Curran,Career,Powerplay,147,129,16,5,113.95,16.28
SM Harwood,Career,Death,8,13,0,0,61.54,0.0
SM Katich,Career,Death,17,13,0,1,130.77,7.69
SM Katich,Career,Middle,78,64,7,2,121.88,14.06
SM Katich,Career,Powerplay,145,108,19,5,134.26,22.22
SM Pollock,Career,Death,72,35,7,5,205.71,34.29
SM Pollock,Career,Middle,74,70,5,3,105.71,11.43
SM Pollock,Career,Powerplay,1,6,0,0,16.67,0.0
SMSM Senanayake,Career,Death,9,15,0,0,60.0,0.0
SMSM Senanayake,Career,Middle,1,1,0,0,100.0,0.0
SN Khan,Career,Death,246,139,31,7,176.98,27.34
SN Khan,Career,Middle,321,288,31,6,111.46,12.85
SN Khan,Career,Powerplay,168,111,22,7,151.35,26.13
SN Thakur,Career,Death,198,142,20,7,139.44,19.01
SN Thakur,Career,Middle,150,116,12,6,129.31,15.52
SN Thakur,Career,Powerplay,0,4,0,0,0.0,0.0
SO Hetmyer,Career,Death,813,430,50,60,189.07,25.58
SO Hetmyer,Career,Middle,677,543,41,33,124.68,13.63
SO Hetmyer,Career,Powerplay,74,71,8,3,104.23,15.49
SP Fleming,Career,Middle,76,54,10,1,140.74,20.37
SP Fleming,Career,Powerplay,116,108,16,2,107.41,16.67
SP Goswami,Career,Death,11,14,0,0,78.57,0.0
SP Goswami,Career,Middle,119,114,11,2,104.39,11.4
SP Goswami,Career,Powerplay,162,165,21,1,98.18,13.33
SP Jackson,Career,Death,19,20,0,0,95.0,0.0
SP Jackson,Career,Middle,32,28,3,1,114.29,14.29
SP Jackson,Career,Powerplay,10,9,2,0,111.11,22.22
SP Narine,Career,Death,96,103,6,5,93.2,10.68
SP Narine,Career,Middle,550,308,42,43,178.57,27.6
SP Narine,Career,Powerplay,1172,689,143,72,170.1,31.2
SPD Smith,Career,Death,530,319,48,23,166.14,22.26
SPD Smith,Career,Middle,1425,1198,108,25,118.95,11.1
SPD Smith,Career,Powerplay,506,414,66,10,122.22,18.36
SR Dubey,Career,Death,4,2,1,0,200.0,50.0
SR Tendulkar,Career,Death,132,78,18,3,169.23,26.92
SR Tendulkar,Career,Middle,1059,886,103,16,119.53,13.43
SR Tendulkar,Career,Powerplay,1140,977,175,10,116.68,18.94
SR Watson,Career,Death,290,157,22,17,184.71,24.84
SR Watson,Career,Middle,2155,1387,180,119,155.37,21.56
SR Watson,Career,Powerplay,1419,1257,172,54,112.89,17.98
SS Cottrell,Career,Death,0,1,0,0,0.0,0.0
SS Cottrell,Career,Middle,0,1,0,0,0.0,0.0
SS Iyer,Career,Death,584,298,43,42,195.97,28.52
SS Iyer,Career,Middle,2609,1878,177,117,138.92,15.65
SS Iyer,Career,Powerplay,1030,909,133,23,113.31,17.16
SS Mishra,Career,Death,1,3,0,0,33.33,0.0
SS Prabhudessai,Career,Death,23,19,1,2,121.05,15.79
SS Prabhudessai,Career,Middle,95,74,9,2,128.38,14.86
SS Prabhudessai,Career,Powerplay,8,12,1,0,66.67,8.33
SS Shaikh,Career,Middle,6,7,1,0,85.71,14.29
SS Tiwary,Career,Death,381,252,29,16,151.19,17.86
SS Tiwary,Career,Middle,940,824,59,32,114.08,11.04
SS Tiwary,Career,Powerplay,168,159,23,2,105.66,15.72
ST Jayasuriya,Career,Middle,253,165,23,12,153.33,21.21
ST Jayasuriya,Career,Powerplay,507,364,61,26,139.29,23.9
STR Binny,Career,Death,335,210,22,17,159.52,18.57
STR Binny,Career,Middle,526,447,41,18,117.67,13.2
STR Binny,Career,Powerplay,18,25,3,0,72.0,12.0
SU Parakh,Career,Middle,22,19,3,0,115.79,15.79
SU Parakh,Career,Powerplay,24,14,2,2,171.43,28.57
SV Samson,Career,Death,594,303,42,42,196.04,27.72
SV Samson,Career,Middle,2960,2084,184,148,142.03,15.93
SV Samson,Career,Powerplay,1615,1266,205,53,127.57,20.38
SW Billings,Career,Death,76,46,3,6,165.22,19.57
SW Billings,Career,Middle,296,242,17,13,122.31,12.4
SW Billings,Career,Powerplay,125,97,20,0,128.87,20.62
SW Tait,Career,Death,10,12,1,0,83.33,8.33
SW Tait,Career,Middle,13,14,0,1,92.86,7.14
SZ Mulani,Career,Death,1,1,0,0,100.0,0.0
Sachin Baby,Career,Death,84,46,8,4,182.61,26.09
Sachin Baby,Career,Middle,58,66,3,1,87.88,6.06
Sachin Baby,Career,Powerplay,0,3,0,0,0.0,0.0
Sakib Hussain,Career,Death,5,7,1,0,71.43,14.29
Salil Arora,Career,Middle,35,21,2,2,166.67,19.05
Salman Butt,Career,Death,4,2,1,0,200.0,50.0
Salman Butt,Career,Middle,85,61,11,1,139.34,19.67
Salman Butt,Career,Powerplay,103,97,18,1,106.19,19.59
Sameer Rizvi,Career,Death,103,51,5,9,201.96,27.45
Sameer Rizvi,Career,Middle,303,210,22,17,144.29,18.57
Sameer Rizvi,Career,Powerplay,18,32,3,0,56.25,9.38
Sandeep Sharma,Career,Death,47,59,3,0,79.66,5.08
Sandeep Sharma,Career,Middle,12,15,1,0,80.0,6.67
Sanvir Singh,Career,Death,18,14,2,0,128.57,14.29
Sanvir Singh,Career,Middle,0,2,0,0,0.0,0.0
Sanvir Singh,Career,Powerplay,7,5,0,1,140.0,20.0
Saurav Chauhan,Career,Death,16,12,1,1,133.33,16.67
Saurav Chauhan,Career,Middle,2,3,0,0,66.67,0.0
Sediqullah Atal,Career,Middle,22,16,0,2,137.5,12.5
Shahbaz Ahmed,Career,Death,262,161,17,16,162.73,20.5
Shahbaz Ahmed,Career,Middle,319,300,16,11,106.33,9.0
Shahbaz Ahmed,Career,Powerplay,21,26,0,1,80.77,3.85
Shahid Afridi,Career,Death,22,10,2,2,220.0,40.0
Shahid Afridi,Career,Middle,16,18,1,1,88.89,11.11
Shahid Afridi,Career,Powerplay,43,18,4,3,238.89,38.89
Shakib Al Hasan,Career,Death,267,182,24,9,146.7,18.13
Shakib Al Hasan,Career,Middle,484,416,43,11,116.35,12.98
Shakib Al Hasan,Career,Powerplay,37,37,5,1,100.0,16.22
Shashank Singh,Career,Death,439,212,36,28,207.08,30.19
Shashank Singh,Career,Middle,432,323,25,23,133.75,14.86
Shashank Singh,Career,Powerplay,34,25,6,0,136.0,24.0
Shivam Mavi,Career,Death,48,47,4,2,102.13,12.77
Shivam Mavi,Career,Middle,3,9,0,0,33.33,0.0
Shivam Sharma,Career,Death,5,3,1,0,166.67,33.33
Shivam Singh,Career,Death,2,3,0,0,66.67,0.0
Shivang Kumar,Career,Death,38,26,6,1,146.15,26.92
Shivang Kumar,Career,Middle,14,19,0,0,73.68,0.0
Shoaib Ahmed,Career,Death,0,4,0,0,0.0,0.0
Shoaib Ahmed,Career,Middle,1,2,0,0,50.0,0.0
Shoaib Akhtar,Career,Middle,2,7,0,0,28.57,0.0
Shoaib Malik,Career,Death,2,4,0,0,50.0,0.0
Shoaib Malik,Career,Middle,32,29,2,0,110.34,6.9
Shoaib Malik,Career,Powerplay,17,13,3,0,130.77,23.08
Shubman Gill,Career,Death,336,211,21,19,159.24,18.96
Shubman Gill,Career,Middle,2215,1499,163,82,147.77,16.34
Shubman Gill,Career,Powerplay,2035,1513,260,51,134.5,20.56
Sikandar Raza,Career,Death,34,27,2,1,125.93,11.11
Sikandar Raza,Career,Middle,140,100,10,7,140.0,17.0
Sikandar Raza,Career,Powerplay,8,9,0,0,88.89,0.0
Simarjeet Singh,Career,Death,8,11,0,0,72.73,0.0
Simarjeet Singh,Career,Middle,2,4,0,0,50.0,0.0
Sohail Tanvir,Career,Death,11,9,0,0,122.22,0.0
Sohail Tanvir,Career,Middle,11,11,2,0,100.0,18.18
Sohail Tanvir,Career,Powerplay,13,8,1,1,162.5,25.0
Sumit Kumar,Career,Death,2,7,0,0,28.57,0.0
Sumit Kumar,Career,Middle,16,15,2,1,106.67,20.0
Sumit Kumar,Career,Powerplay,0,2,0,0,0.0,0.0
Sunny Gupta,Career,Middle,0,1,0,0,0.0,0.0
Sunny Singh,Career,Death,7,9,1,0,77.78,11.11
Sunny Singh,Career,Middle,21,14,2,1,150.0,21.43
Sunny Singh,Career,Powerplay,15,8,3,0,187.5,37.5
Suryansh Shedge,Career,Death,34,21,3,2,161.9,23.81
Suryansh Shedge,Career,Middle,115,71,4,9,161.97,18.31
Suryansh Shedge,Career,Powerplay,16,9,2,1,177.78,33.33
Swapnil Singh,Career,Death,26,19,1,2,136.84,15.79
Swapnil Singh,Career,Middle,25,26,2,1,96.15,11.54
T Banton,Career,Powerplay,18,20,1,1,90.0,10.0
T Dahiya,Career,Death,6,8,1,0,75.0,12.5
T Dahiya,Career,Middle,6,7,1,0,85.71,14.29
T Henderson,Career,Middle,9,6,0,1,150.0,16.67
T Henderson,Career,Powerplay,2,9,0,0,22.22,0.0
T Kohler-Cadmore,Career,Middle,1,3,0,0,33.33,0.0
T Kohler-Cadmore,Career,Powerplay,47,51,7,1,92.16,15.69
T Kohli,Career,Death,4,6,0,0,66.67,0.0
T Kohli,Career,Middle,0,1,0,0,0.0,0.0
T Kohli,Career,Powerplay,7,12,0,1,58.33,8.33
T Natarajan,Career,Death,4,7,0,0,57.14,0.0
T Shamsi,Career,Death,2,4,0,0,50.0,0.0
T Stubbs,Career,Death,442,203,38,26,217.73,31.53
T Stubbs,Career,Middle,492,404,25,19,121.78,10.89
T Stubbs,Career,Powerplay,46,41,6,1,112.2,17.07
T Taibu,Career,Death,9,5,1,0,180.0,20.0
T Taibu,Career,Middle,22,21,2,0,104.76,9.52
T Thushara,Career,Death,12,18,0,0,66.67,0.0
TA Boult,Career,Death,76,68,4,3,111.76,10.29
TA Boult,Career,Middle,17,17,1,1,100.0,11.76
TD Paine,Career,Powerplay,10,26,0,0,38.46,0.0
TG Southee,Career,Death,104,77,7,4,135.06,14.29
TG Southee,Career,Middle,16,29,1,0,55.17,3.45
TH David,Career,Death,723,344,41,64,210.17,30.52
TH David,Career,Middle,410,299,34,17,137.12,17.06
TK Curran,Career,Death,58,44,4,3,131.82,15.91
TK Curran,Career,Middle,69,63,6,0,109.52,9.52
TL Seifert,Career,Death,2,4,0,0,50.0,0.0
TL Seifert,Career,Powerplay,43,37,6,1,116.22,18.92
TL Suman,Career,Death,96,73,5,4,131.51,12.33
TL Suman,Career,Middle,395,319,28,16,123.82,13.79
TL Suman,Career,Powerplay,185,181,22,6,102.21,15.47
TM Dilshan,Career,Death,154,86,13,8,179.07,24.42
TM Dilshan,Career,Middle,500,476,48,8,105.04,11.76
TM Dilshan,Career,Powerplay,484,439,76,8,110.25,19.13
TM Head,Career,Death,93,48,6,5,193.75,22.92
TM Head,Career,Middle,452,297,30,24,152.19,18.18
TM Head,Career,Powerplay,1005,562,135,49,178.83,32.74
TM Srivastava,Career,Death,4,4,0,0,100.0,0.0
TM Srivastava,Career,Middle,4,7,0,0,57.14,0.0
TR Birt,Career,Death,51,28,8,2,182.14,35.71
TR Birt,Career,Middle,24,29,1,0,82.76,3.45
TS Mills,Career,Death,6,9,0,1,66.67,11.11
TS Mills,Career,Middle,2,5,0,0,40.0,0.0
TU Deshpande,Career,Death,45,31,2,3,145.16,16.13
TU Deshpande,Career,Middle,9,5,0,1,180.0,20.0
Tanush Kotian,Career,Middle,6,11,0,0,54.55,0.0
Tanush Kotian,Career,Powerplay,18,20,3,0,90.0,15.0
Tilak Varma,Career,Death,383,189,31,26,202.65,30.16
Tilak Varma,Career,Middle,1280,927,94,58,138.08,16.4
Tilak Varma,Career,Powerplay,186,162,18,6,114.81,14.81
U Kaul,Career,Death,0,1,0,0,0.0,0.0
UA Birla,Career,Middle,1,5,0,0,20.0,0.0
UA Birla,Career,Powerplay,6,9,1,0,66.67,11.11
UBT Chand,Career,Death,7,8,1,0,87.5,12.5
UBT Chand,Career,Middle,173,149,18,3,116.11,14.09
UBT Chand,Career,Powerplay,120,142,13,6,84.51,13.38
UT Khawaja,Career,Middle,20,25,1,0,80.0,4.0
UT Khawaja,Career,Powerplay,107,74,13,3,144.59,21.62
UT Yadav,Career,Death,184,161,15,8,114.29,14.29
UT Yadav,Career,Middle,24,40,1,1,60.0,5.0
Umar Gul,Career,Death,21,14,1,2,150.0,21.43
Umar Gul,Career,Middle,18,5,0,3,360.0,60.0
Umran Malik,Career,Death,17,15,1,1,113.33,13.33
Urvil Patel,Career,Middle,53,28,6,3,189.29,32.14
Urvil Patel,Career,Powerplay,144,68,5,17,211.76,32.35
V Kohli,Career,Death,1154,573,82,75,201.4,27.4
V Kohli,Career,Middle,4689,3656,327,154,128.25,13.16
V Kohli,Career,Powerplay,3483,2682,437,87,129.87,19.54
V Nigam,Career,Death,72,42,8,4,171.43,28.57
V Nigam,Career,Middle,65,39,7,3,166.67,25.64
V Nigam,Career,Powerplay,20,7,3,1,285.71,57.14
V Pratap Singh,Career,Death,0,1,0,0,0.0,0.0
V Sehwag,Career,Death,33,14,3,3,235.71,42.86
V Sehwag,Career,Middle,1094,630,101,56,173.65,24.92
V Sehwag,Career,Powerplay,1586,1096,229,46,144.71,25.09
V Shankar,Career,Death,413,239,24,26,172.8,20.92
V Shankar,Career,Middle,687,578,47,20,118.86,11.59
V Shankar,Career,Powerplay,127,130,16,2,97.69,13.85
V Suryavanshi,Career,Death,13,4,0,2,325.0,50.0
V Suryavanshi,Career,Middle,346,150,21,34,230.67,36.67
V Suryavanshi,Career,Powerplay,665,293,59,60,226.96,40.61
V Viyaskanth,Career,Death,7,5,0,0,140.0,0.0
VG Arora,Career,Death,9,18,0,0,50.0,0.0
VG Arora,Career,Middle,1,9,0,0,11.11,0.0
VH Zol,Career,Middle,7,5,1,0,140.0,20.0
VH Zol,Career,Powerplay,22,21,2,1,104.76,14.29
VR Aaron,Career,Death,48,66,2,2,72.73,6.06
VR Aaron,Career,Middle,1,5,0,0,20.0,0.0
VR Iyer,Career,Death,168,95,15,10,176.84,26.32
VR Iyer,Career,Middle,812,586,61,35,138.57,16.38
VR Iyer,Career,Powerplay,691,499,81,32,138.48,22.65
VRV Singh,Career,Death,4,3,1,0,133.33,33.33
VS Malik,Career,Death,7,7,1,0,100.0,14.29
VS Yeligati,Career,Death,2,2,0,0,100.0,0.0
VVS Laxman,Career,Death,2,4,0,0,50.0,0.0
VVS Laxman,Career,Middle,93,75,9,1,124.0,13.33
VVS Laxman,Career,Powerplay,181,187,24,3,96.79,14.44
VY Mahesh,Career,Death,12,17,0,0,70.59,0.0
VY Mahesh,Career,Middle,3,10,0,0,30.0,0.0
Vijaykumar Vyshak,Career,Death,16,16,0,1,100.0,6.25
Virat Singh,Career,Middle,15,24,1,0,62.5,4.17
Virat Singh,Career,Powerplay,0,2,0,0,0.0,0.0
Vishnu Vinod,Career,Death,23,14,1,2,164.29,21.43
Vishnu Vinod,Career,Middle,37,29,2,2,127.59,13.79
Vishnu Vinod,Career,Powerplay,10,21,1,0,47.62,4.76
Vivrant Sharma,Career,Middle,42,23,4,2,182.61,26.09
Vivrant Sharma,Career,Powerplay,27,24,5,0,112.5,20.83
W Jaffer,Career,Middle,53,32,5,2,165.62,21.88
W Jaffer,Career,Powerplay,77,89,9,1,86.52,11.24
WA Mota,Career,Death,13,14,1,0,92.86,7.14
WA Mota,Career,Middle,43,61,1,0,70.49,1.64
WD Parnell,Career,Death,41,49,1,1,83.67,4.08
WD Parnell,Career,Middle,13,17,1,0,76.47,5.88
WD Parnell,Career,Powerplay,11,14,2,0,78.57,14.29
WG Jacks,Career,Death,44,18,2,4,244.44,33.33
WG Jacks,Career,Middle,314,205,21,21,153.17,20.49
WG Jacks,Career,Powerplay,237,154,27,12,153.9,25.32
WP Saha,Career,Death,441,281,33,17,156.94,17.79
WP Saha,Career,Middle,1103,970,72,29,113.71,10.41
WP Saha,Career,Powerplay,1385,1045,190,41,132.54,22.11
WPUJC Vaas,Career,Death,49,48,2,1,102.08,6.25
WPUJC Vaas,Career,Middle,26,24,0,1,108.33,4.17
Washington Sundar,Career,Death,400,237,37,17,168.78,22.78
Washington Sundar,Career,Middle,424,370,37,9,114.59,12.43
Washington Sundar,Career,Powerplay,59,46,7,2,128.26,19.57
X Thalaivan Sargunam,Career,Middle,10,17,0,0,58.82,0.0
XC Bartlett,Career,Death,29,13,2,2,223.08,30.77
XC Bartlett,Career,Middle,11,15,1,0,73.33,6.67
Y Gnaneswara Rao,Career,Middle,4,4,1,0,100.0,25.0
Y Gnaneswara Rao,Career,Powerplay,15,13,2,0,115.38,15.38
Y Nagar,Career,Death,149,103,13,8,144.66,20.39
Y Nagar,Career,Middle,134,153,7,1,87.58,5.23
Y Nagar,Career,Powerplay,2,3,0,0,66.67,0.0
Y Prithvi Raj,Career,Death,0,1,0,0,0.0,0.0
Y Venugopal Rao,Career,Death,306,197,25,14,155.33,19.8
Y Venugopal Rao,Career,Middle,598,539,42,23,110.95,12.06
Y Venugopal Rao,Career,Powerplay,76,96,9,0,79.17,9.38
YA Abdulla,Career,Death,0,1,0,0,0.0,0.0
YBK Jaiswal,Career,Death,50,23,6,3,217.39,39.13
YBK Jaiswal,Career,Middle,863,617,73,34,139.87,17.34
YBK Jaiswal,Career,Powerplay,1668,1052,231,72,158.56,28.8
YK Pathan,Career,Death,854,511,76,38,167.12,22.31
YK Pathan,Career,Middle,1996,1479,140,107,134.96,16.7
YK Pathan,Career,Powerplay,360,243,47,16,148.15,25.93
YS Chahal,Career,Death,32,61,0,0,52.46,0.0
YS Chahal,Career,Middle,5,25,0,0,20.0,0.0
YV Dhull,Career,Middle,14,14,1,0,100.0,7.14
YV Dhull,Career,Powerplay,2,9,0,0,22.22,0.0
YV Takawale,Career,Death,28,12,4,1,233.33,41.67
YV Takawale,Career,Middle,42,33,3,1,127.27,12.12
YV Takawale,Career,Powerplay,121,132,19,1,91.67,15.15
Yash Dayal,Career,Death,4,8,0,0,50.0,0.0
Yash Dayal,Career,Middle,0,1,0,0,0.0,0.0
Yashpal Singh,Career,Death,11,10,2,0,110.0,20.0
Yashpal Singh,Career,Middle,19,20,1,0,95.0,5.0
Yashpal Singh,Career,Powerplay,17,35,2,0,48.57,5.71
Younis Khan,Career,Powerplay,3,7,0,0,42.86,0.0
Yudhvir Singh,Career,Death,1,3,0,0,33.33,0.0
Yudhvir Singh,Career,Middle,21,13,1,2,161.54,23.08
Yuvraj Singh,Career,Death,590,332,42,45,177.71,26.2
Yuvraj Singh,Career,Middle,1959,1597,148,99,122.67,15.47
Yuvraj Singh,Career,Powerplay,193,186,26,5,103.76,16.67
Z Khan,Career,Death,100,97,10,2,103.09,12.37
Z Khan,Career,Middle,16,40,1,0,40.0,2.5
Z Khan,Career,Powerplay,0,3,0,0,0.0,0.0
