Batter,Opponent,runs,balls_faced,innings,strike_rate
A Ashish Reddy,Chennai Super Kings,45,25,3,180.0
A Ashish Reddy,Delhi Daredevils,36,23,3,156.52
A Ashish Reddy,Kings XI Punjab,37,23,3,160.87
A Ashish Reddy,Kolkata Knight Riders,17,13,2,130.77
A Ashish Reddy,Mumbai Indians,27,25,2,108.0
A Ashish Reddy,Pune Warriors,26,19,2,136.84
A Ashish Reddy,Rajasthan Royals,37,24,3,154.17
A Ashish Reddy,Royal Challengers Bengaluru,55,41,5,134.15
A Badoni,Chennai Super Kings,123,76,4,161.84
A Badoni,Delhi Capitals,129,83,7,155.42
A Badoni,Gujarat Titans,148,111,7,133.33
A Badoni,Kolkata Knight Riders,162,131,6,123.66
A Badoni,Mumbai Indians,108,75,6,144.0
A Badoni,Punjab Kings,252,155,8,162.58
A Badoni,Rajasthan Royals,75,66,8,113.64
A Badoni,Royal Challengers Bengaluru,85,75,5,113.33
A Badoni,Sunrisers Hyderabad,95,62,5,153.23
A Chandila,Deccan Chargers,0,1,1,0.0
A Chandila,Royal Challengers Bengaluru,4,6,1,66.67
A Chopra,Deccan Chargers,35,42,2,83.33
A Chopra,Delhi Daredevils,13,17,1,76.47
A Chopra,Kings XI Punjab,2,3,1,66.67
A Chopra,Mumbai Indians,1,4,1,25.0
A Chopra,Royal Challengers Bengaluru,2,5,1,40.0
A Choudhary,Gujarat Lions,15,12,1,125.0
A Choudhary,Kings XI Punjab,4,6,1,66.67
A Choudhary,Sunrisers Hyderabad,6,2,1,300.0
A Dananjaya,Delhi Daredevils,4,5,1,80.0
A Flintoff,Delhi Daredevils,16,17,1,94.12
A Flintoff,Mumbai Indians,24,23,1,104.35
A Flintoff,Royal Challengers Bengaluru,22,13,1,169.23
A Kamboj,Gujarat Titans,19,8,1,237.5
A Kamboj,Kolkata Knight Riders,9,6,3,150.0
A Kamboj,Punjab Kings,0,1,1,0.0
A Kamboj,Rajasthan Royals,12,12,2,100.0
A Kamboj,Royal Challengers Bengaluru,19,12,1,158.33
A Kamboj,Sunrisers Hyderabad,15,11,2,136.36
A Kumble,Chennai Super Kings,3,6,2,50.0
A Kumble,Deccan Chargers,4,6,3,66.67
A Kumble,Delhi Daredevils,2,2,2,100.0
A Kumble,Kings XI Punjab,9,14,4,64.29
A Kumble,Mumbai Indians,9,11,3,81.82
A Kumble,Rajasthan Royals,8,8,1,100.0
A Manohar,Chennai Super Kings,12,12,1,100.0
A Manohar,Delhi Capitals,39,55,4,70.91
A Manohar,Kolkata Knight Riders,16,12,2,133.33
A Manohar,Lucknow Super Giants,20,18,3,111.11
A Manohar,Mumbai Indians,87,61,3,142.62
A Manohar,Rajasthan Royals,71,44,4,161.36
A Manohar,Royal Challengers Bengaluru,12,11,1,109.09
A Manohar,Sunrisers Hyderabad,35,22,2,159.09
A Mhatre,Delhi Capitals,59,36,1,163.89
A Mhatre,Gujarat Titans,34,17,1,200.0
A Mhatre,Kolkata Knight Riders,38,19,2,200.0
A Mhatre,Mumbai Indians,32,15,1,213.33
A Mhatre,Punjab Kings,79,48,2,164.58
A Mhatre,Rajasthan Royals,43,21,2,204.76
A Mhatre,Royal Challengers Bengaluru,95,51,2,186.27
A Mhatre,Sunrisers Hyderabad,60,32,2,187.5
A Mishra,Chennai Super Kings,58,63,8,92.06
A Mishra,Deccan Chargers,6,14,4,42.86
A Mishra,Delhi Daredevils,22,19,2,115.79
A Mishra,Gujarat Lions,8,2,1,400.0
A Mishra,Kings XI Punjab,27,32,6,84.38
A Mishra,Kochi Tuskers Kerala,0,1,1,0.0
A Mishra,Kolkata Knight Riders,62,64,8,96.88
A Mishra,Mumbai Indians,87,85,10,102.35
A Mishra,Pune Warriors,30,25,2,120.0
A Mishra,Rajasthan Royals,30,49,7,61.22
A Mishra,Rising Pune Supergiants,13,9,1,144.44
A Mishra,Royal Challengers Bengaluru,36,52,4,69.23
A Mishra,Sunrisers Hyderabad,1,2,1,50.0
A Mithun,Chennai Super Kings,11,8,1,137.5
A Mithun,Delhi Daredevils,5,6,2,83.33
A Mithun,Kings XI Punjab,16,10,2,160.0
A Mithun,Kolkata Knight Riders,2,2,1,100.0
A Mukund,Rajasthan Royals,19,22,2,86.36
A Nehra,Chennai Super Kings,1,3,2,33.33
A Nehra,Deccan Chargers,21,15,1,140.0
A Nehra,Delhi Daredevils,1,1,1,100.0
A Nehra,Kings XI Punjab,5,19,5,26.32
A Nehra,Kolkata Knight Riders,1,5,2,20.0
A Nehra,Mumbai Indians,1,6,2,16.67
A Nehra,Rajasthan Royals,9,8,1,112.5
A Nehra,Royal Challengers Bengaluru,0,2,2,0.0
A Nehra,Sunrisers Hyderabad,0,1,1,0.0
A Nortje,Chennai Super Kings,1,7,2,14.29
A Nortje,Delhi Capitals,0,1,1,0.0
A Nortje,Gujarat Titans,7,8,2,87.5
A Nortje,Kings XI Punjab,3,1,1,300.0
A Nortje,Kolkata Knight Riders,4,6,1,66.67
A Nortje,Mumbai Indians,5,3,1,166.67
A Nortje,Rajasthan Royals,0,1,1,0.0
A Nortje,Royal Challengers Bengaluru,23,14,1,164.29
A Nortje,Sunrisers Hyderabad,6,9,4,66.67
A Raghuvanshi,Chennai Super Kings,52,39,3,133.33
A Raghuvanshi,Delhi Capitals,99,61,3,162.3
A Raghuvanshi,Gujarat Titans,117,60,3,195.0
A Raghuvanshi,Lucknow Super Giants,98,77,5,127.27
A Raghuvanshi,Mumbai Indians,90,51,3,176.47
A Raghuvanshi,Punjab Kings,44,35,2,125.71
A Raghuvanshi,Rajasthan Royals,106,85,4,124.71
A Raghuvanshi,Royal Challengers Bengaluru,104,72,3,144.44
A Raghuvanshi,Sunrisers Hyderabad,175,126,4,138.89
A Singh,Chennai Super Kings,1,2,1,50.0
A Singh,Delhi Daredevils,0,1,1,0.0
A Singh,Kolkata Knight Riders,1,4,2,25.0
A Singh,Mumbai Indians,0,2,1,0.0
A Symonds,Chennai Super Kings,131,113,4,115.93
A Symonds,Deccan Chargers,52,52,2,100.0
A Symonds,Delhi Daredevils,170,108,6,157.41
A Symonds,Kings XI Punjab,153,115,6,133.04
A Symonds,Kolkata Knight Riders,100,97,4,103.09
A Symonds,Mumbai Indians,22,24,2,91.67
A Symonds,Pune Warriors,19,18,2,105.56
A Symonds,Rajasthan Royals,201,130,5,154.62
A Symonds,Royal Challengers Bengaluru,125,88,5,142.05
A Tomar,Lucknow Super Giants,4,8,1,50.0
A Uniyal,Delhi Daredevils,4,6,1,66.67
A Uniyal,Mumbai Indians,0,1,1,0.0
A Zampa,Chennai Super Kings,1,1,1,100.0
A Zampa,Delhi Daredevils,5,7,1,71.43
A Zampa,Gujarat Titans,7,9,1,77.78
A Zampa,Royal Challengers Bengaluru,2,6,1,33.33
A Zampa,Sunrisers Hyderabad,0,1,1,0.0
AA Bilakhia,Chennai Super Kings,12,14,1,85.71
AA Bilakhia,Delhi Daredevils,32,46,2,69.57
AA Bilakhia,Rajasthan Royals,3,9,2,33.33
AA Bilakhia,Royal Challengers Bengaluru,22,15,2,146.67
AA Chavan,Delhi Daredevils,7,6,1,116.67
AA Chavan,Kochi Tuskers Kerala,1,3,1,33.33
AA Chavan,Mumbai Indians,4,2,1,200.0
AA Jhunjhunwala,Chennai Super Kings,19,11,3,172.73
AA Jhunjhunwala,Deccan Chargers,11,8,1,137.5
AA Jhunjhunwala,Delhi Daredevils,59,55,3,107.27
AA Jhunjhunwala,Kings XI Punjab,19,22,2,86.36
AA Jhunjhunwala,Kolkata Knight Riders,45,36,1,125.0
AA Jhunjhunwala,Mumbai Indians,46,48,3,95.83
AA Jhunjhunwala,Royal Challengers Bengaluru,18,29,2,62.07
AA Kulkarni,Kolkata Knight Riders,9,7,1,128.57
AA Kulkarni,Mumbai Indians,0,1,1,0.0
AA Kulkarni,Punjab Kings,0,1,1,0.0
AA Kulkarni,Royal Challengers Bengaluru,17,24,1,70.83
AA Noffke,Kolkata Knight Riders,9,10,1,90.0
AB Agarkar,Chennai Super Kings,23,20,3,115.0
AB Agarkar,Deccan Chargers,15,8,2,187.5
AB Agarkar,Delhi Daredevils,55,41,2,134.15
AB Agarkar,Kings XI Punjab,10,11,2,90.91
AB Agarkar,Mumbai Indians,23,25,3,92.0
AB Agarkar,Rajasthan Royals,39,33,4,118.18
AB Agarkar,Royal Challengers Bengaluru,12,13,2,92.31
AB Barath,Deccan Chargers,7,10,1,70.0
AB Barath,Delhi Daredevils,2,5,1,40.0
AB Barath,Mumbai Indians,33,27,1,122.22
AB Dinda,Chennai Super Kings,2,2,1,100.0
AB Dinda,Deccan Chargers,2,2,1,100.0
AB Dinda,Delhi Daredevils,7,7,1,100.0
AB Dinda,Kings XI Punjab,4,10,2,40.0
AB Dinda,Mumbai Indians,3,11,4,27.27
AB Dinda,Rajasthan Royals,1,6,2,16.67
AB Dinda,Royal Challengers Bengaluru,7,7,3,100.0
AB Dinda,Sunrisers Hyderabad,0,3,2,0.0
AB McDonald,Chennai Super Kings,8,7,1,114.29
AB McDonald,Delhi Daredevils,30,21,2,142.86
AB McDonald,Kings XI Punjab,17,16,2,106.25
AB McDonald,Mumbai Indians,33,31,1,106.45
AB McDonald,Rajasthan Royals,14,9,1,155.56
AB McDonald,Royal Challengers Bengaluru,21,16,2,131.25
AB de Villiers,Chennai Super Kings,530,353,25,150.14
AB de Villiers,Deccan Chargers,153,127,7,120.47
AB de Villiers,Delhi Capitals,179,130,6,137.69
AB de Villiers,Delhi Daredevils,409,231,9,177.06
AB de Villiers,Gujarat Lions,229,125,4,183.2
AB de Villiers,Kings XI Punjab,704,445,21,158.2
AB de Villiers,Kochi Tuskers Kerala,54,40,1,135.0
AB de Villiers,Kolkata Knight Riders,517,335,21,154.33
AB de Villiers,Mumbai Indians,784,532,24,147.37
AB de Villiers,Pune Warriors,149,69,5,215.94
AB de Villiers,Punjab Kings,26,27,2,96.3
AB de Villiers,Rajasthan Royals,644,440,20,146.36
AB de Villiers,Rising Pune Supergiants,116,87,4,133.33
AB de Villiers,Royal Challengers Bengaluru,115,112,4,102.68
AB de Villiers,Sunrisers Hyderabad,539,347,17,155.33
AC Blizzard,Deccan Chargers,1,7,1,14.29
AC Blizzard,Delhi Daredevils,37,26,2,142.31
AC Blizzard,Kings XI Punjab,15,10,1,150.0
AC Blizzard,Kolkata Knight Riders,51,30,1,170.0
AC Blizzard,Pune Warriors,6,6,1,100.0
AC Blizzard,Royal Challengers Bengaluru,10,11,1,90.91
AC Gilchrist,Chennai Super Kings,250,174,10,143.68
AC Gilchrist,Deccan Chargers,112,83,2,134.94
AC Gilchrist,Delhi Daredevils,313,194,12,161.34
AC Gilchrist,Kings XI Punjab,140,93,6,150.54
AC Gilchrist,Kochi Tuskers Kerala,9,15,1,60.0
AC Gilchrist,Kolkata Knight Riders,271,225,11,120.44
AC Gilchrist,Mumbai Indians,234,165,9,141.82
AC Gilchrist,Pune Warriors,50,52,6,96.15
AC Gilchrist,Rajasthan Royals,251,189,10,132.8
AC Gilchrist,Royal Challengers Bengaluru,364,246,11,147.97
AC Gilchrist,Sunrisers Hyderabad,52,47,2,110.64
AC Thomas,Chennai Super Kings,1,2,1,50.0
AC Thomas,Deccan Chargers,12,9,1,133.33
AC Thomas,Mumbai Indians,0,2,1,0.0
AC Thomas,Royal Challengers Bengaluru,7,6,1,116.67
AC Voges,Chennai Super Kings,20,19,1,105.26
AC Voges,Delhi Daredevils,15,17,1,88.24
AC Voges,Kings XI Punjab,45,24,1,187.5
AC Voges,Kolkata Knight Riders,45,29,2,155.17
AC Voges,Mumbai Indians,28,27,1,103.7
AC Voges,Royal Challengers Bengaluru,28,27,1,103.7
AD Hales,Chennai Super Kings,2,9,1,22.22
AD Hales,Delhi Daredevils,58,40,2,145.0
AD Hales,Rajasthan Royals,45,39,1,115.38
AD Hales,Royal Challengers Bengaluru,42,29,2,144.83
AD Mascarenhas,Chennai Super Kings,8,8,1,100.0
AD Mascarenhas,Delhi Daredevils,12,11,2,109.09
AD Mascarenhas,Kings XI Punjab,4,2,1,200.0
AD Mascarenhas,Kolkata Knight Riders,36,39,3,92.31
AD Mascarenhas,Mumbai Indians,9,7,1,128.57
AD Mascarenhas,Pune Warriors,5,5,1,100.0
AD Mascarenhas,Royal Challengers Bengaluru,0,1,1,0.0
AD Mascarenhas,Sunrisers Hyderabad,5,5,1,100.0
AD Mathews,Chennai Super Kings,81,83,3,97.59
AD Mathews,Deccan Chargers,68,49,2,138.78
AD Mathews,Delhi Daredevils,106,70,4,151.43
AD Mathews,Kings XI Punjab,56,38,5,147.37
AD Mathews,Kolkata Knight Riders,126,95,5,132.63
AD Mathews,Mumbai Indians,51,41,5,124.39
AD Mathews,Rajasthan Royals,96,78,6,123.08
AD Mathews,Royal Challengers Bengaluru,64,55,7,116.36
AD Mathews,Sunrisers Hyderabad,74,64,4,115.62
AD Nath,Chennai Super Kings,24,20,1,120.0
AD Nath,Delhi Capitals,19,12,1,158.33
AD Nath,Kings XI Punjab,3,8,2,37.5
AD Nath,Kolkata Knight Riders,13,15,1,86.67
AD Nath,Mumbai Indians,14,14,2,100.0
AD Nath,Rajasthan Royals,9,13,1,69.23
AD Nath,Royal Challengers Bengaluru,3,6,1,50.0
AD Nath,Sunrisers Hyderabad,5,10,1,50.0
AD Russell,Chennai Super Kings,355,214,14,165.89
AD Russell,Delhi Capitals,288,168,9,171.43
AD Russell,Delhi Daredevils,107,59,4,181.36
AD Russell,Gujarat Titans,104,60,4,173.33
AD Russell,Kings XI Punjab,251,121,8,207.44
AD Russell,Kolkata Knight Riders,4,8,1,50.0
AD Russell,Lucknow Super Giants,76,51,5,149.02
AD Russell,Mumbai Indians,260,174,16,149.43
AD Russell,Punjab Kings,192,102,6,188.24
AD Russell,Rajasthan Royals,256,149,13,171.81
AD Russell,Rising Pune Supergiants,17,11,1,154.55
AD Russell,Royal Challengers Bengaluru,421,214,16,196.73
AD Russell,Sunrisers Hyderabad,301,178,17,169.1
AF Milne,Chennai Super Kings,15,15,1,100.0
AF Milne,Delhi Capitals,2,2,1,100.0
AF Milne,Kolkata Knight Riders,1,1,1,100.0
AF Milne,Mumbai Indians,0,1,1,0.0
AF Milne,Rising Pune Supergiants,7,11,2,63.64
AF Milne,Royal Challengers Bengaluru,0,1,1,0.0
AG Murtaza,Kolkata Knight Riders,3,5,1,60.0
AG Murtaza,Rajasthan Royals,2,5,1,40.0
AG Murtaza,Royal Challengers Bengaluru,5,4,1,125.0
AG Paunikar,Deccan Chargers,20,18,1,111.11
AG Paunikar,Delhi Daredevils,4,7,1,57.14
AG Paunikar,Kolkata Knight Riders,24,29,2,82.76
AG Paunikar,Royal Challengers Bengaluru,0,1,1,0.0
AJ Finch,Chennai Super Kings,153,128,8,119.53
AJ Finch,Deccan Chargers,0,3,2,0.0
AJ Finch,Delhi Capitals,16,21,2,76.19
AJ Finch,Delhi Daredevils,284,194,8,146.39
AJ Finch,Kings XI Punjab,242,197,10,122.84
AJ Finch,Kolkata Knight Riders,315,231,13,136.36
AJ Finch,Lucknow Super Giants,14,14,1,100.0
AJ Finch,Mumbai Indians,268,233,10,115.02
AJ Finch,Pune Warriors,25,12,1,208.33
AJ Finch,Rajasthan Royals,225,181,10,124.31
AJ Finch,Rising Pune Supergiants,96,61,3,157.38
AJ Finch,Royal Challengers Bengaluru,239,182,11,131.32
AJ Finch,Sunrisers Hyderabad,206,169,11,121.89
AJ Hosein,Delhi Capitals,16,10,1,160.0
AJ Hosein,Mumbai Indians,2,2,1,100.0
AJ Hosein,Sunrisers Hyderabad,3,1,1,300.0
AJ Turner,Delhi Capitals,0,1,1,0.0
AJ Turner,Kings XI Punjab,0,1,1,0.0
AJ Turner,Kolkata Knight Riders,16,9,1,177.78
AJ Turner,Mumbai Indians,5,10,2,50.0
AJ Turner,Sunrisers Hyderabad,3,7,1,42.86
AJ Tye,Chennai Super Kings,3,6,2,50.0
AJ Tye,Delhi Capitals,6,6,1,100.0
AJ Tye,Delhi Daredevils,3,9,1,33.33
AJ Tye,Kings XI Punjab,22,12,1,183.33
AJ Tye,Kolkata Knight Riders,14,12,2,116.67
AJ Tye,Mumbai Indians,25,11,1,227.27
AJ Tye,Rajasthan Royals,1,1,1,100.0
AJ Tye,Royal Challengers Bengaluru,13,16,3,81.25
AJ Tye,Sunrisers Hyderabad,4,2,1,200.0
AK Markram,Chennai Super Kings,136,104,7,130.77
AK Markram,Delhi Capitals,132,100,7,132.0
AK Markram,Gujarat Titans,219,153,7,143.14
AK Markram,Kolkata Knight Riders,347,250,10,138.8
AK Markram,Lucknow Super Giants,40,34,3,117.65
AK Markram,Mumbai Indians,213,158,8,134.81
AK Markram,Punjab Kings,182,116,7,156.9
AK Markram,Rajasthan Royals,156,119,6,131.09
AK Markram,Royal Challengers Bengaluru,111,94,7,118.09
AK Markram,Sunrisers Hyderabad,128,100,4,128.0
AL Menaria,Chennai Super Kings,46,52,4,88.46
AL Menaria,Deccan Chargers,42,37,2,113.51
AL Menaria,Delhi Daredevils,25,21,3,119.05
AL Menaria,Kings XI Punjab,68,56,3,121.43
AL Menaria,Kochi Tuskers Kerala,31,28,1,110.71
AL Menaria,Kolkata Knight Riders,89,74,4,120.27
AL Menaria,Mumbai Indians,39,37,3,105.41
AL Menaria,Pune Warriors,47,43,2,109.3
AL Menaria,Royal Challengers Bengaluru,8,6,1,133.33
AM Ghazanfar,Rajasthan Royals,2,3,1,66.67
AM Nayar,Chennai Super Kings,146,99,8,147.47
AM Nayar,Deccan Chargers,99,70,6,141.43
AM Nayar,Delhi Daredevils,42,54,5,77.78
AM Nayar,Kings XI Punjab,90,83,6,108.43
AM Nayar,Kolkata Knight Riders,13,18,3,72.22
AM Nayar,Mumbai Indians,31,30,3,103.33
AM Nayar,Pune Warriors,35,45,2,77.78
AM Nayar,Rajasthan Royals,92,70,6,131.43
AM Nayar,Royal Challengers Bengaluru,93,85,8,109.41
AM Nayar,Sunrisers Hyderabad,23,19,3,121.05
AM Rahane,Chennai Super Kings,413,335,19,123.28
AM Rahane,Deccan Chargers,50,45,3,111.11
AM Rahane,Delhi Capitals,283,193,8,146.63
AM Rahane,Delhi Daredevils,677,520,16,130.19
AM Rahane,Gujarat Lions,78,69,4,113.04
AM Rahane,Gujarat Titans,121,91,7,132.97
AM Rahane,Kings XI Punjab,455,397,17,114.61
AM Rahane,Kochi Tuskers Kerala,8,9,1,88.89
AM Rahane,Kolkata Knight Riders,564,441,22,127.89
AM Rahane,Lucknow Super Giants,149,101,5,147.52
AM Rahane,Mumbai Indians,810,631,28,128.37
AM Rahane,Pune Warriors,173,134,5,129.1
AM Rahane,Punjab Kings,75,65,5,115.38
AM Rahane,Rajasthan Royals,107,97,8,110.31
AM Rahane,Royal Challengers Bengaluru,820,609,25,134.65
AM Rahane,Sunrisers Hyderabad,582,532,24,109.4
AN Ahmed,Chennai Super Kings,8,8,2,100.0
AN Ahmed,Kolkata Knight Riders,5,2,1,250.0
AN Ahmed,Mumbai Indians,1,1,1,100.0
AN Ahmed,Royal Challengers Bengaluru,18,13,1,138.46
AN Ahmed,Sunrisers Hyderabad,4,2,1,200.0
AN Ghosh,Mumbai Indians,0,1,1,0.0
AN Ghosh,Royal Challengers Bengaluru,7,7,1,100.0
AP Dole,Deccan Chargers,4,4,1,100.0
AP Dole,Mumbai Indians,30,18,1,166.67
AP Majumdar,Kolkata Knight Riders,17,22,1,77.27
AP Majumdar,Rajasthan Royals,39,28,2,139.29
AP Majumdar,Royal Challengers Bengaluru,31,26,1,119.23
AP Tare,Chennai Super Kings,39,33,5,118.18
AP Tare,Delhi Daredevils,39,28,3,139.29
AP Tare,Kings XI Punjab,45,29,4,155.17
AP Tare,Kolkata Knight Riders,34,35,4,97.14
AP Tare,Mumbai Indians,0,1,1,0.0
AP Tare,Rajasthan Royals,123,78,4,157.69
AP Tare,Rising Pune Supergiants,8,19,2,42.11
AP Tare,Royal Challengers Bengaluru,44,44,3,100.0
AP Tare,Sunrisers Hyderabad,7,5,1,140.0
AR Bawne,Kolkata Knight Riders,12,12,1,100.0
AR Patel,Chennai Super Kings,182,157,17,115.92
AR Patel,Delhi Daredevils,148,127,6,116.54
AR Patel,Gujarat Lions,40,22,4,181.82
AR Patel,Gujarat Titans,203,150,7,135.33
AR Patel,Kings XI Punjab,7,9,2,77.78
AR Patel,Kolkata Knight Riders,253,213,20,118.78
AR Patel,Lucknow Super Giants,128,77,6,166.23
AR Patel,Mumbai Indians,275,193,18,142.49
AR Patel,Punjab Kings,95,65,4,146.15
AR Patel,Rajasthan Royals,187,130,14,143.85
AR Patel,Rising Pune Supergiants,47,45,3,104.44
AR Patel,Royal Challengers Bengaluru,301,205,18,146.83
AR Patel,Sunrisers Hyderabad,209,164,15,127.44
AS Joseph,Chennai Super Kings,0,1,1,0.0
AS Joseph,Kings XI Punjab,15,13,1,115.38
AS Joseph,Kolkata Knight Riders,1,1,1,100.0
AS Joseph,Mumbai Indians,7,12,1,58.33
AS Joseph,Punjab Kings,4,5,1,80.0
AS Rajpoot,Chennai Super Kings,2,4,1,50.0
AS Rajpoot,Kolkata Knight Riders,7,5,1,140.0
AS Rajpoot,Mumbai Indians,8,18,3,44.44
AS Rajpoot,Royal Challengers Bengaluru,1,5,1,20.0
AS Rajpoot,Sunrisers Hyderabad,8,9,1,88.89
AS Raut,Chennai Super Kings,28,23,3,121.74
AS Raut,Deccan Chargers,37,28,3,132.14
AS Raut,Delhi Daredevils,11,13,1,84.62
AS Raut,Kings XI Punjab,27,26,3,103.85
AS Raut,Kolkata Knight Riders,34,32,3,106.25
AS Raut,Mumbai Indians,20,17,1,117.65
AS Raut,Royal Challengers Bengaluru,37,28,2,132.14
AS Roy,Chennai Super Kings,4,4,2,100.0
AS Roy,Delhi Capitals,9,10,3,90.0
AS Roy,Gujarat Titans,9,7,1,128.57
AS Roy,Lucknow Super Giants,0,3,2,0.0
AS Roy,Mumbai Indians,4,4,1,100.0
AS Roy,Punjab Kings,4,5,1,80.0
AS Roy,Rajasthan Royals,35,22,2,159.09
AS Roy,Sunrisers Hyderabad,13,9,2,144.44
AS Yadav,Chennai Super Kings,0,1,1,0.0
AS Yadav,Delhi Daredevils,12,7,1,171.43
AS Yadav,Kolkata Knight Riders,10,10,1,100.0
AS Yadav,Rajasthan Royals,16,9,1,177.78
AS Yadav,Royal Challengers Bengaluru,11,12,2,91.67
AT Carey,Chennai Super Kings,4,7,1,57.14
AT Carey,Mumbai Indians,14,9,1,155.56
AT Carey,Rajasthan Royals,14,13,1,107.69
AT Rayudu,Chennai Super Kings,320,259,17,123.55
AT Rayudu,Deccan Chargers,108,91,6,118.68
AT Rayudu,Delhi Capitals,176,135,9,130.37
AT Rayudu,Delhi Daredevils,447,323,16,138.39
AT Rayudu,Gujarat Lions,20,18,1,111.11
AT Rayudu,Gujarat Titans,93,59,4,157.63
AT Rayudu,Kings XI Punjab,378,291,18,129.9
AT Rayudu,Kochi Tuskers Kerala,53,33,1,160.61
AT Rayudu,Kolkata Knight Riders,446,356,21,125.28
AT Rayudu,Lucknow Super Giants,54,34,2,158.82
AT Rayudu,Mumbai Indians,328,253,14,129.64
AT Rayudu,Pune Warriors,92,96,5,95.83
AT Rayudu,Punjab Kings,95,66,4,143.94
AT Rayudu,Rajasthan Royals,377,294,20,128.23
AT Rayudu,Rising Pune Supergiants,66,76,5,86.84
AT Rayudu,Royal Challengers Bengaluru,724,584,24,123.97
AT Rayudu,Sunrisers Hyderabad,548,423,18,129.55
AU Rashid,Lucknow Super Giants,4,3,1,133.33
AU Rashid,Rajasthan Royals,17,12,1,141.67
AUK Pathan,Chennai Super Kings,14,5,1,280.0
AUK Pathan,Deccan Chargers,4,4,1,100.0
AUK Pathan,Kings XI Punjab,9,8,3,112.5
AUK Pathan,Kochi Tuskers Kerala,12,4,1,300.0
AUK Pathan,Mumbai Indians,0,2,1,0.0
Abdul Basith,Royal Challengers Bengaluru,1,1,1,100.0
Abdul Samad,Chennai Super Kings,72,52,5,138.46
Abdul Samad,Delhi Capitals,152,106,7,143.4
Abdul Samad,Gujarat Titans,53,42,4,126.19
Abdul Samad,Kings XI Punjab,15,12,2,125.0
Abdul Samad,Kolkata Knight Riders,129,95,9,135.79
Abdul Samad,Lucknow Super Giants,58,36,3,161.11
Abdul Samad,Mumbai Indians,47,42,7,111.9
Abdul Samad,Punjab Kings,146,78,6,187.18
Abdul Samad,Rajasthan Royals,92,62,6,148.39
Abdul Samad,Royal Challengers Bengaluru,49,24,6,204.17
Abdul Samad,Sunrisers Hyderabad,41,26,3,157.69
Abdur Razzak,Rajasthan Royals,0,2,1,0.0
Abhishek Sharma,Chennai Super Kings,329,205,11,160.49
Abhishek Sharma,Delhi Capitals,269,138,9,194.93
Abhishek Sharma,Gujarat Titans,239,160,7,149.38
Abhishek Sharma,Kings XI Punjab,17,9,2,188.89
Abhishek Sharma,Kolkata Knight Riders,229,159,13,144.03
Abhishek Sharma,Lucknow Super Giants,159,71,6,223.94
Abhishek Sharma,Mumbai Indians,239,156,12,153.21
Abhishek Sharma,Punjab Kings,406,191,7,212.57
Abhishek Sharma,Rajasthan Royals,190,130,10,146.15
Abhishek Sharma,Royal Challengers Bengaluru,294,164,12,179.27
Abishek Porel,Chennai Super Kings,41,25,2,164.0
Abishek Porel,Gujarat Titans,83,46,4,180.43
Abishek Porel,Kolkata Knight Riders,44,40,4,110.0
Abishek Porel,Lucknow Super Giants,109,71,3,153.52
Abishek Porel,Mumbai Indians,117,95,5,123.16
Abishek Porel,Punjab Kings,37,16,2,231.25
Abishek Porel,Rajasthan Royals,181,123,5,147.15
Abishek Porel,Royal Challengers Bengaluru,72,62,5,116.13
Abishek Porel,Sunrisers Hyderabad,84,50,3,168.0
Akash Deep,Chennai Super Kings,0,2,1,0.0
Akash Deep,Kolkata Knight Riders,17,8,1,212.5
Akash Deep,Mumbai Indians,2,3,2,66.67
Akash Deep,Sunrisers Hyderabad,6,1,1,600.0
Akash Madhwal,Mumbai Indians,4,9,1,44.44
Akash Madhwal,Rajasthan Royals,4,5,1,80.0
Akshat Raghuwanshi,Chennai Super Kings,18,18,1,100.0
Akshat Raghuwanshi,Mumbai Indians,11,7,1,157.14
Aman Hakim Khan,Chennai Super Kings,9,12,2,75.0
Aman Hakim Khan,Gujarat Titans,59,52,2,113.46
Aman Hakim Khan,Kolkata Knight Riders,0,2,1,0.0
Aman Hakim Khan,Lucknow Super Giants,4,5,1,80.0
Aman Hakim Khan,Punjab Kings,16,18,1,88.89
Aman Hakim Khan,Royal Challengers Bengaluru,18,10,1,180.0
Aman Hakim Khan,Sunrisers Hyderabad,9,5,2,180.0
Aniket Verma,Chennai Super Kings,21,23,2,91.3
Aniket Verma,Delhi Capitals,74,41,1,180.49
Aniket Verma,Gujarat Titans,21,21,2,100.0
Aniket Verma,Kolkata Knight Riders,25,24,4,104.17
Aniket Verma,Lucknow Super Giants,43,20,3,215.0
Aniket Verma,Mumbai Indians,30,22,2,136.36
Aniket Verma,Punjab Kings,18,9,1,200.0
Aniket Verma,Rajasthan Royals,14,9,3,155.56
Aniket Verma,Royal Challengers Bengaluru,69,27,2,255.56
Anirudh Singh,Kings XI Punjab,0,1,1,0.0
Anirudh Singh,Kolkata Knight Riders,14,14,1,100.0
Anirudh Singh,Rajasthan Royals,9,12,1,75.0
Anirudh Singh,Royal Challengers Bengaluru,40,39,1,102.56
Ankit Sharma,Chennai Super Kings,45,36,3,125.0
Ankit Sharma,Delhi Daredevils,1,1,1,100.0
Ankit Sharma,Gujarat Lions,25,15,1,166.67
Ankit Sharma,Kolkata Knight Riders,1,2,1,50.0
Ankit Sharma,Mumbai Indians,5,5,2,100.0
Ankit Sharma,Royal Challengers Bengaluru,10,8,2,125.0
Ankit Soni,Mumbai Indians,7,2,1,350.0
Ankit Soni,Rising Pune Supergiants,0,1,1,0.0
Ankit Soni,Sunrisers Hyderabad,0,6,1,0.0
Anmolpreet Singh,Chennai Super Kings,16,15,2,106.67
Anmolpreet Singh,Delhi Capitals,8,9,1,88.89
Anmolpreet Singh,Gujarat Titans,5,4,1,125.0
Anmolpreet Singh,Lucknow Super Giants,67,53,2,126.42
Anmolpreet Singh,Rajasthan Royals,43,34,3,126.47
Anuj Rawat,Chennai Super Kings,60,41,2,146.34
Anuj Rawat,Delhi Capitals,23,26,3,88.46
Anuj Rawat,Gujarat Titans,23,15,1,153.33
Anuj Rawat,Kolkata Knight Riders,4,11,4,36.36
Anuj Rawat,Lucknow Super Giants,24,37,3,64.86
Anuj Rawat,Mumbai Indians,72,51,2,141.18
Anuj Rawat,Punjab Kings,32,34,2,94.12
Anuj Rawat,Rajasthan Royals,55,36,2,152.78
Anuj Rawat,Sunrisers Hyderabad,25,16,2,156.25
Anureet Singh,Chennai Super Kings,10,20,1,50.0
Anureet Singh,Delhi Daredevils,8,3,1,266.67
Anureet Singh,Kolkata Knight Riders,3,5,2,60.0
Anureet Singh,Rajasthan Royals,0,3,1,0.0
Anureet Singh,Royal Challengers Bengaluru,0,2,1,0.0
Anureet Singh,Sunrisers Hyderabad,15,14,2,107.14
Arjun Tendulkar,Gujarat Titans,13,9,1,144.44
Arjun Tendulkar,Punjab Kings,5,5,1,100.0
Arshad Khan,Chennai Super Kings,23,20,3,115.0
Arshad Khan,Delhi Capitals,78,49,2,159.18
Arshad Khan,Lucknow Super Giants,1,3,1,33.33
Arshad Khan,Mumbai Indians,1,2,2,50.0
Arshad Khan,Punjab Kings,9,6,2,150.0
Arshad Khan,Royal Challengers Bengaluru,30,15,2,200.0
Arshad Khan (2),Kolkata Knight Riders,5,4,1,125.0
Arshdeep Singh,Delhi Capitals,11,20,2,55.0
Arshdeep Singh,Gujarat Titans,11,6,2,183.33
Arshdeep Singh,Kolkata Knight Riders,2,3,3,66.67
Arshdeep Singh,Lucknow Super Giants,2,4,2,50.0
Arshdeep Singh,Rajasthan Royals,1,5,1,20.0
Arshdeep Singh,Royal Challengers Bengaluru,4,3,1,133.33
Arshdeep Singh,Sunrisers Hyderabad,1,6,3,16.67
Ashok Sharma,Mumbai Indians,1,3,1,33.33
Ashok Sharma,Rajasthan Royals,0,1,1,0.0
Ashutosh Sharma,Chennai Super Kings,37,26,4,142.31
Ashutosh Sharma,Gujarat Titans,71,44,3,161.36
Ashutosh Sharma,Kolkata Knight Riders,64,44,3,145.45
Ashutosh Sharma,Lucknow Super Giants,66,31,1,212.9
Ashutosh Sharma,Mumbai Indians,90,56,3,160.71
Ashutosh Sharma,Punjab Kings,24,10,1,240.0
Ashutosh Sharma,Rajasthan Royals,105,55,5,190.91
Ashutosh Sharma,Royal Challengers Bengaluru,10,8,2,125.0
Ashutosh Sharma,Sunrisers Hyderabad,90,54,4,166.67
Ashwani Kumar,Chennai Super Kings,1,6,1,16.67
Atharva Taide,Chennai Super Kings,13,17,1,76.47
Atharva Taide,Delhi Capitals,55,42,1,130.95
Atharva Taide,Lucknow Super Giants,79,48,3,164.58
Atharva Taide,Mumbai Indians,29,17,1,170.59
Atharva Taide,Rajasthan Royals,34,24,2,141.67
Atharva Taide,Royal Challengers Bengaluru,4,2,1,200.0
Atharva Taide,Sunrisers Hyderabad,46,27,1,170.37
Auqib Nabi,Chennai Super Kings,4,2,1,200.0
Auqib Nabi,Punjab Kings,6,1,1,600.0
Avesh Khan,Delhi Capitals,7,3,1,233.33
Avesh Khan,Gujarat Titans,16,5,2,320.0
Avesh Khan,Kings XI Punjab,4,3,1,133.33
Avesh Khan,Kolkata Knight Riders,6,6,2,100.0
Avesh Khan,Mumbai Indians,2,2,2,100.0
Avesh Khan,Punjab Kings,24,17,3,141.18
Avesh Khan,Rajasthan Royals,8,4,2,200.0
Avesh Khan,Royal Challengers Bengaluru,1,3,2,33.33
Azhar Mahmood,Chennai Super Kings,35,26,3,134.62
Azhar Mahmood,Deccan Chargers,45,29,2,155.17
Azhar Mahmood,Delhi Daredevils,54,58,3,93.1
Azhar Mahmood,Kolkata Knight Riders,2,8,2,25.0
Azhar Mahmood,Mumbai Indians,99,64,3,154.69
Azhar Mahmood,Pune Warriors,0,4,1,0.0
Azhar Mahmood,Rajasthan Royals,53,51,3,103.92
Azhar Mahmood,Royal Challengers Bengaluru,96,59,3,162.71
Azhar Mahmood,Sunrisers Hyderabad,4,4,1,100.0
Azmatullah Omarzai,Chennai Super Kings,11,10,1,110.0
Azmatullah Omarzai,Delhi Capitals,2,5,2,40.0
Azmatullah Omarzai,Gujarat Titans,16,15,1,106.67
Azmatullah Omarzai,Mumbai Indians,55,28,2,196.43
Azmatullah Omarzai,Punjab Kings,13,10,1,130.0
Azmatullah Omarzai,Rajasthan Royals,21,9,1,233.33
Azmatullah Omarzai,Royal Challengers Bengaluru,33,24,3,137.5
B Akhil,Chennai Super Kings,8,12,3,66.67
B Akhil,Deccan Chargers,27,7,1,385.71
B Akhil,Delhi Daredevils,24,16,3,150.0
B Akhil,Kolkata Knight Riders,0,2,1,0.0
B Akhil,Mumbai Indians,8,9,2,88.89
B Akhil,Rajasthan Royals,9,9,1,100.0
B Chipli,Chennai Super Kings,35,35,3,100.0
B Chipli,Deccan Chargers,10,7,1,142.86
B Chipli,Delhi Daredevils,33,32,4,103.12
B Chipli,Kings XI Punjab,14,12,1,116.67
B Chipli,Kochi Tuskers Kerala,4,10,1,40.0
B Chipli,Kolkata Knight Riders,60,47,2,127.66
B Chipli,Mumbai Indians,18,28,4,64.29
B Chipli,Pune Warriors,39,35,3,111.43
B Chipli,Rajasthan Royals,6,9,1,66.67
B Chipli,Royal Challengers Bengaluru,61,35,1,174.29
B Indrajith,Delhi Capitals,6,8,1,75.0
B Indrajith,Lucknow Super Giants,0,6,1,0.0
B Indrajith,Rajasthan Royals,15,16,1,93.75
B Kumar,Chennai Super Kings,39,46,6,84.78
B Kumar,Deccan Chargers,8,5,2,160.0
B Kumar,Delhi Capitals,16,16,5,100.0
B Kumar,Delhi Daredevils,14,9,2,155.56
B Kumar,Gujarat Titans,43,43,3,100.0
B Kumar,Kings XI Punjab,9,15,2,60.0
B Kumar,Kolkata Knight Riders,55,54,14,101.85
B Kumar,Lucknow Super Giants,3,3,2,100.0
B Kumar,Mumbai Indians,42,47,11,89.36
B Kumar,Punjab Kings,19,28,5,67.86
B Kumar,Rajasthan Royals,36,40,7,90.0
B Kumar,Rising Pune Supergiants,22,11,3,200.0
B Kumar,Royal Challengers Bengaluru,42,53,10,79.25
B Kumar,Sunrisers Hyderabad,6,6,3,100.0
B Laughlin,Chennai Super Kings,0,1,1,0.0
B Laughlin,Mumbai Indians,4,9,2,44.44
B Laughlin,Sunrisers Hyderabad,1,3,1,33.33
B Lee,Chennai Super Kings,6,7,1,85.71
B Lee,Deccan Chargers,14,15,2,93.33
B Lee,Delhi Daredevils,27,15,4,180.0
B Lee,Kochi Tuskers Kerala,2,5,2,40.0
B Lee,Kolkata Knight Riders,7,5,1,140.0
B Lee,Mumbai Indians,29,25,4,116.0
B Lee,Rajasthan Royals,30,19,3,157.89
B Lee,Royal Challengers Bengaluru,9,5,2,180.0
B Sai Sudharsan,Chennai Super Kings,468,271,7,172.69
B Sai Sudharsan,Delhi Capitals,295,184,6,160.33
B Sai Sudharsan,Kolkata Knight Riders,180,118,4,152.54
B Sai Sudharsan,Lucknow Super Giants,119,88,4,135.23
B Sai Sudharsan,Mumbai Indians,250,177,7,141.24
B Sai Sudharsan,Punjab Kings,323,245,8,131.84
B Sai Sudharsan,Rajasthan Royals,360,241,7,149.38
B Sai Sudharsan,Royal Challengers Bengaluru,290,196,8,147.96
B Sai Sudharsan,Sunrisers Hyderabad,211,155,6,136.13
B Stanlake,Mumbai Indians,5,2,1,250.0
B Sumanth,Chennai Super Kings,16,18,1,88.89
B Sumanth,Delhi Daredevils,7,12,1,58.33
B Sumanth,Kings XI Punjab,6,3,1,200.0
B Sumanth,Royal Challengers Bengaluru,6,4,1,150.0
BA Bhatt,Deccan Chargers,0,5,1,0.0
BA Bhatt,Kolkata Knight Riders,6,2,1,300.0
BA Stokes,Chennai Super Kings,149,107,5,139.25
BA Stokes,Delhi Capitals,49,43,2,113.95
BA Stokes,Delhi Daredevils,52,44,4,118.18
BA Stokes,Gujarat Lions,128,81,2,158.02
BA Stokes,Gujarat Titans,7,6,1,116.67
BA Stokes,Kings XI Punjab,131,79,5,165.82
BA Stokes,Kolkata Knight Riders,75,72,6,104.17
BA Stokes,Lucknow Super Giants,8,8,1,100.0
BA Stokes,Mumbai Indians,185,115,5,160.87
BA Stokes,Punjab Kings,0,3,1,0.0
BA Stokes,Royal Challengers Bengaluru,45,45,4,100.0
BA Stokes,Sunrisers Hyderabad,105,92,7,114.13
BAW Mendis,Mumbai Indians,0,1,1,0.0
BAW Mendis,Royal Challengers Bengaluru,3,5,2,60.0
BB McCullum,Chennai Super Kings,231,179,9,129.05
BB McCullum,Deccan Chargers,36,39,5,92.31
BB McCullum,Delhi Daredevils,299,262,15,114.12
BB McCullum,Kings XI Punjab,277,244,13,113.52
BB McCullum,Kolkata Knight Riders,343,240,12,142.92
BB McCullum,Mumbai Indians,468,345,16,135.65
BB McCullum,Pune Warriors,83,87,3,95.4
BB McCullum,Rajasthan Royals,159,120,10,132.5
BB McCullum,Rising Pune Supergiants,186,112,4,166.07
BB McCullum,Royal Challengers Bengaluru,565,382,15,147.91
BB McCullum,Sunrisers Hyderabad,210,166,7,126.51
BB Samantray,Kings XI Punjab,10,13,2,76.92
BB Samantray,Kolkata Knight Riders,5,2,1,250.0
BB Samantray,Pune Warriors,39,39,2,100.0
BB Samantray,Rajasthan Royals,69,57,2,121.05
BB Samantray,Royal Challengers Bengaluru,2,2,1,100.0
BB Sran,Delhi Daredevils,0,1,1,0.0
BB Sran,Kolkata Knight Riders,6,6,3,100.0
BB Sran,Rising Pune Supergiants,1,1,1,100.0
BB Sran,Sunrisers Hyderabad,2,5,1,40.0
BCJ Cutting,Delhi Capitals,5,8,2,62.5
BCJ Cutting,Delhi Daredevils,45,26,2,173.08
BCJ Cutting,Gujarat Lions,8,7,1,114.29
BCJ Cutting,Kings XI Punjab,22,18,2,122.22
BCJ Cutting,Kolkata Knight Riders,39,20,3,195.0
BCJ Cutting,Mumbai Indians,20,10,1,200.0
BCJ Cutting,Rajasthan Royals,23,16,2,143.75
BCJ Cutting,Royal Challengers Bengaluru,67,27,3,248.15
BCJ Cutting,Sunrisers Hyderabad,9,9,1,100.0
BE Hendricks,Chennai Super Kings,1,2,1,50.0
BE Hendricks,Mumbai Indians,0,1,1,0.0
BJ Haddin,Royal Challengers Bengaluru,18,11,1,163.64
BJ Hodge,Chennai Super Kings,186,142,8,130.99
BJ Hodge,Deccan Chargers,140,106,5,132.08
BJ Hodge,Delhi Daredevils,89,86,7,103.49
BJ Hodge,Kings XI Punjab,188,138,8,136.23
BJ Hodge,Kolkata Knight Riders,138,94,5,146.81
BJ Hodge,Mumbai Indians,262,196,8,133.67
BJ Hodge,Pune Warriors,79,74,4,106.76
BJ Hodge,Rajasthan Royals,89,83,6,107.23
BJ Hodge,Royal Challengers Bengaluru,165,149,9,110.74
BJ Hodge,Sunrisers Hyderabad,63,44,3,143.18
BJ Rohrer,Chennai Super Kings,4,5,1,80.0
BJ Rohrer,Kings XI Punjab,49,29,1,168.97
BJ Rohrer,Kolkata Knight Riders,10,3,1,333.33
BJ Rohrer,Pune Warriors,20,22,2,90.91
BJ Rohrer,Rajasthan Royals,64,40,1,160.0
BJ Rohrer,Royal Challengers Bengaluru,46,42,2,109.52
BKG Mendis,Mumbai Indians,20,10,1,200.0
BMAJ Mendis,Chennai Super Kings,12,17,1,70.59
BMAJ Mendis,Mumbai Indians,0,1,1,0.0
BMAJ Mendis,Sunrisers Hyderabad,11,9,1,122.22
BR Dunk,Kings XI Punjab,5,4,1,125.0
BR Dunk,Royal Challengers Bengaluru,15,14,1,107.14
BR Dunk,Sunrisers Hyderabad,20,17,1,117.65
BR Sharath,Lucknow Super Giants,2,5,1,40.0
Basil Thampi,Delhi Capitals,1,1,1,100.0
Basil Thampi,Kings XI Punjab,11,10,1,110.0
Basil Thampi,Mumbai Indians,5,10,2,50.0
Basil Thampi,Rising Pune Supergiants,2,5,1,40.0
Basil Thampi,Royal Challengers Bengaluru,0,1,1,0.0
Basil Thampi,Sunrisers Hyderabad,13,8,1,162.5
Bipul Sharma,Chennai Super Kings,7,5,1,140.0
Bipul Sharma,Deccan Chargers,8,6,1,133.33
Bipul Sharma,Gujarat Lions,27,11,1,245.45
Bipul Sharma,Kolkata Knight Riders,66,48,6,137.5
Bipul Sharma,Mumbai Indians,7,6,2,116.67
Bipul Sharma,Pune Warriors,35,18,1,194.44
Bipul Sharma,Rajasthan Royals,19,14,2,135.71
Bipul Sharma,Rising Pune Supergiants,13,12,2,108.33
Bipul Sharma,Royal Challengers Bengaluru,5,3,1,166.67
Brijesh Sharma,Gujarat Titans,1,1,1,100.0
Brijesh Sharma,Kolkata Knight Riders,1,3,1,33.33
C Bosch,Delhi Capitals,11,4,1,275.0
C Bosch,Gujarat Titans,27,22,1,122.73
C Bosch,Kolkata Knight Riders,32,18,1,177.78
C Bosch,Lucknow Super Giants,20,10,1,200.0
C Bosch,Rajasthan Royals,2,4,1,50.0
C Bosch,Royal Challengers Bengaluru,5,5,1,100.0
C Connolly,Chennai Super Kings,32,21,1,152.38
C Connolly,Delhi Capitals,55,37,2,148.65
C Connolly,Gujarat Titans,72,45,2,160.0
C Connolly,Lucknow Super Giants,105,56,2,187.5
C Connolly,Mumbai Indians,38,34,2,111.76
C Connolly,Rajasthan Royals,30,14,1,214.29
C Connolly,Royal Challengers Bengaluru,37,22,1,168.18
C Connolly,Sunrisers Hyderabad,118,70,2,168.57
C Green,Chennai Super Kings,74,55,5,134.55
C Green,Delhi Capitals,84,62,4,135.48
C Green,Gujarat Titans,197,132,6,149.24
C Green,Kolkata Knight Riders,40,26,3,153.85
C Green,Lucknow Super Giants,120,83,5,144.58
C Green,Mumbai Indians,22,18,2,122.22
C Green,Punjab Kings,143,95,5,150.53
C Green,Rajasthan Royals,103,66,4,156.06
C Green,Royal Challengers Bengaluru,39,30,3,130.0
C Green,Sunrisers Hyderabad,199,110,5,180.91
C Madan,Delhi Daredevils,14,18,1,77.78
C Munro,Chennai Super Kings,53,40,2,132.5
C Munro,Kings XI Punjab,4,6,1,66.67
C Munro,Kolkata Knight Riders,33,18,1,183.33
C Munro,Mumbai Indians,7,14,2,50.0
C Munro,Rajasthan Royals,0,1,1,0.0
C Munro,Sunrisers Hyderabad,80,62,4,129.03
C Nanda,Rajasthan Royals,0,1,1,0.0
C Sakariya,Chennai Super Kings,0,2,1,0.0
C Sakariya,Kolkata Knight Riders,1,5,1,20.0
C Sakariya,Lucknow Super Giants,4,4,1,100.0
C Sakariya,Mumbai Indians,6,10,1,60.0
C Sakariya,Punjab Kings,7,6,1,116.67
C Sakariya,Royal Challengers Bengaluru,2,3,2,66.67
C de Grandhomme,Chennai Super Kings,23,21,3,109.52
C de Grandhomme,Delhi Daredevils,4,6,2,66.67
C de Grandhomme,Kings XI Punjab,11,7,1,157.14
C de Grandhomme,Kolkata Knight Riders,11,6,1,183.33
C de Grandhomme,Mumbai Indians,48,33,4,145.45
C de Grandhomme,Rajasthan Royals,2,3,1,66.67
C de Grandhomme,Rising Pune Supergiants,36,19,1,189.47
C de Grandhomme,Royal Challengers Bengaluru,31,30,2,103.33
C de Grandhomme,Sunrisers Hyderabad,131,99,6,132.32
CA Ingram,Chennai Super Kings,10,19,3,52.63
CA Ingram,Kings XI Punjab,57,38,2,150.0
CA Ingram,Kolkata Knight Riders,24,13,2,184.62
CA Ingram,Mumbai Indians,48,34,2,141.18
CA Ingram,Pune Warriors,13,11,1,118.18
CA Ingram,Rajasthan Royals,15,28,2,53.57
CA Ingram,Royal Challengers Bengaluru,33,28,2,117.86
CA Ingram,Sunrisers Hyderabad,5,8,1,62.5
CA Lynn,Chennai Super Kings,116,78,4,148.72
CA Lynn,Delhi Capitals,20,18,1,111.11
CA Lynn,Delhi Daredevils,36,35,2,102.86
CA Lynn,Gujarat Lions,93,41,1,226.83
CA Lynn,Kings XI Punjab,254,160,6,158.75
CA Lynn,Mumbai Indians,199,139,8,143.17
CA Lynn,Rajasthan Royals,119,110,6,108.18
CA Lynn,Royal Challengers Bengaluru,264,192,8,137.5
CA Lynn,Sunrisers Hyderabad,216,168,6,128.57
CA Pujara,Chennai Super Kings,15,15,3,100.0
CA Pujara,Deccan Chargers,52,44,3,118.18
CA Pujara,Delhi Daredevils,35,41,3,85.37
CA Pujara,Kings XI Punjab,70,68,2,102.94
CA Pujara,Kolkata Knight Riders,19,30,3,63.33
CA Pujara,Mumbai Indians,19,18,1,105.56
CA Pujara,Rajasthan Royals,114,101,3,112.87
CA Pujara,Royal Challengers Bengaluru,31,41,3,75.61
CA Pujara,Sunrisers Hyderabad,35,32,1,109.38
CH Gayle,Chennai Super Kings,395,316,15,125.0
CH Gayle,Deccan Chargers,67,51,4,131.37
CH Gayle,Delhi Capitals,122,68,4,179.41
CH Gayle,Delhi Daredevils,377,256,13,147.27
CH Gayle,Gujarat Lions,100,74,4,135.14
CH Gayle,Kings XI Punjab,786,451,16,174.28
CH Gayle,Kochi Tuskers Kerala,38,15,1,253.33
CH Gayle,Kolkata Knight Riders,694,458,19,151.53
CH Gayle,Mumbai Indians,709,534,20,132.77
CH Gayle,Pune Warriors,378,190,5,198.95
CH Gayle,Rajasthan Royals,551,404,17,136.39
CH Gayle,Royal Challengers Bengaluru,313,209,7,149.76
CH Gayle,Sunrisers Hyderabad,426,305,16,139.67
CH Morris,Chennai Super Kings,12,17,4,70.59
CH Morris,Delhi Capitals,36,20,2,180.0
CH Morris,Delhi Daredevils,13,6,1,216.67
CH Morris,Gujarat Lions,82,32,1,256.25
CH Morris,Kings XI Punjab,93,58,7,160.34
CH Morris,Kolkata Knight Riders,44,40,7,110.0
CH Morris,Mumbai Indians,88,73,6,120.55
CH Morris,Pune Warriors,5,5,1,100.0
CH Morris,Punjab Kings,7,9,2,77.78
CH Morris,Rajasthan Royals,18,8,2,225.0
CH Morris,Rising Pune Supergiants,76,29,2,262.07
CH Morris,Royal Challengers Bengaluru,65,54,8,120.37
CH Morris,Sunrisers Hyderabad,73,46,6,158.7
CJ Anderson,Chennai Super Kings,83,62,5,133.87
CJ Anderson,Delhi Daredevils,28,27,2,103.7
CJ Anderson,Gujarat Lions,24,18,2,133.33
CJ Anderson,Kings XI Punjab,97,82,4,118.29
CJ Anderson,Kolkata Knight Riders,77,66,4,116.67
CJ Anderson,Mumbai Indians,10,12,3,83.33
CJ Anderson,Rajasthan Royals,145,81,2,179.01
CJ Anderson,Rising Pune Supergiants,5,9,2,55.56
CJ Anderson,Royal Challengers Bengaluru,27,32,3,84.38
CJ Anderson,Sunrisers Hyderabad,42,32,2,131.25
CJ Ferguson,Deccan Chargers,26,21,2,123.81
CJ Ferguson,Kings XI Punjab,9,20,2,45.0
CJ Ferguson,Kolkata Knight Riders,28,37,2,75.68
CJ Ferguson,Mumbai Indians,12,13,1,92.31
CJ Ferguson,Rajasthan Royals,23,26,1,88.46
CJ Jordan,Chennai Super Kings,4,5,1,80.0
CJ Jordan,Delhi Capitals,7,9,2,77.78
CJ Jordan,Gujarat Titans,2,5,1,40.0
CJ Jordan,Kolkata Knight Riders,30,19,2,157.89
CJ Jordan,Lucknow Super Giants,4,7,1,57.14
CJ Jordan,Mumbai Indians,13,8,1,162.5
CJ Jordan,Punjab Kings,5,5,1,100.0
CJ Jordan,Sunrisers Hyderabad,16,19,3,84.21
CJ McKay,Delhi Daredevils,8,15,1,53.33
CK Kapugedera,Delhi Daredevils,8,9,1,88.89
CK Kapugedera,Mumbai Indians,0,2,1,0.0
CK Kapugedera,Rajasthan Royals,8,11,1,72.73
CK Langeveldt,Delhi Daredevils,0,1,1,0.0
CK Langeveldt,Kings XI Punjab,8,8,1,100.0
CL White,Chennai Super Kings,136,103,5,132.04
CL White,Deccan Chargers,48,29,3,165.52
CL White,Delhi Daredevils,105,86,5,122.09
CL White,Kings XI Punjab,128,115,8,111.3
CL White,Kochi Tuskers Kerala,31,34,1,91.18
CL White,Kolkata Knight Riders,94,82,6,114.63
CL White,Mumbai Indians,96,72,5,133.33
CL White,Pune Warriors,162,110,4,147.27
CL White,Rajasthan Royals,42,49,4,85.71
CL White,Royal Challengers Bengaluru,120,77,4,155.84
CM Gautam,Chennai Super Kings,20,17,3,117.65
CM Gautam,Delhi Daredevils,22,18,1,122.22
CM Gautam,Kings XI Punjab,45,37,2,121.62
CM Gautam,Kolkata Knight Riders,15,16,2,93.75
CM Gautam,Pune Warriors,30,23,1,130.43
CM Gautam,Rajasthan Royals,2,3,1,66.67
CM Gautam,Royal Challengers Bengaluru,30,27,1,111.11
CM Gautam,Sunrisers Hyderabad,5,8,2,62.5
CR Brathwaite,Chennai Super Kings,64,40,2,160.0
CR Brathwaite,Delhi Capitals,6,7,1,85.71
CR Brathwaite,Gujarat Lions,11,10,1,110.0
CR Brathwaite,Kings XI Punjab,12,6,1,200.0
CR Brathwaite,Kolkata Knight Riders,51,23,4,221.74
CR Brathwaite,Rajasthan Royals,4,2,1,200.0
CR Brathwaite,Rising Pune Supergiants,20,8,1,250.0
CR Brathwaite,Royal Challengers Bengaluru,2,7,2,28.57
CR Brathwaite,Sunrisers Hyderabad,10,7,1,142.86
CR Woakes,Delhi Daredevils,3,5,1,60.0
CR Woakes,Kings XI Punjab,9,8,2,112.5
CR Woakes,Kolkata Knight Riders,5,5,1,100.0
CR Woakes,Mumbai Indians,20,19,2,105.26
CR Woakes,Rajasthan Royals,15,12,2,125.0
CR Woakes,Rising Pune Supergiants,1,3,1,33.33
CR Woakes,Royal Challengers Bengaluru,18,21,1,85.71
CR Woakes,Sunrisers Hyderabad,7,4,2,175.0
CRD Fernando,Chennai Super Kings,2,2,1,100.0
CRD Fernando,Kings XI Punjab,2,1,1,200.0
CV Varun,Chennai Super Kings,1,5,3,20.0
CV Varun,Delhi Capitals,8,13,4,61.54
CV Varun,Kings XI Punjab,2,4,1,50.0
CV Varun,Rajasthan Royals,1,1,1,100.0
CV Varun,Royal Challengers Bengaluru,19,29,3,65.52
CV Varun,Sunrisers Hyderabad,0,1,1,0.0
D Brevis,Chennai Super Kings,4,7,1,57.14
D Brevis,Delhi Capitals,37,33,1,112.12
D Brevis,Gujarat Titans,113,80,4,141.25
D Brevis,Kolkata Knight Riders,122,73,3,167.12
D Brevis,Lucknow Super Giants,92,66,5,139.39
D Brevis,Mumbai Indians,21,11,1,190.91
D Brevis,Punjab Kings,81,51,2,158.82
D Brevis,Rajasthan Royals,42,26,2,161.54
D Brevis,Royal Challengers Bengaluru,8,12,2,66.67
D Brevis,Sunrisers Hyderabad,86,56,3,153.57
D Ferreira,Delhi Capitals,48,18,3,266.67
D Ferreira,Gujarat Titans,44,19,4,231.58
D Ferreira,Kolkata Knight Riders,7,7,1,100.0
D Ferreira,Lucknow Super Giants,36,29,2,124.14
D Ferreira,Mumbai Indians,18,15,1,120.0
D Ferreira,Punjab Kings,59,34,2,173.53
D Ferreira,Sunrisers Hyderabad,114,69,3,165.22
D Kalyankrishna,Kings XI Punjab,3,8,1,37.5
D Padikkal,Chennai Super Kings,333,244,11,136.48
D Padikkal,Delhi Capitals,229,169,11,135.5
D Padikkal,Gujarat Titans,205,152,11,134.87
D Padikkal,Kings XI Punjab,19,14,2,135.71
D Padikkal,Kolkata Knight Riders,199,165,9,120.61
D Padikkal,Lucknow Super Giants,138,104,5,132.69
D Padikkal,Mumbai Indians,200,148,9,135.14
D Padikkal,Punjab Kings,265,198,8,133.84
D Padikkal,Rajasthan Royals,324,214,8,151.4
D Padikkal,Royal Challengers Bengaluru,115,97,6,118.56
D Padikkal,Sunrisers Hyderabad,239,195,9,122.56
D Pretorius,Lucknow Super Giants,0,1,1,0.0
D Pretorius,Mumbai Indians,22,14,1,157.14
D Pretorius,Punjab Kings,9,5,2,180.0
D Pretorius,Royal Challengers Bengaluru,13,8,1,162.5
D Salunkhe,Deccan Chargers,1,1,1,100.0
D Salunkhe,Delhi Daredevils,26,20,1,130.0
D Salunkhe,Kings XI Punjab,6,3,1,200.0
D Wiese,Chennai Super Kings,52,43,4,120.93
D Wiese,Delhi Daredevils,5,4,1,125.0
D Wiese,Gujarat Titans,8,6,1,133.33
D Wiese,Kings XI Punjab,3,4,1,75.0
D Wiese,Kolkata Knight Riders,9,7,1,128.57
D Wiese,Mumbai Indians,47,25,1,188.0
D Wiese,Rajasthan Royals,11,8,1,137.5
D Wiese,Royal Challengers Bengaluru,12,3,1,400.0
D du Preez,Rajasthan Royals,10,13,1,76.92
DA Miller,Chennai Super Kings,422,301,16,140.2
DA Miller,Deccan Chargers,28,18,1,155.56
DA Miller,Delhi Capitals,264,184,11,143.48
DA Miller,Delhi Daredevils,272,243,12,111.93
DA Miller,Gujarat Lions,46,37,2,124.32
DA Miller,Gujarat Titans,48,31,2,154.84
DA Miller,Kolkata Knight Riders,310,241,17,128.63
DA Miller,Lucknow Super Giants,83,69,4,120.29
DA Miller,Mumbai Indians,444,315,19,140.95
DA Miller,Pune Warriors,80,41,1,195.12
DA Miller,Punjab Kings,122,99,8,123.23
DA Miller,Rajasthan Royals,398,243,12,163.79
DA Miller,Rising Pune Supergiants,44,38,3,115.79
DA Miller,Royal Challengers Bengaluru,426,274,18,155.47
DA Miller,Sunrisers Hyderabad,286,216,17,132.41
DA Payne,Royal Challengers Bengaluru,6,5,1,120.0
DA Warner,Chennai Super Kings,690,521,21,132.44
DA Warner,Deccan Chargers,222,145,6,153.1
DA Warner,Delhi Capitals,182,149,7,122.15
DA Warner,Delhi Daredevils,267,202,8,132.18
DA Warner,Gujarat Lions,336,220,5,152.73
DA Warner,Gujarat Titans,39,34,2,114.71
DA Warner,Kings XI Punjab,904,633,19,142.81
DA Warner,Kochi Tuskers Kerala,16,21,2,76.19
DA Warner,Kolkata Knight Riders,1087,751,28,144.74
DA Warner,Lucknow Super Giants,71,73,4,97.26
DA Warner,Mumbai Indians,727,536,22,135.63
DA Warner,Pune Warriors,118,68,4,173.53
DA Warner,Punjab Kings,228,150,7,152.0
DA Warner,Rajasthan Royals,583,454,16,128.41
DA Warner,Rising Pune Supergiants,88,91,4,96.7
DA Warner,Royal Challengers Bengaluru,857,532,23,161.09
DA Warner,Sunrisers Hyderabad,122,102,6,119.61
DAJ Bracewell,Royal Challengers Bengaluru,12,9,1,133.33
DB Das,Chennai Super Kings,76,61,4,124.59
DB Das,Deccan Chargers,9,8,1,112.5
DB Das,Delhi Daredevils,37,38,3,97.37
DB Das,Kings XI Punjab,41,35,4,117.14
DB Das,Mumbai Indians,64,48,5,133.33
DB Das,Pune Warriors,23,23,2,100.0
DB Das,Rajasthan Royals,54,47,3,114.89
DB Ravi Teja,Chennai Super Kings,40,30,2,133.33
DB Ravi Teja,Delhi Daredevils,38,48,3,79.17
DB Ravi Teja,Kings XI Punjab,80,62,3,129.03
DB Ravi Teja,Kochi Tuskers Kerala,8,5,1,160.0
DB Ravi Teja,Kolkata Knight Riders,63,51,4,123.53
DB Ravi Teja,Mumbai Indians,54,45,5,120.0
DB Ravi Teja,Pune Warriors,34,31,2,109.68
DB Ravi Teja,Rajasthan Royals,41,31,3,132.26
DB Ravi Teja,Royal Challengers Bengaluru,15,12,2,125.0
DE Bollinger,Deccan Chargers,2,3,1,66.67
DE Bollinger,Delhi Daredevils,16,13,1,123.08
DE Bollinger,Mumbai Indians,3,6,2,50.0
DG Nalkande,Chennai Super Kings,0,1,1,0.0
DG Nalkande,Lucknow Super Giants,12,11,1,109.09
DH Yagnik,Chennai Super Kings,25,29,5,86.21
DH Yagnik,Deccan Chargers,9,3,1,300.0
DH Yagnik,Kings XI Punjab,10,9,1,111.11
DH Yagnik,Kolkata Knight Riders,26,17,2,152.94
DH Yagnik,Mumbai Indians,80,55,4,145.45
DH Yagnik,Pune Warriors,12,8,1,150.0
DH Yagnik,Royal Challengers Bengaluru,6,8,2,75.0
DH Yagnik,Sunrisers Hyderabad,0,4,1,0.0
DJ Bravo,Chennai Super Kings,47,38,5,123.68
DJ Bravo,Deccan Chargers,175,112,8,156.25
DJ Bravo,Delhi Capitals,5,5,3,100.0
DJ Bravo,Delhi Daredevils,132,109,11,121.1
DJ Bravo,Kings XI Punjab,206,175,11,117.71
DJ Bravo,Kolkata Knight Riders,142,132,9,107.58
DJ Bravo,Lucknow Super Giants,1,1,1,100.0
DJ Bravo,Mumbai Indians,317,234,18,135.47
DJ Bravo,Pune Warriors,18,14,3,128.57
DJ Bravo,Punjab Kings,4,3,2,133.33
DJ Bravo,Rajasthan Royals,215,138,12,155.8
DJ Bravo,Rising Pune Supergiants,29,16,2,181.25
DJ Bravo,Royal Challengers Bengaluru,162,124,17,130.65
DJ Bravo,Sunrisers Hyderabad,93,95,8,97.89
DJ Harris,Chennai Super Kings,15,14,1,107.14
DJ Harris,Delhi Daredevils,19,17,1,111.76
DJ Harris,Kings XI Punjab,30,29,1,103.45
DJ Harris,Royal Challengers Bengaluru,47,41,1,114.63
DJ Hooda,Chennai Super Kings,157,117,10,134.19
DJ Hooda,Delhi Capitals,144,133,11,108.27
DJ Hooda,Delhi Daredevils,70,38,4,184.21
DJ Hooda,Gujarat Lions,22,21,2,104.76
DJ Hooda,Gujarat Titans,95,80,4,118.75
DJ Hooda,Kings XI Punjab,117,68,7,172.06
DJ Hooda,Kolkata Knight Riders,124,113,12,109.73
DJ Hooda,Mumbai Indians,221,185,15,119.46
DJ Hooda,Punjab Kings,49,39,4,125.64
DJ Hooda,Rajasthan Royals,223,142,9,157.04
DJ Hooda,Rising Pune Supergiants,34,24,3,141.67
DJ Hooda,Royal Challengers Bengaluru,117,114,13,102.63
DJ Hooda,Sunrisers Hyderabad,107,93,7,115.05
DJ Hussey,Chennai Super Kings,82,73,8,112.33
DJ Hussey,Deccan Chargers,244,163,6,149.69
DJ Hussey,Delhi Daredevils,146,139,7,105.04
DJ Hussey,Kings XI Punjab,98,70,5,140.0
DJ Hussey,Kochi Tuskers Kerala,21,15,1,140.0
DJ Hussey,Kolkata Knight Riders,90,100,5,90.0
DJ Hussey,Mumbai Indians,203,155,9,130.97
DJ Hussey,Pune Warriors,30,32,3,93.75
DJ Hussey,Rajasthan Royals,125,108,7,115.74
DJ Hussey,Royal Challengers Bengaluru,205,158,8,129.75
DJ Hussey,Sunrisers Hyderabad,72,57,2,126.32
DJ Jacobs,Deccan Chargers,32,20,1,160.0
DJ Jacobs,Delhi Daredevils,1,16,2,6.25
DJ Jacobs,Kings XI Punjab,10,10,1,100.0
DJ Jacobs,Kochi Tuskers Kerala,12,21,1,57.14
DJ Jacobs,Rajasthan Royals,15,15,1,100.0
DJ Jacobs,Royal Challengers Bengaluru,22,16,1,137.5
DJ Malan,Delhi Capitals,26,26,1,100.0
DJ Mitchell,Delhi Capitals,34,26,1,130.77
DJ Mitchell,Gujarat Titans,87,54,2,161.11
DJ Mitchell,Kolkata Knight Riders,25,19,1,131.58
DJ Mitchell,Lucknow Super Giants,11,10,1,110.0
DJ Mitchell,Mumbai Indians,34,34,2,100.0
DJ Mitchell,Punjab Kings,31,20,2,155.0
DJ Mitchell,Rajasthan Royals,22,13,1,169.23
DJ Mitchell,Royal Challengers Bengaluru,42,48,3,87.5
DJ Mitchell,Sunrisers Hyderabad,65,43,2,151.16
DJ Muthuswami,Royal Challengers Bengaluru,1,3,1,33.33
DJ Thornely,Deccan Chargers,8,18,1,44.44
DJ Thornely,Delhi Daredevils,30,24,1,125.0
DJ Thornely,Kolkata Knight Riders,1,6,1,16.67
DJ Thornely,Royal Challengers Bengaluru,0,5,1,0.0
DJ Willey,Kolkata Knight Riders,49,58,3,84.48
DJ Willey,Rajasthan Royals,4,4,2,100.0
DJG Sammy,Chennai Super Kings,49,33,4,148.48
DJG Sammy,Delhi Daredevils,18,20,1,90.0
DJG Sammy,Kings XI Punjab,15,14,2,107.14
DJG Sammy,Kolkata Knight Riders,60,56,4,107.14
DJG Sammy,Mumbai Indians,11,5,2,220.0
DJG Sammy,Rajasthan Royals,118,92,4,128.26
DJG Sammy,Royal Challengers Bengaluru,18,12,2,150.0
DJG Sammy,Sunrisers Hyderabad,6,9,1,66.67
DJM Short,Delhi Daredevils,50,28,2,178.57
DJM Short,Kings XI Punjab,2,2,1,100.0
DJM Short,Kolkata Knight Riders,44,43,1,102.33
DJM Short,Mumbai Indians,4,5,1,80.0
DJM Short,Royal Challengers Bengaluru,11,17,1,64.71
DJM Short,Sunrisers Hyderabad,4,4,1,100.0
DL Chahar,Chennai Super Kings,28,15,1,186.67
DL Chahar,Delhi Capitals,1,2,1,50.0
DL Chahar,Delhi Daredevils,15,8,2,187.5
DL Chahar,Gujarat Titans,8,8,1,100.0
DL Chahar,Kings XI Punjab,39,20,1,195.0
DL Chahar,Kolkata Knight Riders,11,8,2,137.5
DL Chahar,Lucknow Super Giants,1,1,1,100.0
DL Chahar,Mumbai Indians,7,15,4,46.67
DL Chahar,Rajasthan Royals,14,10,2,140.0
DL Chahar,Royal Challengers Bengaluru,6,8,3,75.0
DL Chahar,Sunrisers Hyderabad,12,8,2,150.0
DL Vettori,Chennai Super Kings,3,4,3,75.0
DL Vettori,Deccan Chargers,3,6,1,50.0
DL Vettori,Delhi Daredevils,21,23,2,91.3
DL Vettori,Kings XI Punjab,5,9,3,55.56
DL Vettori,Kolkata Knight Riders,36,22,3,163.64
DL Vettori,Rajasthan Royals,30,29,2,103.45
DL Vettori,Royal Challengers Bengaluru,23,19,2,121.05
DM Bravo,Rising Pune Supergiants,6,5,1,120.0
DNT Zoysa,Kings XI Punjab,1,2,1,50.0
DNT Zoysa,Mumbai Indians,10,7,1,142.86
DP Conway,Delhi Capitals,197,127,4,155.12
DP Conway,Gujarat Titans,145,108,5,134.26
DP Conway,Kolkata Knight Riders,101,89,5,113.48
DP Conway,Lucknow Super Giants,46,28,1,164.29
DP Conway,Mumbai Indians,44,47,3,93.62
DP Conway,Punjab Kings,161,101,2,159.41
DP Conway,Rajasthan Royals,84,76,4,110.53
DP Conway,Royal Challengers Bengaluru,139,82,2,169.51
DP Conway,Sunrisers Hyderabad,162,112,2,144.64
DP Nannes,Deccan Chargers,1,2,1,50.0
DP Nannes,Mumbai Indians,3,11,1,27.27
DP Vijaykumar,Delhi Daredevils,1,1,1,100.0
DPMD Jayawardene,Chennai Super Kings,195,147,10,132.65
DPMD Jayawardene,Deccan Chargers,219,145,7,151.03
DPMD Jayawardene,Delhi Daredevils,120,111,7,108.11
DPMD Jayawardene,Kings XI Punjab,183,156,5,117.31
DPMD Jayawardene,Kolkata Knight Riders,451,338,12,133.43
DPMD Jayawardene,Mumbai Indians,261,201,10,129.85
DPMD Jayawardene,Pune Warriors,53,54,5,98.15
DPMD Jayawardene,Rajasthan Royals,161,150,11,107.33
DPMD Jayawardene,Royal Challengers Bengaluru,140,134,9,104.48
DPMD Jayawardene,Sunrisers Hyderabad,23,26,2,88.46
DR Martyn,Royal Challengers Bengaluru,19,24,1,79.17
DR Sams,Chennai Super Kings,6,9,2,66.67
DR Sams,Delhi Capitals,10,5,3,200.0
DR Sams,Gujarat Titans,0,2,1,0.0
DR Sams,Kolkata Knight Riders,1,2,1,50.0
DR Sams,Lucknow Super Giants,3,7,1,42.86
DR Sams,Mumbai Indians,0,2,1,0.0
DR Sams,Punjab Kings,3,4,1,75.0
DR Sams,Rajasthan Royals,6,2,2,300.0
DR Sams,Sunrisers Hyderabad,15,11,1,136.36
DR Shorey,Mumbai Indians,5,8,1,62.5
DR Shorey,Royal Challengers Bengaluru,8,9,1,88.89
DR Smith,Chennai Super Kings,233,127,9,183.46
DR Smith,Delhi Daredevils,319,248,12,128.63
DR Smith,Kings XI Punjab,248,179,9,138.55
DR Smith,Kolkata Knight Riders,187,159,10,117.61
DR Smith,Mumbai Indians,344,266,11,129.32
DR Smith,Pune Warriors,0,1,1,0.0
DR Smith,Rajasthan Royals,354,257,10,137.74
DR Smith,Rising Pune Supergiants,110,68,3,161.76
DR Smith,Royal Challengers Bengaluru,271,204,13,132.84
DR Smith,Sunrisers Hyderabad,313,246,10,127.24
DS Kulkarni,Chennai Super Kings,38,24,2,158.33
DS Kulkarni,Deccan Chargers,7,9,1,77.78
DS Kulkarni,Delhi Daredevils,1,4,1,25.0
DS Kulkarni,Kings XI Punjab,15,27,4,55.56
DS Kulkarni,Kolkata Knight Riders,3,3,1,100.0
DS Kulkarni,Mumbai Indians,6,3,1,200.0
DS Kulkarni,Rajasthan Royals,1,4,1,25.0
DS Kulkarni,Royal Challengers Bengaluru,16,18,4,88.89
DS Kulkarni,Sunrisers Hyderabad,17,16,5,106.25
DS Lehmann,Delhi Daredevils,1,2,1,50.0
DS Lehmann,Kings XI Punjab,17,16,1,106.25
DS Rathi,Mumbai Indians,1,3,1,33.33
DS Rathi,Rajasthan Royals,2,2,1,100.0
DS Rathi,Royal Challengers Bengaluru,0,3,1,0.0
DT Christian,Chennai Super Kings,33,33,5,100.0
DT Christian,Delhi Daredevils,56,56,4,100.0
DT Christian,Gujarat Lions,17,8,1,212.5
DT Christian,Kings XI Punjab,84,54,5,155.56
DT Christian,Kochi Tuskers Kerala,9,11,1,81.82
DT Christian,Kolkata Knight Riders,59,39,5,151.28
DT Christian,Mumbai Indians,101,110,9,91.82
DT Christian,Pune Warriors,24,23,2,104.35
DT Christian,Punjab Kings,0,1,1,0.0
DT Christian,Rajasthan Royals,55,38,2,144.74
DT Christian,Royal Challengers Bengaluru,1,4,2,25.0
DT Christian,Sunrisers Hyderabad,13,17,4,76.47
DT Patil,Kings XI Punjab,4,1,1,400.0
DT Patil,Rajasthan Royals,9,12,1,75.0
DV Malewar,Chennai Super Kings,0,1,1,0.0
DV Malewar,Gujarat Titans,2,4,1,50.0
DW Steyn,Chennai Super Kings,20,26,4,76.92
DW Steyn,Deccan Chargers,0,1,1,0.0
DW Steyn,Delhi Daredevils,19,17,3,111.76
DW Steyn,Kings XI Punjab,16,26,5,61.54
DW Steyn,Kolkata Knight Riders,22,18,4,122.22
DW Steyn,Mumbai Indians,33,35,7,94.29
DW Steyn,Pune Warriors,15,7,2,214.29
DW Steyn,Rajasthan Royals,38,25,5,152.0
DW Steyn,Royal Challengers Bengaluru,3,3,1,100.0
DW Steyn,Sunrisers Hyderabad,1,2,1,50.0
Dhruv Jurel,Chennai Super Kings,118,67,6,176.12
Dhruv Jurel,Delhi Capitals,149,102,5,146.08
Dhruv Jurel,Gujarat Titans,138,80,6,172.5
Dhruv Jurel,Kolkata Knight Riders,40,40,4,100.0
Dhruv Jurel,Lucknow Super Giants,131,91,6,143.96
Dhruv Jurel,Mumbai Indians,53,43,4,123.26
Dhruv Jurel,Punjab Kings,130,87,7,149.43
Dhruv Jurel,Royal Challengers Bengaluru,208,134,7,155.22
Dhruv Jurel,Sunrisers Hyderabad,228,131,6,174.05
E Lewis,Chennai Super Kings,161,110,5,146.36
E Lewis,Delhi Capitals,5,13,1,38.46
E Lewis,Delhi Daredevils,96,59,2,162.71
E Lewis,Gujarat Titans,10,9,1,111.11
E Lewis,Kings XI Punjab,19,20,2,95.0
E Lewis,Kolkata Knight Riders,76,57,3,133.33
E Lewis,Mumbai Indians,24,19,1,126.32
E Lewis,Punjab Kings,36,21,1,171.43
E Lewis,Rajasthan Royals,60,43,2,139.53
E Lewis,Royal Challengers Bengaluru,125,85,3,147.06
E Lewis,Sunrisers Hyderabad,42,41,5,102.44
E Malinga,Gujarat Titans,0,3,1,0.0
E Malinga,Kolkata Knight Riders,2,6,1,33.33
E Malinga,Rajasthan Royals,5,8,1,62.5
EJG Morgan,Chennai Super Kings,119,123,11,96.75
EJG Morgan,Deccan Chargers,14,15,1,93.33
EJG Morgan,Delhi Capitals,61,33,5,184.85
EJG Morgan,Delhi Daredevils,100,95,8,105.26
EJG Morgan,Kings XI Punjab,223,154,7,144.81
EJG Morgan,Kochi Tuskers Kerala,76,63,2,120.63
EJG Morgan,Kolkata Knight Riders,66,61,3,108.2
EJG Morgan,Mumbai Indians,132,131,9,100.76
EJG Morgan,Pune Warriors,15,15,1,100.0
EJG Morgan,Punjab Kings,49,42,2,116.67
EJG Morgan,Rajasthan Royals,256,165,6,155.15
EJG Morgan,Rising Pune Supergiants,4,6,2,66.67
EJG Morgan,Royal Challengers Bengaluru,115,117,9,98.29
EJG Morgan,Sunrisers Hyderabad,176,127,8,138.58
ER Dwivedi,Royal Challengers Bengaluru,19,9,1,211.11
ER Dwivedi,Sunrisers Hyderabad,5,5,1,100.0
F Behardien,Rising Pune Supergiants,5,5,1,100.0
F Behardien,Royal Challengers Bengaluru,9,8,2,112.5
F du Plessis,Chennai Super Kings,197,126,5,156.35
F du Plessis,Deccan Chargers,81,60,2,135.0
F du Plessis,Delhi Capitals,282,241,11,117.01
F du Plessis,Delhi Daredevils,140,115,6,121.74
F du Plessis,Gujarat Lions,69,43,1,160.47
F du Plessis,Gujarat Titans,165,106,6,155.66
F du Plessis,Kings XI Punjab,502,335,10,149.85
F du Plessis,Kolkata Knight Riders,547,402,19,136.07
F du Plessis,Lucknow Super Giants,267,182,6,146.7
F du Plessis,Mumbai Indians,566,441,21,128.34
F du Plessis,Pune Warriors,100,80,2,125.0
F du Plessis,Punjab Kings,329,237,8,138.82
F du Plessis,Rajasthan Royals,550,418,17,131.58
F du Plessis,Royal Challengers Bengaluru,344,289,13,119.03
F du Plessis,Sunrisers Hyderabad,624,431,20,144.78
FA Allen,Lucknow Super Giants,8,7,1,114.29
FA Allen,Rajasthan Royals,0,1,1,0.0
FA Allen,Sunrisers Hyderabad,5,10,1,50.0
FH Allen,Chennai Super Kings,1,3,1,33.33
FH Allen,Delhi Capitals,120,60,2,200.0
FH Allen,Gujarat Titans,93,35,1,265.71
FH Allen,Lucknow Super Giants,9,8,1,112.5
FH Allen,Mumbai Indians,45,22,2,204.55
FH Allen,Punjab Kings,6,7,1,85.71
FH Allen,Royal Challengers Bengaluru,18,8,1,225.0
FH Allen,Sunrisers Hyderabad,57,20,2,285.0
FH Edwards,Mumbai Indians,1,3,1,33.33
FH Edwards,Royal Challengers Bengaluru,3,2,1,150.0
FY Fazal,Chennai Super Kings,21,23,2,91.3
FY Fazal,Deccan Chargers,44,40,2,110.0
FY Fazal,Delhi Daredevils,0,2,1,0.0
FY Fazal,Kings XI Punjab,45,37,1,121.62
FY Fazal,Kochi Tuskers Kerala,16,15,1,106.67
FY Fazal,Kolkata Knight Riders,47,40,3,117.5
FY Fazal,Mumbai Indians,10,15,1,66.67
Fazalhaq Farooqi,Gujarat Titans,1,5,1,20.0
Fazalhaq Farooqi,Royal Challengers Bengaluru,4,10,2,40.0
G Coetzee,Chennai Super Kings,5,5,1,100.0
G Coetzee,Gujarat Titans,1,3,1,33.33
G Coetzee,Kolkata Knight Riders,8,7,1,114.29
G Coetzee,Lucknow Super Giants,1,2,1,50.0
G Coetzee,Mumbai Indians,11,5,1,220.0
G Coetzee,Rajasthan Royals,4,10,2,40.0
G Gambhir,Chennai Super Kings,427,345,16,123.77
G Gambhir,Deccan Chargers,224,178,9,125.84
G Gambhir,Delhi Daredevils,413,332,13,124.4
G Gambhir,Gujarat Lions,122,90,4,135.56
G Gambhir,Kings XI Punjab,730,591,23,123.52
G Gambhir,Kochi Tuskers Kerala,3,6,2,50.0
G Gambhir,Kolkata Knight Riders,155,126,6,123.02
G Gambhir,Mumbai Indians,467,405,21,115.31
G Gambhir,Pune Warriors,182,155,5,117.42
G Gambhir,Rajasthan Royals,419,349,16,120.06
G Gambhir,Rising Pune Supergiants,97,71,4,136.62
G Gambhir,Royal Challengers Bengaluru,644,478,20,134.73
G Gambhir,Sunrisers Hyderabad,314,268,12,117.16
GB Hogg,Chennai Super Kings,2,1,1,200.0
GB Hogg,Kings XI Punjab,5,5,1,100.0
GB Hogg,Mumbai Indians,2,5,1,40.0
GB Hogg,Royal Challengers Bengaluru,13,11,1,118.18
GC Smith,Chennai Super Kings,158,133,4,118.8
GC Smith,Deccan Chargers,112,93,4,120.43
GC Smith,Delhi Daredevils,123,128,6,96.09
GC Smith,Kings XI Punjab,75,49,3,153.06
GC Smith,Kochi Tuskers Kerala,24,24,1,100.0
GC Smith,Kolkata Knight Riders,41,52,3,78.85
GC Smith,Mumbai Indians,56,62,4,90.32
GC Smith,Royal Challengers Bengaluru,142,123,4,115.45
GC Viljoen,Delhi Capitals,3,6,2,50.0
GC Viljoen,Royal Challengers Bengaluru,0,1,1,0.0
GD McGrath,Mumbai Indians,0,2,1,0.0
GD McGrath,Rajasthan Royals,4,3,1,133.33
GD Phillips,Chennai Super Kings,14,7,1,200.0
GD Phillips,Delhi Capitals,14,9,1,155.56
GD Phillips,Kolkata Knight Riders,27,28,2,96.43
GD Phillips,Lucknow Super Giants,0,1,1,0.0
GD Phillips,Mumbai Indians,11,25,3,44.0
GD Phillips,Punjab Kings,25,17,1,147.06
GD Phillips,Rajasthan Royals,36,17,3,211.76
GD Phillips,Royal Challengers Bengaluru,5,4,1,125.0
GF Linde,Gujarat Titans,16,10,1,160.0
GF Linde,Kolkata Knight Riders,8,4,1,200.0
GF Linde,Royal Challengers Bengaluru,7,7,1,100.0
GH Vihari,Chennai Super Kings,13,16,3,81.25
GH Vihari,Delhi Daredevils,28,32,2,87.5
GH Vihari,Kings XI Punjab,62,59,4,105.08
GH Vihari,Kolkata Knight Riders,15,30,4,50.0
GH Vihari,Mumbai Indians,79,68,3,116.18
GH Vihari,Pune Warriors,12,20,2,60.0
GH Vihari,Rajasthan Royals,24,45,3,53.33
GH Vihari,Royal Challengers Bengaluru,48,49,2,97.96
GHS Garton,Punjab Kings,0,1,1,0.0
GHS Garton,Sunrisers Hyderabad,2,3,1,66.67
GJ Bailey,Chennai Super Kings,71,35,5,202.86
GJ Bailey,Delhi Daredevils,52,52,5,100.0
GJ Bailey,Kings XI Punjab,24,23,2,104.35
GJ Bailey,Kolkata Knight Riders,173,144,7,120.14
GJ Bailey,Mumbai Indians,136,94,4,144.68
GJ Bailey,Rajasthan Royals,48,35,2,137.14
GJ Bailey,Royal Challengers Bengaluru,49,64,6,76.56
GJ Bailey,Sunrisers Hyderabad,107,94,5,113.83
GJ Maxwell,Chennai Super Kings,381,202,15,188.61
GJ Maxwell,Delhi Capitals,188,130,7,144.62
GJ Maxwell,Delhi Daredevils,45,35,6,128.57
GJ Maxwell,Gujarat Lions,53,34,4,155.88
GJ Maxwell,Gujarat Titans,88,45,5,195.56
GJ Maxwell,Kings XI Punjab,12,13,2,92.31
GJ Maxwell,Kolkata Knight Riders,494,355,22,139.15
GJ Maxwell,Lucknow Super Giants,95,57,5,166.67
GJ Maxwell,Mumbai Indians,433,270,18,160.37
GJ Maxwell,Pune Warriors,13,7,1,185.71
GJ Maxwell,Punjab Kings,95,62,5,153.23
GJ Maxwell,Rajasthan Royals,394,251,16,156.97
GJ Maxwell,Rising Pune Supergiants,76,37,3,205.41
GJ Maxwell,Royal Challengers Bengaluru,103,81,9,127.16
GJ Maxwell,Sunrisers Hyderabad,342,231,16,148.05
GR Napier,Kolkata Knight Riders,15,16,1,93.75
Gulbadin Naib,Rajasthan Royals,19,15,1,126.67
Gurkeerat Singh,Chennai Super Kings,48,43,4,111.63
Gurkeerat Singh,Deccan Chargers,29,12,1,241.67
Gurkeerat Singh,Delhi Capitals,27,19,1,142.11
Gurkeerat Singh,Delhi Daredevils,34,16,2,212.5
Gurkeerat Singh,Gujarat Lions,0,3,1,0.0
Gurkeerat Singh,Kolkata Knight Riders,75,70,6,107.14
Gurkeerat Singh,Mumbai Indians,22,20,4,110.0
Gurkeerat Singh,Rajasthan Royals,58,59,4,98.31
Gurkeerat Singh,Rising Pune Supergiants,51,30,1,170.0
Gurkeerat Singh,Royal Challengers Bengaluru,40,41,3,97.56
Gurkeerat Singh,Sunrisers Hyderabad,127,109,5,116.51
H Das,Mumbai Indians,2,5,1,40.0
H Klaasen,Chennai Super Kings,167,128,7,130.47
H Klaasen,Delhi Capitals,167,86,6,194.19
H Klaasen,Gujarat Titans,152,110,5,138.18
H Klaasen,Kolkata Knight Riders,380,212,10,179.25
H Klaasen,Lucknow Super Giants,182,115,4,158.26
H Klaasen,Mumbai Indians,307,168,8,182.74
H Klaasen,Punjab Kings,180,125,5,144.0
H Klaasen,Rajasthan Royals,245,145,8,168.97
H Klaasen,Royal Challengers Bengaluru,315,164,7,192.07
HC Brook,Chennai Super Kings,18,13,1,138.46
HC Brook,Delhi Capitals,7,16,2,43.75
HC Brook,Kolkata Knight Riders,96,58,2,165.52
HC Brook,Lucknow Super Giants,3,4,1,75.0
HC Brook,Mumbai Indians,9,8,2,112.5
HC Brook,Punjab Kings,13,14,1,92.86
HC Brook,Rajasthan Royals,13,21,1,61.9
HC Brook,Royal Challengers Bengaluru,27,19,1,142.11
HE van der Dussen,Delhi Capitals,12,10,1,120.0
HE van der Dussen,Gujarat Titans,6,10,1,60.0
HE van der Dussen,Lucknow Super Giants,4,4,1,100.0
HF Gurney,Chennai Super Kings,1,5,1,20.0
HH Gibbs,Chennai Super Kings,150,139,6,107.91
HH Gibbs,Delhi Daredevils,53,54,4,98.15
HH Gibbs,Kings XI Punjab,113,116,5,97.41
HH Gibbs,Kolkata Knight Riders,224,217,7,103.23
HH Gibbs,Mumbai Indians,102,80,4,127.5
HH Gibbs,Rajasthan Royals,52,44,3,118.18
HH Gibbs,Royal Challengers Bengaluru,192,155,7,123.87
HH Pandya,Chennai Super Kings,229,171,18,133.92
HH Pandya,Delhi Capitals,272,206,14,132.04
HH Pandya,Delhi Daredevils,89,67,7,132.84
HH Pandya,Gujarat Lions,19,22,4,86.36
HH Pandya,Gujarat Titans,60,49,5,122.45
HH Pandya,Kings XI Punjab,170,92,9,184.78
HH Pandya,Kolkata Knight Riders,437,274,16,159.49
HH Pandya,Lucknow Super Giants,184,143,8,128.67
HH Pandya,Mumbai Indians,65,43,4,151.16
HH Pandya,Punjab Kings,141,115,9,122.61
HH Pandya,Rajasthan Royals,547,312,17,175.32
HH Pandya,Rising Pune Supergiants,81,56,5,144.64
HH Pandya,Royal Challengers Bengaluru,400,243,18,164.61
HH Pandya,Sunrisers Hyderabad,257,223,16,115.25
HM Amla,Delhi Daredevils,36,37,3,97.3
HM Amla,Gujarat Lions,169,100,2,169.0
HM Amla,Kolkata Knight Riders,25,27,1,92.59
HM Amla,Mumbai Indians,102,64,2,159.38
HM Amla,Rising Pune Supergiants,58,54,2,107.41
HM Amla,Royal Challengers Bengaluru,89,67,4,132.84
HM Amla,Sunrisers Hyderabad,96,57,2,168.42
HR Shokeen,Chennai Super Kings,61,61,3,100.0
HR Shokeen,Lucknow Super Giants,0,1,1,0.0
HR Shokeen,Royal Challengers Bengaluru,5,3,1,166.67
HV Patel,Chennai Super Kings,53,46,7,115.22
HV Patel,Deccan Chargers,5,5,1,100.0
HV Patel,Delhi Capitals,11,13,2,84.62
HV Patel,Delhi Daredevils,0,1,1,0.0
HV Patel,Gujarat Titans,0,1,1,0.0
HV Patel,Kings XI Punjab,6,5,2,120.0
HV Patel,Kolkata Knight Riders,58,47,8,123.4
HV Patel,Lucknow Super Giants,16,14,3,114.29
HV Patel,Mumbai Indians,17,19,5,89.47
HV Patel,Punjab Kings,43,21,3,204.76
HV Patel,Rajasthan Royals,40,34,5,117.65
HV Patel,Royal Challengers Bengaluru,0,3,2,0.0
HV Patel,Sunrisers Hyderabad,31,29,4,106.9
Harbhajan Singh,Chennai Super Kings,167,121,16,138.02
Harbhajan Singh,Deccan Chargers,82,37,4,221.62
Harbhajan Singh,Delhi Daredevils,99,73,11,135.62
Harbhajan Singh,Gujarat Lions,11,19,3,57.89
Harbhajan Singh,Kings XI Punjab,135,92,12,146.74
Harbhajan Singh,Kolkata Knight Riders,74,56,8,132.14
Harbhajan Singh,Mumbai Indians,11,10,3,110.0
Harbhajan Singh,Pune Warriors,29,22,4,131.82
Harbhajan Singh,Rajasthan Royals,66,40,8,165.0
Harbhajan Singh,Rising Pune Supergiants,52,32,2,162.5
Harbhajan Singh,Royal Challengers Bengaluru,69,50,10,138.0
Harbhajan Singh,Sunrisers Hyderabad,29,47,7,61.7
Harmeet Singh,Chennai Super Kings,0,1,1,0.0
Harmeet Singh,Kolkata Knight Riders,14,6,1,233.33
Harmeet Singh,Rajasthan Royals,1,1,1,100.0
Harmeet Singh,Sunrisers Hyderabad,3,4,1,75.0
Harpreet Brar,Chennai Super Kings,17,13,1,130.77
Harpreet Brar,Delhi Capitals,36,26,7,138.46
Harpreet Brar,Gujarat Titans,38,19,3,200.0
Harpreet Brar,Kolkata Knight Riders,31,27,2,114.81
Harpreet Brar,Lucknow Super Giants,6,4,1,150.0
Harpreet Brar,Mumbai Indians,40,41,3,97.56
Harpreet Brar,Rajasthan Royals,3,3,1,100.0
Harpreet Brar,Royal Challengers Bengaluru,59,53,7,111.32
Harpreet Brar,Sunrisers Hyderabad,19,20,2,95.0
Harpreet Singh,Gujarat Titans,14,19,1,73.68
Harpreet Singh,Kolkata Knight Riders,6,6,1,100.0
Harpreet Singh,Lucknow Super Giants,22,22,1,100.0
Harpreet Singh,Mumbai Indians,50,42,2,119.05
Harpreet Singh,Rajasthan Royals,13,19,1,68.42
Harpreet Singh,Royal Challengers Bengaluru,14,10,2,140.0
Harsh Dubey,Kolkata Knight Riders,9,3,1,300.0
Harsh Dubey,Lucknow Super Giants,0,1,1,0.0
Harsh Dubey,Punjab Kings,1,2,1,50.0
Harsh Dubey,Royal Challengers Bengaluru,3,3,1,100.0
Harshit Rana,Delhi Capitals,0,2,2,0.0
Harshit Rana,Gujarat Titans,1,2,1,50.0
Harshit Rana,Lucknow Super Giants,12,10,2,120.0
Harshit Rana,Mumbai Indians,4,7,1,57.14
Harshit Rana,Punjab Kings,3,6,1,50.0
Harshit Rana,Royal Challengers Bengaluru,5,6,1,83.33
Harshit Rana,Sunrisers Hyderabad,34,22,2,154.55
Himmat Singh,Chennai Super Kings,17,12,1,141.67
Himmat Singh,Kolkata Knight Riders,17,8,1,212.5
Himmat Singh,Mumbai Indians,39,29,1,134.48
Himmat Singh,Punjab Kings,1,1,1,100.0
Himmat Singh,Rajasthan Royals,15,15,1,100.0
I Malhotra,Delhi Daredevils,7,4,1,175.0
I Sharma,Chennai Super Kings,21,22,4,95.45
I Sharma,Deccan Chargers,9,9,1,100.0
I Sharma,Kings XI Punjab,0,1,1,0.0
I Sharma,Kolkata Knight Riders,2,4,2,50.0
I Sharma,Mumbai Indians,11,10,3,110.0
I Sharma,Rajasthan Royals,5,4,4,125.0
I Sharma,Rising Pune Supergiants,1,5,1,20.0
I Sharma,Royal Challengers Bengaluru,0,6,2,0.0
I Sharma,Sunrisers Hyderabad,8,8,3,100.0
I Udana,Delhi Capitals,5,5,2,100.0
I Udana,Kings XI Punjab,10,5,1,200.0
I Udana,Sunrisers Hyderabad,0,1,1,0.0
IC Pandey,Royal Challengers Bengaluru,0,2,1,0.0
IK Pathan,Chennai Super Kings,206,168,10,122.62
IK Pathan,Deccan Chargers,110,88,7,125.0
IK Pathan,Delhi Daredevils,69,57,5,121.05
IK Pathan,Kings XI Punjab,52,64,9,81.25
IK Pathan,Kochi Tuskers Kerala,18,13,2,138.46
IK Pathan,Kolkata Knight Riders,231,168,12,137.5
IK Pathan,Mumbai Indians,91,77,12,118.18
IK Pathan,Pune Warriors,57,56,4,101.79
IK Pathan,Rajasthan Royals,133,125,9,106.4
IK Pathan,Royal Challengers Bengaluru,146,82,10,178.05
IK Pathan,Sunrisers Hyderabad,36,49,2,73.47
IR Jaggi,Kolkata Knight Riders,6,16,2,37.5
IR Jaggi,Mumbai Indians,30,38,2,78.95
IR Jaggi,Pune Warriors,10,7,1,142.86
IR Jaggi,Rajasthan Royals,25,28,1,89.29
IR Jaggi,Sunrisers Hyderabad,5,8,1,62.5
IS Sodhi,Delhi Capitals,6,11,1,54.55
IS Sodhi,Kolkata Knight Riders,1,6,1,16.67
Imran Tahir,Chennai Super Kings,2,2,1,100.0
Imran Tahir,Delhi Daredevils,0,2,1,0.0
Imran Tahir,Kings XI Punjab,4,4,1,100.0
Imran Tahir,Mumbai Indians,20,19,3,105.26
Imran Tahir,Rajasthan Royals,4,6,1,66.67
Imran Tahir,Royal Challengers Bengaluru,3,4,1,75.0
Iqbal Abdulla,Chennai Super Kings,3,7,3,42.86
Iqbal Abdulla,Delhi Daredevils,7,10,3,70.0
Iqbal Abdulla,Gujarat Lions,32,24,1,133.33
Iqbal Abdulla,Kochi Tuskers Kerala,12,9,1,133.33
Iqbal Abdulla,Mumbai Indians,26,25,2,104.0
Iqbal Abdulla,Rajasthan Royals,1,2,1,50.0
Iqbal Abdulla,Sunrisers Hyderabad,6,5,2,120.0
Ishan Kishan,Chennai Super Kings,352,266,13,132.33
Ishan Kishan,Delhi Capitals,463,303,12,152.81
Ishan Kishan,Delhi Daredevils,91,75,6,121.33
Ishan Kishan,Gujarat Titans,130,112,7,116.07
Ishan Kishan,Kings XI Punjab,154,135,8,114.07
Ishan Kishan,Kolkata Knight Riders,343,228,13,150.44
Ishan Kishan,Lucknow Super Giants,176,171,9,102.92
Ishan Kishan,Mumbai Indians,62,57,5,108.77
Ishan Kishan,Punjab Kings,184,131,8,140.46
Ishan Kishan,Rajasthan Royals,584,349,15,167.34
Ishan Kishan,Rising Pune Supergiants,31,25,2,124.0
Ishan Kishan,Royal Challengers Bengaluru,637,374,16,170.32
Ishan Kishan,Sunrisers Hyderabad,384,275,13,139.64
J Arunkumar,Kings XI Punjab,1,3,1,33.33
J Arunkumar,Kolkata Knight Riders,22,17,1,129.41
J Arunkumar,Rajasthan Royals,0,3,1,0.0
J Botha,Chennai Super Kings,57,63,4,90.48
J Botha,Deccan Chargers,84,60,3,140.0
J Botha,Delhi Daredevils,92,67,3,137.31
J Botha,Kings XI Punjab,17,14,3,121.43
J Botha,Kochi Tuskers Kerala,14,7,1,200.0
J Botha,Kolkata Knight Riders,33,31,4,106.45
J Botha,Mumbai Indians,49,45,3,108.89
J Botha,Pune Warriors,19,21,2,90.48
J Botha,Rajasthan Royals,2,3,1,66.67
J Botha,Royal Challengers Bengaluru,19,20,1,95.0
J Botha,Sunrisers Hyderabad,22,27,3,81.48
J Fraser-McGurk,Chennai Super Kings,0,5,1,0.0
J Fraser-McGurk,Gujarat Titans,43,24,2,179.17
J Fraser-McGurk,Kolkata Knight Riders,12,6,1,200.0
J Fraser-McGurk,Lucknow Super Giants,56,39,3,143.59
J Fraser-McGurk,Mumbai Indians,78,27,2,288.89
J Fraser-McGurk,Rajasthan Royals,59,26,2,226.92
J Fraser-McGurk,Royal Challengers Bengaluru,28,14,2,200.0
J Fraser-McGurk,Sunrisers Hyderabad,103,50,2,206.0
J Overton,Gujarat Titans,18,6,1,300.0
J Overton,Kolkata Knight Riders,7,6,1,116.67
J Overton,Mumbai Indians,19,10,2,190.0
J Overton,Rajasthan Royals,54,40,2,135.0
J Overton,Royal Challengers Bengaluru,33,15,1,220.0
J Overton,Sunrisers Hyderabad,16,15,1,106.67
J Suchith,Chennai Super Kings,7,16,2,43.75
J Suchith,Delhi Capitals,14,6,1,233.33
J Suchith,Kings XI Punjab,34,21,1,161.9
J Suchith,Punjab Kings,0,1,1,0.0
J Suchith,Rajasthan Royals,0,1,1,0.0
J Suchith,Royal Challengers Bengaluru,6,11,2,54.55
J Suchith,Sunrisers Hyderabad,9,5,1,180.0
J Syed Mohammad,Chennai Super Kings,2,2,1,100.0
J Syed Mohammad,Deccan Chargers,4,1,1,400.0
J Syed Mohammad,Delhi Daredevils,14,12,2,116.67
J Syed Mohammad,Mumbai Indians,9,11,1,81.82
J Theron,Chennai Super Kings,0,1,1,0.0
J Theron,Kings XI Punjab,7,6,1,116.67
J Theron,Mumbai Indians,1,1,1,100.0
J Theron,Rajasthan Royals,2,4,1,50.0
J Yadav,Delhi Capitals,34,26,2,130.77
J Yadav,Rising Pune Supergiants,1,3,1,33.33
J Yadav,Royal Challengers Bengaluru,5,7,1,71.43
JA Morkel,Chennai Super Kings,81,63,2,128.57
JA Morkel,Deccan Chargers,138,90,9,153.33
JA Morkel,Delhi Daredevils,80,60,8,133.33
JA Morkel,Kings XI Punjab,111,83,9,133.73
JA Morkel,Kochi Tuskers Kerala,22,14,2,157.14
JA Morkel,Kolkata Knight Riders,106,73,7,145.21
JA Morkel,Mumbai Indians,38,34,6,111.76
JA Morkel,Pune Warriors,16,18,3,88.89
JA Morkel,Rajasthan Royals,248,156,10,158.97
JA Morkel,Royal Challengers Bengaluru,127,92,11,138.04
JA Richardson,Chennai Super Kings,15,22,1,68.18
JA Richardson,Mumbai Indians,2,2,1,100.0
JA Richardson,Rajasthan Royals,0,2,1,0.0
JC Archer,Chennai Super Kings,55,33,5,166.67
JC Archer,Delhi Capitals,6,11,4,54.55
JC Archer,Gujarat Titans,17,16,4,106.25
JC Archer,Kings XI Punjab,16,10,5,160.0
JC Archer,Kolkata Knight Riders,81,50,7,162.0
JC Archer,Mumbai Indians,89,59,4,150.85
JC Archer,Punjab Kings,1,2,1,50.0
JC Archer,Royal Challengers Bengaluru,18,18,4,100.0
JC Archer,Sunrisers Hyderabad,26,21,6,123.81
JC Buttler,Chennai Super Kings,462,327,13,141.28
JC Buttler,Delhi Capitals,418,265,10,157.74
JC Buttler,Delhi Daredevils,144,77,5,187.01
JC Buttler,Gujarat Lions,85,85,4,100.0
JC Buttler,Gujarat Titans,197,135,6,145.93
JC Buttler,Kings XI Punjab,361,235,9,153.62
JC Buttler,Kolkata Knight Riders,598,397,16,150.63
JC Buttler,Lucknow Super Giants,205,153,8,133.99
JC Buttler,Mumbai Indians,607,417,13,145.56
JC Buttler,Punjab Kings,192,132,7,145.45
JC Buttler,Rajasthan Royals,134,84,5,159.52
JC Buttler,Rising Pune Supergiants,82,51,4,160.78
JC Buttler,Royal Challengers Bengaluru,696,437,20,159.27
JC Buttler,Sunrisers Hyderabad,442,299,16,147.83
JD Ryder,Chennai Super Kings,116,89,4,130.34
JD Ryder,Deccan Chargers,60,41,4,146.34
JD Ryder,Delhi Daredevils,138,85,3,162.35
JD Ryder,Kings XI Punjab,95,80,6,118.75
JD Ryder,Kochi Tuskers Kerala,17,10,1,170.0
JD Ryder,Kolkata Knight Riders,45,49,3,91.84
JD Ryder,Mumbai Indians,21,29,3,72.41
JD Ryder,Rajasthan Royals,19,16,3,118.75
JD Ryder,Royal Challengers Bengaluru,85,56,2,151.79
JD Unadkat,Chennai Super Kings,61,43,5,141.86
JD Unadkat,Delhi Capitals,11,7,1,157.14
JD Unadkat,Kings XI Punjab,7,11,4,63.64
JD Unadkat,Kolkata Knight Riders,46,49,6,93.88
JD Unadkat,Lucknow Super Giants,15,7,2,214.29
JD Unadkat,Punjab Kings,18,8,2,225.0
JD Unadkat,Rajasthan Royals,5,2,1,250.0
JD Unadkat,Royal Challengers Bengaluru,36,39,5,92.31
JD Unadkat,Sunrisers Hyderabad,2,3,2,66.67
JDP Oram,Deccan Chargers,41,28,1,146.43
JDP Oram,Delhi Daredevils,3,7,1,42.86
JDP Oram,Kings XI Punjab,30,31,2,96.77
JDP Oram,Kochi Tuskers Kerala,0,3,1,0.0
JDP Oram,Mumbai Indians,13,8,2,162.5
JDP Oram,Rajasthan Royals,3,8,2,37.5
JDP Oram,Royal Challengers Bengaluru,16,22,2,72.73
JDS Neesham,Chennai Super Kings,24,19,3,126.32
JDS Neesham,Delhi Capitals,10,8,1,125.0
JDS Neesham,Gujarat Titans,17,15,1,113.33
JDS Neesham,Kings XI Punjab,12,20,1,60.0
JDS Neesham,Kolkata Knight Riders,8,11,1,72.73
JDS Neesham,Lucknow Super Giants,14,12,1,116.67
JDS Neesham,Mumbai Indians,7,7,1,100.0
JDS Neesham,Sunrisers Hyderabad,0,1,1,0.0
JE Root,Royal Challengers Bengaluru,10,15,1,66.67
JE Taylor,Chennai Super Kings,3,3,2,100.0
JEC Franklin,Chennai Super Kings,39,52,3,75.0
JEC Franklin,Deccan Chargers,20,24,2,83.33
JEC Franklin,Kings XI Punjab,101,73,2,138.36
JEC Franklin,Kolkata Knight Riders,74,48,2,154.17
JEC Franklin,Pune Warriors,63,72,3,87.5
JEC Franklin,Rajasthan Royals,13,8,2,162.5
JEC Franklin,Royal Challengers Bengaluru,17,23,2,73.91
JG Bethell,Chennai Super Kings,55,33,1,166.67
JG Bethell,Delhi Capitals,32,17,2,188.24
JG Bethell,Gujarat Titans,19,15,2,126.67
JG Bethell,Kolkata Knight Riders,15,12,1,125.0
JG Bethell,Lucknow Super Giants,4,5,1,80.0
JG Bethell,Mumbai Indians,27,27,1,100.0
JG Bethell,Punjab Kings,11,7,1,157.14
JH Kallis,Chennai Super Kings,320,286,14,111.89
JH Kallis,Deccan Chargers,292,281,11,103.91
JH Kallis,Delhi Daredevils,333,308,14,108.12
JH Kallis,Kings XI Punjab,266,217,11,122.58
JH Kallis,Kochi Tuskers Kerala,51,50,2,102.0
JH Kallis,Kolkata Knight Riders,135,128,5,105.47
JH Kallis,Mumbai Indians,475,392,13,121.17
JH Kallis,Pune Warriors,16,34,4,47.06
JH Kallis,Rajasthan Royals,246,249,12,98.8
JH Kallis,Royal Challengers Bengaluru,220,212,7,103.77
JH Kallis,Sunrisers Hyderabad,65,56,2,116.07
JJ Bumrah,Chennai Super Kings,8,10,3,80.0
JJ Bumrah,Delhi Capitals,4,4,2,100.0
JJ Bumrah,Delhi Daredevils,0,3,2,0.0
JJ Bumrah,Gujarat Lions,0,1,1,0.0
JJ Bumrah,Gujarat Titans,1,1,1,100.0
JJ Bumrah,Kings XI Punjab,2,2,1,100.0
JJ Bumrah,Kolkata Knight Riders,1,2,2,50.0
JJ Bumrah,Lucknow Super Giants,0,2,1,0.0
JJ Bumrah,Punjab Kings,0,1,1,0.0
JJ Bumrah,Rajasthan Royals,15,13,4,115.38
JJ Bumrah,Rising Pune Supergiants,16,11,1,145.45
JJ Bumrah,Royal Challengers Bengaluru,7,11,5,63.64
JJ Bumrah,Sunrisers Hyderabad,21,24,5,87.5
JJ Roy,Chennai Super Kings,75,48,3,156.25
JJ Roy,Delhi Capitals,43,39,1,110.26
JJ Roy,Kolkata Knight Riders,25,27,3,92.59
JJ Roy,Lucknow Super Giants,45,28,1,160.71
JJ Roy,Mumbai Indians,139,81,3,171.6
JJ Roy,Punjab Kings,38,24,1,158.33
JJ Roy,Rajasthan Royals,70,50,2,140.0
JJ Roy,Royal Challengers Bengaluru,117,92,4,127.17
JJ Roy,Sunrisers Hyderabad,62,52,3,119.23
JJ van der Wath,Chennai Super Kings,14,10,1,140.0
JJ van der Wath,Deccan Chargers,0,1,1,0.0
JJ van der Wath,Kings XI Punjab,4,5,1,80.0
JL Denly,Delhi Capitals,0,1,1,0.0
JL Pattinson,Chennai Super Kings,11,8,1,137.5
JL Pattinson,Sunrisers Hyderabad,4,5,1,80.0
JM Bairstow,Chennai Super Kings,150,117,8,128.21
JM Bairstow,Delhi Capitals,225,150,7,150.0
JM Bairstow,Gujarat Titans,78,49,4,159.18
JM Bairstow,Kings XI Punjab,117,81,3,144.44
JM Bairstow,Kolkata Knight Riders,323,203,6,159.11
JM Bairstow,Lucknow Super Giants,73,56,2,130.36
JM Bairstow,Mumbai Indians,96,60,4,160.0
JM Bairstow,Punjab Kings,101,80,2,126.25
JM Bairstow,Rajasthan Royals,186,156,7,119.23
JM Bairstow,Royal Challengers Bengaluru,288,162,6,177.78
JM Bairstow,Sunrisers Hyderabad,35,28,3,125.0
JM Kemp,Deccan Chargers,22,16,1,137.5
JM Kemp,Delhi Daredevils,4,8,1,50.0
JM Sharma,Chennai Super Kings,66,42,5,157.14
JM Sharma,Delhi Capitals,107,105,7,101.9
JM Sharma,Gujarat Titans,147,103,9,142.72
JM Sharma,Kolkata Knight Riders,50,34,3,147.06
JM Sharma,Lucknow Super Giants,142,71,7,200.0
JM Sharma,Mumbai Indians,181,98,7,184.69
JM Sharma,Punjab Kings,37,25,3,148.0
JM Sharma,Rajasthan Royals,185,124,7,149.19
JM Sharma,Royal Challengers Bengaluru,76,55,4,138.18
JM Sharma,Sunrisers Hyderabad,109,66,7,165.15
JO Holder,Chennai Super Kings,5,6,2,83.33
JO Holder,Delhi Capitals,21,23,2,91.3
JO Holder,Delhi Daredevils,0,1,1,0.0
JO Holder,Gujarat Lions,13,8,1,162.5
JO Holder,Gujarat Titans,1,2,1,50.0
JO Holder,Kings XI Punjab,5,8,1,62.5
JO Holder,Kolkata Knight Riders,31,25,3,124.0
JO Holder,Mumbai Indians,12,13,3,92.31
JO Holder,Punjab Kings,64,45,4,142.22
JO Holder,Rajasthan Royals,16,23,3,69.57
JO Holder,Royal Challengers Bengaluru,128,84,9,152.38
JO Holder,Sunrisers Hyderabad,28,23,4,121.74
JP Behrendorff,Gujarat Titans,6,9,2,66.67
JP Duminy,Chennai Super Kings,148,122,8,121.31
JP Duminy,Deccan Chargers,99,88,2,112.5
JP Duminy,Delhi Daredevils,101,68,6,148.53
JP Duminy,Gujarat Lions,61,50,2,122.0
JP Duminy,Kings XI Punjab,170,165,7,103.03
JP Duminy,Kolkata Knight Riders,246,199,10,123.62
JP Duminy,Mumbai Indians,260,194,8,134.02
JP Duminy,Pune Warriors,83,83,4,100.0
JP Duminy,Rajasthan Royals,278,227,9,122.47
JP Duminy,Rising Pune Supergiants,48,46,2,104.35
JP Duminy,Royal Challengers Bengaluru,426,306,12,139.22
JP Duminy,Sunrisers Hyderabad,106,83,5,127.71
JP Faulkner,Chennai Super Kings,21,20,4,105.0
JP Faulkner,Delhi Daredevils,91,52,7,175.0
JP Faulkner,Kings XI Punjab,122,83,5,146.99
JP Faulkner,Kolkata Knight Riders,14,14,5,100.0
JP Faulkner,Mumbai Indians,99,85,6,116.47
JP Faulkner,Pune Warriors,25,20,3,125.0
JP Faulkner,Rajasthan Royals,11,9,1,122.22
JP Faulkner,Rising Pune Supergiants,15,12,2,125.0
JP Faulkner,Royal Challengers Bengaluru,53,34,5,155.88
JP Faulkner,Sunrisers Hyderabad,73,56,7,130.36
JP Inglis,Chennai Super Kings,123,70,3,175.71
JP Inglis,Delhi Capitals,32,12,1,266.67
JP Inglis,Kolkata Knight Riders,13,12,2,108.33
JP Inglis,Lucknow Super Giants,30,14,1,214.29
JP Inglis,Mumbai Indians,124,68,3,182.35
JP Inglis,Punjab Kings,72,44,1,163.64
JP Inglis,Rajasthan Royals,60,29,1,206.9
JP Inglis,Royal Challengers Bengaluru,86,64,4,134.38
JPR Scantlebury-Searles,Kings XI Punjab,6,1,1,600.0
JPR Scantlebury-Searles,Rajasthan Royals,2,5,1,40.0
JR Hazlewood,Chennai Super Kings,7,7,1,100.0
JR Hazlewood,Gujarat Titans,0,1,1,0.0
JR Hazlewood,Lucknow Super Giants,1,2,1,50.0
JR Hazlewood,Punjab Kings,7,5,2,140.0
JR Hazlewood,Rajasthan Royals,1,4,2,25.0
JR Hazlewood,Sunrisers Hyderabad,3,11,1,27.27
JR Hopes,Chennai Super Kings,95,51,4,186.27
JR Hopes,Deccan Chargers,34,24,2,141.67
JR Hopes,Delhi Daredevils,4,6,1,66.67
JR Hopes,Kings XI Punjab,7,7,1,100.0
JR Hopes,Kolkata Knight Riders,56,52,3,107.69
JR Hopes,Mumbai Indians,55,45,2,122.22
JR Hopes,Pune Warriors,13,4,1,325.0
JR Hopes,Rajasthan Royals,67,51,2,131.37
JR Hopes,Royal Challengers Bengaluru,86,65,3,132.31
JR Philippe,Delhi Capitals,12,17,1,70.59
JR Philippe,Kings XI Punjab,0,3,1,0.0
JR Philippe,Mumbai Indians,33,24,1,137.5
JR Philippe,Sunrisers Hyderabad,33,33,2,100.0
Jaskaran Singh,Kings XI Punjab,3,3,1,100.0
Jaskaran Singh,Kolkata Knight Riders,4,4,1,100.0
Jaskaran Singh,Mumbai Indians,1,4,2,25.0
Joginder Sharma,Deccan Chargers,16,10,1,160.0
Joginder Sharma,Delhi Daredevils,4,3,1,133.33
Joginder Sharma,Mumbai Indians,16,16,2,100.0
Joginder Sharma,Rajasthan Royals,0,1,1,0.0
K Goel,Chennai Super Kings,39,46,3,84.78
K Goel,Delhi Daredevils,39,24,2,162.5
K Goel,Kolkata Knight Riders,23,31,3,74.19
K Goel,Mumbai Indians,51,57,4,89.47
K Goel,Rajasthan Royals,27,25,2,108.0
K Goel,Royal Challengers Bengaluru,39,48,2,81.25
K Gowtham,Chennai Super Kings,41,28,5,146.43
K Gowtham,Delhi Capitals,32,21,3,152.38
K Gowtham,Delhi Daredevils,20,7,2,285.71
K Gowtham,Kings XI Punjab,16,13,3,123.08
K Gowtham,Kolkata Knight Riders,35,23,4,152.17
K Gowtham,Mumbai Indians,57,28,4,203.57
K Gowtham,Punjab Kings,1,2,1,50.0
K Gowtham,Rajasthan Royals,0,1,1,0.0
K Gowtham,Royal Challengers Bengaluru,37,18,2,205.56
K Gowtham,Sunrisers Hyderabad,8,7,2,114.29
K Kartikeya,Chennai Super Kings,1,1,1,100.0
K Kartikeya,Gujarat Titans,6,7,1,85.71
K Kartikeya,Kolkata Knight Riders,3,5,1,60.0
K Kartikeya,Mumbai Indians,2,4,1,50.0
K Rabada,Chennai Super Kings,27,23,3,117.39
K Rabada,Delhi Capitals,8,8,2,100.0
K Rabada,Gujarat Titans,2,2,2,100.0
K Rabada,Kings XI Punjab,11,21,2,52.38
K Rabada,Kolkata Knight Riders,34,26,3,130.77
K Rabada,Lucknow Super Giants,4,10,4,40.0
K Rabada,Mumbai Indians,107,96,8,111.46
K Rabada,Rajasthan Royals,34,23,3,147.83
K Rabada,Royal Challengers Bengaluru,12,9,3,133.33
K Rabada,Sunrisers Hyderabad,23,20,4,115.0
K Upadhyay,Kolkata Knight Riders,1,1,1,100.0
K Upadhyay,Royal Challengers Bengaluru,11,8,1,137.5
K Yadav,Mumbai Indians,0,4,1,0.0
KA Jamieson,Chennai Super Kings,16,13,1,123.08
KA Jamieson,Kolkata Knight Riders,15,16,2,93.75
KA Jamieson,Mumbai Indians,6,6,2,100.0
KA Jamieson,Punjab Kings,16,11,1,145.45
KA Jamieson,Royal Challengers Bengaluru,12,18,3,66.67
KA Jamieson,Sunrisers Hyderabad,12,9,1,133.33
KA Maharaj,Punjab Kings,1,2,1,50.0
KA Pollard,Chennai Super Kings,577,337,23,171.22
KA Pollard,Deccan Chargers,70,47,5,148.94
KA Pollard,Delhi Capitals,52,53,7,98.11
KA Pollard,Delhi Daredevils,310,212,17,146.23
KA Pollard,Gujarat Lions,74,51,4,145.1
KA Pollard,Gujarat Titans,4,14,1,28.57
KA Pollard,Kings XI Punjab,500,304,20,164.47
KA Pollard,Kolkata Knight Riders,307,248,20,123.79
KA Pollard,Lucknow Super Giants,44,34,2,129.41
KA Pollard,Pune Warriors,54,45,3,120.0
KA Pollard,Punjab Kings,41,30,3,136.67
KA Pollard,Rajasthan Royals,344,255,18,134.9
KA Pollard,Rising Pune Supergiants,51,47,5,108.51
KA Pollard,Royal Challengers Bengaluru,556,345,24,161.16
KA Pollard,Sunrisers Hyderabad,427,293,16,145.73
KAJ Roach,Mumbai Indians,10,9,1,111.11
KB Arun Karthik,Chennai Super Kings,5,5,1,100.0
KB Arun Karthik,Delhi Daredevils,5,5,1,100.0
KB Arun Karthik,Kings XI Punjab,6,6,1,100.0
KB Arun Karthik,Kolkata Knight Riders,1,2,1,50.0
KB Arun Karthik,Mumbai Indians,31,27,2,114.81
KB Arun Karthik,Rajasthan Royals,3,5,1,60.0
KB Arun Karthik,Sunrisers Hyderabad,0,1,1,0.0
KC Cariappa,Delhi Daredevils,1,2,1,50.0
KC Cariappa,Gujarat Lions,1,3,1,33.33
KC Cariappa,Royal Challengers Bengaluru,12,8,1,150.0
KC Cariappa,Sunrisers Hyderabad,10,8,2,125.0
KC Sangakkara,Chennai Super Kings,131,112,8,116.96
KC Sangakkara,Deccan Chargers,186,128,6,145.31
KC Sangakkara,Delhi Daredevils,239,223,11,107.17
KC Sangakkara,Kings XI Punjab,40,38,3,105.26
KC Sangakkara,Kochi Tuskers Kerala,65,45,1,144.44
KC Sangakkara,Kolkata Knight Riders,215,175,10,122.86
KC Sangakkara,Mumbai Indians,299,257,8,116.34
KC Sangakkara,Pune Warriors,140,115,5,121.74
KC Sangakkara,Rajasthan Royals,177,133,8,133.08
KC Sangakkara,Royal Challengers Bengaluru,188,159,8,118.24
KD Karthik,Chennai Super Kings,726,524,31,138.55
KD Karthik,Deccan Chargers,164,121,9,135.54
KD Karthik,Delhi Capitals,165,127,11,129.92
KD Karthik,Delhi Daredevils,377,259,12,145.56
KD Karthik,Gujarat Titans,25,18,4,138.89
KD Karthik,Kings XI Punjab,557,391,22,142.46
KD Karthik,Kochi Tuskers Kerala,69,33,1,209.09
KD Karthik,Kolkata Knight Riders,442,326,19,135.58
KD Karthik,Lucknow Super Giants,71,51,5,139.22
KD Karthik,Mumbai Indians,423,312,26,135.58
KD Karthik,Pune Warriors,138,141,6,97.87
KD Karthik,Punjab Kings,115,63,7,182.54
KD Karthik,Rajasthan Royals,637,480,29,132.71
KD Karthik,Rising Pune Supergiants,65,51,3,127.45
KD Karthik,Royal Challengers Bengaluru,427,373,24,114.48
KD Karthik,Sunrisers Hyderabad,423,300,24,141.0
KH Pandya,Chennai Super Kings,139,109,11,127.52
KH Pandya,Delhi Capitals,272,208,15,130.77
KH Pandya,Delhi Daredevils,154,83,5,185.54
KH Pandya,Gujarat Lions,53,34,3,155.88
KH Pandya,Gujarat Titans,122,93,10,131.18
KH Pandya,Kings XI Punjab,127,84,6,151.19
KH Pandya,Kolkata Knight Riders,182,143,14,127.27
KH Pandya,Lucknow Super Giants,28,16,1,175.0
KH Pandya,Mumbai Indians,145,110,7,131.82
KH Pandya,Punjab Kings,81,58,7,139.66
KH Pandya,Rajasthan Royals,136,124,12,109.68
KH Pandya,Rising Pune Supergiants,65,54,3,120.37
KH Pandya,Royal Challengers Bengaluru,163,155,13,105.16
KH Pandya,Sunrisers Hyderabad,302,206,16,146.6
KJ Abbott,Kolkata Knight Riders,12,6,1,200.0
KJ Abbott,Rising Pune Supergiants,1,1,1,100.0
KJ Abbott,Royal Challengers Bengaluru,0,1,1,0.0
KK Ahmed,Chennai Super Kings,0,1,1,0.0
KK Ahmed,Delhi Capitals,0,1,1,0.0
KK Ahmed,Gujarat Titans,0,1,1,0.0
KK Ahmed,Kings XI Punjab,0,2,1,0.0
KK Ahmed,Mumbai Indians,1,2,1,50.0
KK Ahmed,Sunrisers Hyderabad,1,2,1,50.0
KK Cooper,Delhi Daredevils,34,18,2,188.89
KK Cooper,Kings XI Punjab,13,5,2,260.0
KK Cooper,Kolkata Knight Riders,4,6,2,66.67
KK Cooper,Mumbai Indians,30,20,4,150.0
KK Cooper,Royal Challengers Bengaluru,8,6,1,133.33
KK Cooper,Sunrisers Hyderabad,26,12,1,216.67
KK Nair,Chennai Super Kings,115,80,6,143.75
KK Nair,Delhi Capitals,1,3,1,33.33
KK Nair,Delhi Daredevils,257,179,6,143.58
KK Nair,Gujarat Lions,51,33,3,154.55
KK Nair,Gujarat Titans,31,18,1,172.22
KK Nair,Kings XI Punjab,78,68,6,114.71
KK Nair,Kolkata Knight Riders,202,189,11,106.88
KK Nair,Lucknow Super Giants,15,9,1,166.67
KK Nair,Mumbai Indians,261,164,12,159.15
KK Nair,Punjab Kings,44,27,1,162.96
KK Nair,Rajasthan Royals,34,31,3,109.68
KK Nair,Rising Pune Supergiants,133,110,3,120.91
KK Nair,Royal Challengers Bengaluru,240,200,13,120.0
KK Nair,Sunrisers Hyderabad,245,191,11,128.27
KL Nagarkoti,Chennai Super Kings,0,4,2,0.0
KL Nagarkoti,Delhi Capitals,3,3,1,100.0
KL Nagarkoti,Kings XI Punjab,6,13,1,46.15
KL Nagarkoti,Rajasthan Royals,9,6,2,150.0
KL Nagarkoti,Royal Challengers Bengaluru,4,7,1,57.14
KL Rahul,Chennai Super Kings,660,464,17,142.24
KL Rahul,Delhi Capitals,279,214,10,130.37
KL Rahul,Delhi Daredevils,148,87,5,170.11
KL Rahul,Gujarat Lions,51,36,2,141.67
KL Rahul,Gujarat Titans,341,240,7,142.08
KL Rahul,Kings XI Punjab,110,72,5,152.78
KL Rahul,Kolkata Knight Riders,604,421,17,143.47
KL Rahul,Lucknow Super Giants,57,43,2,132.56
KL Rahul,Mumbai Indians,981,727,21,134.94
KL Rahul,Punjab Kings,302,180,7,167.78
KL Rahul,Rajasthan Royals,883,652,19,135.43
KL Rahul,Rising Pune Supergiants,45,45,2,100.0
KL Rahul,Royal Challengers Bengaluru,839,577,19,145.41
KL Rahul,Sunrisers Hyderabad,518,418,16,123.92
KM Asif,Royal Challengers Bengaluru,0,2,1,0.0
KM Jadhav,Chennai Super Kings,96,76,7,126.32
KM Jadhav,Deccan Chargers,0,2,1,0.0
KM Jadhav,Delhi Capitals,65,71,4,91.55
KM Jadhav,Delhi Daredevils,90,57,3,157.89
KM Jadhav,Gujarat Lions,69,34,2,202.94
KM Jadhav,Kings XI Punjab,10,23,7,43.48
KM Jadhav,Kolkata Knight Riders,120,96,11,125.0
KM Jadhav,Mumbai Indians,173,157,11,110.19
KM Jadhav,Pune Warriors,25,19,1,131.58
KM Jadhav,Punjab Kings,12,12,1,100.0
KM Jadhav,Rajasthan Royals,133,113,11,117.7
KM Jadhav,Rising Pune Supergiants,25,34,2,73.53
KM Jadhav,Royal Challengers Bengaluru,183,138,9,132.61
KM Jadhav,Sunrisers Hyderabad,190,137,11,138.69
KMA Paul,Chennai Super Kings,3,11,2,27.27
KMA Paul,Mumbai Indians,3,5,1,60.0
KMA Paul,Sunrisers Hyderabad,12,8,2,150.0
KMDN Kulasekara,Kings XI Punjab,5,3,1,166.67
KP Appanna,Deccan Chargers,1,1,1,100.0
KP Appanna,Delhi Daredevils,1,2,1,50.0
KP Appanna,Kings XI Punjab,0,1,1,0.0
KP Pietersen,Chennai Super Kings,66,42,4,157.14
KP Pietersen,Deccan Chargers,143,100,3,143.0
KP Pietersen,Delhi Daredevils,52,43,2,120.93
KP Pietersen,Gujarat Lions,37,31,1,119.35
KP Pietersen,Kings XI Punjab,188,134,5,140.3
KP Pietersen,Kolkata Knight Riders,19,24,2,79.17
KP Pietersen,Mumbai Indians,190,127,7,149.61
KP Pietersen,Pune Warriors,59,44,2,134.09
KP Pietersen,Rajasthan Royals,162,131,6,123.66
KP Pietersen,Royal Challengers Bengaluru,33,30,2,110.0
KP Pietersen,Sunrisers Hyderabad,51,36,2,141.67
KR Mayers,Chennai Super Kings,67,37,2,181.08
KR Mayers,Delhi Capitals,73,38,1,192.11
KR Mayers,Gujarat Titans,72,51,2,141.18
KR Mayers,Mumbai Indians,18,13,1,138.46
KR Mayers,Punjab Kings,77,45,2,171.11
KR Mayers,Rajasthan Royals,51,41,1,124.39
KR Mayers,Royal Challengers Bengaluru,0,5,2,0.0
KR Mayers,Sunrisers Hyderabad,15,28,2,53.57
KR Sen,Gujarat Titans,0,3,1,0.0
KS Bharat,Chennai Super Kings,8,5,1,160.0
KS Bharat,Delhi Capitals,78,52,1,150.0
KS Bharat,Kolkata Knight Riders,24,33,2,72.73
KS Bharat,Mumbai Indians,32,24,1,133.33
KS Bharat,Rajasthan Royals,44,37,2,118.92
KS Bharat,Sunrisers Hyderabad,12,10,1,120.0
KS Rathore,Kolkata Knight Riders,0,5,1,0.0
KS Sharma,Chennai Super Kings,9,16,1,56.25
KS Sharma,Gujarat Titans,4,4,1,100.0
KS Sharma,Kolkata Knight Riders,3,5,1,60.0
KS Williamson,Chennai Super Kings,417,314,12,132.8
KS Williamson,Delhi Capitals,241,206,8,116.99
KS Williamson,Delhi Daredevils,255,181,5,140.88
KS Williamson,Gujarat Lions,6,9,1,66.67
KS Williamson,Gujarat Titans,62,54,2,114.81
KS Williamson,Kings XI Punjab,142,88,5,161.36
KS Williamson,Kolkata Knight Riders,249,206,11,120.87
KS Williamson,Lucknow Super Giants,17,21,2,80.95
KS Williamson,Mumbai Indians,51,49,6,104.08
KS Williamson,Punjab Kings,46,56,4,82.14
KS Williamson,Rajasthan Royals,220,182,8,120.88
KS Williamson,Rising Pune Supergiants,57,53,3,107.55
KS Williamson,Royal Challengers Bengaluru,365,273,9,133.7
KT Maphaka,Punjab Kings,8,2,1,400.0
KV Sharma,Chennai Super Kings,64,48,4,133.33
KV Sharma,Deccan Chargers,1,3,1,33.33
KV Sharma,Delhi Capitals,6,4,1,150.0
KV Sharma,Delhi Daredevils,35,23,2,152.17
KV Sharma,Gujarat Titans,1,1,1,100.0
KV Sharma,Kings XI Punjab,64,41,6,156.1
KV Sharma,Kolkata Knight Riders,77,58,8,132.76
KV Sharma,Lucknow Super Giants,2,2,1,100.0
KV Sharma,Mumbai Indians,17,26,2,65.38
KV Sharma,Pune Warriors,7,13,1,53.85
KV Sharma,Rajasthan Royals,21,23,6,91.3
KV Sharma,Rising Pune Supergiants,16,22,3,72.73
KV Sharma,Royal Challengers Bengaluru,36,26,3,138.46
KV Sharma,Sunrisers Hyderabad,5,5,1,100.0
KW Richardson,Chennai Super Kings,26,20,1,130.0
KW Richardson,Mumbai Indians,9,17,2,52.94
KW Richardson,Sunrisers Hyderabad,1,2,1,50.0
Kamran Akmal,Chennai Super Kings,59,35,2,168.57
Kamran Akmal,Deccan Chargers,12,9,1,133.33
Kamran Akmal,Kings XI Punjab,35,17,2,205.88
Kamran Akmal,Mumbai Indians,18,16,1,112.5
Kamran Khan,Royal Challengers Bengaluru,3,5,1,60.0
Karanveer Singh,Chennai Super Kings,2,5,1,40.0
Karanveer Singh,Kolkata Knight Riders,1,1,1,100.0
Karanveer Singh,Rajasthan Royals,5,4,1,125.0
Karanveer Singh,Royal Challengers Bengaluru,4,7,1,57.14
Kartik Sharma,Delhi Capitals,41,31,1,132.26
Kartik Sharma,Gujarat Titans,34,24,2,141.67
Kartik Sharma,Lucknow Super Giants,91,62,2,146.77
Kartik Sharma,Mumbai Indians,72,59,2,122.03
Kartik Sharma,Punjab Kings,1,3,1,33.33
Kartik Sharma,Rajasthan Royals,18,15,1,120.0
Kartik Sharma,Royal Challengers Bengaluru,6,3,1,200.0
Kartik Sharma,Sunrisers Hyderabad,32,19,1,168.42
Kartik Tyagi,Delhi Capitals,9,9,3,100.0
Kartik Tyagi,Gujarat Titans,6,4,1,150.0
Kartik Tyagi,Kolkata Knight Riders,2,3,1,66.67
Kartik Tyagi,Punjab Kings,1,3,1,33.33
Kartik Tyagi,Royal Challengers Bengaluru,1,2,2,50.0
Kartik Tyagi,Sunrisers Hyderabad,5,5,1,100.0
Krish Bhagat,Chennai Super Kings,10,21,2,47.62
Kuldeep Yadav,Chennai Super Kings,9,27,5,33.33
Kuldeep Yadav,Delhi Capitals,12,7,2,171.43
Kuldeep Yadav,Delhi Daredevils,7,6,1,116.67
Kuldeep Yadav,Gujarat Titans,20,18,5,111.11
Kuldeep Yadav,Kolkata Knight Riders,36,27,2,133.33
Kuldeep Yadav,Lucknow Super Giants,27,23,3,117.39
Kuldeep Yadav,Mumbai Indians,31,43,7,72.09
Kuldeep Yadav,Punjab Kings,13,21,3,61.9
Kuldeep Yadav,Rajasthan Royals,8,12,3,66.67
Kuldeep Yadav,Royal Challengers Bengaluru,42,60,6,70.0
Kuldeep Yadav,Sunrisers Hyderabad,5,9,4,55.56
Kumar Kushagra,Kolkata Knight Riders,1,3,1,33.33
Kumar Kushagra,Mumbai Indians,0,1,1,0.0
Kumar Kushagra,Rajasthan Royals,18,14,1,128.57
Kumar Kushagra,Royal Challengers Bengaluru,2,3,1,66.67
L Ablish,Royal Challengers Bengaluru,0,2,1,0.0
L Balaji,Chennai Super Kings,9,7,1,128.57
L Balaji,Deccan Chargers,15,10,1,150.0
L Balaji,Delhi Daredevils,8,12,3,66.67
L Balaji,Kings XI Punjab,2,6,1,33.33
L Balaji,Kochi Tuskers Kerala,1,1,1,100.0
L Balaji,Kolkata Knight Riders,0,2,1,0.0
L Balaji,Mumbai Indians,0,3,1,0.0
L Balaji,Royal Challengers Bengaluru,1,8,4,12.5
L Ngidi,Chennai Super Kings,3,4,1,75.0
L Ngidi,Kolkata Knight Riders,1,1,1,100.0
L Ngidi,Sunrisers Hyderabad,0,3,2,0.0
L Ronchi,Chennai Super Kings,2,3,1,66.67
L Ronchi,Deccan Chargers,13,11,1,118.18
L Ronchi,Delhi Daredevils,0,2,1,0.0
L Ronchi,Kings XI Punjab,11,8,1,137.5
L Ronchi,Royal Challengers Bengaluru,8,10,1,80.0
L Wood,Delhi Capitals,9,3,1,300.0
LA Carseldine,Chennai Super Kings,9,8,1,112.5
LA Carseldine,Deccan Chargers,47,42,2,111.9
LA Carseldine,Kings XI Punjab,15,8,1,187.5
LA Carseldine,Royal Challengers Bengaluru,9,8,1,112.5
LA Pomersbach,Chennai Super Kings,64,62,4,103.23
LA Pomersbach,Deccan Chargers,14,14,2,100.0
LA Pomersbach,Delhi Daredevils,51,27,3,188.89
LA Pomersbach,Kolkata Knight Riders,16,14,1,114.29
LA Pomersbach,Mumbai Indians,88,61,3,144.26
LA Pomersbach,Rajasthan Royals,1,1,1,100.0
LA Pomersbach,Royal Challengers Bengaluru,34,24,1,141.67
LA Pomersbach,Sunrisers Hyderabad,33,40,1,82.5
LB Williams,Kolkata Knight Riders,1,2,1,50.0
LE Plunkett,Kings XI Punjab,0,1,1,0.0
LE Plunkett,Rajasthan Royals,1,2,1,50.0
LG Pretorius,Lucknow Super Giants,7,6,1,116.67
LG Pretorius,Sunrisers Hyderabad,0,2,1,0.0
LH Ferguson,Chennai Super Kings,14,10,1,140.0
LH Ferguson,Gujarat Lions,1,1,1,100.0
LH Ferguson,Kings XI Punjab,24,13,1,184.62
LH Ferguson,Kolkata Knight Riders,1,2,2,50.0
LH Ferguson,Punjab Kings,5,3,1,166.67
LH Ferguson,Rajasthan Royals,4,1,1,400.0
LH Ferguson,Royal Challengers Bengaluru,19,16,1,118.75
LJ Wright,Chennai Super Kings,2,6,1,33.33
LJ Wright,Delhi Daredevils,59,40,2,147.5
LJ Wright,Kings XI Punjab,34,10,1,340.0
LJ Wright,Royal Challengers Bengaluru,7,3,1,233.33
LMP Simmons,Chennai Super Kings,281,220,6,127.73
LMP Simmons,Delhi Daredevils,116,83,4,139.76
LMP Simmons,Kings XI Punjab,230,149,3,154.36
LMP Simmons,Kolkata Knight Riders,29,40,4,72.5
LMP Simmons,Rajasthan Royals,112,89,3,125.84
LMP Simmons,Rising Pune Supergiants,16,29,3,55.17
LMP Simmons,Royal Challengers Bengaluru,127,97,2,130.93
LMP Simmons,Sunrisers Hyderabad,168,141,4,119.15
LPC Silva,Kings XI Punjab,23,10,1,230.0
LPC Silva,Mumbai Indians,17,14,1,121.43
LPC Silva,Royal Challengers Bengaluru,0,2,1,0.0
LR Shukla,Chennai Super Kings,118,97,9,121.65
LR Shukla,Deccan Chargers,26,15,3,173.33
LR Shukla,Delhi Daredevils,60,36,3,166.67
LR Shukla,Kings XI Punjab,12,14,2,85.71
LR Shukla,Kolkata Knight Riders,10,14,1,71.43
LR Shukla,Mumbai Indians,52,43,4,120.93
LR Shukla,Pune Warriors,0,1,1,0.0
LR Shukla,Rajasthan Royals,88,88,6,100.0
LR Shukla,Royal Challengers Bengaluru,18,20,3,90.0
LR Shukla,Sunrisers Hyderabad,21,22,1,95.45
LRPL Taylor,Chennai Super Kings,174,153,9,113.73
LRPL Taylor,Deccan Chargers,64,55,6,116.36
LRPL Taylor,Delhi Daredevils,125,80,5,156.25
LRPL Taylor,Kings XI Punjab,50,48,4,104.17
LRPL Taylor,Kochi Tuskers Kerala,2,1,1,200.0
LRPL Taylor,Kolkata Knight Riders,169,117,7,144.44
LRPL Taylor,Mumbai Indians,122,109,8,111.93
LRPL Taylor,Pune Warriors,68,61,3,111.48
LRPL Taylor,Rajasthan Royals,106,97,7,109.28
LRPL Taylor,Royal Challengers Bengaluru,111,78,3,142.31
LRPL Taylor,Sunrisers Hyderabad,19,19,1,100.0
LS Livingstone,Chennai Super Kings,130,77,5,168.83
LS Livingstone,Delhi Capitals,150,102,8,147.06
LS Livingstone,Gujarat Titans,154,86,4,179.07
LS Livingstone,Kolkata Knight Riders,51,34,4,150.0
LS Livingstone,Lucknow Super Giants,83,68,5,122.06
LS Livingstone,Mumbai Indians,95,61,6,155.74
LS Livingstone,Punjab Kings,54,38,3,142.11
LS Livingstone,Rajasthan Royals,51,40,3,127.5
LS Livingstone,Royal Challengers Bengaluru,125,87,7,143.68
LS Livingstone,Sunrisers Hyderabad,157,87,4,180.46
Lalit Yadav,Chennai Super Kings,18,17,2,105.88
Lalit Yadav,Gujarat Titans,25,22,1,113.64
Lalit Yadav,Kolkata Knight Riders,21,42,4,50.0
Lalit Yadav,Lucknow Super Giants,3,4,1,75.0
Lalit Yadav,Mumbai Indians,74,69,4,107.25
Lalit Yadav,Punjab Kings,32,25,2,128.0
Lalit Yadav,Rajasthan Royals,109,87,4,125.29
Lalit Yadav,Royal Challengers Bengaluru,5,11,2,45.45
Lalit Yadav,Sunrisers Hyderabad,7,8,1,87.5
Liton Das,Delhi Capitals,4,4,1,100.0
M Ashwin,Chennai Super Kings,7,16,2,43.75
M Ashwin,Delhi Capitals,1,2,1,50.0
M Ashwin,Kolkata Knight Riders,0,2,1,0.0
M Ashwin,Lucknow Super Giants,6,2,1,300.0
M Ashwin,Punjab Kings,0,2,1,0.0
M Ashwin,Rajasthan Royals,6,8,1,75.0
M Ashwin,Royal Challengers Bengaluru,1,3,2,33.33
M Ashwin,Sunrisers Hyderabad,14,15,3,93.33
M Jansen,Chennai Super Kings,55,43,3,127.91
M Jansen,Delhi Capitals,2,5,2,40.0
M Jansen,Gujarat Titans,40,32,4,125.0
M Jansen,Kolkata Knight Riders,7,17,6,41.18
M Jansen,Lucknow Super Giants,1,1,1,100.0
M Jansen,Mumbai Indians,32,25,3,128.0
M Jansen,Rajasthan Royals,6,8,2,75.0
M Jansen,Royal Challengers Bengaluru,25,22,2,113.64
M Jansen,Sunrisers Hyderabad,24,21,2,114.29
M Kaif,Chennai Super Kings,36,32,3,112.5
M Kaif,Deccan Chargers,51,30,2,170.0
M Kaif,Delhi Daredevils,28,41,4,68.29
M Kaif,Kings XI Punjab,24,27,4,88.89
M Kaif,Kolkata Knight Riders,70,62,3,112.9
M Kaif,Mumbai Indians,16,22,2,72.73
M Kaif,Pune Warriors,8,5,1,160.0
M Kaif,Rajasthan Royals,22,24,2,91.67
M Kaif,Royal Challengers Bengaluru,4,6,1,66.67
M Kartik,Chennai Super Kings,29,28,4,103.57
M Kartik,Deccan Chargers,10,10,1,100.0
M Kartik,Delhi Daredevils,12,12,2,100.0
M Kartik,Kolkata Knight Riders,0,1,1,0.0
M Kartik,Mumbai Indians,34,32,3,106.25
M Kartik,Rajasthan Royals,8,9,1,88.89
M Kartik,Royal Challengers Bengaluru,17,13,1,130.77
M Kartik,Sunrisers Hyderabad,2,2,1,100.0
M Klinger,Delhi Daredevils,20,25,2,80.0
M Klinger,Kolkata Knight Riders,28,25,1,112.0
M Klinger,Royal Challengers Bengaluru,24,25,1,96.0
M Manhas,Chennai Super Kings,77,85,5,90.59
M Manhas,Deccan Chargers,63,51,6,123.53
M Manhas,Delhi Daredevils,35,27,3,129.63
M Manhas,Kings XI Punjab,157,140,6,112.14
M Manhas,Kochi Tuskers Kerala,12,19,1,63.16
M Manhas,Kolkata Knight Riders,1,3,1,33.33
M Manhas,Mumbai Indians,44,40,5,110.0
M Manhas,Rajasthan Royals,79,64,5,123.44
M Manhas,Royal Challengers Bengaluru,43,37,5,116.22
M Manhas,Sunrisers Hyderabad,3,4,1,75.0
M Markande,Delhi Daredevils,7,13,2,53.85
M Markande,Gujarat Titans,18,9,1,200.0
M Markande,Kings XI Punjab,7,5,1,140.0
M Markande,Kolkata Knight Riders,1,2,1,50.0
M Markande,Mumbai Indians,2,2,1,100.0
M Markande,Rajasthan Royals,0,1,1,0.0
M Markande,Royal Challengers Bengaluru,6,5,1,120.0
M Markande,Sunrisers Hyderabad,7,5,2,140.0
M Morkel,Chennai Super Kings,2,4,1,50.0
M Morkel,Deccan Chargers,23,18,3,127.78
M Morkel,Gujarat Lions,1,1,1,100.0
M Morkel,Kings XI Punjab,33,13,3,253.85
M Morkel,Kolkata Knight Riders,6,6,2,100.0
M Morkel,Mumbai Indians,29,19,3,152.63
M Morkel,Pune Warriors,1,2,2,50.0
M Morkel,Rajasthan Royals,4,3,1,133.33
M Morkel,Royal Challengers Bengaluru,23,22,3,104.55
M Morkel,Sunrisers Hyderabad,0,1,1,0.0
M Muralitharan,Deccan Chargers,1,3,2,33.33
M Muralitharan,Delhi Daredevils,3,5,2,60.0
M Muralitharan,Kings XI Punjab,1,1,1,100.0
M Muralitharan,Rajasthan Royals,11,18,3,61.11
M Muralitharan,Royal Challengers Bengaluru,4,2,1,200.0
M Ntini,Rajasthan Royals,11,12,1,91.67
M Ntini,Royal Challengers Bengaluru,0,6,1,0.0
M Prasidh Krishna,Chennai Super Kings,0,3,2,0.0
M Prasidh Krishna,Gujarat Titans,4,7,1,57.14
M Prasidh Krishna,Kings XI Punjab,0,1,1,0.0
M Prasidh Krishna,Mumbai Indians,1,5,1,20.0
M Prasidh Krishna,Royal Challengers Bengaluru,10,15,3,66.67
M Rawat,Chennai Super Kings,8,6,1,133.33
M Rawat,Delhi Daredevils,9,12,3,75.0
M Rawat,Kings XI Punjab,27,25,2,108.0
M Rawat,Kolkata Knight Riders,6,12,2,50.0
M Rawat,Mumbai Indians,1,5,1,20.0
M Rawat,Royal Challengers Bengaluru,4,9,2,44.44
M Shahrukh Khan,Chennai Super Kings,84,78,6,107.69
M Shahrukh Khan,Delhi Capitals,47,43,7,109.3
M Shahrukh Khan,Gujarat Titans,37,17,2,217.65
M Shahrukh Khan,Kolkata Knight Riders,81,50,7,162.0
M Shahrukh Khan,Lucknow Super Giants,97,54,4,179.63
M Shahrukh Khan,Mumbai Indians,60,39,5,153.85
M Shahrukh Khan,Punjab Kings,18,11,3,163.64
M Shahrukh Khan,Rajasthan Royals,124,71,7,174.65
M Shahrukh Khan,Royal Challengers Bengaluru,150,101,7,148.51
M Shahrukh Khan,Sunrisers Hyderabad,77,60,5,128.33
M Theekshana,Chennai Super Kings,2,4,1,50.0
M Theekshana,Gujarat Titans,5,13,1,38.46
M Theekshana,Kolkata Knight Riders,1,1,1,100.0
M Theekshana,Mumbai Indians,2,12,2,16.67
M Theekshana,Royal Challengers Bengaluru,7,4,1,175.0
M Tiwari,Mumbai Indians,3,4,1,75.0
M Tiwari,Punjab Kings,18,8,1,225.0
M Vijay,Chennai Super Kings,80,74,3,108.11
M Vijay,Deccan Chargers,91,92,7,98.91
M Vijay,Delhi Capitals,10,15,1,66.67
M Vijay,Delhi Daredevils,335,236,11,141.95
M Vijay,Gujarat Lions,97,75,2,129.33
M Vijay,Kings XI Punjab,164,139,7,117.99
M Vijay,Kochi Tuskers Kerala,44,29,2,151.72
M Vijay,Kolkata Knight Riders,256,224,13,114.29
M Vijay,Mumbai Indians,412,391,19,105.37
M Vijay,Pune Warriors,94,93,4,101.08
M Vijay,Rajasthan Royals,387,284,12,136.27
M Vijay,Rising Pune Supergiants,112,90,2,124.44
M Vijay,Royal Challengers Bengaluru,394,275,15,143.27
M Vijay,Sunrisers Hyderabad,143,131,7,109.16
M Vohra,Chennai Super Kings,78,71,5,109.86
M Vohra,Delhi Capitals,9,11,1,81.82
M Vohra,Delhi Daredevils,135,110,7,122.73
M Vohra,Gujarat Lions,40,27,2,148.15
M Vohra,Kolkata Knight Riders,241,194,10,124.23
M Vohra,Mumbai Indians,109,86,5,126.74
M Vohra,Pune Warriors,65,41,2,158.54
M Vohra,Punjab Kings,12,8,1,150.0
M Vohra,Rajasthan Royals,28,26,2,107.69
M Vohra,Rising Pune Supergiants,65,42,2,154.76
M Vohra,Royal Challengers Bengaluru,98,78,6,125.64
M Vohra,Sunrisers Hyderabad,203,134,8,151.49
M de Lange,Delhi Daredevils,1,2,1,50.0
MA Agarwal,Chennai Super Kings,262,219,17,119.63
MA Agarwal,Deccan Chargers,33,20,3,165.0
MA Agarwal,Delhi Capitals,344,241,10,142.74
MA Agarwal,Delhi Daredevils,64,54,4,118.52
MA Agarwal,Gujarat Titans,21,26,2,80.77
MA Agarwal,Kings XI Punjab,136,110,7,123.64
MA Agarwal,Kochi Tuskers Kerala,31,22,1,140.91
MA Agarwal,Kolkata Knight Riders,336,271,17,123.99
MA Agarwal,Lucknow Super Giants,74,47,3,157.45
MA Agarwal,Mumbai Indians,439,295,18,148.81
MA Agarwal,Pune Warriors,9,9,1,100.0
MA Agarwal,Punjab Kings,64,51,3,125.49
MA Agarwal,Rajasthan Royals,392,253,13,154.94
MA Agarwal,Royal Challengers Bengaluru,309,242,12,127.69
MA Agarwal,Sunrisers Hyderabad,232,194,14,119.59
MA Khote,Chennai Super Kings,9,5,1,180.0
MA Khote,Deccan Chargers,7,10,1,70.0
MA Khote,Kings XI Punjab,8,7,1,114.29
MA Starc,Chennai Super Kings,13,19,5,68.42
MA Starc,Delhi Capitals,1,1,1,100.0
MA Starc,Gujarat Titans,2,2,1,100.0
MA Starc,Kings XI Punjab,37,40,2,92.5
MA Starc,Kolkata Knight Riders,12,11,3,109.09
MA Starc,Lucknow Super Giants,2,5,1,40.0
MA Starc,Mumbai Indians,8,9,4,88.89
MA Starc,Rajasthan Royals,18,16,1,112.5
MA Starc,Sunrisers Hyderabad,18,18,4,100.0
MA Wood,Chennai Super Kings,10,3,1,333.33
MA Wood,Mumbai Indians,1,3,1,33.33
MA Wood,Royal Challengers Bengaluru,1,2,1,50.0
MC Henriques,Chennai Super Kings,34,15,3,226.67
MC Henriques,Deccan Chargers,17,13,2,130.77
MC Henriques,Delhi Daredevils,187,138,8,135.51
MC Henriques,Gujarat Lions,81,63,4,128.57
MC Henriques,Kings XI Punjab,95,91,8,104.4
MC Henriques,Kolkata Knight Riders,122,102,8,119.61
MC Henriques,Mumbai Indians,76,77,4,98.7
MC Henriques,Pune Warriors,27,13,1,207.69
MC Henriques,Rajasthan Royals,51,52,3,98.08
MC Henriques,Rising Pune Supergiants,70,46,4,152.17
MC Henriques,Royal Challengers Bengaluru,171,109,6,156.88
MC Henriques,Sunrisers Hyderabad,65,66,3,98.48
MC Juneja,Chennai Super Kings,2,3,1,66.67
MC Juneja,Kings XI Punjab,14,20,1,70.0
MC Juneja,Kolkata Knight Riders,8,9,1,88.89
MC Juneja,Mumbai Indians,49,40,1,122.5
MC Juneja,Rajasthan Royals,20,18,1,111.11
MC Juneja,Royal Challengers Bengaluru,17,16,1,106.25
MC Juneja,Sunrisers Hyderabad,15,22,1,68.18
MD Choudhary,Chennai Super Kings,13,10,1,130.0
MD Choudhary,Delhi Capitals,14,11,1,127.27
MD Choudhary,Gujarat Titans,18,14,1,128.57
MD Choudhary,Kolkata Knight Riders,55,29,2,189.66
MD Choudhary,Punjab Kings,22,20,2,110.0
MD Choudhary,Rajasthan Royals,7,3,1,233.33
MD Choudhary,Royal Challengers Bengaluru,39,28,1,139.29
MD Choudhary,Sunrisers Hyderabad,2,5,1,40.0
MD Mishra,Chennai Super Kings,34,41,4,82.93
MD Mishra,Delhi Daredevils,32,33,3,96.97
MD Mishra,Kings XI Punjab,20,21,1,95.24
MD Mishra,Kochi Tuskers Kerala,37,21,1,176.19
MD Mishra,Kolkata Knight Riders,29,16,1,181.25
MD Mishra,Mumbai Indians,29,28,3,103.57
MD Mishra,Royal Challengers Bengaluru,54,46,4,117.39
MD Shanaka,Chennai Super Kings,17,16,1,106.25
MD Shanaka,Delhi Capitals,10,8,1,125.0
MD Shanaka,Gujarat Titans,19,20,2,95.0
MD Shanaka,Mumbai Indians,29,15,1,193.33
MD Shanaka,Royal Challengers Bengaluru,0,3,1,0.0
MD Shanaka,Sunrisers Hyderabad,14,10,2,140.0
MDKJ Perera,Delhi Daredevils,14,12,1,116.67
MDKJ Perera,Pune Warriors,0,1,1,0.0
MEK Hussey,Chennai Super Kings,40,40,2,100.0
MEK Hussey,Deccan Chargers,54,52,2,103.85
MEK Hussey,Delhi Daredevils,235,203,8,115.76
MEK Hussey,Kings XI Punjab,251,164,6,153.05
MEK Hussey,Kochi Tuskers Kerala,40,47,2,85.11
MEK Hussey,Kolkata Knight Riders,281,250,7,112.4
MEK Hussey,Mumbai Indians,258,225,10,114.67
MEK Hussey,Pune Warriors,75,73,3,102.74
MEK Hussey,Rajasthan Royals,350,258,7,135.66
MEK Hussey,Royal Challengers Bengaluru,281,231,9,121.65
MEK Hussey,Sunrisers Hyderabad,111,67,2,165.67
MF Maharoof,Deccan Chargers,19,11,1,172.73
MF Maharoof,Kings XI Punjab,22,23,5,95.65
MF Maharoof,Kolkata Knight Riders,12,15,2,80.0
MF Maharoof,Mumbai Indians,48,31,2,154.84
MF Maharoof,Rajasthan Royals,45,22,2,204.55
MF Maharoof,Royal Challengers Bengaluru,31,21,2,147.62
MG Bracewell,Gujarat Titans,26,16,1,162.5
MG Bracewell,Kolkata Knight Riders,19,18,1,105.56
MG Bracewell,Rajasthan Royals,9,9,1,100.0
MG Bracewell,Sunrisers Hyderabad,4,4,1,100.0
MG Johnson,Chennai Super Kings,20,18,5,111.11
MG Johnson,Delhi Daredevils,23,21,3,109.52
MG Johnson,Kolkata Knight Riders,35,32,5,109.38
MG Johnson,Mumbai Indians,12,14,4,85.71
MG Johnson,Rajasthan Royals,26,27,4,96.3
MG Johnson,Rising Pune Supergiants,13,14,1,92.86
MG Johnson,Royal Challengers Bengaluru,26,21,3,123.81
MG Johnson,Sunrisers Hyderabad,11,16,3,68.75
MJ Clarke,Deccan Chargers,41,31,1,132.26
MJ Clarke,Kolkata Knight Riders,14,20,2,70.0
MJ Clarke,Mumbai Indians,14,15,1,93.33
MJ Clarke,Rajasthan Royals,16,18,1,88.89
MJ Clarke,Royal Challengers Bengaluru,13,10,1,130.0
MJ Guptill,Delhi Capitals,36,19,1,189.47
MJ Guptill,Delhi Daredevils,98,69,2,142.03
MJ Guptill,Gujarat Lions,9,14,2,64.29
MJ Guptill,Kolkata Knight Riders,12,16,1,75.0
MJ Guptill,Mumbai Indians,46,29,2,158.62
MJ Guptill,Rising Pune Supergiants,0,1,1,0.0
MJ Guptill,Royal Challengers Bengaluru,39,33,2,118.18
MJ Guptill,Sunrisers Hyderabad,25,15,2,166.67
MJ Henry,Rajasthan Royals,5,7,1,71.43
MJ Henry,Royal Challengers Bengaluru,2,3,1,66.67
MJ Lumb,Chennai Super Kings,67,42,2,159.52
MJ Lumb,Deccan Chargers,60,42,2,142.86
MJ Lumb,Delhi Daredevils,0,2,1,0.0
MJ Lumb,Kings XI Punjab,124,71,2,174.65
MJ Lumb,Kolkata Knight Riders,0,1,1,0.0
MJ Lumb,Mumbai Indians,8,8,2,100.0
MJ Lumb,Royal Challengers Bengaluru,19,25,2,76.0
MJ McClenaghan,Chennai Super Kings,0,2,1,0.0
MJ McClenaghan,Delhi Capitals,10,8,1,125.0
MJ McClenaghan,Delhi Daredevils,1,2,2,50.0
MJ McClenaghan,Gujarat Lions,1,1,1,100.0
MJ McClenaghan,Kings XI Punjab,14,12,3,116.67
MJ McClenaghan,Kolkata Knight Riders,20,8,1,250.0
MJ McClenaghan,Rajasthan Royals,0,1,1,0.0
MJ McClenaghan,Rising Pune Supergiants,14,13,2,107.69
MJ McClenaghan,Royal Challengers Bengaluru,13,9,3,144.44
MJ McClenaghan,Sunrisers Hyderabad,11,13,4,84.62
MJ Owen,Rajasthan Royals,0,2,1,0.0
MJ Santner,Chennai Super Kings,11,13,1,84.62
MJ Santner,Delhi Capitals,18,13,1,138.46
MJ Santner,Gujarat Titans,20,17,5,117.65
MJ Santner,Lucknow Super Giants,3,3,2,100.0
MJ Santner,Mumbai Indians,32,28,2,114.29
MJ Santner,Punjab Kings,21,28,4,75.0
MJ Santner,Rajasthan Royals,11,5,2,220.0
MJ Santner,Royal Challengers Bengaluru,19,14,3,135.71
MJ Santner,Sunrisers Hyderabad,0,1,1,0.0
MJ Suthar,Royal Challengers Bengaluru,1,2,1,50.0
MK Lomror,Chennai Super Kings,42,33,3,127.27
MK Lomror,Delhi Capitals,120,83,6,144.58
MK Lomror,Gujarat Titans,17,11,2,154.55
MK Lomror,Kings XI Punjab,9,9,1,100.0
MK Lomror,Kolkata Knight Riders,38,21,2,180.95
MK Lomror,Lucknow Super Giants,50,26,3,192.31
MK Lomror,Mumbai Indians,12,17,3,70.59
MK Lomror,Punjab Kings,73,39,5,187.18
MK Lomror,Rajasthan Royals,49,35,4,140.0
MK Lomror,Royal Challengers Bengaluru,50,43,2,116.28
MK Lomror,Sunrisers Hyderabad,66,55,4,120.0
MK Pandey,Chennai Super Kings,411,371,21,110.78
MK Pandey,Deccan Chargers,212,171,8,123.98
MK Pandey,Delhi Capitals,150,131,7,114.5
MK Pandey,Delhi Daredevils,332,259,11,128.19
MK Pandey,Gujarat Lions,25,26,3,96.15
MK Pandey,Gujarat Titans,7,9,2,77.78
MK Pandey,Kings XI Punjab,531,439,21,120.96
MK Pandey,Kolkata Knight Riders,277,236,13,117.37
MK Pandey,Mumbai Indians,830,640,26,129.69
MK Pandey,Punjab Kings,13,26,2,50.0
MK Pandey,Rajasthan Royals,383,282,13,135.82
MK Pandey,Rising Pune Supergiants,52,42,2,123.81
MK Pandey,Royal Challengers Bengaluru,391,336,18,116.37
MK Pandey,Sunrisers Hyderabad,388,320,15,121.25
MK Tiwary,Chennai Super Kings,173,156,12,110.9
MK Tiwary,Deccan Chargers,101,84,6,120.24
MK Tiwary,Delhi Daredevils,178,143,7,124.48
MK Tiwary,Gujarat Lions,31,29,2,106.9
MK Tiwary,Kings XI Punjab,261,229,9,113.97
MK Tiwary,Kochi Tuskers Kerala,47,58,2,81.03
MK Tiwary,Kolkata Knight Riders,83,80,6,103.75
MK Tiwary,Mumbai Indians,304,250,11,121.6
MK Tiwary,Pune Warriors,53,49,5,108.16
MK Tiwary,Rajasthan Royals,202,173,8,116.76
MK Tiwary,Royal Challengers Bengaluru,202,162,11,124.69
MK Tiwary,Sunrisers Hyderabad,50,31,4,161.29
ML Hayden,Deccan Chargers,135,97,5,139.18
ML Hayden,Delhi Daredevils,181,94,4,192.55
ML Hayden,Kings XI Punjab,148,106,4,139.62
ML Hayden,Kolkata Knight Riders,70,58,3,120.69
ML Hayden,Mumbai Indians,252,210,6,120.0
ML Hayden,Rajasthan Royals,102,81,4,125.93
ML Hayden,Royal Challengers Bengaluru,208,153,6,135.95
MM Ali,Chennai Super Kings,36,26,3,138.46
MM Ali,Delhi Capitals,116,91,7,127.47
MM Ali,Delhi Daredevils,1,3,1,33.33
MM Ali,Gujarat Titans,110,78,6,141.03
MM Ali,Kings XI Punjab,4,5,1,80.0
MM Ali,Kolkata Knight Riders,161,92,6,175.0
MM Ali,Lucknow Super Giants,84,55,3,152.73
MM Ali,Mumbai Indians,121,80,5,151.25
MM Ali,Punjab Kings,88,74,6,118.92
MM Ali,Rajasthan Royals,204,152,9,134.21
MM Ali,Royal Challengers Bengaluru,77,60,4,128.33
MM Ali,Sunrisers Hyderabad,163,116,8,140.52
MM Patel,Chennai Super Kings,0,1,1,0.0
MM Patel,Deccan Chargers,5,7,1,71.43
MM Patel,Delhi Daredevils,24,15,2,160.0
MM Patel,Kings XI Punjab,0,1,1,0.0
MM Patel,Kolkata Knight Riders,9,9,2,100.0
MM Patel,Mumbai Indians,0,1,1,0.0
MM Patel,Pune Warriors,1,2,1,50.0
MM Patel,Royal Challengers Bengaluru,0,4,2,0.0
MM Patel,Sunrisers Hyderabad,0,1,1,0.0
MM Sharma,Chennai Super Kings,2,3,1,66.67
MM Sharma,Delhi Capitals,2,14,1,14.29
MM Sharma,Delhi Daredevils,30,23,3,130.43
MM Sharma,Gujarat Lions,5,5,2,100.0
MM Sharma,Kings XI Punjab,1,3,1,33.33
MM Sharma,Kolkata Knight Riders,16,16,5,100.0
MM Sharma,Lucknow Super Giants,1,2,1,50.0
MM Sharma,Mumbai Indians,24,18,6,133.33
MM Sharma,Rising Pune Supergiants,6,12,1,50.0
MM Sharma,Royal Challengers Bengaluru,26,30,6,86.67
MM Sharma,Sunrisers Hyderabad,12,10,3,120.0
MN Samuels,Chennai Super Kings,34,39,2,87.18
MN Samuels,Deccan Chargers,4,9,2,44.44
MN Samuels,Gujarat Lions,1,4,1,25.0
MN Samuels,Kings XI Punjab,51,60,3,85.0
MN Samuels,Mumbai Indians,5,9,2,55.56
MN Samuels,Rising Pune Supergiants,27,21,1,128.57
MN Samuels,Royal Challengers Bengaluru,34,21,2,161.9
MN Samuels,Sunrisers Hyderabad,5,9,1,55.56
MN van Wyk,Delhi Daredevils,70,49,2,142.86
MN van Wyk,Kings XI Punjab,18,12,1,150.0
MN van Wyk,Mumbai Indians,32,35,1,91.43
MN van Wyk,Royal Challengers Bengaluru,43,35,1,122.86
MP Breetzke,Royal Challengers Bengaluru,14,12,1,116.67
MP Stoinis,Chennai Super Kings,221,139,10,158.99
MP Stoinis,Delhi Capitals,134,101,8,132.67
MP Stoinis,Delhi Daredevils,73,58,2,125.86
MP Stoinis,Gujarat Lions,67,48,3,139.58
MP Stoinis,Gujarat Titans,124,103,7,120.39
MP Stoinis,Kings XI Punjab,135,80,4,168.75
MP Stoinis,Kolkata Knight Riders,159,113,12,140.71
MP Stoinis,Lucknow Super Giants,44,21,2,209.52
MP Stoinis,Mumbai Indians,352,240,16,146.67
MP Stoinis,Punjab Kings,134,79,5,169.62
MP Stoinis,Rajasthan Royals,274,202,14,135.64
MP Stoinis,Royal Challengers Bengaluru,344,217,16,158.53
MP Stoinis,Sunrisers Hyderabad,167,111,9,150.45
MP Yadav,Rajasthan Royals,5,5,1,100.0
MR Marsh,Chennai Super Kings,191,128,8,149.22
MR Marsh,Deccan Chargers,37,28,1,132.14
MR Marsh,Delhi Capitals,152,100,3,152.0
MR Marsh,Delhi Daredevils,13,19,1,68.42
MR Marsh,Gujarat Lions,7,11,1,63.64
MR Marsh,Gujarat Titans,132,72,3,183.33
MR Marsh,Kings XI Punjab,32,25,3,128.0
MR Marsh,Kolkata Knight Riders,118,88,7,134.09
MR Marsh,Lucknow Super Giants,37,21,2,176.19
MR Marsh,Mumbai Indians,172,105,5,163.81
MR Marsh,Punjab Kings,126,98,6,128.57
MR Marsh,Rajasthan Royals,298,198,6,150.51
MR Marsh,Royal Challengers Bengaluru,282,193,8,146.11
MR Marsh,Sunrisers Hyderabad,250,159,8,157.23
MS Bhandage,Punjab Kings,1,4,1,25.0
MS Bisla,Chennai Super Kings,232,160,5,145.0
MS Bisla,Deccan Chargers,29,41,3,70.73
MS Bisla,Delhi Daredevils,10,22,3,45.45
MS Bisla,Kings XI Punjab,89,84,4,105.95
MS Bisla,Kochi Tuskers Kerala,16,14,1,114.29
MS Bisla,Kolkata Knight Riders,40,37,2,108.11
MS Bisla,Mumbai Indians,49,47,4,104.26
MS Bisla,Pune Warriors,13,17,2,76.47
MS Bisla,Rajasthan Royals,127,124,8,102.42
MS Bisla,Royal Challengers Bengaluru,146,112,5,130.36
MS Bisla,Sunrisers Hyderabad,43,42,2,102.38
MS Dhoni,Deccan Chargers,280,246,10,113.82
MS Dhoni,Delhi Capitals,244,179,13,136.31
MS Dhoni,Delhi Daredevils,487,348,19,139.94
MS Dhoni,Gujarat Lions,83,69,4,120.29
MS Dhoni,Gujarat Titans,48,31,5,154.84
MS Dhoni,Kings XI Punjab,594,380,21,156.32
MS Dhoni,Kochi Tuskers Kerala,23,19,2,121.05
MS Dhoni,Kolkata Knight Riders,568,443,30,128.22
MS Dhoni,Lucknow Super Giants,86,30,5,286.67
MS Dhoni,Mumbai Indians,772,589,38,131.07
MS Dhoni,Pune Warriors,134,89,5,150.56
MS Dhoni,Punjab Kings,111,82,8,135.37
MS Dhoni,Rajasthan Royals,583,454,26,128.41
MS Dhoni,Royal Challengers Bengaluru,898,628,34,142.99
MS Dhoni,Sunrisers Hyderabad,498,348,21,143.1
MS Gony,Chennai Super Kings,4,9,2,44.44
MS Gony,Deccan Chargers,15,6,1,250.0
MS Gony,Delhi Daredevils,19,7,2,271.43
MS Gony,Kings XI Punjab,9,12,3,75.0
MS Gony,Kochi Tuskers Kerala,0,1,1,0.0
MS Gony,Kolkata Knight Riders,42,18,1,233.33
MS Gony,Mumbai Indians,0,3,1,0.0
MS Gony,Rajasthan Royals,6,10,3,60.0
MS Gony,Royal Challengers Bengaluru,4,4,1,100.0
MS Wade,Chennai Super Kings,20,15,1,133.33
MS Wade,Delhi Capitals,1,2,1,50.0
MS Wade,Lucknow Super Giants,40,36,2,111.11
MS Wade,Pune Warriors,14,24,2,58.33
MS Wade,Punjab Kings,6,7,1,85.71
MS Wade,Rajasthan Royals,59,52,4,113.46
MS Wade,Royal Challengers Bengaluru,24,22,2,109.09
MS Wade,Sunrisers Hyderabad,19,19,1,100.0
MV Boucher,Chennai Super Kings,37,33,4,112.12
MV Boucher,Deccan Chargers,21,20,2,105.0
MV Boucher,Delhi Daredevils,78,56,4,139.29
MV Boucher,Kings XI Punjab,41,36,2,113.89
MV Boucher,Kochi Tuskers Kerala,5,4,1,125.0
MV Boucher,Kolkata Knight Riders,89,71,4,125.35
MV Boucher,Mumbai Indians,105,67,3,156.72
MV Boucher,Rajasthan Royals,10,18,2,55.56
MV Boucher,Royal Challengers Bengaluru,1,2,1,50.0
MW Short,Gujarat Titans,60,38,2,157.89
MW Short,Lucknow Super Giants,34,22,1,154.55
MW Short,Mumbai Indians,38,36,2,105.56
MW Short,Rajasthan Royals,2,7,1,28.57
MW Short,Royal Challengers Bengaluru,8,7,1,114.29
MW Short,Sunrisers Hyderabad,33,32,2,103.12
Mandeep Singh,Chennai Super Kings,203,182,12,111.54
Mandeep Singh,Deccan Chargers,110,76,3,144.74
Mandeep Singh,Delhi Capitals,71,59,3,120.34
Mandeep Singh,Delhi Daredevils,98,72,8,136.11
Mandeep Singh,Gujarat Lions,8,14,1,57.14
Mandeep Singh,Gujarat Titans,18,16,1,112.5
Mandeep Singh,Kings XI Punjab,120,114,5,105.26
Mandeep Singh,Kochi Tuskers Kerala,15,10,1,150.0
Mandeep Singh,Kolkata Knight Riders,394,285,15,138.25
Mandeep Singh,Mumbai Indians,133,111,12,119.82
Mandeep Singh,Pune Warriors,147,127,5,115.75
Mandeep Singh,Punjab Kings,2,4,1,50.0
Mandeep Singh,Rajasthan Royals,179,130,11,137.69
Mandeep Singh,Rising Pune Supergiants,0,3,1,0.0
Mandeep Singh,Royal Challengers Bengaluru,122,92,7,132.61
Mandeep Singh,Sunrisers Hyderabad,85,90,11,94.44
Mashrafe Mortaza,Deccan Chargers,2,2,1,100.0
Mayank Dagar,Lucknow Super Giants,0,1,1,0.0
Misbah-ul-Haq,Chennai Super Kings,4,6,1,66.67
Misbah-ul-Haq,Deccan Chargers,37,33,2,112.12
Misbah-ul-Haq,Delhi Daredevils,47,25,1,188.0
Misbah-ul-Haq,Kings XI Punjab,29,15,2,193.33
Misbah-ul-Haq,Mumbai Indians,0,1,1,0.0
Misbah-ul-Haq,Rajasthan Royals,0,1,1,0.0
Mohammad Ashraful,Delhi Daredevils,2,10,1,20.0
Mohammad Asif,Mumbai Indians,0,1,1,0.0
Mohammad Asif,Rajasthan Royals,3,5,1,60.0
Mohammad Hafeez,Chennai Super Kings,22,30,2,73.33
Mohammad Hafeez,Deccan Chargers,13,13,1,100.0
Mohammad Hafeez,Kings XI Punjab,13,12,1,108.33
Mohammad Hafeez,Mumbai Indians,7,17,2,41.18
Mohammad Hafeez,Rajasthan Royals,4,8,1,50.0
Mohammad Hafeez,Royal Challengers Bengaluru,5,3,1,166.67
Mohammad Nabi,Chennai Super Kings,4,7,1,57.14
Mohammad Nabi,Delhi Capitals,38,25,3,152.0
Mohammad Nabi,Kings XI Punjab,38,22,4,172.73
Mohammad Nabi,Kolkata Knight Riders,25,19,2,131.58
Mohammad Nabi,Lucknow Super Giants,1,2,1,50.0
Mohammad Nabi,Mumbai Indians,65,50,4,130.0
Mohammad Nabi,Punjab Kings,0,1,1,0.0
Mohammad Nabi,Rajasthan Royals,40,22,2,181.82
Mohammad Nabi,Royal Challengers Bengaluru,4,3,1,133.33
Mohammed Shami,Chennai Super Kings,15,21,4,71.43
Mohammed Shami,Delhi Capitals,2,4,3,50.0
Mohammed Shami,Gujarat Lions,4,2,1,200.0
Mohammed Shami,Gujarat Titans,18,7,2,257.14
Mohammed Shami,Kings XI Punjab,3,7,3,42.86
Mohammed Shami,Kolkata Knight Riders,22,23,7,95.65
Mohammed Shami,Lucknow Super Giants,1,3,1,33.33
Mohammed Shami,Mumbai Indians,9,6,2,150.0
Mohammed Shami,Rajasthan Royals,11,14,2,78.57
Mohammed Shami,Rising Pune Supergiants,4,7,2,57.14
Mohammed Shami,Royal Challengers Bengaluru,22,11,3,200.0
Mohammed Shami,Sunrisers Hyderabad,4,6,4,66.67
Mohammed Siraj,Chennai Super Kings,32,37,5,86.49
Mohammed Siraj,Delhi Capitals,6,8,2,75.0
Mohammed Siraj,Kolkata Knight Riders,8,10,1,80.0
Mohammed Siraj,Lucknow Super Giants,12,9,2,133.33
Mohammed Siraj,Mumbai Indians,8,7,3,114.29
Mohammed Siraj,Punjab Kings,9,14,2,64.29
Mohammed Siraj,Rajasthan Royals,20,18,3,111.11
Mohammed Siraj,Royal Challengers Bengaluru,5,13,1,38.46
Mohammed Siraj,Sunrisers Hyderabad,17,21,4,80.95
Mohit Rathee,Sunrisers Hyderabad,1,2,1,50.0
Mohsin Khan,Delhi Capitals,0,1,1,0.0
Mohsin Khan,Gujarat Titans,1,3,1,33.33
Mohsin Khan,Mumbai Indians,0,7,1,0.0
Mohsin Khan,Punjab Kings,15,7,2,214.29
Mohsin Khan,Rajasthan Royals,9,10,2,90.0
Mujeeb Ur Rahman,Mumbai Indians,1,1,1,100.0
Mujeeb Ur Rahman,Rajasthan Royals,0,1,1,0.0
Mujeeb Ur Rahman,Royal Challengers Bengaluru,0,2,1,0.0
Mujeeb Ur Rahman,Sunrisers Hyderabad,11,11,3,100.0
Mukesh Choudhary,Gujarat Titans,2,2,1,100.0
Mukesh Choudhary,Mumbai Indians,4,4,1,100.0
Mukesh Choudhary,Punjab Kings,2,2,1,100.0
Mukesh Kumar,Lucknow Super Giants,0,1,1,0.0
Mukesh Kumar,Punjab Kings,6,7,1,85.71
Mukesh Kumar,Rajasthan Royals,1,1,1,100.0
Mukesh Kumar,Royal Challengers Bengaluru,3,7,1,42.86
Mukesh Kumar,Sunrisers Hyderabad,0,2,1,0.0
Musheer Khan,Royal Challengers Bengaluru,0,3,1,0.0
Mustafizur Rahman,Chennai Super Kings,0,4,1,0.0
Mustafizur Rahman,Gujarat Titans,3,5,1,60.0
Mustafizur Rahman,Kolkata Knight Riders,0,3,1,0.0
Mustafizur Rahman,Mumbai Indians,9,9,3,100.0
Mustafizur Rahman,Sunrisers Hyderabad,1,3,1,33.33
N Burger,Mumbai Indians,10,3,1,333.33
N Burger,Sunrisers Hyderabad,4,6,2,66.67
N Jagadeesan,Chennai Super Kings,1,3,1,33.33
N Jagadeesan,Gujarat Titans,64,56,3,114.29
N Jagadeesan,Mumbai Indians,0,6,2,0.0
N Jagadeesan,Rajasthan Royals,1,4,1,25.0
N Jagadeesan,Royal Challengers Bengaluru,60,57,2,105.26
N Jagadeesan,Sunrisers Hyderabad,36,21,1,171.43
N Pooran,Chennai Super Kings,290,186,13,155.91
N Pooran,Delhi Capitals,313,166,10,188.55
N Pooran,Gujarat Titans,208,139,8,149.64
N Pooran,Kolkata Knight Riders,326,210,13,155.24
N Pooran,Lucknow Super Giants,34,24,1,141.67
N Pooran,Mumbai Indians,307,159,11,193.08
N Pooran,Punjab Kings,188,132,9,142.42
N Pooran,Rajasthan Royals,249,185,13,134.59
N Pooran,Royal Challengers Bengaluru,254,158,12,160.76
N Pooran,Sunrisers Hyderabad,353,179,10,197.21
N Rana,Chennai Super Kings,380,276,13,137.68
N Rana,Delhi Capitals,350,240,11,145.83
N Rana,Delhi Daredevils,75,51,3,147.06
N Rana,Gujarat Lions,138,87,3,158.62
N Rana,Gujarat Titans,61,50,6,122.0
N Rana,Kings XI Punjab,178,121,8,147.11
N Rana,Kolkata Knight Riders,66,48,3,137.5
N Rana,Lucknow Super Giants,75,67,5,111.94
N Rana,Mumbai Indians,267,212,13,125.94
N Rana,Punjab Kings,209,127,7,164.57
N Rana,Rajasthan Royals,257,205,12,125.37
N Rana,Rising Pune Supergiants,37,37,2,100.0
N Rana,Royal Challengers Bengaluru,360,272,17,132.35
N Rana,Sunrisers Hyderabad,610,436,18,139.91
N Saini,Chennai Super Kings,7,8,2,87.5
N Saini,Deccan Chargers,5,14,2,35.71
N Saini,Delhi Daredevils,15,15,1,100.0
N Saini,Mumbai Indians,47,46,2,102.17
N Saini,Rajasthan Royals,2,9,1,22.22
N Saini,Royal Challengers Bengaluru,64,48,2,133.33
N Sindhu,Kolkata Knight Riders,1,4,1,25.0
N Sindhu,Punjab Kings,15,11,1,136.36
N Sindhu,Royal Challengers Bengaluru,25,21,2,119.05
N Sindhu,Sunrisers Hyderabad,22,14,1,157.14
N Wadhera,Chennai Super Kings,87,69,4,126.09
N Wadhera,Delhi Capitals,45,33,3,136.36
N Wadhera,Gujarat Titans,62,43,5,144.19
N Wadhera,Kolkata Knight Riders,25,27,4,92.59
N Wadhera,Lucknow Super Giants,158,117,7,135.04
N Wadhera,Mumbai Indians,50,31,2,161.29
N Wadhera,Punjab Kings,0,1,1,0.0
N Wadhera,Rajasthan Royals,181,102,3,177.45
N Wadhera,Royal Challengers Bengaluru,134,99,6,135.35
N Wadhera,Sunrisers Hyderabad,41,36,2,113.89
ND Doshi,Kochi Tuskers Kerala,0,13,1,0.0
NJ Maddinson,Chennai Super Kings,4,7,1,57.14
NJ Maddinson,Delhi Daredevils,4,6,1,66.67
NJ Maddinson,Mumbai Indians,12,8,1,150.0
NJ Rimmington,Pune Warriors,1,1,1,100.0
NK Patel,Chennai Super Kings,2,11,1,18.18
NK Patel,Delhi Daredevils,4,2,1,200.0
NK Patel,Kings XI Punjab,57,39,1,146.15
NK Patel,Kolkata Knight Riders,14,22,1,63.64
NK Patel,Mumbai Indians,40,29,1,137.93
NK Patel,Royal Challengers Bengaluru,4,16,1,25.0
NL McCullum,Chennai Super Kings,15,16,1,93.75
NL McCullum,Rajasthan Royals,11,6,1,183.33
NLTC Perera,Chennai Super Kings,23,13,1,176.92
NLTC Perera,Deccan Chargers,22,23,1,95.65
NLTC Perera,Delhi Daredevils,18,14,3,128.57
NLTC Perera,Gujarat Lions,3,2,1,150.0
NLTC Perera,Kings XI Punjab,90,58,5,155.17
NLTC Perera,Kolkata Knight Riders,74,63,5,117.46
NLTC Perera,Mumbai Indians,14,14,2,100.0
NLTC Perera,Pune Warriors,32,26,3,123.08
NLTC Perera,Rajasthan Royals,33,27,4,122.22
NLTC Perera,Royal Challengers Bengaluru,95,53,4,179.25
NLTC Perera,Sunrisers Hyderabad,17,13,1,130.77
NM Coulter-Nile,Chennai Super Kings,5,4,1,125.0
NM Coulter-Nile,Delhi Capitals,1,2,1,50.0
NM Coulter-Nile,Kings XI Punjab,33,18,2,183.33
NM Coulter-Nile,Kolkata Knight Riders,9,13,2,69.23
NM Coulter-Nile,Mumbai Indians,9,6,2,150.0
NM Coulter-Nile,Rajasthan Royals,6,2,1,300.0
NM Coulter-Nile,Rising Pune Supergiants,8,8,2,100.0
NM Coulter-Nile,Royal Challengers Bengaluru,6,11,2,54.55
NM Coulter-Nile,Sunrisers Hyderabad,5,8,3,62.5
NS Naik,Delhi Capitals,7,16,1,43.75
NS Naik,Mumbai Indians,2,6,2,33.33
NS Naik,Sunrisers Hyderabad,22,28,1,78.57
NT Ellis,Delhi Capitals,0,2,1,0.0
NT Ellis,Mumbai Indians,6,4,1,150.0
NT Ellis,Royal Challengers Bengaluru,1,2,1,50.0
NT Ellis,Sunrisers Hyderabad,12,17,2,70.59
NV Ojha,Chennai Super Kings,276,188,10,146.81
NV Ojha,Deccan Chargers,101,105,8,96.19
NV Ojha,Delhi Daredevils,108,81,7,133.33
NV Ojha,Gujarat Lions,19,14,2,135.71
NV Ojha,Kings XI Punjab,350,254,12,137.8
NV Ojha,Kochi Tuskers Kerala,13,17,2,76.47
NV Ojha,Kolkata Knight Riders,259,244,16,106.15
NV Ojha,Mumbai Indians,96,103,12,93.2
NV Ojha,Pune Warriors,30,34,3,88.24
NV Ojha,Rajasthan Royals,72,73,7,98.63
NV Ojha,Rising Pune Supergiants,34,35,3,97.14
NV Ojha,Royal Challengers Bengaluru,184,156,11,117.95
NV Ojha,Sunrisers Hyderabad,1,4,1,25.0
Naman Dhir,Chennai Super Kings,74,52,3,142.31
Naman Dhir,Delhi Capitals,90,46,3,195.65
Naman Dhir,Gujarat Titans,99,69,5,143.48
Naman Dhir,Kolkata Knight Riders,33,22,4,150.0
Naman Dhir,Lucknow Super Giants,156,74,4,210.81
Naman Dhir,Punjab Kings,116,67,4,173.13
Naman Dhir,Rajasthan Royals,31,19,3,163.16
Naman Dhir,Royal Challengers Bengaluru,59,40,3,147.5
Naman Dhir,Sunrisers Hyderabad,52,43,4,120.93
Navdeep Saini,Chennai Super Kings,4,7,2,57.14
Navdeep Saini,Delhi Capitals,12,12,1,100.0
Navdeep Saini,Kings XI Punjab,6,7,1,85.71
Navdeep Saini,Mumbai Indians,2,2,1,100.0
Navdeep Saini,Rajasthan Royals,0,1,1,0.0
Navdeep Saini,Sunrisers Hyderabad,9,8,1,112.5
Naveen-ul-Haq,Delhi Capitals,2,4,1,50.0
Naveen-ul-Haq,Kolkata Knight Riders,2,3,1,66.67
Naveen-ul-Haq,Mumbai Indians,1,5,1,20.0
Naveen-ul-Haq,Royal Challengers Bengaluru,13,12,1,108.33
Nithish Kumar Reddy,Chennai Super Kings,70,50,5,140.0
Nithish Kumar Reddy,Delhi Capitals,37,29,2,127.59
Nithish Kumar Reddy,Gujarat Titans,54,48,3,112.5
Nithish Kumar Reddy,Kolkata Knight Riders,80,59,4,135.59
Nithish Kumar Reddy,Lucknow Super Giants,93,63,3,147.62
Nithish Kumar Reddy,Mumbai Indians,62,59,4,105.08
Nithish Kumar Reddy,Punjab Kings,130,76,4,171.05
Nithish Kumar Reddy,Rajasthan Royals,213,118,6,180.51
Nithish Kumar Reddy,Royal Challengers Bengaluru,47,38,4,123.68
Noor Ahmad,Chennai Super Kings,7,5,1,140.0
Noor Ahmad,Delhi Capitals,1,7,1,14.29
Noor Ahmad,Gujarat Titans,1,5,1,20.0
Noor Ahmad,Kolkata Knight Riders,3,10,2,30.0
Noor Ahmad,Lucknow Super Giants,4,2,1,200.0
Noor Ahmad,Mumbai Indians,1,3,1,33.33
Noor Ahmad,Punjab Kings,0,1,1,0.0
Noor Ahmad,Rajasthan Royals,3,10,2,30.0
Noor Ahmad,Royal Challengers Bengaluru,8,10,2,80.0
Noor Ahmad,Sunrisers Hyderabad,3,5,3,60.0
OA Shah,Chennai Super Kings,60,50,3,120.0
OA Shah,Deccan Chargers,97,88,3,110.23
OA Shah,Delhi Daredevils,2,4,2,50.0
OA Shah,Kings XI Punjab,37,20,2,185.0
OA Shah,Kolkata Knight Riders,78,66,3,118.18
OA Shah,Mumbai Indians,135,89,3,151.69
OA Shah,Pune Warriors,4,7,1,57.14
OA Shah,Rajasthan Royals,19,17,1,111.76
OA Shah,Royal Challengers Bengaluru,73,47,4,155.32
OC McCoy,Gujarat Titans,8,5,1,160.0
OF Smith,Chennai Super Kings,3,7,1,42.86
OF Smith,Gujarat Titans,0,1,1,0.0
OF Smith,Kolkata Knight Riders,9,12,1,75.0
OF Smith,Mumbai Indians,1,1,1,100.0
OF Smith,Royal Challengers Bengaluru,25,8,1,312.5
OF Smith,Sunrisers Hyderabad,13,15,1,86.67
P Awana,Chennai Super Kings,1,5,1,20.0
P Awana,Delhi Daredevils,4,5,1,80.0
P Awana,Mumbai Indians,0,2,1,0.0
P Awana,Rajasthan Royals,0,1,1,0.0
P Awana,Sunrisers Hyderabad,0,1,1,0.0
P Chopra,Chennai Super Kings,8,6,1,133.33
P Dogra,Chennai Super Kings,5,3,1,166.67
P Dogra,Delhi Daredevils,49,51,2,96.08
P Dogra,Kings XI Punjab,1,1,1,100.0
P Dogra,Kolkata Knight Riders,20,32,4,62.5
P Dogra,Mumbai Indians,41,29,1,141.38
P Dogra,Royal Challengers Bengaluru,6,14,2,42.86
P Dogra,Sunrisers Hyderabad,5,8,1,62.5
P Dubey,Mumbai Indians,7,13,1,53.85
P Dubey,Punjab Kings,16,20,1,80.0
P Kumar,Chennai Super Kings,49,38,7,128.95
P Kumar,Deccan Chargers,24,20,4,120.0
P Kumar,Delhi Daredevils,20,19,6,105.26
P Kumar,Kings XI Punjab,42,36,5,116.67
P Kumar,Kolkata Knight Riders,40,43,7,93.02
P Kumar,Mumbai Indians,39,43,9,90.7
P Kumar,Pune Warriors,7,12,3,58.33
P Kumar,Rajasthan Royals,81,65,7,124.62
P Kumar,Royal Challengers Bengaluru,17,13,3,130.77
P Kumar,Sunrisers Hyderabad,19,23,6,82.61
P Negi,Chennai Super Kings,13,13,3,100.0
P Negi,Delhi Capitals,0,1,1,0.0
P Negi,Delhi Daredevils,28,21,3,133.33
P Negi,Gujarat Lions,35,23,2,152.17
P Negi,Kings XI Punjab,29,25,2,116.0
P Negi,Kolkata Knight Riders,59,49,5,120.41
P Negi,Mumbai Indians,99,72,7,137.5
P Negi,Pune Warriors,8,8,1,100.0
P Negi,Rajasthan Royals,9,10,3,90.0
P Negi,Rising Pune Supergiants,32,26,3,123.08
P Negi,Royal Challengers Bengaluru,37,29,4,127.59
P Negi,Sunrisers Hyderabad,15,11,1,136.36
P Nissanka,Chennai Super Kings,59,37,2,159.46
P Nissanka,Gujarat Titans,41,24,1,170.83
P Nissanka,Kolkata Knight Riders,50,29,1,172.41
P Nissanka,Lucknow Super Giants,1,5,1,20.0
P Nissanka,Mumbai Indians,44,30,1,146.67
P Nissanka,Punjab Kings,11,7,1,157.14
P Nissanka,Rajasthan Royals,62,33,1,187.88
P Nissanka,Royal Challengers Bengaluru,1,2,1,50.0
P Nissanka,Sunrisers Hyderabad,8,6,1,133.33
P Parameswaran,Deccan Chargers,0,1,1,0.0
P Parameswaran,Royal Challengers Bengaluru,1,1,1,100.0
P Ray Barman,Sunrisers Hyderabad,19,24,1,79.17
P Sahu,Delhi Daredevils,18,12,1,150.0
P Sahu,Kolkata Knight Riders,1,1,1,100.0
P Simran Singh,Chennai Super Kings,182,129,6,141.09
P Simran Singh,Delhi Capitals,324,201,8,161.19
P Simran Singh,Gujarat Titans,121,92,6,131.52
P Simran Singh,Kolkata Knight Riders,206,110,6,187.27
P Simran Singh,Lucknow Super Giants,261,146,7,178.77
P Simran Singh,Mumbai Indians,191,121,7,157.85
P Simran Singh,Rajasthan Royals,175,124,7,141.13
P Simran Singh,Royal Challengers Bengaluru,176,121,9,145.45
P Simran Singh,Sunrisers Hyderabad,212,140,9,151.43
PA Patel,Chennai Super Kings,330,273,13,120.88
PA Patel,Deccan Chargers,24,38,4,63.16
PA Patel,Delhi Capitals,48,29,2,165.52
PA Patel,Delhi Daredevils,305,271,16,112.55
PA Patel,Gujarat Lions,104,75,3,138.67
PA Patel,Kings XI Punjab,583,424,17,137.5
PA Patel,Kolkata Knight Riders,338,314,16,107.64
PA Patel,Mumbai Indians,210,169,11,124.26
PA Patel,Pune Warriors,76,65,5,116.92
PA Patel,Rajasthan Royals,309,239,16,129.29
PA Patel,Rising Pune Supergiants,129,102,5,126.47
PA Patel,Royal Challengers Bengaluru,206,203,16,101.48
PA Patel,Sunrisers Hyderabad,179,148,12,120.95
PA Reddy,Delhi Daredevils,1,8,1,12.5
PA Reddy,Kings XI Punjab,43,30,2,143.33
PA Reddy,Mumbai Indians,7,9,1,77.78
PA Reddy,Pune Warriors,27,30,1,90.0
PA Reddy,Rajasthan Royals,44,40,2,110.0
PA Reddy,Royal Challengers Bengaluru,42,43,3,97.67
PBB Rajapaksa,Chennai Super Kings,51,37,2,137.84
PBB Rajapaksa,Delhi Capitals,4,5,1,80.0
PBB Rajapaksa,Gujarat Titans,59,53,2,111.32
PBB Rajapaksa,Kolkata Knight Riders,81,44,3,184.09
PBB Rajapaksa,Lucknow Super Giants,9,7,1,128.57
PBB Rajapaksa,Rajasthan Royals,28,19,2,147.37
PBB Rajapaksa,Royal Challengers Bengaluru,44,25,2,176.0
PC Valthaty,Chennai Super Kings,120,63,1,190.48
PC Valthaty,Deccan Chargers,78,51,2,152.94
PC Valthaty,Delhi Daredevils,79,75,4,105.33
PC Valthaty,Kochi Tuskers Kerala,17,10,1,170.0
PC Valthaty,Kolkata Knight Riders,20,23,3,86.96
PC Valthaty,Mumbai Indians,47,52,2,90.38
PC Valthaty,Pune Warriors,30,34,4,88.24
PC Valthaty,Rajasthan Royals,55,44,2,125.0
PC Valthaty,Royal Challengers Bengaluru,47,45,3,104.44
PC Valthaty,Sunrisers Hyderabad,6,17,1,35.29
PD Collingwood,Deccan Chargers,51,42,1,121.43
PD Collingwood,Kings XI Punjab,4,7,1,57.14
PD Collingwood,Kolkata Knight Riders,55,48,2,114.58
PD Collingwood,Mumbai Indians,2,5,1,40.0
PD Collingwood,Rajasthan Royals,16,8,1,200.0
PD Collingwood,Royal Challengers Bengaluru,75,46,1,163.04
PD Salt,Chennai Super Kings,98,64,5,153.12
PD Salt,Delhi Capitals,182,99,4,183.84
PD Salt,Gujarat Titans,14,14,2,100.0
PD Salt,Kolkata Knight Riders,61,34,2,179.41
PD Salt,Lucknow Super Giants,157,85,4,184.71
PD Salt,Mumbai Indians,93,46,4,202.17
PD Salt,Punjab Kings,199,110,7,180.91
PD Salt,Rajasthan Royals,101,70,4,144.29
PD Salt,Royal Challengers Bengaluru,165,79,3,208.86
PD Salt,Sunrisers Hyderabad,183,114,5,160.53
PHKD Mendis,Chennai Super Kings,31,21,1,147.62
PHKD Mendis,Gujarat Titans,1,6,2,16.67
PHKD Mendis,Kolkata Knight Riders,27,20,1,135.0
PHKD Mendis,Lucknow Super Giants,32,21,1,152.38
PJ Cummins,Chennai Super Kings,88,52,4,169.23
PJ Cummins,Delhi Capitals,23,28,5,82.14
PJ Cummins,Gujarat Lions,24,13,1,184.62
PJ Cummins,Gujarat Titans,62,30,4,206.67
PJ Cummins,Kings XI Punjab,18,18,3,100.0
PJ Cummins,Kolkata Knight Riders,81,71,6,114.08
PJ Cummins,Lucknow Super Giants,18,4,1,450.0
PJ Cummins,Mumbai Indians,195,102,10,191.18
PJ Cummins,Punjab Kings,3,4,1,75.0
PJ Cummins,Rajasthan Royals,43,36,7,119.44
PJ Cummins,Rising Pune Supergiants,11,6,1,183.33
PJ Cummins,Royal Challengers Bengaluru,68,52,7,130.77
PJ Cummins,Sunrisers Hyderabad,3,3,1,100.0
PJ Sangwan,Chennai Super Kings,0,3,1,0.0
PJ Sangwan,Deccan Chargers,0,1,1,0.0
PJ Sangwan,Delhi Daredevils,1,1,1,100.0
PJ Sangwan,Kings XI Punjab,5,5,1,100.0
PJ Sangwan,Kolkata Knight Riders,0,1,1,0.0
PJ Sangwan,Mumbai Indians,12,18,3,66.67
PJ Sangwan,Punjab Kings,2,5,1,40.0
PJ Sangwan,Rajasthan Royals,1,1,1,100.0
PJ Sangwan,Rising Pune Supergiants,1,2,1,50.0
PJ Sangwan,Royal Challengers Bengaluru,4,2,1,200.0
PJ Sangwan,Sunrisers Hyderabad,0,5,2,0.0
PK Garg,Chennai Super Kings,70,52,3,134.62
PK Garg,Delhi Capitals,17,12,1,141.67
PK Garg,Gujarat Titans,10,13,1,76.92
PK Garg,Kings XI Punjab,3,6,2,50.0
PK Garg,Kolkata Knight Riders,25,38,2,65.79
PK Garg,Mumbai Indians,79,54,3,146.3
PK Garg,Punjab Kings,4,7,1,57.14
PK Garg,Rajasthan Royals,15,9,2,166.67
PK Garg,Royal Challengers Bengaluru,34,38,3,89.47
PK Garg,Sunrisers Hyderabad,12,9,1,133.33
PM Sarvesh Kumar,Delhi Daredevils,1,2,1,50.0
PN Mankad,Kolkata Knight Riders,26,19,1,136.84
PN Mankad,Mumbai Indians,3,7,2,42.86
PN Mankad,Sunrisers Hyderabad,68,46,2,147.83
PP Chawla,Chennai Super Kings,65,75,12,86.67
PP Chawla,Deccan Chargers,55,39,6,141.03
PP Chawla,Delhi Capitals,36,15,3,240.0
PP Chawla,Delhi Daredevils,54,58,9,93.1
PP Chawla,Gujarat Lions,11,16,1,68.75
PP Chawla,Gujarat Titans,18,15,3,120.0
PP Chawla,Kings XI Punjab,54,30,6,180.0
PP Chawla,Kolkata Knight Riders,58,45,9,128.89
PP Chawla,Mumbai Indians,59,63,9,93.65
PP Chawla,Pune Warriors,52,60,3,86.67
PP Chawla,Rajasthan Royals,84,80,14,105.0
PP Chawla,Rising Pune Supergiants,8,5,1,160.0
PP Chawla,Royal Challengers Bengaluru,21,15,4,140.0
PP Chawla,Sunrisers Hyderabad,48,45,6,106.67
PP Hinge,Chennai Super Kings,0,1,1,0.0
PP Hinge,Gujarat Titans,3,8,1,37.5
PP Ojha,Chennai Super Kings,4,11,6,36.36
PP Ojha,Delhi Daredevils,6,17,5,35.29
PP Ojha,Mumbai Indians,2,4,2,50.0
PP Ojha,Pune Warriors,1,2,2,50.0
PP Ojha,Rajasthan Royals,2,3,2,66.67
PP Ojha,Royal Challengers Bengaluru,1,7,2,14.29
PP Shaw,Chennai Super Kings,321,212,12,151.42
PP Shaw,Gujarat Titans,35,25,4,140.0
PP Shaw,Kings XI Punjab,47,42,5,111.9
PP Shaw,Kolkata Knight Riders,427,253,11,168.77
PP Shaw,Lucknow Super Giants,110,72,4,152.78
PP Shaw,Mumbai Indians,208,162,12,128.4
PP Shaw,Punjab Kings,166,97,4,171.13
PP Shaw,Rajasthan Royals,165,130,9,126.92
PP Shaw,Royal Challengers Bengaluru,184,129,9,142.64
PP Shaw,Sunrisers Hyderabad,227,158,9,143.67
PR Shah,Deccan Chargers,39,25,3,156.0
PR Shah,Delhi Daredevils,23,32,3,71.88
PR Shah,Kings XI Punjab,5,5,1,100.0
PR Shah,Kochi Tuskers Kerala,5,5,1,100.0
PR Shah,Royal Challengers Bengaluru,19,23,1,82.61
PR Veer,Lucknow Super Giants,30,22,2,136.36
PR Veer,Punjab Kings,6,7,1,85.71
PR Veer,Royal Challengers Bengaluru,43,29,1,148.28
PR Veer,Sunrisers Hyderabad,11,9,1,122.22
PSP Handscomb,Mumbai Indians,6,12,1,50.0
PV Tambe,Chennai Super Kings,3,3,2,100.0
PV Tambe,Royal Challengers Bengaluru,9,22,2,40.91
PV Tambe,Sunrisers Hyderabad,6,13,2,46.15
PVD Chameera,Gujarat Titans,1,1,1,100.0
PVD Chameera,Kolkata Knight Riders,2,4,2,50.0
PVD Chameera,Mumbai Indians,8,10,1,80.0
PVD Chameera,Punjab Kings,17,10,1,170.0
PVD Chameera,Rajasthan Royals,13,9,2,144.44
PVD Chameera,Royal Challengers Bengaluru,12,11,4,109.09
PVSN Raju,Chennai Super Kings,1,1,1,100.0
PWA Mulder,Delhi Capitals,9,11,1,81.82
PWH de Silva,Chennai Super Kings,14,12,5,116.67
PWH de Silva,Kolkata Knight Riders,13,14,5,92.86
PWH de Silva,Lucknow Super Giants,8,7,1,114.29
PWH de Silva,Mumbai Indians,12,8,1,150.0
PWH de Silva,Punjab Kings,1,4,2,25.0
PWH de Silva,Rajasthan Royals,24,21,3,114.29
PWH de Silva,Royal Challengers Bengaluru,1,3,1,33.33
PWH de Silva,Sunrisers Hyderabad,8,19,1,42.11
Pankaj Singh,Deccan Chargers,4,3,1,133.33
Pankaj Singh,Delhi Daredevils,1,1,1,100.0
Pankaj Singh,Kings XI Punjab,1,6,2,16.67
Pankaj Singh,Mumbai Indians,1,2,1,50.0
Parvez Rasool,Chennai Super Kings,2,2,1,100.0
Parvez Rasool,Kolkata Knight Riders,1,4,1,25.0
Parvez Rasool,Mumbai Indians,4,5,1,80.0
Parvez Rasool,Sunrisers Hyderabad,10,9,1,111.11
Prince Yadav,Kolkata Knight Riders,0,1,1,0.0
Prince Yadav,Mumbai Indians,4,9,1,44.44
Prince Yadav,Punjab Kings,1,1,1,100.0
Priyansh Arya,Chennai Super Kings,165,67,3,246.27
Priyansh Arya,Delhi Capitals,175,92,4,190.22
Priyansh Arya,Gujarat Titans,56,33,3,169.7
Priyansh Arya,Kolkata Knight Riders,91,47,2,193.62
Priyansh Arya,Lucknow Super Giants,102,51,4,200.0
Priyansh Arya,Mumbai Indians,119,71,4,167.61
Priyansh Arya,Rajasthan Royals,38,19,3,200.0
Priyansh Arya,Royal Challengers Bengaluru,69,53,5,130.19
Priyansh Arya,Sunrisers Hyderabad,94,36,3,261.11
Q de Kock,Chennai Super Kings,419,321,17,130.53
Q de Kock,Delhi Capitals,350,251,12,139.44
Q de Kock,Delhi Daredevils,18,16,1,112.5
Q de Kock,Gujarat Lions,51,56,2,91.07
Q de Kock,Gujarat Titans,107,75,5,142.67
Q de Kock,Kings XI Punjab,296,223,8,132.74
Q de Kock,Kolkata Knight Riders,455,307,15,148.21
Q de Kock,Lucknow Super Giants,15,9,1,166.67
Q de Kock,Mumbai Indians,142,124,9,114.52
Q de Kock,Pune Warriors,2,8,1,25.0
Q de Kock,Punjab Kings,244,173,6,141.04
Q de Kock,Rajasthan Royals,468,329,12,142.25
Q de Kock,Rising Pune Supergiants,2,8,1,25.0
Q de Kock,Royal Challengers Bengaluru,455,321,13,141.74
Q de Kock,Sunrisers Hyderabad,412,325,15,126.77
R Ashwin,Chennai Super Kings,88,62,7,141.94
R Ashwin,Deccan Chargers,11,12,3,91.67
R Ashwin,Delhi Capitals,100,78,5,128.21
R Ashwin,Delhi Daredevils,33,34,5,97.06
R Ashwin,Gujarat Titans,28,27,5,103.7
R Ashwin,Kings XI Punjab,44,48,9,91.67
R Ashwin,Kolkata Knight Riders,112,98,12,114.29
R Ashwin,Lucknow Super Giants,41,32,3,128.12
R Ashwin,Mumbai Indians,119,116,14,102.59
R Ashwin,Pune Warriors,11,5,1,220.0
R Ashwin,Punjab Kings,28,23,2,121.74
R Ashwin,Rajasthan Royals,66,54,8,122.22
R Ashwin,Royal Challengers Bengaluru,108,71,12,152.11
R Ashwin,Sunrisers Hyderabad,43,44,7,97.73
R Bhatia,Chennai Super Kings,55,53,8,103.77
R Bhatia,Deccan Chargers,4,3,2,133.33
R Bhatia,Delhi Daredevils,66,65,4,101.54
R Bhatia,Gujarat Lions,0,2,1,0.0
R Bhatia,Kings XI Punjab,37,29,5,127.59
R Bhatia,Kochi Tuskers Kerala,11,9,2,122.22
R Bhatia,Kolkata Knight Riders,9,5,3,180.0
R Bhatia,Mumbai Indians,50,43,9,116.28
R Bhatia,Pune Warriors,24,17,3,141.18
R Bhatia,Rajasthan Royals,20,15,2,133.33
R Bhatia,Royal Challengers Bengaluru,58,32,6,181.25
R Bhatia,Sunrisers Hyderabad,8,11,2,72.73
R Bishnoi,Chennai Super Kings,0,1,1,0.0
R Bishnoi,Deccan Chargers,1,2,1,50.0
R Bishnoi,Kings XI Punjab,18,14,1,128.57
R Dhawan,Chennai Super Kings,28,23,2,121.74
R Dhawan,Delhi Capitals,4,13,1,30.77
R Dhawan,Delhi Daredevils,8,5,1,160.0
R Dhawan,Gujarat Titans,1,1,1,100.0
R Dhawan,Kings XI Punjab,14,15,1,93.33
R Dhawan,Kolkata Knight Riders,56,50,4,112.0
R Dhawan,Lucknow Super Giants,21,22,1,95.45
R Dhawan,Mumbai Indians,20,15,2,133.33
R Dhawan,Rajasthan Royals,9,5,3,180.0
R Dhawan,Rising Pune Supergiants,11,4,1,275.0
R Dhawan,Royal Challengers Bengaluru,31,26,3,119.23
R Dhawan,Sunrisers Hyderabad,7,8,2,87.5
R Dravid,Chennai Super Kings,277,256,12,108.2
R Dravid,Deccan Chargers,339,274,11,123.72
R Dravid,Delhi Daredevils,352,294,10,119.73
R Dravid,Kings XI Punjab,200,179,8,111.73
R Dravid,Kochi Tuskers Kerala,45,41,2,109.76
R Dravid,Kolkata Knight Riders,204,185,10,110.27
R Dravid,Mumbai Indians,195,194,11,100.52
R Dravid,Pune Warriors,165,143,5,115.38
R Dravid,Rajasthan Royals,146,91,5,160.44
R Dravid,Royal Challengers Bengaluru,177,152,5,116.45
R Dravid,Sunrisers Hyderabad,73,69,3,105.8
R McLaren,Chennai Super Kings,2,4,2,50.0
R McLaren,Deccan Chargers,22,29,2,75.86
R McLaren,Kings XI Punjab,0,1,1,0.0
R McLaren,Kolkata Knight Riders,0,2,1,0.0
R McLaren,Mumbai Indians,1,3,1,33.33
R McLaren,Pune Warriors,51,43,1,118.6
R McLaren,Rajasthan Royals,13,12,2,108.33
R McLaren,Royal Challengers Bengaluru,70,77,3,90.91
R Minz,Chennai Super Kings,8,12,2,66.67
R Minz,Gujarat Titans,3,6,1,50.0
R Minz,Sunrisers Hyderabad,1,1,1,100.0
R Ninan,Deccan Chargers,3,5,1,60.0
R Parag,Chennai Super Kings,136,113,8,120.35
R Parag,Delhi Capitals,335,237,12,141.35
R Parag,Gujarat Titans,199,134,10,148.51
R Parag,Kings XI Punjab,0,2,1,0.0
R Parag,Kolkata Knight Riders,237,146,9,162.33
R Parag,Lucknow Super Giants,158,117,7,135.04
R Parag,Mumbai Indians,163,107,8,152.34
R Parag,Punjab Kings,224,143,10,156.64
R Parag,Royal Challengers Bengaluru,201,148,9,135.81
R Parag,Sunrisers Hyderabad,220,149,12,147.65
R Powell,Chennai Super Kings,34,31,2,109.68
R Powell,Delhi Capitals,47,36,3,130.56
R Powell,Gujarat Titans,47,32,2,146.88
R Powell,Kolkata Knight Riders,67,35,3,191.43
R Powell,Lucknow Super Giants,79,62,5,127.42
R Powell,Mumbai Indians,87,69,4,126.09
R Powell,Punjab Kings,17,16,3,106.25
R Powell,Rajasthan Royals,61,37,3,164.86
R Powell,Royal Challengers Bengaluru,16,9,2,177.78
R Powell,Sunrisers Hyderabad,100,62,3,161.29
R Rampaul,Chennai Super Kings,0,4,1,0.0
R Rampaul,Delhi Daredevils,12,7,1,171.43
R Rampaul,Kolkata Knight Riders,0,3,1,0.0
R Rampaul,Mumbai Indians,22,17,1,129.41
R Rampaul,Pune Warriors,0,1,1,0.0
R Rampaul,Rajasthan Royals,16,17,2,94.12
R Ravindra,Delhi Capitals,4,17,2,23.53
R Ravindra,Gujarat Titans,47,22,2,213.64
R Ravindra,Kolkata Knight Riders,19,17,2,111.76
R Ravindra,Lucknow Super Giants,37,23,2,160.87
R Ravindra,Mumbai Indians,91,70,3,130.0
R Ravindra,Punjab Kings,36,22,1,163.64
R Ravindra,Rajasthan Royals,27,22,2,122.73
R Ravindra,Royal Challengers Bengaluru,135,82,3,164.63
R Ravindra,Sunrisers Hyderabad,12,9,1,133.33
R Sai Kishore,Chennai Super Kings,3,7,1,42.86
R Sai Kishore,Delhi Capitals,13,6,1,216.67
R Sai Kishore,Lucknow Super Giants,1,2,1,50.0
R Sai Kishore,Mumbai Indians,1,1,1,100.0
R Sanjay Yadav,Sunrisers Hyderabad,0,2,1,0.0
R Sathish,Chennai Super Kings,17,28,5,60.71
R Sathish,Deccan Chargers,3,5,1,60.0
R Sathish,Delhi Daredevils,28,20,2,140.0
R Sathish,Kings XI Punjab,37,26,2,142.31
R Sathish,Kolkata Knight Riders,32,22,2,145.45
R Sathish,Rajasthan Royals,28,27,5,103.7
R Sathish,Rising Pune Supergiants,10,8,1,125.0
R Sathish,Royal Challengers Bengaluru,81,67,4,120.9
R Sathish,Sunrisers Hyderabad,33,27,2,122.22
R Sharma,Chennai Super Kings,1,2,2,50.0
R Sharma,Delhi Daredevils,14,8,1,175.0
R Sharma,Kings XI Punjab,3,7,3,42.86
R Sharma,Kochi Tuskers Kerala,10,9,1,111.11
R Sharma,Mumbai Indians,28,29,4,96.55
R Sharma,Rajasthan Royals,10,9,3,111.11
R Sharma,Royal Challengers Bengaluru,0,9,3,0.0
R Sharma,Sunrisers Hyderabad,0,2,2,0.0
R Shepherd,Chennai Super Kings,48,15,2,320.0
R Shepherd,Delhi Capitals,40,14,2,285.71
R Shepherd,Gujarat Titans,17,15,1,113.33
R Shepherd,Lucknow Super Giants,46,32,4,143.75
R Shepherd,Mumbai Indians,6,12,2,50.0
R Shepherd,Punjab Kings,44,25,3,176.0
R Shepherd,Rajasthan Royals,46,29,2,158.62
R Shepherd,Sunrisers Hyderabad,15,8,3,187.5
R Shukla,Delhi Daredevils,1,2,1,50.0
R Shukla,Rajasthan Royals,14,12,1,116.67
R Shukla,Royal Challengers Bengaluru,2,6,1,33.33
R Shukla,Sunrisers Hyderabad,2,3,1,66.67
R Smaran,Chennai Super Kings,5,2,1,250.0
R Smaran,Gujarat Titans,9,15,1,60.0
R Smaran,Kolkata Knight Riders,4,4,1,100.0
R Smaran,Rajasthan Royals,1,4,1,25.0
R Tewatia,Chennai Super Kings,88,91,10,96.7
R Tewatia,Delhi Capitals,140,117,10,119.66
R Tewatia,Kings XI Punjab,102,72,4,141.67
R Tewatia,Kolkata Knight Riders,136,115,10,118.26
R Tewatia,Lucknow Super Giants,104,78,7,133.33
R Tewatia,Mumbai Indians,120,96,10,125.0
R Tewatia,Punjab Kings,110,70,10,157.14
R Tewatia,Rajasthan Royals,99,47,7,210.64
R Tewatia,Rising Pune Supergiants,4,3,1,133.33
R Tewatia,Royal Challengers Bengaluru,285,178,13,160.11
R Tewatia,Sunrisers Hyderabad,111,71,9,156.34
R Vinay Kumar,Chennai Super Kings,17,11,5,154.55
R Vinay Kumar,Deccan Chargers,37,41,4,90.24
R Vinay Kumar,Delhi Daredevils,35,31,5,112.9
R Vinay Kumar,Gujarat Lions,1,1,1,100.0
R Vinay Kumar,Kings XI Punjab,3,5,3,60.0
R Vinay Kumar,Kolkata Knight Riders,50,50,4,100.0
R Vinay Kumar,Mumbai Indians,75,71,6,105.63
R Vinay Kumar,Pune Warriors,1,1,1,100.0
R Vinay Kumar,Rajasthan Royals,59,36,7,163.89
R Vinay Kumar,Rising Pune Supergiants,12,11,1,109.09
R Vinay Kumar,Royal Challengers Bengaluru,13,11,3,118.18
R Vinay Kumar,Sunrisers Hyderabad,7,5,2,140.0
RA Bawa,Kolkata Knight Riders,11,13,1,84.62
RA Bawa,Punjab Kings,8,4,1,200.0
RA Bawa,Royal Challengers Bengaluru,16,15,2,106.67
RA Jadeja,Chennai Super Kings,99,72,5,137.5
RA Jadeja,Deccan Chargers,107,113,6,94.69
RA Jadeja,Delhi Capitals,181,108,10,167.59
RA Jadeja,Delhi Daredevils,275,211,16,130.33
RA Jadeja,Gujarat Titans,196,134,10,146.27
RA Jadeja,Kings XI Punjab,272,213,15,127.7
RA Jadeja,Kolkata Knight Riders,482,358,29,134.64
RA Jadeja,Lucknow Super Giants,143,114,6,125.44
RA Jadeja,Mumbai Indians,398,323,26,123.22
RA Jadeja,Pune Warriors,124,83,4,149.4
RA Jadeja,Punjab Kings,119,93,8,127.96
RA Jadeja,Rajasthan Royals,277,215,18,128.84
RA Jadeja,Rising Pune Supergiants,22,20,3,110.0
RA Jadeja,Royal Challengers Bengaluru,476,364,28,130.77
RA Jadeja,Sunrisers Hyderabad,338,264,21,128.03
RA Tripathi,Chennai Super Kings,245,173,11,141.62
RA Tripathi,Delhi Capitals,136,106,8,128.3
RA Tripathi,Delhi Daredevils,41,30,4,136.67
RA Tripathi,Gujarat Lions,39,24,2,162.5
RA Tripathi,Gujarat Titans,34,23,3,147.83
RA Tripathi,Kings XI Punjab,101,96,6,105.21
RA Tripathi,Kolkata Knight Riders,400,272,14,147.06
RA Tripathi,Lucknow Super Giants,107,94,4,113.83
RA Tripathi,Mumbai Indians,229,159,11,144.03
RA Tripathi,Punjab Kings,241,177,7,136.16
RA Tripathi,Rajasthan Royals,203,142,8,142.96
RA Tripathi,Royal Challengers Bengaluru,328,243,13,134.98
RA Tripathi,Sunrisers Hyderabad,164,116,7,141.38
RD Chahar,Chennai Super Kings,30,25,5,120.0
RD Chahar,Delhi Capitals,43,42,3,102.38
RD Chahar,Gujarat Lions,3,2,1,150.0
RD Chahar,Gujarat Titans,22,14,1,157.14
RD Chahar,Kings XI Punjab,1,1,1,100.0
RD Chahar,Kolkata Knight Riders,9,10,3,90.0
RD Chahar,Lucknow Super Giants,4,5,2,80.0
RD Chahar,Royal Challengers Bengaluru,7,8,3,87.5
RD Chahar,Sunrisers Hyderabad,10,17,3,58.82
RD Gaikwad,Delhi Capitals,263,218,11,120.64
RD Gaikwad,Gujarat Titans,440,312,9,141.03
RD Gaikwad,Kings XI Punjab,62,49,1,126.53
RD Gaikwad,Kolkata Knight Riders,332,248,9,133.87
RD Gaikwad,Lucknow Super Giants,238,145,6,164.14
RD Gaikwad,Mumbai Indians,376,252,11,149.21
RD Gaikwad,Punjab Kings,204,185,9,110.27
RD Gaikwad,Rajasthan Royals,279,215,9,129.77
RD Gaikwad,Royal Challengers Bengaluru,205,168,10,122.02
RD Gaikwad,Sunrisers Hyderabad,428,291,9,147.08
RD Rickelton,Chennai Super Kings,74,50,3,148.0
RD Rickelton,Delhi Capitals,75,54,3,138.89
RD Rickelton,Gujarat Titans,8,11,2,72.73
RD Rickelton,Kolkata Knight Riders,149,90,3,165.56
RD Rickelton,Lucknow Super Giants,151,69,3,218.84
RD Rickelton,Punjab Kings,77,51,3,150.98
RD Rickelton,Rajasthan Royals,81,49,3,165.31
RD Rickelton,Royal Challengers Bengaluru,56,36,3,155.56
RD Rickelton,Sunrisers Hyderabad,165,85,3,194.12
RE Levi,Chennai Super Kings,50,35,1,142.86
RE Levi,Deccan Chargers,3,10,2,30.0
RE Levi,Delhi Daredevils,1,4,1,25.0
RE Levi,Pune Warriors,0,2,1,0.0
RE Levi,Rajasthan Royals,29,22,1,131.82
RE van der Merwe,Chennai Super Kings,19,27,3,70.37
RE van der Merwe,Deccan Chargers,55,39,2,141.03
RE van der Merwe,Kings XI Punjab,43,28,2,153.57
RE van der Merwe,Kochi Tuskers Kerala,4,7,2,57.14
RE van der Merwe,Kolkata Knight Riders,10,11,2,90.91
RE van der Merwe,Mumbai Indians,11,10,2,110.0
RE van der Merwe,Rajasthan Royals,17,19,2,89.47
RG More,Kolkata Knight Riders,2,2,1,100.0
RG Sharma,Chennai Super Kings,972,741,36,131.17
RG Sharma,Deccan Chargers,175,138,4,126.81
RG Sharma,Delhi Capitals,385,305,15,126.23
RG Sharma,Delhi Daredevils,701,516,23,135.85
RG Sharma,Gujarat Lions,82,68,4,120.59
RG Sharma,Gujarat Titans,221,152,8,145.39
RG Sharma,Kings XI Punjab,666,471,24,141.4
RG Sharma,Kolkata Knight Riders,1164,892,36,130.49
RG Sharma,Lucknow Super Giants,261,165,8,158.18
RG Sharma,Mumbai Indians,103,92,5,111.96
RG Sharma,Pune Warriors,129,121,6,106.61
RG Sharma,Punjab Kings,236,188,9,125.53
RG Sharma,Rajasthan Royals,605,486,31,124.49
RG Sharma,Rising Pune Supergiants,178,135,6,131.85
RG Sharma,Royal Challengers Bengaluru,883,637,35,138.62
RG Sharma,Sunrisers Hyderabad,525,390,25,134.62
RJ Gleeson,Punjab Kings,2,2,1,100.0
RJ Harris,Chennai Super Kings,16,14,3,114.29
RJ Harris,Deccan Chargers,0,1,1,0.0
RJ Harris,Delhi Daredevils,18,9,3,200.0
RJ Harris,Kings XI Punjab,2,2,1,100.0
RJ Harris,Mumbai Indians,25,20,4,125.0
RJ Harris,Pune Warriors,4,4,1,100.0
RJ Harris,Rajasthan Royals,6,10,3,60.0
RJ Harris,Royal Challengers Bengaluru,45,51,5,88.24
RJ Peterson,Chennai Super Kings,0,2,1,0.0
RJ Peterson,Deccan Chargers,1,5,1,20.0
RJ Peterson,Delhi Daredevils,2,2,1,100.0
RJ Peterson,Kings XI Punjab,16,7,1,228.57
RJ Peterson,Pune Warriors,13,14,1,92.86
RJ Quiney,Chennai Super Kings,28,31,1,90.32
RJ Quiney,Delhi Daredevils,10,19,2,52.63
RJ Quiney,Kings XI Punjab,7,8,1,87.5
RJ Quiney,Kolkata Knight Riders,7,4,2,175.0
RJ Quiney,Mumbai Indians,51,40,1,127.5
RJW Topley,Lucknow Super Giants,3,6,1,50.0
RK Bhui,Chennai Super Kings,0,5,1,0.0
RK Bhui,Delhi Capitals,7,12,1,58.33
RK Bhui,Punjab Kings,3,7,1,42.86
RK Bhui,Rajasthan Royals,0,2,1,0.0
RK Singh,Chennai Super Kings,173,150,9,115.33
RK Singh,Delhi Capitals,101,68,6,148.53
RK Singh,Gujarat Titans,120,85,5,141.18
RK Singh,Lucknow Super Giants,258,143,7,180.42
RK Singh,Mumbai Indians,138,105,9,131.43
RK Singh,Punjab Kings,32,27,4,118.52
RK Singh,Rajasthan Royals,153,93,6,164.52
RK Singh,Royal Challengers Bengaluru,153,107,7,142.99
RK Singh,Sunrisers Hyderabad,254,170,9,149.41
RM Patidar,Chennai Super Kings,172,107,6,160.75
RM Patidar,Delhi Capitals,122,87,5,140.23
RM Patidar,Gujarat Titans,201,113,7,177.88
RM Patidar,Kolkata Knight Riders,101,53,5,190.57
RM Patidar,Lucknow Super Giants,242,125,5,193.6
RM Patidar,Mumbai Indians,183,94,5,194.68
RM Patidar,Punjab Kings,206,147,8,140.14
RM Patidar,Rajasthan Royals,172,123,5,139.84
RM Patidar,Sunrisers Hyderabad,211,129,6,163.57
RN ten Doeschate,Chennai Super Kings,38,28,1,135.71
RN ten Doeschate,Delhi Daredevils,22,14,2,157.14
RN ten Doeschate,Kings XI Punjab,32,28,4,114.29
RN ten Doeschate,Mumbai Indians,88,61,2,144.26
RN ten Doeschate,Pune Warriors,73,51,2,143.14
RN ten Doeschate,Rajasthan Royals,7,4,2,175.0
RN ten Doeschate,Royal Challengers Bengaluru,32,21,4,152.38
RN ten Doeschate,Sunrisers Hyderabad,34,28,4,121.43
RP Meredith,Gujarat Titans,0,2,1,0.0
RP Meredith,Kolkata Knight Riders,0,1,1,0.0
RP Singh,Chennai Super Kings,14,15,5,93.33
RP Singh,Deccan Chargers,0,1,1,0.0
RP Singh,Delhi Daredevils,6,14,7,42.86
RP Singh,Kings XI Punjab,6,6,3,100.0
RP Singh,Kolkata Knight Riders,10,11,3,90.91
RP Singh,Mumbai Indians,8,12,3,66.67
RP Singh,Pune Warriors,0,1,1,0.0
RP Singh,Rajasthan Royals,7,13,4,53.85
RP Singh,Royal Challengers Bengaluru,1,3,1,33.33
RR Bhatkal,Chennai Super Kings,0,2,1,0.0
RR Pant,Chennai Super Kings,452,299,13,151.17
RR Pant,Delhi Capitals,7,17,3,41.18
RR Pant,Gujarat Lions,190,102,4,186.27
RR Pant,Gujarat Titans,202,118,6,171.19
RR Pant,Kings XI Punjab,146,122,9,119.67
RR Pant,Kolkata Knight Riders,443,311,18,142.44
RR Pant,Lucknow Super Giants,157,113,4,138.94
RR Pant,Mumbai Indians,423,306,19,138.24
RR Pant,Punjab Kings,142,109,8,130.28
RR Pant,Rajasthan Royals,434,283,14,153.36
RR Pant,Rising Pune Supergiants,73,61,4,119.67
RR Pant,Royal Challengers Bengaluru,565,355,15,159.15
RR Pant,Sunrisers Hyderabad,629,439,19,143.28
RR Powar,Chennai Super Kings,37,27,3,137.04
RR Powar,Delhi Daredevils,3,8,2,37.5
RR Powar,Kolkata Knight Riders,3,6,1,50.0
RR Powar,Mumbai Indians,10,10,1,100.0
RR Powar,Rajasthan Royals,6,7,1,85.71
RR Powar,Royal Challengers Bengaluru,8,6,1,133.33
RR Raje,Deccan Chargers,12,9,2,133.33
RR Raje,Delhi Daredevils,7,7,2,100.0
RR Raje,Rajasthan Royals,1,2,1,50.0
RR Rossouw,Chennai Super Kings,93,77,6,120.78
RR Rossouw,Gujarat Titans,17,14,3,121.43
RR Rossouw,Kolkata Knight Riders,26,16,1,162.5
RR Rossouw,Lucknow Super Giants,30,20,1,150.0
RR Rossouw,Mumbai Indians,25,18,3,138.89
RR Rossouw,Punjab Kings,87,42,2,207.14
RR Rossouw,Rajasthan Royals,36,25,2,144.0
RR Rossouw,Royal Challengers Bengaluru,94,48,2,195.83
RR Rossouw,Sunrisers Hyderabad,63,46,2,136.96
RR Sarwan,Chennai Super Kings,20,22,1,90.91
RR Sarwan,Deccan Chargers,15,15,1,100.0
RR Sarwan,Mumbai Indians,7,9,1,77.78
RR Sarwan,Royal Challengers Bengaluru,31,29,1,106.9
RS Bopara,Chennai Super Kings,23,23,2,100.0
RS Bopara,Deccan Chargers,38,32,1,118.75
RS Bopara,Delhi Daredevils,136,105,4,129.52
RS Bopara,Kings XI Punjab,0,2,1,0.0
RS Bopara,Kolkata Knight Riders,17,21,3,80.95
RS Bopara,Mumbai Indians,30,45,3,66.67
RS Bopara,Rajasthan Royals,84,83,5,101.2
RS Bopara,Royal Challengers Bengaluru,203,142,3,142.96
RS Gavaskar,Chennai Super Kings,2,8,1,25.0
RS Sodhi,Mumbai Indians,4,2,1,200.0
RT Ponting,Chennai Super Kings,6,11,2,54.55
RT Ponting,Deccan Chargers,0,1,1,0.0
RT Ponting,Delhi Daredevils,0,6,1,0.0
RT Ponting,Mumbai Indians,19,31,1,61.29
RT Ponting,Pune Warriors,14,17,1,82.35
RT Ponting,Rajasthan Royals,4,9,1,44.44
RT Ponting,Royal Challengers Bengaluru,48,53,2,90.57
RV Gomez,Deccan Chargers,0,1,1,0.0
RV Gomez,Delhi Daredevils,4,1,1,400.0
RV Gomez,Kings XI Punjab,2,3,1,66.67
RV Gomez,Kolkata Knight Riders,11,11,2,100.0
RV Gomez,Pune Warriors,26,18,1,144.44
RV Gomez,Rajasthan Royals,0,1,1,0.0
RV Gomez,Royal Challengers Bengaluru,7,16,2,43.75
RV Patel,Chennai Super Kings,34,39,3,87.18
RV Patel,Gujarat Titans,23,13,1,176.92
RV Patel,Royal Challengers Bengaluru,7,7,1,100.0
RV Patel,Sunrisers Hyderabad,16,14,2,114.29
RV Uthappa,Chennai Super Kings,546,413,22,132.2
RV Uthappa,Deccan Chargers,137,131,10,104.58
RV Uthappa,Delhi Capitals,155,129,6,120.16
RV Uthappa,Delhi Daredevils,585,463,21,126.35
RV Uthappa,Gujarat Lions,111,77,3,144.16
RV Uthappa,Gujarat Titans,3,10,1,30.0
RV Uthappa,Kings XI Punjab,754,547,28,137.84
RV Uthappa,Kochi Tuskers Kerala,31,13,1,238.46
RV Uthappa,Kolkata Knight Riders,283,234,14,120.94
RV Uthappa,Lucknow Super Giants,50,27,1,185.19
RV Uthappa,Mumbai Indians,591,476,26,124.16
RV Uthappa,Punjab Kings,16,23,3,69.57
RV Uthappa,Rajasthan Royals,379,308,17,123.05
RV Uthappa,Rising Pune Supergiants,91,49,3,185.71
RV Uthappa,Royal Challengers Bengaluru,686,494,22,138.87
RV Uthappa,Sunrisers Hyderabad,524,390,19,134.36
Rahmanullah Gurbaz,Chennai Super Kings,12,13,2,92.31
Rahmanullah Gurbaz,Delhi Capitals,26,12,1,216.67
Rahmanullah Gurbaz,Gujarat Titans,97,55,3,176.36
Rahmanullah Gurbaz,Lucknow Super Giants,10,15,1,66.67
Rahmanullah Gurbaz,Mumbai Indians,8,12,1,66.67
Rahmanullah Gurbaz,Punjab Kings,38,31,3,122.58
Rahmanullah Gurbaz,Rajasthan Royals,53,37,2,143.24
Rahmanullah Gurbaz,Royal Challengers Bengaluru,51,43,1,118.6
Rahmanullah Gurbaz,Sunrisers Hyderabad,62,50,4,124.0
Ramandeep Singh,Chennai Super Kings,52,39,3,133.33
Ramandeep Singh,Delhi Capitals,15,7,2,214.29
Ramandeep Singh,Gujarat Titans,18,10,2,180.0
Ramandeep Singh,Kolkata Knight Riders,12,16,1,75.0
Ramandeep Singh,Lucknow Super Giants,32,19,3,168.42
Ramandeep Singh,Mumbai Indians,45,28,4,160.71
Ramandeep Singh,Punjab Kings,6,4,2,150.0
Ramandeep Singh,Rajasthan Royals,11,14,2,78.57
Ramandeep Singh,Royal Challengers Bengaluru,36,30,3,120.0
Ramandeep Singh,Sunrisers Hyderabad,66,36,4,183.33
Rashid Khan,Chennai Super Kings,141,77,9,183.12
Rashid Khan,Delhi Capitals,87,65,9,133.85
Rashid Khan,Kings XI Punjab,7,4,3,175.0
Rashid Khan,Kolkata Knight Riders,43,20,5,215.0
Rashid Khan,Lucknow Super Giants,8,9,3,88.89
Rashid Khan,Mumbai Indians,123,82,16,150.0
Rashid Khan,Punjab Kings,6,9,4,66.67
Rashid Khan,Rajasthan Royals,90,52,8,173.08
Rashid Khan,Rising Pune Supergiants,3,4,1,75.0
Rashid Khan,Royal Challengers Bengaluru,87,64,10,135.94
Rashid Khan,Sunrisers Hyderabad,31,14,4,221.43
Rasikh Salam,Delhi Capitals,12,10,2,120.0
Rasikh Salam,Kolkata Knight Riders,9,15,2,60.0
Rasikh Salam,Mumbai Indians,3,2,1,150.0
Rasikh Salam,Rajasthan Royals,9,3,1,300.0
Rasikh Salam,Royal Challengers Bengaluru,10,12,1,83.33
Ravi Bishnoi,Delhi Capitals,2,4,2,50.0
Ravi Bishnoi,Gujarat Titans,4,6,2,66.67
Ravi Bishnoi,Kolkata Knight Riders,5,11,4,45.45
Ravi Bishnoi,Mumbai Indians,17,25,3,68.0
Ravi Bishnoi,Punjab Kings,3,2,2,150.0
Ravi Bishnoi,Royal Challengers Bengaluru,8,13,3,61.54
Ravi Bishnoi,Sunrisers Hyderabad,6,8,2,75.0
Ravi Singh,Delhi Capitals,4,2,1,200.0
S Anirudha,Deccan Chargers,28,24,3,116.67
S Anirudha,Kings XI Punjab,1,2,2,50.0
S Anirudha,Kolkata Knight Riders,67,60,2,111.67
S Anirudha,Mumbai Indians,15,12,2,125.0
S Anirudha,Pune Warriors,7,9,2,77.78
S Anirudha,Rajasthan Royals,18,5,1,360.0
S Aravind,Chennai Super Kings,0,1,1,0.0
S Aravind,Deccan Chargers,2,3,1,66.67
S Aravind,Gujarat Lions,9,16,1,56.25
S Aravind,Kings XI Punjab,15,11,2,136.36
S Aravind,Kolkata Knight Riders,5,4,1,125.0
S Aravind,Rajasthan Royals,14,8,1,175.0
S Aravind,Rising Pune Supergiants,14,12,2,116.67
S Aravind,Sunrisers Hyderabad,0,2,1,0.0
S Arora,Chennai Super Kings,23,17,2,135.29
S Arora,Gujarat Titans,16,13,1,123.08
S Arora,Kolkata Knight Riders,2,7,2,28.57
S Arora,Mumbai Indians,30,10,1,300.0
S Arora,Punjab Kings,9,8,1,112.5
S Arora,Rajasthan Royals,32,16,2,200.0
S Arora,Royal Challengers Bengaluru,9,6,1,150.0
S Badree,Gujarat Lions,3,3,1,100.0
S Badree,Kings XI Punjab,8,9,1,88.89
S Badree,Kolkata Knight Riders,0,3,1,0.0
S Badree,Rising Pune Supergiants,2,8,2,25.0
S Badrinath,Deccan Chargers,87,95,8,91.58
S Badrinath,Delhi Daredevils,182,153,8,118.95
S Badrinath,Kings XI Punjab,245,183,8,133.88
S Badrinath,Kochi Tuskers Kerala,32,27,2,118.52
S Badrinath,Kolkata Knight Riders,103,87,3,118.39
S Badrinath,Mumbai Indians,321,262,14,122.52
S Badrinath,Pune Warriors,199,156,5,127.56
S Badrinath,Rajasthan Royals,154,136,8,113.24
S Badrinath,Royal Challengers Bengaluru,115,109,9,105.5
S Chanderpaul,Kolkata Knight Riders,7,11,1,63.64
S Chanderpaul,Mumbai Indians,16,11,1,145.45
S Chanderpaul,Rajasthan Royals,2,9,1,22.22
S Dhawan,Chennai Super Kings,1053,798,29,131.95
S Dhawan,Deccan Chargers,118,112,5,105.36
S Dhawan,Delhi Capitals,56,47,5,119.15
S Dhawan,Delhi Daredevils,522,366,15,142.62
S Dhawan,Gujarat Lions,127,105,5,120.95
S Dhawan,Gujarat Titans,106,93,4,113.98
S Dhawan,Kings XI Punjab,725,546,24,132.78
S Dhawan,Kochi Tuskers Kerala,4,9,1,44.44
S Dhawan,Kolkata Knight Riders,901,763,31,118.09
S Dhawan,Lucknow Super Giants,76,67,3,113.43
S Dhawan,Mumbai Indians,899,700,28,128.43
S Dhawan,Pune Warriors,81,71,4,114.08
S Dhawan,Punjab Kings,161,96,2,167.71
S Dhawan,Rajasthan Royals,677,520,24,130.19
S Dhawan,Rising Pune Supergiants,138,121,4,114.05
S Dhawan,Royal Challengers Bengaluru,718,581,25,123.58
S Dhawan,Sunrisers Hyderabad,374,309,12,121.04
S Dube,Chennai Super Kings,105,81,4,129.63
S Dube,Delhi Capitals,188,127,10,148.03
S Dube,Gujarat Titans,229,139,10,164.75
S Dube,Kings XI Punjab,35,31,2,112.9
S Dube,Kolkata Knight Riders,258,198,9,130.3
S Dube,Lucknow Super Giants,229,140,7,163.57
S Dube,Mumbai Indians,283,212,13,133.49
S Dube,Punjab Kings,207,130,9,159.23
S Dube,Rajasthan Royals,141,99,6,142.42
S Dube,Royal Challengers Bengaluru,273,178,8,153.37
S Dube,Sunrisers Hyderabad,166,125,9,132.8
S Gopal,Chennai Super Kings,27,20,3,135.0
S Gopal,Delhi Capitals,29,32,4,90.62
S Gopal,Delhi Daredevils,11,10,1,110.0
S Gopal,Kings XI Punjab,25,18,3,138.89
S Gopal,Kolkata Knight Riders,46,40,4,115.0
S Gopal,Mumbai Indians,14,10,3,140.0
S Gopal,Rajasthan Royals,1,1,1,100.0
S Gopal,Rising Pune Supergiants,2,16,1,12.5
S Gopal,Royal Challengers Bengaluru,7,4,1,175.0
S Gopal,Sunrisers Hyderabad,18,18,1,100.0
S Kaul,Chennai Super Kings,7,9,1,77.78
S Kaul,Kolkata Knight Riders,7,5,1,140.0
S Kaul,Mumbai Indians,3,17,4,17.65
S Kaul,Rajasthan Royals,2,2,1,100.0
S Kaul,Rising Pune Supergiants,0,2,1,0.0
S Kaul,Royal Challengers Bengaluru,1,1,1,100.0
S Kaushik,Royal Challengers Bengaluru,0,1,1,0.0
S Ladda,Deccan Chargers,0,1,1,0.0
S Ladda,Mumbai Indians,0,8,1,0.0
S Lamichhane,Kings XI Punjab,0,1,1,0.0
S Nadeem,Chennai Super Kings,10,20,3,50.0
S Nadeem,Delhi Capitals,2,3,1,66.67
S Nadeem,Kings XI Punjab,3,8,2,37.5
S Nadeem,Kolkata Knight Riders,10,18,3,55.56
S Nadeem,Mumbai Indians,3,9,3,33.33
S Nadeem,Pune Warriors,6,5,1,120.0
S Nadeem,Rajasthan Royals,1,4,1,25.0
S Nadeem,Royal Challengers Bengaluru,4,16,4,25.0
S Nadeem,Sunrisers Hyderabad,0,4,2,0.0
S Narwal,Chennai Super Kings,2,2,1,100.0
S Narwal,Delhi Daredevils,35,24,2,145.83
S Narwal,Royal Challengers Bengaluru,0,1,1,0.0
S Rana,Chennai Super Kings,6,8,2,75.0
S Rana,Delhi Daredevils,15,14,1,107.14
S Rana,Kings XI Punjab,18,16,1,112.5
S Rana,Kolkata Knight Riders,33,26,2,126.92
S Rana,Rajasthan Royals,3,8,1,37.5
S Rana,Sunrisers Hyderabad,12,7,1,171.43
S Randiv,Mumbai Indians,2,4,1,50.0
S Sohal,Chennai Super Kings,61,41,3,148.78
S Sohal,Deccan Chargers,39,29,2,134.48
S Sohal,Delhi Daredevils,65,53,2,122.64
S Sohal,Kings XI Punjab,7,5,1,140.0
S Sohal,Kochi Tuskers Kerala,1,4,1,25.0
S Sohal,Kolkata Knight Riders,51,37,2,137.84
S Sohal,Mumbai Indians,68,50,4,136.0
S Sohal,Pune Warriors,34,29,2,117.24
S Sohal,Rajasthan Royals,4,5,2,80.0
S Sohal,Royal Challengers Bengaluru,38,36,1,105.56
S Sreesanth,Chennai Super Kings,0,2,1,0.0
S Sreesanth,Deccan Chargers,12,6,2,200.0
S Sreesanth,Delhi Daredevils,15,16,2,93.75
S Sreesanth,Kolkata Knight Riders,1,2,1,50.0
S Sreesanth,Mumbai Indians,1,11,2,9.09
S Sreesanth,Pune Warriors,1,6,1,16.67
S Sreesanth,Rajasthan Royals,4,10,2,40.0
S Sreesanth,Royal Challengers Bengaluru,0,2,1,0.0
S Sriram,Kings XI Punjab,4,7,1,57.14
S Sriram,Kolkata Knight Riders,27,29,1,93.1
S Tyagi,Deccan Chargers,3,4,1,75.0
S Vidyut,Delhi Daredevils,94,60,2,156.67
S Vidyut,Kings XI Punjab,14,11,2,127.27
S Vidyut,Mumbai Indians,16,11,1,145.45
S Vidyut,Rajasthan Royals,21,24,2,87.5
S Vidyut,Royal Challengers Bengaluru,0,3,1,0.0
SA Abbott,Delhi Capitals,7,5,1,140.0
SA Abbott,Kolkata Knight Riders,1,4,1,25.0
SA Abbott,Sunrisers Hyderabad,14,9,1,155.56
SA Asnodkar,Chennai Super Kings,137,108,5,126.85
SA Asnodkar,Deccan Chargers,44,40,2,110.0
SA Asnodkar,Delhi Daredevils,55,33,3,166.67
SA Asnodkar,Kings XI Punjab,12,13,2,92.31
SA Asnodkar,Kolkata Knight Riders,69,43,3,160.47
SA Asnodkar,Mumbai Indians,56,54,2,103.7
SA Asnodkar,Royal Challengers Bengaluru,50,46,2,108.7
SA Yadav,Chennai Super Kings,494,390,19,126.67
SA Yadav,Delhi Capitals,410,298,14,137.58
SA Yadav,Delhi Daredevils,126,81,7,155.56
SA Yadav,Gujarat Lions,22,27,3,81.48
SA Yadav,Gujarat Titans,331,192,8,172.4
SA Yadav,Kings XI Punjab,228,154,12,148.05
SA Yadav,Kolkata Knight Riders,505,327,15,154.43
SA Yadav,Lucknow Super Giants,227,150,9,151.33
SA Yadav,Mumbai Indians,143,88,7,162.5
SA Yadav,Pune Warriors,0,4,1,0.0
SA Yadav,Punjab Kings,378,233,9,162.23
SA Yadav,Rajasthan Royals,574,391,17,146.8
SA Yadav,Rising Pune Supergiants,90,65,2,138.46
SA Yadav,Royal Challengers Bengaluru,529,345,21,153.33
SA Yadav,Sunrisers Hyderabad,505,327,20,154.43
SB Bangar,Delhi Daredevils,8,14,1,57.14
SB Bangar,Kings XI Punjab,3,8,1,37.5
SB Bangar,Kolkata Knight Riders,16,14,2,114.29
SB Bangar,Rajasthan Royals,5,15,2,33.33
SB Bangar,Royal Challengers Bengaluru,17,7,1,242.86
SB Dubey,Chennai Super Kings,0,1,1,0.0
SB Dubey,Delhi Capitals,36,27,3,133.33
SB Dubey,Gujarat Titans,16,17,2,94.12
SB Dubey,Kolkata Knight Riders,34,26,2,130.77
SB Dubey,Lucknow Super Giants,22,14,2,157.14
SB Dubey,Mumbai Indians,28,21,3,133.33
SB Dubey,Punjab Kings,38,19,2,200.0
SB Dubey,Royal Challengers Bengaluru,12,7,1,171.43
SB Dubey,Sunrisers Hyderabad,33,10,1,330.0
SB Jakati,Delhi Daredevils,14,10,2,140.0
SB Jakati,Mumbai Indians,6,10,1,60.0
SB Jakati,Royal Challengers Bengaluru,8,9,2,88.89
SB Joshi,Kolkata Knight Riders,3,6,1,50.0
SB Joshi,Rajasthan Royals,3,8,1,37.5
SB Styris,Chennai Super Kings,56,61,2,91.8
SB Styris,Delhi Daredevils,29,28,1,103.57
SB Styris,Kings XI Punjab,1,2,1,50.0
SB Styris,Kolkata Knight Riders,16,19,3,84.21
SB Styris,Rajasthan Royals,13,11,1,118.18
SB Styris,Royal Challengers Bengaluru,16,11,2,145.45
SB Wagh,Mumbai Indians,2,3,2,66.67
SC Ganguly,Chennai Super Kings,79,115,7,68.7
SC Ganguly,Deccan Chargers,327,292,10,111.99
SC Ganguly,Delhi Daredevils,154,142,6,108.45
SC Ganguly,Kings XI Punjab,235,174,7,135.06
SC Ganguly,Kolkata Knight Riders,59,65,3,90.77
SC Ganguly,Mumbai Indians,145,153,8,94.77
SC Ganguly,Rajasthan Royals,247,206,8,119.9
SC Ganguly,Royal Challengers Bengaluru,97,110,7,88.18
SD Chitnis,Chennai Super Kings,11,12,1,91.67
SD Chitnis,Deccan Chargers,17,18,2,94.44
SD Chitnis,Delhi Daredevils,41,36,2,113.89
SD Chitnis,Kings XI Punjab,9,5,1,180.0
SD Chitnis,Mumbai Indians,6,8,1,75.0
SD Chitnis,Pune Warriors,9,9,1,100.0
SD Hope,Gujarat Titans,24,16,2,150.0
SD Hope,Kolkata Knight Riders,6,3,1,200.0
SD Hope,Lucknow Super Giants,49,37,2,132.43
SD Hope,Mumbai Indians,41,17,1,241.18
SD Hope,Punjab Kings,33,25,1,132.0
SD Hope,Rajasthan Royals,1,1,1,100.0
SD Hope,Royal Challengers Bengaluru,29,23,1,126.09
SD Lad,Kings XI Punjab,15,13,1,115.38
SE Bond,Chennai Super Kings,1,2,1,50.0
SE Marsh,Chennai Super Kings,296,209,7,141.63
SE Marsh,Deccan Chargers,190,144,6,131.94
SE Marsh,Delhi Daredevils,215,157,7,136.94
SE Marsh,Gujarat Lions,89,70,3,127.14
SE Marsh,Kochi Tuskers Kerala,42,30,1,140.0
SE Marsh,Kolkata Knight Riders,186,157,7,118.47
SE Marsh,Mumbai Indians,520,396,12,131.31
SE Marsh,Pune Warriors,97,85,3,114.12
SE Marsh,Rajasthan Royals,415,286,7,145.1
SE Marsh,Rising Pune Supergiants,14,19,2,73.68
SE Marsh,Royal Challengers Bengaluru,266,206,10,129.13
SE Marsh,Sunrisers Hyderabad,143,107,4,133.64
SE Rutherford,Chennai Super Kings,12,21,4,57.14
SE Rutherford,Delhi Capitals,47,40,2,117.5
SE Rutherford,Gujarat Titans,1,2,1,50.0
SE Rutherford,Kings XI Punjab,2,2,1,100.0
SE Rutherford,Kolkata Knight Riders,28,40,1,70.0
SE Rutherford,Lucknow Super Giants,60,41,2,146.34
SE Rutherford,Mumbai Indians,70,41,3,170.73
SE Rutherford,Punjab Kings,67,54,3,124.07
SE Rutherford,Rajasthan Royals,59,32,5,184.38
SE Rutherford,Royal Challengers Bengaluru,129,61,3,211.48
SE Rutherford,Sunrisers Hyderabad,44,28,2,157.14
SH Johnson,Chennai Super Kings,5,5,1,100.0
SH Johnson,Delhi Capitals,1,1,1,100.0
SH Johnson,Gujarat Titans,0,1,1,0.0
SH Johnson,Lucknow Super Giants,0,1,1,0.0
SH Johnson,Mumbai Indians,1,3,1,33.33
SH Johnson,Royal Challengers Bengaluru,1,1,1,100.0
SJ Srivastava,Mumbai Indians,4,3,2,133.33
SJ Srivastava,Pune Warriors,1,1,1,100.0
SJ Srivastava,Rajasthan Royals,0,1,1,0.0
SK Raina,Deccan Chargers,310,222,10,139.64
SK Raina,Delhi Capitals,154,102,4,150.98
SK Raina,Delhi Daredevils,507,388,22,130.67
SK Raina,Kings XI Punjab,817,537,23,152.14
SK Raina,Kochi Tuskers Kerala,69,53,2,130.19
SK Raina,Kolkata Knight Riders,829,606,23,136.8
SK Raina,Mumbai Indians,820,586,34,139.93
SK Raina,Pune Warriors,126,109,6,115.6
SK Raina,Punjab Kings,8,9,1,88.89
SK Raina,Rajasthan Royals,629,466,23,134.98
SK Raina,Rising Pune Supergiants,101,82,4,123.17
SK Raina,Royal Challengers Bengaluru,692,540,29,128.15
SK Raina,Sunrisers Hyderabad,451,325,19,138.77
SK Rasheed,Lucknow Super Giants,27,19,1,142.11
SK Rasheed,Mumbai Indians,19,20,1,95.0
SK Rasheed,Punjab Kings,11,12,1,91.67
SK Rasheed,Royal Challengers Bengaluru,14,11,1,127.27
SK Rasheed,Sunrisers Hyderabad,0,1,1,0.0
SK Trivedi,Chennai Super Kings,2,3,1,66.67
SK Trivedi,Deccan Chargers,10,11,2,90.91
SK Trivedi,Delhi Daredevils,17,23,4,73.91
SK Trivedi,Kolkata Knight Riders,4,4,2,100.0
SK Trivedi,Mumbai Indians,6,9,2,66.67
SK Trivedi,Royal Challengers Bengaluru,3,7,2,42.86
SK Trivedi,Sunrisers Hyderabad,0,1,1,0.0
SK Warne,Chennai Super Kings,33,31,4,106.45
SK Warne,Deccan Chargers,43,30,4,143.33
SK Warne,Delhi Daredevils,31,32,6,96.88
SK Warne,Kings XI Punjab,39,36,2,108.33
SK Warne,Kochi Tuskers Kerala,2,9,1,22.22
SK Warne,Kolkata Knight Riders,34,51,6,66.67
SK Warne,Mumbai Indians,8,8,2,100.0
SK Warne,Royal Challengers Bengaluru,7,16,2,43.75
SL Malinga,Chennai Super Kings,18,22,5,81.82
SL Malinga,Delhi Daredevils,17,23,2,73.91
SL Malinga,Gujarat Lions,0,1,1,0.0
SL Malinga,Kings XI Punjab,1,1,1,100.0
SL Malinga,Kolkata Knight Riders,8,6,1,133.33
SL Malinga,Pune Warriors,19,17,2,111.76
SL Malinga,Rajasthan Royals,9,17,4,52.94
SL Malinga,Rising Pune Supergiants,7,2,1,350.0
SL Malinga,Royal Challengers Bengaluru,9,10,3,90.0
SM Curran,Chennai Super Kings,64,57,5,112.28
SM Curran,Delhi Capitals,149,110,8,135.45
SM Curran,Gujarat Titans,47,49,3,95.92
SM Curran,Kolkata Knight Riders,119,79,6,150.63
SM Curran,Lucknow Super Giants,23,17,3,135.29
SM Curran,Mumbai Indians,142,100,6,142.0
SM Curran,Punjab Kings,91,50,2,182.0
SM Curran,Rajasthan Royals,171,121,7,141.32
SM Curran,Royal Challengers Bengaluru,69,67,7,102.99
SM Curran,Sunrisers Hyderabad,111,75,6,148.0
SM Harwood,Chennai Super Kings,5,6,1,83.33
SM Harwood,Deccan Chargers,3,7,1,42.86
SM Katich,Chennai Super Kings,79,55,3,143.64
SM Katich,Deccan Chargers,20,21,2,95.24
SM Katich,Delhi Daredevils,94,61,2,154.1
SM Katich,Kolkata Knight Riders,34,28,1,121.43
SM Katich,Mumbai Indians,0,2,1,0.0
SM Katich,Rajasthan Royals,10,13,1,76.92
SM Katich,Royal Challengers Bengaluru,3,5,1,60.0
SM Pollock,Chennai Super Kings,17,15,1,113.33
SM Pollock,Deccan Chargers,31,31,1,100.0
SM Pollock,Delhi Daredevils,49,30,2,163.33
SM Pollock,Kings XI Punjab,22,22,2,100.0
SM Pollock,Rajasthan Royals,0,1,1,0.0
SM Pollock,Royal Challengers Bengaluru,28,12,1,233.33
SMSM Senanayake,Chennai Super Kings,7,13,1,53.85
SMSM Senanayake,Kings XI Punjab,1,2,1,50.0
SMSM Senanayake,Pune Warriors,2,1,1,200.0
SN Khan,Chennai Super Kings,125,105,6,119.05
SN Khan,Delhi Capitals,51,41,2,124.39
SN Khan,Delhi Daredevils,12,10,2,120.0
SN Khan,Gujarat Titans,30,35,2,85.71
SN Khan,Kings XI Punjab,15,14,3,107.14
SN Khan,Kolkata Knight Riders,42,41,3,102.44
SN Khan,Lucknow Super Giants,40,36,2,111.11
SN Khan,Mumbai Indians,64,47,5,136.17
SN Khan,Punjab Kings,76,41,3,185.37
SN Khan,Rajasthan Royals,116,73,6,158.9
SN Khan,Rising Pune Supergiants,2,1,1,200.0
SN Khan,Royal Challengers Bengaluru,61,38,3,160.53
SN Khan,Sunrisers Hyderabad,101,56,5,180.36
SN Thakur,Chennai Super Kings,36,35,3,102.86
SN Thakur,Delhi Capitals,0,3,2,0.0
SN Thakur,Delhi Daredevils,7,6,1,116.67
SN Thakur,Gujarat Lions,0,1,1,0.0
SN Thakur,Gujarat Titans,5,14,4,35.71
SN Thakur,Kolkata Knight Riders,40,27,3,148.15
SN Thakur,Lucknow Super Giants,4,9,2,44.44
SN Thakur,Mumbai Indians,70,57,8,122.81
SN Thakur,Punjab Kings,31,21,4,147.62
SN Thakur,Rajasthan Royals,29,27,4,107.41
SN Thakur,Royal Challengers Bengaluru,87,42,5,207.14
SN Thakur,Sunrisers Hyderabad,39,20,5,195.0
SO Hetmyer,Chennai Super Kings,140,100,8,140.0
SO Hetmyer,Delhi Capitals,75,41,4,182.93
SO Hetmyer,Gujarat Titans,196,127,9,154.33
SO Hetmyer,Kings XI Punjab,17,19,2,89.47
SO Hetmyer,Kolkata Knight Riders,142,101,11,140.59
SO Hetmyer,Lucknow Super Giants,100,73,5,136.99
SO Hetmyer,Mumbai Indians,105,85,10,123.53
SO Hetmyer,Punjab Kings,187,100,7,187.0
SO Hetmyer,Rajasthan Royals,74,49,3,151.02
SO Hetmyer,Royal Challengers Bengaluru,235,160,13,146.88
SO Hetmyer,Sunrisers Hyderabad,293,189,13,155.03
SP Fleming,Deccan Chargers,28,25,2,112.0
SP Fleming,Delhi Daredevils,53,39,2,135.9
SP Fleming,Kings XI Punjab,1,4,1,25.0
SP Fleming,Kolkata Knight Riders,32,20,1,160.0
SP Fleming,Mumbai Indians,26,29,1,89.66
SP Fleming,Rajasthan Royals,7,6,2,116.67
SP Fleming,Royal Challengers Bengaluru,45,39,1,115.38
SP Goswami,Chennai Super Kings,26,32,3,81.25
SP Goswami,Deccan Chargers,3,3,1,100.0
SP Goswami,Delhi Capitals,0,1,1,0.0
SP Goswami,Delhi Daredevils,92,83,3,110.84
SP Goswami,Kings XI Punjab,10,14,1,71.43
SP Goswami,Kolkata Knight Riders,133,121,5,109.92
SP Goswami,Mumbai Indians,21,31,4,67.74
SP Goswami,Pune Warriors,6,3,1,200.0
SP Goswami,Royal Challengers Bengaluru,1,5,2,20.0
SP Jackson,Chennai Super Kings,3,3,1,100.0
SP Jackson,Delhi Daredevils,12,5,1,240.0
SP Jackson,Mumbai Indians,5,7,1,71.43
SP Jackson,Rajasthan Royals,8,8,1,100.0
SP Jackson,Rising Pune Supergiants,10,9,1,111.11
SP Jackson,Royal Challengers Bengaluru,0,1,1,0.0
SP Jackson,Sunrisers Hyderabad,23,24,2,95.83
SP Narine,Chennai Super Kings,217,140,16,155.0
SP Narine,Delhi Capitals,223,123,11,181.3
SP Narine,Delhi Daredevils,36,21,5,171.43
SP Narine,Gujarat Lions,44,24,2,183.33
SP Narine,Gujarat Titans,22,24,4,91.67
SP Narine,Kings XI Punjab,170,96,10,177.08
SP Narine,Lucknow Super Giants,165,85,7,194.12
SP Narine,Mumbai Indians,51,58,13,87.93
SP Narine,Punjab Kings,90,48,6,187.5
SP Narine,Rajasthan Royals,268,164,14,163.41
SP Narine,Rising Pune Supergiants,16,17,2,94.12
SP Narine,Royal Challengers Bengaluru,331,183,13,180.87
SP Narine,Sunrisers Hyderabad,185,117,19,158.12
SPD Smith,Chennai Super Kings,316,271,12,116.61
SPD Smith,Deccan Chargers,63,38,2,165.79
SPD Smith,Delhi Capitals,75,53,3,141.51
SPD Smith,Delhi Daredevils,99,62,4,159.68
SPD Smith,Gujarat Lions,153,89,4,171.91
SPD Smith,Kings XI Punjab,283,206,12,137.38
SPD Smith,Kolkata Knight Riders,267,226,12,118.14
SPD Smith,Mumbai Indians,469,365,15,128.49
SPD Smith,Punjab Kings,33,34,2,97.06
SPD Smith,Rajasthan Royals,54,52,2,103.85
SPD Smith,Royal Challengers Bengaluru,342,269,14,127.14
SPD Smith,Sunrisers Hyderabad,307,266,11,115.41
SR Dubey,Delhi Capitals,4,2,1,200.0
SR Tendulkar,Chennai Super Kings,368,308,12,119.48
SR Tendulkar,Deccan Chargers,227,195,8,116.41
SR Tendulkar,Delhi Daredevils,294,247,10,119.03
SR Tendulkar,Kings XI Punjab,270,235,10,114.89
SR Tendulkar,Kochi Tuskers Kerala,100,66,1,151.52
SR Tendulkar,Kolkata Knight Riders,326,241,10,135.27
SR Tendulkar,Pune Warriors,152,140,5,108.57
SR Tendulkar,Rajasthan Royals,273,230,8,118.7
SR Tendulkar,Royal Challengers Bengaluru,269,236,12,113.98
SR Tendulkar,Sunrisers Hyderabad,52,43,2,120.93
SR Watson,Chennai Super Kings,480,312,12,153.85
SR Watson,Deccan Chargers,80,57,4,140.35
SR Watson,Delhi Capitals,144,111,5,129.73
SR Watson,Delhi Daredevils,383,266,13,143.98
SR Watson,Gujarat Lions,7,13,3,53.85
SR Watson,Kings XI Punjab,448,322,17,139.13
SR Watson,Kochi Tuskers Kerala,69,53,2,130.19
SR Watson,Kolkata Knight Riders,503,356,17,141.29
SR Watson,Mumbai Indians,466,392,22,118.88
SR Watson,Pune Warriors,164,100,4,164.0
SR Watson,Rajasthan Royals,199,128,6,155.47
SR Watson,Rising Pune Supergiants,51,32,3,159.38
SR Watson,Royal Challengers Bengaluru,304,267,15,113.86
SR Watson,Sunrisers Hyderabad,566,392,18,144.39
SS Cottrell,Sunrisers Hyderabad,0,2,1,0.0
SS Iyer,Chennai Super Kings,421,348,16,120.98
SS Iyer,Delhi Capitals,329,209,7,157.42
SS Iyer,Gujarat Lions,110,65,2,169.23
SS Iyer,Gujarat Titans,146,89,4,164.04
SS Iyer,Kings XI Punjab,297,243,11,122.22
SS Iyer,Kolkata Knight Riders,484,322,16,150.31
SS Iyer,Lucknow Super Giants,320,203,8,157.64
SS Iyer,Mumbai Indians,570,426,22,133.8
SS Iyer,Punjab Kings,54,25,2,216.0
SS Iyer,Rajasthan Royals,431,329,14,131.0
SS Iyer,Rising Pune Supergiants,11,14,2,78.57
SS Iyer,Royal Challengers Bengaluru,409,343,19,119.24
SS Iyer,Sunrisers Hyderabad,641,469,21,136.67
SS Mishra,Sunrisers Hyderabad,1,3,1,33.33
SS Prabhudessai,Chennai Super Kings,53,29,2,182.76
SS Prabhudessai,Delhi Capitals,6,5,1,120.0
SS Prabhudessai,Kolkata Knight Riders,34,27,2,125.93
SS Prabhudessai,Lucknow Super Giants,16,15,2,106.67
SS Prabhudessai,Rajasthan Royals,2,9,2,22.22
SS Prabhudessai,Sunrisers Hyderabad,15,20,1,75.0
SS Shaikh,Rajasthan Royals,6,7,1,85.71
SS Tiwary,Chennai Super Kings,193,177,10,109.04
SS Tiwary,Deccan Chargers,88,80,5,110.0
SS Tiwary,Delhi Capitals,15,18,1,83.33
SS Tiwary,Delhi Daredevils,146,112,6,130.36
SS Tiwary,Gujarat Lions,1,2,1,50.0
SS Tiwary,Kings XI Punjab,104,89,10,116.85
SS Tiwary,Kochi Tuskers Kerala,26,24,1,108.33
SS Tiwary,Kolkata Knight Riders,234,198,12,118.18
SS Tiwary,Mumbai Indians,135,111,6,121.62
SS Tiwary,Pune Warriors,139,107,5,129.91
SS Tiwary,Punjab Kings,45,37,1,121.62
SS Tiwary,Rajasthan Royals,180,134,7,134.33
SS Tiwary,Royal Challengers Bengaluru,147,108,5,136.11
SS Tiwary,Sunrisers Hyderabad,36,38,3,94.74
ST Jayasuriya,Chennai Super Kings,189,95,4,198.95
ST Jayasuriya,Deccan Chargers,60,51,4,117.65
ST Jayasuriya,Delhi Daredevils,107,69,4,155.07
ST Jayasuriya,Kings XI Punjab,25,27,4,92.59
ST Jayasuriya,Kolkata Knight Riders,118,66,4,178.79
ST Jayasuriya,Rajasthan Royals,95,93,5,102.15
ST Jayasuriya,Royal Challengers Bengaluru,166,128,5,129.69
STR Binny,Chennai Super Kings,173,123,8,140.65
STR Binny,Deccan Chargers,7,8,1,87.5
STR Binny,Delhi Capitals,19,14,2,135.71
STR Binny,Delhi Daredevils,73,53,5,137.74
STR Binny,Gujarat Lions,21,15,1,140.0
STR Binny,Kings XI Punjab,136,105,10,129.52
STR Binny,Kolkata Knight Riders,72,62,10,116.13
STR Binny,Mumbai Indians,122,92,9,132.61
STR Binny,Pune Warriors,39,22,3,177.27
STR Binny,Rising Pune Supergiants,19,15,2,126.67
STR Binny,Royal Challengers Bengaluru,80,64,6,125.0
STR Binny,Sunrisers Hyderabad,118,109,9,108.26
SU Parakh,Kolkata Knight Riders,24,17,1,141.18
SU Parakh,Punjab Kings,13,6,1,216.67
SU Parakh,Rajasthan Royals,9,8,1,112.5
SU Parakh,Royal Challengers Bengaluru,0,2,1,0.0
SV Samson,Chennai Super Kings,288,246,17,117.07
SV Samson,Delhi Capitals,494,302,13,163.58
SV Samson,Delhi Daredevils,125,92,5,135.87
SV Samson,Gujarat Lions,91,56,4,162.5
SV Samson,Gujarat Titans,282,182,9,154.95
SV Samson,Kings XI Punjab,512,380,16,134.74
SV Samson,Kolkata Knight Riders,589,461,22,127.77
SV Samson,Lucknow Super Giants,248,158,7,156.96
SV Samson,Mumbai Indians,708,486,25,145.68
SV Samson,Pune Warriors,10,6,1,166.67
SV Samson,Punjab Kings,290,185,10,156.76
SV Samson,Rajasthan Royals,6,7,1,85.71
SV Samson,Rising Pune Supergiants,134,97,4,138.14
SV Samson,Royal Challengers Bengaluru,493,359,25,137.33
SV Samson,Sunrisers Hyderabad,899,636,26,141.35
SW Billings,Chennai Super Kings,25,22,1,113.64
SW Billings,Delhi Capitals,15,9,1,166.67
SW Billings,Delhi Daredevils,1,5,1,20.0
SW Billings,Gujarat Titans,4,4,1,100.0
SW Billings,Kings XI Punjab,70,59,5,118.64
SW Billings,Kolkata Knight Riders,131,73,3,179.45
SW Billings,Lucknow Super Giants,30,23,1,130.43
SW Billings,Mumbai Indians,20,17,2,117.65
SW Billings,Punjab Kings,24,23,1,104.35
SW Billings,Rajasthan Royals,30,29,2,103.45
SW Billings,Rising Pune Supergiants,48,32,2,150.0
SW Billings,Royal Challengers Bengaluru,52,47,4,110.64
SW Billings,Sunrisers Hyderabad,47,42,3,111.9
SW Tait,Chennai Super Kings,1,1,1,100.0
SW Tait,Delhi Daredevils,11,12,1,91.67
SW Tait,Kochi Tuskers Kerala,10,9,1,111.11
SW Tait,Kolkata Knight Riders,0,1,1,0.0
SW Tait,Royal Challengers Bengaluru,1,3,1,33.33
SZ Mulani,Gujarat Titans,1,1,1,100.0
Sachin Baby,Delhi Daredevils,12,8,1,150.0
Sachin Baby,Gujarat Lions,0,3,1,0.0
Sachin Baby,Kings XI Punjab,33,29,1,113.79
Sachin Baby,Kolkata Knight Riders,21,22,2,95.45
Sachin Baby,Mumbai Indians,25,13,1,192.31
Sachin Baby,Rising Pune Supergiants,2,4,1,50.0
Sachin Baby,Sunrisers Hyderabad,49,36,4,136.11
Sakib Hussain,Rajasthan Royals,5,7,1,71.43
Salil Arora,Rajasthan Royals,35,21,1,166.67
Salman Butt,Chennai Super Kings,72,53,1,135.85
Salman Butt,Deccan Chargers,4,4,1,100.0
Salman Butt,Delhi Daredevils,48,44,1,109.09
Salman Butt,Kings XI Punjab,24,19,1,126.32
Salman Butt,Mumbai Indians,13,13,1,100.0
Salman Butt,Rajasthan Royals,31,27,2,114.81
Sameer Rizvi,Chennai Super Kings,66,48,3,137.5
Sameer Rizvi,Delhi Capitals,0,1,1,0.0
Sameer Rizvi,Gujarat Titans,14,7,2,200.0
Sameer Rizvi,Kolkata Knight Riders,3,7,1,42.86
Sameer Rizvi,Lucknow Super Giants,75,56,3,133.93
Sameer Rizvi,Mumbai Indians,129,86,2,150.0
Sameer Rizvi,Punjab Kings,79,48,2,164.58
Sameer Rizvi,Rajasthan Royals,15,8,1,187.5
Sameer Rizvi,Royal Challengers Bengaluru,2,4,2,50.0
Sameer Rizvi,Sunrisers Hyderabad,41,28,1,146.43
Sandeep Sharma,Chennai Super Kings,2,6,2,33.33
Sandeep Sharma,Delhi Capitals,3,6,3,50.0
Sandeep Sharma,Delhi Daredevils,3,4,2,75.0
Sandeep Sharma,Gujarat Lions,1,1,1,100.0
Sandeep Sharma,Gujarat Titans,8,10,2,80.0
Sandeep Sharma,Kings XI Punjab,0,2,1,0.0
Sandeep Sharma,Kolkata Knight Riders,3,6,2,50.0
Sandeep Sharma,Mumbai Indians,5,6,4,83.33
Sandeep Sharma,Rajasthan Royals,8,6,1,133.33
Sandeep Sharma,Royal Challengers Bengaluru,21,22,5,95.45
Sandeep Sharma,Sunrisers Hyderabad,5,5,3,100.0
Sanvir Singh,Gujarat Titans,7,6,1,116.67
Sanvir Singh,Kolkata Knight Riders,0,1,1,0.0
Sanvir Singh,Mumbai Indians,12,10,2,120.0
Sanvir Singh,Punjab Kings,6,4,1,150.0
Saurav Chauhan,Mumbai Indians,9,8,1,112.5
Saurav Chauhan,Rajasthan Royals,9,6,1,150.0
Saurav Chauhan,Sunrisers Hyderabad,0,1,1,0.0
Sediqullah Atal,Punjab Kings,22,16,1,137.5
Shahbaz Ahmed,Chennai Super Kings,122,88,6,138.64
Shahbaz Ahmed,Delhi Capitals,136,87,6,156.32
Shahbaz Ahmed,Gujarat Titans,24,22,2,109.09
Shahbaz Ahmed,Kolkata Knight Riders,66,56,7,117.86
Shahbaz Ahmed,Lucknow Super Giants,26,22,1,118.18
Shahbaz Ahmed,Mumbai Indians,12,17,3,70.59
Shahbaz Ahmed,Punjab Kings,47,45,6,104.44
Shahbaz Ahmed,Rajasthan Royals,94,83,5,113.25
Shahbaz Ahmed,Royal Challengers Bengaluru,40,37,1,108.11
Shahbaz Ahmed,Sunrisers Hyderabad,35,30,3,116.67
Shahid Afridi,Chennai Super Kings,21,8,2,262.5
Shahid Afridi,Delhi Daredevils,35,21,2,166.67
Shahid Afridi,Kings XI Punjab,13,7,1,185.71
Shahid Afridi,Mumbai Indians,0,1,1,0.0
Shahid Afridi,Rajasthan Royals,11,7,2,157.14
Shahid Afridi,Royal Challengers Bengaluru,1,2,1,50.0
Shakib Al Hasan,Chennai Super Kings,122,79,8,154.43
Shakib Al Hasan,Delhi Capitals,0,2,1,0.0
Shakib Al Hasan,Delhi Daredevils,31,25,2,124.0
Shakib Al Hasan,Gujarat Lions,70,58,3,120.69
Shakib Al Hasan,Kings XI Punjab,93,85,6,109.41
Shakib Al Hasan,Kochi Tuskers Kerala,2,5,1,40.0
Shakib Al Hasan,Kolkata Knight Riders,65,52,3,125.0
Shakib Al Hasan,Mumbai Indians,102,83,10,122.89
Shakib Al Hasan,Pune Warriors,42,30,1,140.0
Shakib Al Hasan,Rajasthan Royals,95,70,6,135.71
Shakib Al Hasan,Rising Pune Supergiants,3,9,1,33.33
Shakib Al Hasan,Royal Challengers Bengaluru,152,117,7,129.91
Shakib Al Hasan,Sunrisers Hyderabad,11,20,3,55.0
Shashank Singh,Chennai Super Kings,156,114,6,136.84
Shashank Singh,Delhi Capitals,40,28,5,142.86
Shashank Singh,Gujarat Titans,142,68,5,208.82
Shashank Singh,Kolkata Knight Riders,97,57,3,170.18
Shashank Singh,Lucknow Super Giants,59,28,3,210.71
Shashank Singh,Mumbai Indians,45,31,3,145.16
Shashank Singh,Rajasthan Royals,78,54,4,144.44
Shashank Singh,Royal Challengers Bengaluru,218,136,8,160.29
Shashank Singh,Sunrisers Hyderabad,70,44,5,159.09
Shivam Mavi,Chennai Super Kings,20,14,2,142.86
Shivam Mavi,Delhi Capitals,1,3,1,33.33
Shivam Mavi,Delhi Daredevils,0,3,1,0.0
Shivam Mavi,Gujarat Titans,2,4,1,50.0
Shivam Mavi,Lucknow Super Giants,1,2,1,50.0
Shivam Mavi,Mumbai Indians,9,10,1,90.0
Shivam Mavi,Rajasthan Royals,5,8,2,62.5
Shivam Mavi,Sunrisers Hyderabad,13,12,2,108.33
Shivam Sharma,Mumbai Indians,1,1,1,100.0
Shivam Sharma,Royal Challengers Bengaluru,4,2,1,200.0
Shivam Singh,Sunrisers Hyderabad,2,3,1,66.67
Shivang Kumar,Chennai Super Kings,12,8,1,150.0
Shivang Kumar,Gujarat Titans,4,6,1,66.67
Shivang Kumar,Kolkata Knight Riders,5,4,2,125.0
Shivang Kumar,Lucknow Super Giants,5,4,1,125.0
Shivang Kumar,Rajasthan Royals,26,23,1,113.04
Shoaib Ahmed,Chennai Super Kings,1,2,1,50.0
Shoaib Ahmed,Delhi Daredevils,0,4,2,0.0
Shoaib Akhtar,Mumbai Indians,2,7,1,28.57
Shoaib Malik,Chennai Super Kings,2,3,1,66.67
Shoaib Malik,Kings XI Punjab,20,18,2,111.11
Shoaib Malik,Mumbai Indians,23,21,1,109.52
Shoaib Malik,Royal Challengers Bengaluru,6,4,1,150.0
Shubman Gill,Chennai Super Kings,562,387,18,145.22
Shubman Gill,Delhi Capitals,504,368,15,136.96
Shubman Gill,Delhi Daredevils,43,34,2,126.47
Shubman Gill,Kings XI Punjab,209,157,5,133.12
Shubman Gill,Kolkata Knight Riders,355,224,6,158.48
Shubman Gill,Lucknow Super Giants,327,224,8,145.98
Shubman Gill,Mumbai Indians,535,379,16,141.16
Shubman Gill,Punjab Kings,389,251,10,154.98
Shubman Gill,Rajasthan Royals,718,501,17,143.31
Shubman Gill,Royal Challengers Bengaluru,405,286,18,141.61
Shubman Gill,Sunrisers Hyderabad,539,412,15,130.83
Sikandar Raza,Chennai Super Kings,13,7,1,185.71
Sikandar Raza,Delhi Capitals,11,7,1,157.14
Sikandar Raza,Gujarat Titans,15,16,1,93.75
Sikandar Raza,Kolkata Knight Riders,16,13,1,123.08
Sikandar Raza,Lucknow Super Giants,93,63,2,147.62
Sikandar Raza,Rajasthan Royals,1,2,1,50.0
Sikandar Raza,Sunrisers Hyderabad,33,28,2,117.86
Simarjeet Singh,Gujarat Titans,0,2,1,0.0
Simarjeet Singh,Kolkata Knight Riders,0,1,1,0.0
Simarjeet Singh,Lucknow Super Giants,3,4,1,75.0
Simarjeet Singh,Mumbai Indians,2,3,1,66.67
Simarjeet Singh,Rajasthan Royals,3,3,1,100.0
Simarjeet Singh,Royal Challengers Bengaluru,2,2,1,100.0
Sohail Tanvir,Chennai Super Kings,9,7,1,128.57
Sohail Tanvir,Delhi Daredevils,5,5,1,100.0
Sohail Tanvir,Kolkata Knight Riders,15,10,2,150.0
Sohail Tanvir,Mumbai Indians,6,6,1,100.0
Sumit Kumar,Gujarat Titans,9,9,1,100.0
Sumit Kumar,Kolkata Knight Riders,7,6,1,116.67
Sumit Kumar,Punjab Kings,2,9,1,22.22
Sunny Gupta,Chennai Super Kings,0,1,1,0.0
Sunny Singh,Chennai Super Kings,20,11,1,181.82
Sunny Singh,Delhi Daredevils,2,4,1,50.0
Sunny Singh,Pune Warriors,12,6,1,200.0
Sunny Singh,Rajasthan Royals,5,5,1,100.0
Sunny Singh,Royal Challengers Bengaluru,4,5,1,80.0
Suryansh Shedge,Chennai Super Kings,1,3,1,33.33
Suryansh Shedge,Delhi Capitals,21,8,1,262.5
Suryansh Shedge,Gujarat Titans,57,29,1,196.55
Suryansh Shedge,Kolkata Knight Riders,4,4,1,100.0
Suryansh Shedge,Lucknow Super Giants,9,7,1,128.57
Suryansh Shedge,Mumbai Indians,8,5,1,160.0
Suryansh Shedge,Rajasthan Royals,5,6,2,83.33
Suryansh Shedge,Royal Challengers Bengaluru,35,22,1,159.09
Suryansh Shedge,Sunrisers Hyderabad,25,17,1,147.06
Swapnil Singh,Delhi Capitals,0,1,1,0.0
Swapnil Singh,Gujarat Titans,17,13,2,130.77
Swapnil Singh,Kolkata Knight Riders,2,3,2,66.67
Swapnil Singh,Punjab Kings,1,1,1,100.0
Swapnil Singh,Rajasthan Royals,9,4,1,225.0
Swapnil Singh,Rising Pune Supergiants,10,17,1,58.82
Swapnil Singh,Sunrisers Hyderabad,12,6,1,200.0
T Banton,Royal Challengers Bengaluru,18,20,2,90.0
T Dahiya,Delhi Capitals,1,3,1,33.33
T Dahiya,Mumbai Indians,11,12,1,91.67
T Henderson,Kolkata Knight Riders,0,1,1,0.0
T Henderson,Royal Challengers Bengaluru,11,14,1,78.57
T Kohler-Cadmore,Punjab Kings,18,23,1,78.26
T Kohler-Cadmore,Royal Challengers Bengaluru,20,15,1,133.33
T Kohler-Cadmore,Sunrisers Hyderabad,10,16,1,62.5
T Kohli,Chennai Super Kings,3,3,1,100.0
T Kohli,Delhi Daredevils,7,12,1,58.33
T Kohli,Kolkata Knight Riders,1,4,1,25.0
T Natarajan,Chennai Super Kings,1,3,2,33.33
T Natarajan,Royal Challengers Bengaluru,3,4,1,75.0
T Shamsi,Delhi Capitals,2,4,1,50.0
T Stubbs,Chennai Super Kings,147,116,7,126.72
T Stubbs,Gujarat Titans,85,44,4,193.18
T Stubbs,Kolkata Knight Riders,61,47,5,129.79
T Stubbs,Lucknow Super Giants,145,88,4,164.77
T Stubbs,Mumbai Indians,119,61,5,195.08
T Stubbs,Punjab Kings,35,39,3,89.74
T Stubbs,Rajasthan Royals,147,79,5,186.08
T Stubbs,Royal Challengers Bengaluru,140,95,5,147.37
T Stubbs,Sunrisers Hyderabad,101,79,5,127.85
T Taibu,Deccan Chargers,9,5,1,180.0
T Taibu,Delhi Daredevils,7,9,1,77.78
T Taibu,Royal Challengers Bengaluru,15,12,1,125.0
T Thushara,Deccan Chargers,8,8,1,100.0
T Thushara,Kings XI Punjab,1,5,1,20.0
T Thushara,Mumbai Indians,1,2,1,50.0
T Thushara,Rajasthan Royals,2,3,1,66.67
TA Boult,Chennai Super Kings,15,9,5,166.67
TA Boult,Delhi Capitals,6,7,3,85.71
TA Boult,Gujarat Titans,26,19,3,136.84
TA Boult,Kolkata Knight Riders,0,3,2,0.0
TA Boult,Lucknow Super Giants,19,10,2,190.0
TA Boult,Mumbai Indians,7,10,3,70.0
TA Boult,Punjab Kings,13,11,2,118.18
TA Boult,Rajasthan Royals,1,2,1,50.0
TA Boult,Royal Challengers Bengaluru,6,11,3,54.55
TA Boult,Sunrisers Hyderabad,0,3,1,0.0
TD Paine,Mumbai Indians,2,9,1,22.22
TD Paine,Royal Challengers Bengaluru,8,17,1,47.06
TG Southee,Chennai Super Kings,40,30,2,133.33
TG Southee,Delhi Capitals,12,15,3,80.0
TG Southee,Delhi Daredevils,8,5,2,160.0
TG Southee,Gujarat Lions,25,10,1,250.0
TG Southee,Gujarat Titans,1,1,1,100.0
TG Southee,Kings XI Punjab,1,3,1,33.33
TG Southee,Lucknow Super Giants,0,1,1,0.0
TG Southee,Mumbai Indians,7,11,3,63.64
TG Southee,Rajasthan Royals,14,17,1,82.35
TG Southee,Rising Pune Supergiants,7,3,1,233.33
TG Southee,Royal Challengers Bengaluru,1,5,1,20.0
TG Southee,Sunrisers Hyderabad,4,5,2,80.0
TH David,Chennai Super Kings,157,76,8,206.58
TH David,Delhi Capitals,212,107,8,198.13
TH David,Gujarat Titans,141,94,10,150.0
TH David,Kolkata Knight Riders,63,48,5,131.25
TH David,Lucknow Super Giants,133,74,5,179.73
TH David,Mumbai Indians,35,17,3,205.88
TH David,Punjab Kings,130,67,5,194.03
TH David,Rajasthan Royals,122,79,7,154.43
TH David,Royal Challengers Bengaluru,4,8,2,50.0
TH David,Sunrisers Hyderabad,136,73,6,186.3
TK Curran,Chennai Super Kings,12,15,3,80.0
TK Curran,Delhi Daredevils,2,3,1,66.67
TK Curran,Kings XI Punjab,5,4,2,125.0
TK Curran,Kolkata Knight Riders,54,36,1,150.0
TK Curran,Mumbai Indians,33,33,2,100.0
TK Curran,Rajasthan Royals,21,16,1,131.25
TL Seifert,Gujarat Titans,22,19,2,115.79
TL Seifert,Lucknow Super Giants,0,3,1,0.0
TL Seifert,Mumbai Indians,21,14,1,150.0
TL Seifert,Punjab Kings,2,4,1,50.0
TL Seifert,Rajasthan Royals,0,1,1,0.0
TL Suman,Chennai Super Kings,86,70,5,122.86
TL Suman,Deccan Chargers,19,22,2,86.36
TL Suman,Delhi Daredevils,84,71,5,118.31
TL Suman,Kings XI Punjab,106,90,6,117.78
TL Suman,Kolkata Knight Riders,59,54,5,109.26
TL Suman,Mumbai Indians,69,61,4,113.11
TL Suman,Pune Warriors,36,16,1,225.0
TL Suman,Rajasthan Royals,94,80,5,117.5
TL Suman,Royal Challengers Bengaluru,111,95,5,116.84
TL Suman,Sunrisers Hyderabad,12,14,1,85.71
TM Dilshan,Chennai Super Kings,79,67,5,117.91
TM Dilshan,Deccan Chargers,259,205,8,126.34
TM Dilshan,Delhi Daredevils,10,8,2,125.0
TM Dilshan,Kings XI Punjab,32,36,4,88.89
TM Dilshan,Kochi Tuskers Kerala,53,35,2,151.43
TM Dilshan,Kolkata Knight Riders,107,89,5,120.22
TM Dilshan,Mumbai Indians,192,197,9,97.46
TM Dilshan,Pune Warriors,104,106,4,98.11
TM Dilshan,Rajasthan Royals,226,192,8,117.71
TM Dilshan,Royal Challengers Bengaluru,71,57,2,124.56
TM Dilshan,Sunrisers Hyderabad,5,9,1,55.56
TM Head,Chennai Super Kings,92,73,5,126.03
TM Head,Delhi Capitals,148,70,3,211.43
TM Head,Delhi Daredevils,2,2,1,100.0
TM Head,Gujarat Lions,30,17,2,176.47
TM Head,Gujarat Titans,47,39,4,120.51
TM Head,Kings XI Punjab,11,7,1,157.14
TM Head,Kolkata Knight Riders,262,141,7,185.82
TM Head,Lucknow Super Giants,142,65,3,218.46
TM Head,Mumbai Indians,259,153,7,169.28
TM Head,Punjab Kings,163,94,5,173.4
TM Head,Rajasthan Royals,200,132,6,151.52
TM Head,Rising Pune Supergiants,7,13,2,53.85
TM Head,Royal Challengers Bengaluru,157,79,5,198.73
TM Head,Sunrisers Hyderabad,30,22,1,136.36
TM Srivastava,Delhi Daredevils,7,9,1,77.78
TM Srivastava,Kolkata Knight Riders,1,1,1,100.0
TM Srivastava,Royal Challengers Bengaluru,0,1,1,0.0
TR Birt,Deccan Chargers,4,8,1,50.0
TR Birt,Kings XI Punjab,16,11,1,145.45
TR Birt,Kochi Tuskers Kerala,47,27,2,174.07
TR Birt,Kolkata Knight Riders,8,11,1,72.73
TS Mills,Delhi Daredevils,0,3,1,0.0
TS Mills,Kolkata Knight Riders,2,5,1,40.0
TS Mills,Lucknow Super Giants,0,1,1,0.0
TS Mills,Punjab Kings,0,2,1,0.0
TS Mills,Sunrisers Hyderabad,6,3,1,200.0
TU Deshpande,Chennai Super Kings,1,2,1,50.0
TU Deshpande,Delhi Capitals,0,1,1,0.0
TU Deshpande,Gujarat Titans,4,6,2,66.67
TU Deshpande,Kolkata Knight Riders,3,4,2,75.0
TU Deshpande,Punjab Kings,0,1,1,0.0
TU Deshpande,Royal Challengers Bengaluru,1,2,1,50.0
TU Deshpande,Sunrisers Hyderabad,45,20,2,225.0
Tanush Kotian,Punjab Kings,24,31,1,77.42
Tilak Varma,Chennai Super Kings,211,174,7,121.26
Tilak Varma,Delhi Capitals,239,160,8,149.38
Tilak Varma,Gujarat Titans,263,150,8,175.33
Tilak Varma,Kolkata Knight Riders,150,126,7,119.05
Tilak Varma,Lucknow Super Giants,139,127,7,109.45
Tilak Varma,Punjab Kings,220,119,8,184.87
Tilak Varma,Rajasthan Royals,239,175,7,136.57
Tilak Varma,Royal Challengers Bengaluru,213,132,6,161.36
Tilak Varma,Sunrisers Hyderabad,175,115,7,152.17
U Kaul,Chennai Super Kings,0,1,1,0.0
UA Birla,Kolkata Knight Riders,7,14,1,50.0
UBT Chand,Chennai Super Kings,16,12,1,133.33
UBT Chand,Delhi Daredevils,14,11,1,127.27
UBT Chand,Kings XI Punjab,25,36,3,69.44
UBT Chand,Kolkata Knight Riders,37,40,2,92.5
UBT Chand,Mumbai Indians,2,12,3,16.67
UBT Chand,Pune Warriors,17,19,1,89.47
UBT Chand,Rajasthan Royals,50,60,4,83.33
UBT Chand,Royal Challengers Bengaluru,117,82,3,142.68
UBT Chand,Sunrisers Hyderabad,22,27,2,81.48
UT Khawaja,Delhi Daredevils,49,40,2,122.5
UT Khawaja,Kings XI Punjab,30,29,1,103.45
UT Khawaja,Kolkata Knight Riders,21,16,1,131.25
UT Khawaja,Royal Challengers Bengaluru,16,6,1,266.67
UT Khawaja,Sunrisers Hyderabad,11,8,1,137.5
UT Yadav,Chennai Super Kings,31,51,10,60.78
UT Yadav,Deccan Chargers,3,4,1,75.0
UT Yadav,Delhi Capitals,3,7,3,42.86
UT Yadav,Delhi Daredevils,2,3,1,66.67
UT Yadav,Gujarat Titans,20,21,2,95.24
UT Yadav,Kings XI Punjab,2,6,2,33.33
UT Yadav,Kolkata Knight Riders,2,2,2,100.0
UT Yadav,Lucknow Super Giants,2,5,2,40.0
UT Yadav,Mumbai Indians,18,22,8,81.82
UT Yadav,Pune Warriors,8,9,1,88.89
UT Yadav,Rajasthan Royals,45,21,3,214.29
UT Yadav,Rising Pune Supergiants,9,4,2,225.0
UT Yadav,Royal Challengers Bengaluru,30,21,5,142.86
UT Yadav,Sunrisers Hyderabad,33,25,6,132.0
Umar Gul,Kings XI Punjab,24,11,1,218.18
Umar Gul,Rajasthan Royals,9,6,2,150.0
Umar Gul,Royal Challengers Bengaluru,6,2,1,300.0
Umran Malik,Kolkata Knight Riders,3,5,1,60.0
Umran Malik,Lucknow Super Giants,1,1,1,100.0
Umran Malik,Punjab Kings,0,1,1,0.0
Umran Malik,Rajasthan Royals,13,7,1,185.71
Umran Malik,Royal Challengers Bengaluru,0,1,1,0.0
Urvil Patel,Delhi Capitals,17,9,1,188.89
Urvil Patel,Gujarat Titans,41,24,3,170.83
Urvil Patel,Kolkata Knight Riders,31,11,1,281.82
Urvil Patel,Lucknow Super Giants,71,30,2,236.67
Urvil Patel,Mumbai Indians,24,12,1,200.0
Urvil Patel,Rajasthan Royals,0,2,1,0.0
Urvil Patel,Sunrisers Hyderabad,13,8,1,162.5
V Kohli,Chennai Super Kings,1170,911,35,128.43
V Kohli,Deccan Chargers,306,221,10,138.46
V Kohli,Delhi Capitals,411,328,14,125.3
V Kohli,Delhi Daredevils,761,542,18,140.41
V Kohli,Gujarat Lions,283,183,5,154.64
V Kohli,Gujarat Titans,578,369,10,156.64
V Kohli,Kings XI Punjab,673,521,25,129.17
V Kohli,Kochi Tuskers Kerala,50,51,2,98.04
V Kohli,Kolkata Knight Riders,1121,821,33,136.54
V Kohli,Lucknow Super Giants,242,181,8,133.7
V Kohli,Mumbai Indians,975,755,35,129.14
V Kohli,Pune Warriors,128,100,5,128.0
V Kohli,Punjab Kings,535,384,12,139.32
V Kohli,Rajasthan Royals,928,739,33,125.58
V Kohli,Rising Pune Supergiants,271,187,4,144.92
V Kohli,Sunrisers Hyderabad,894,618,26,144.66
V Nigam,Chennai Super Kings,1,2,1,50.0
V Nigam,Gujarat Titans,12,8,2,150.0
V Nigam,Kolkata Knight Riders,41,22,2,186.36
V Nigam,Lucknow Super Giants,39,15,1,260.0
V Nigam,Mumbai Indians,34,18,2,188.89
V Nigam,Royal Challengers Bengaluru,12,6,1,200.0
V Nigam,Sunrisers Hyderabad,18,17,1,105.88
V Pratap Singh,Mumbai Indians,0,1,1,0.0
V Sehwag,Chennai Super Kings,394,241,14,163.49
V Sehwag,Deccan Chargers,314,175,11,179.43
V Sehwag,Delhi Daredevils,80,72,4,111.11
V Sehwag,Kings XI Punjab,250,150,10,166.67
V Sehwag,Kochi Tuskers Kerala,95,56,2,169.64
V Sehwag,Kolkata Knight Riders,305,214,13,142.52
V Sehwag,Mumbai Indians,431,273,14,157.88
V Sehwag,Pune Warriors,220,139,5,158.27
V Sehwag,Rajasthan Royals,316,197,15,160.41
V Sehwag,Royal Challengers Bengaluru,254,172,12,147.67
V Sehwag,Sunrisers Hyderabad,54,51,4,105.88
V Shankar,Chennai Super Kings,188,142,9,132.39
V Shankar,Delhi Capitals,166,146,8,113.7
V Shankar,Gujarat Lions,63,44,1,143.18
V Shankar,Kings XI Punjab,72,71,4,101.41
V Shankar,Kolkata Knight Riders,221,130,8,170.0
V Shankar,Lucknow Super Giants,40,43,4,93.02
V Shankar,Mumbai Indians,158,131,9,120.61
V Shankar,Punjab Kings,10,12,2,83.33
V Shankar,Rajasthan Royals,150,116,9,129.31
V Shankar,Royal Challengers Bengaluru,122,88,7,138.64
V Shankar,Sunrisers Hyderabad,37,24,2,154.17
V Suryavanshi,Chennai Super Kings,109,49,2,222.45
V Suryavanshi,Delhi Capitals,50,23,2,217.39
V Suryavanshi,Gujarat Titans,264,119,4,221.85
V Suryavanshi,Kolkata Knight Riders,50,30,2,166.67
V Suryavanshi,Lucknow Super Giants,135,69,3,195.65
V Suryavanshi,Mumbai Indians,43,22,3,195.45
V Suryavanshi,Punjab Kings,83,31,2,267.74
V Suryavanshi,Royal Challengers Bengaluru,94,38,2,247.37
V Suryavanshi,Sunrisers Hyderabad,196,66,3,296.97
V Viyaskanth,Kolkata Knight Riders,7,5,1,140.0
VG Arora,Chennai Super Kings,2,3,2,66.67
VG Arora,Delhi Capitals,2,4,1,50.0
VG Arora,Gujarat Titans,2,7,2,28.57
VG Arora,Lucknow Super Giants,1,1,1,100.0
VG Arora,Punjab Kings,0,7,1,0.0
VG Arora,Sunrisers Hyderabad,3,5,4,60.0
VH Zol,Chennai Super Kings,13,12,1,108.33
VH Zol,Rajasthan Royals,16,14,1,114.29
VR Aaron,Chennai Super Kings,0,2,1,0.0
VR Aaron,Delhi Capitals,4,9,2,44.44
VR Aaron,Kings XI Punjab,27,30,3,90.0
VR Aaron,Kolkata Knight Riders,5,14,3,35.71
VR Aaron,Mumbai Indians,7,8,1,87.5
VR Aaron,Royal Challengers Bengaluru,0,5,1,0.0
VR Aaron,Sunrisers Hyderabad,6,3,1,200.0
VR Iyer,Chennai Super Kings,116,95,6,122.11
VR Iyer,Delhi Capitals,131,108,8,121.3
VR Iyer,Gujarat Titans,188,128,7,146.88
VR Iyer,Lucknow Super Giants,70,49,4,142.86
VR Iyer,Mumbai Indians,365,228,7,160.09
VR Iyer,Punjab Kings,228,163,7,139.88
VR Iyer,Rajasthan Royals,138,105,5,131.43
VR Iyer,Royal Challengers Bengaluru,183,149,8,122.82
VR Iyer,Sunrisers Hyderabad,252,155,10,162.58
VRV Singh,Chennai Super Kings,0,1,1,0.0
VRV Singh,Mumbai Indians,4,2,1,200.0
VS Malik,Kings XI Punjab,1,2,1,50.0
VS Malik,Mumbai Indians,6,5,1,120.0
VS Yeligati,Kings XI Punjab,2,2,1,100.0
VVS Laxman,Chennai Super Kings,16,23,3,69.57
VVS Laxman,Delhi Daredevils,2,6,1,33.33
VVS Laxman,Kings XI Punjab,58,41,2,141.46
VVS Laxman,Kolkata Knight Riders,32,30,3,106.67
VVS Laxman,Mumbai Indians,41,34,3,120.59
VVS Laxman,Pune Warriors,0,3,1,0.0
VVS Laxman,Rajasthan Royals,40,47,4,85.11
VVS Laxman,Royal Challengers Bengaluru,87,82,3,106.1
VY Mahesh,Kings XI Punjab,6,5,1,120.0
VY Mahesh,Kolkata Knight Riders,3,6,1,50.0
VY Mahesh,Mumbai Indians,3,5,1,60.0
VY Mahesh,Rajasthan Royals,3,11,2,27.27
Vijaykumar Vyshak,Gujarat Titans,1,3,1,33.33
Vijaykumar Vyshak,Kolkata Knight Riders,13,8,1,162.5
Vijaykumar Vyshak,Mumbai Indians,0,1,1,0.0
Vijaykumar Vyshak,Rajasthan Royals,0,1,1,0.0
Vijaykumar Vyshak,Sunrisers Hyderabad,2,3,2,66.67
Virat Singh,Delhi Capitals,4,14,1,28.57
Virat Singh,Mumbai Indians,11,12,1,91.67
Vishnu Vinod,Delhi Daredevils,12,14,2,85.71
Vishnu Vinod,Gujarat Titans,35,27,2,129.63
Vishnu Vinod,Kings XI Punjab,7,12,1,58.33
Vishnu Vinod,Lucknow Super Giants,1,3,1,33.33
Vishnu Vinod,Mumbai Indians,15,8,1,187.5
Vivrant Sharma,Mumbai Indians,69,47,1,146.81
W Jaffer,Chennai Super Kings,50,33,1,151.52
W Jaffer,Deccan Chargers,49,42,2,116.67
W Jaffer,Delhi Daredevils,10,9,1,111.11
W Jaffer,Kings XI Punjab,0,4,1,0.0
W Jaffer,Kolkata Knight Riders,6,16,1,37.5
W Jaffer,Mumbai Indians,7,8,1,87.5
W Jaffer,Rajasthan Royals,8,9,1,88.89
WA Mota,Chennai Super Kings,30,36,2,83.33
WA Mota,Deccan Chargers,15,23,2,65.22
WA Mota,Mumbai Indians,9,13,2,69.23
WA Mota,Rajasthan Royals,2,3,2,66.67
WD Parnell,Chennai Super Kings,2,5,1,40.0
WD Parnell,Deccan Chargers,16,16,1,100.0
WD Parnell,Delhi Daredevils,10,9,1,111.11
WD Parnell,Kings XI Punjab,2,2,1,100.0
WD Parnell,Kochi Tuskers Kerala,1,5,1,20.0
WD Parnell,Kolkata Knight Riders,10,15,4,66.67
WD Parnell,Mumbai Indians,22,26,3,84.62
WD Parnell,Rajasthan Royals,2,2,1,100.0
WG Jacks,Chennai Super Kings,12,12,2,100.0
WG Jacks,Delhi Capitals,63,43,3,146.51
WG Jacks,Gujarat Titans,148,78,3,189.74
WG Jacks,Kolkata Knight Riders,85,56,3,151.79
WG Jacks,Lucknow Super Giants,44,32,3,137.5
WG Jacks,Mumbai Indians,8,6,1,133.33
WG Jacks,Punjab Kings,54,25,3,216.0
WG Jacks,Rajasthan Royals,32,17,1,188.24
WG Jacks,Royal Challengers Bengaluru,32,28,2,114.29
WG Jacks,Sunrisers Hyderabad,117,80,5,146.25
WP Saha,Chennai Super Kings,365,299,16,122.07
WP Saha,Deccan Chargers,27,24,3,112.5
WP Saha,Delhi Capitals,168,119,7,141.18
WP Saha,Delhi Daredevils,143,119,10,120.17
WP Saha,Gujarat Lions,63,49,3,128.57
WP Saha,Kings XI Punjab,136,108,7,125.93
WP Saha,Kochi Tuskers Kerala,46,33,1,139.39
WP Saha,Kolkata Knight Riders,509,380,19,133.95
WP Saha,Lucknow Super Giants,132,90,3,146.67
WP Saha,Mumbai Indians,444,356,18,124.72
WP Saha,Pune Warriors,13,15,1,86.67
WP Saha,Punjab Kings,106,97,5,109.28
WP Saha,Rajasthan Royals,157,119,15,131.93
WP Saha,Rising Pune Supergiants,34,34,4,100.0
WP Saha,Royal Challengers Bengaluru,363,302,22,120.2
WP Saha,Sunrisers Hyderabad,223,152,9,146.71
WPUJC Vaas,Delhi Daredevils,22,21,4,104.76
WPUJC Vaas,Kings XI Punjab,16,10,1,160.0
WPUJC Vaas,Kolkata Knight Riders,9,10,3,90.0
WPUJC Vaas,Rajasthan Royals,28,28,2,100.0
WPUJC Vaas,Royal Challengers Bengaluru,0,3,1,0.0
Washington Sundar,Chennai Super Kings,54,39,8,138.46
Washington Sundar,Delhi Capitals,99,69,6,143.48
Washington Sundar,Delhi Daredevils,5,3,1,166.67
Washington Sundar,Gujarat Titans,3,5,2,60.0
Washington Sundar,Kings XI Punjab,52,45,3,115.56
Washington Sundar,Kolkata Knight Riders,18,25,3,72.0
Washington Sundar,Lucknow Super Giants,57,58,4,98.28
Washington Sundar,Mumbai Indians,122,89,10,137.08
Washington Sundar,Punjab Kings,83,58,3,143.1
Washington Sundar,Rajasthan Royals,146,77,7,189.61
Washington Sundar,Royal Challengers Bengaluru,89,68,4,130.88
Washington Sundar,Sunrisers Hyderabad,155,117,8,132.48
X Thalaivan Sargunam,Chennai Super Kings,10,17,1,58.82
XC Bartlett,Gujarat Titans,11,6,2,183.33
XC Bartlett,Kolkata Knight Riders,11,15,1,73.33
XC Bartlett,Mumbai Indians,18,7,1,257.14
Y Gnaneswara Rao,Chennai Super Kings,19,17,1,111.76
Y Nagar,Chennai Super Kings,45,49,2,91.84
Y Nagar,Deccan Chargers,54,35,4,154.29
Y Nagar,Kings XI Punjab,21,16,2,131.25
Y Nagar,Kochi Tuskers Kerala,40,53,2,75.47
Y Nagar,Kolkata Knight Riders,29,19,2,152.63
Y Nagar,Mumbai Indians,0,2,2,0.0
Y Nagar,Pune Warriors,24,19,1,126.32
Y Nagar,Rajasthan Royals,36,29,2,124.14
Y Nagar,Royal Challengers Bengaluru,36,37,3,97.3
Y Prithvi Raj,Sunrisers Hyderabad,0,1,1,0.0
Y Venugopal Rao,Chennai Super Kings,132,118,7,111.86
Y Venugopal Rao,Deccan Chargers,24,34,2,70.59
Y Venugopal Rao,Delhi Daredevils,66,60,5,110.0
Y Venugopal Rao,Kings XI Punjab,118,96,9,122.92
Y Venugopal Rao,Kochi Tuskers Kerala,41,46,2,89.13
Y Venugopal Rao,Kolkata Knight Riders,150,127,6,118.11
Y Venugopal Rao,Mumbai Indians,164,126,6,130.16
Y Venugopal Rao,Pune Warriors,31,21,2,147.62
Y Venugopal Rao,Rajasthan Royals,113,75,5,150.67
Y Venugopal Rao,Royal Challengers Bengaluru,141,129,8,109.3
YA Abdulla,Delhi Daredevils,0,1,1,0.0
YBK Jaiswal,Chennai Super Kings,304,201,9,151.24
YBK Jaiswal,Delhi Capitals,196,148,9,132.43
YBK Jaiswal,Gujarat Titans,199,150,10,132.67
YBK Jaiswal,Kolkata Knight Riders,241,150,7,160.67
YBK Jaiswal,Lucknow Super Giants,268,180,7,148.89
YBK Jaiswal,Mumbai Indians,394,215,10,183.26
YBK Jaiswal,Punjab Kings,389,250,9,155.6
YBK Jaiswal,Royal Challengers Bengaluru,285,186,10,153.23
YBK Jaiswal,Sunrisers Hyderabad,305,212,11,143.87
YK Pathan,Chennai Super Kings,342,269,19,127.14
YK Pathan,Deccan Chargers,312,172,9,181.4
YK Pathan,Delhi Capitals,9,11,1,81.82
YK Pathan,Delhi Daredevils,429,287,19,149.48
YK Pathan,Gujarat Lions,110,81,3,135.8
YK Pathan,Kings XI Punjab,318,236,19,134.75
YK Pathan,Kochi Tuskers Kerala,25,16,2,156.25
YK Pathan,Kolkata Knight Riders,216,134,10,161.19
YK Pathan,Mumbai Indians,469,329,22,142.55
YK Pathan,Pune Warriors,129,98,5,131.63
YK Pathan,Rajasthan Royals,133,108,8,123.15
YK Pathan,Rising Pune Supergiants,77,54,3,142.59
YK Pathan,Royal Challengers Bengaluru,355,261,22,136.02
YK Pathan,Sunrisers Hyderabad,286,177,11,161.58
YS Chahal,Chennai Super Kings,12,33,2,36.36
YS Chahal,Delhi Capitals,1,1,1,100.0
YS Chahal,Gujarat Lions,1,2,1,50.0
YS Chahal,Gujarat Titans,5,8,1,62.5
YS Chahal,Kings XI Punjab,6,8,3,75.0
YS Chahal,Kolkata Knight Riders,2,8,2,25.0
YS Chahal,Rajasthan Royals,0,4,1,0.0
YS Chahal,Rising Pune Supergiants,5,11,2,45.45
YS Chahal,Sunrisers Hyderabad,5,11,3,45.45
YV Dhull,Chennai Super Kings,13,15,1,86.67
YV Dhull,Mumbai Indians,2,4,1,50.0
YV Dhull,Royal Challengers Bengaluru,1,4,1,25.0
YV Takawale,Chennai Super Kings,19,17,1,111.76
YV Takawale,Deccan Chargers,5,5,1,100.0
YV Takawale,Delhi Daredevils,14,20,1,70.0
YV Takawale,Kings XI Punjab,0,7,1,0.0
YV Takawale,Kolkata Knight Riders,85,64,2,132.81
YV Takawale,Rajasthan Royals,68,64,4,106.25
Yash Dayal,Kolkata Knight Riders,0,1,1,0.0
Yash Dayal,Punjab Kings,1,2,2,50.0
Yash Dayal,Sunrisers Hyderabad,3,6,1,50.0
Yashpal Singh,Delhi Daredevils,13,20,1,65.0
Yashpal Singh,Mumbai Indians,8,8,1,100.0
Yashpal Singh,Rajasthan Royals,26,37,2,70.27
Younis Khan,Kings XI Punjab,3,7,1,42.86
Yudhvir Singh,Delhi Capitals,14,7,1,200.0
Yudhvir Singh,Kolkata Knight Riders,7,7,1,100.0
Yudhvir Singh,Punjab Kings,0,1,1,0.0
Yudhvir Singh,Rajasthan Royals,1,1,1,100.0
Yuvraj Singh,Chennai Super Kings,345,291,16,118.56
Yuvraj Singh,Deccan Chargers,118,104,8,113.46
Yuvraj Singh,Delhi Capitals,53,35,1,151.43
Yuvraj Singh,Delhi Daredevils,451,329,17,137.08
Yuvraj Singh,Gujarat Lions,13,27,2,48.15
Yuvraj Singh,Kings XI Punjab,257,195,10,131.79
Yuvraj Singh,Kochi Tuskers Kerala,8,12,1,66.67
Yuvraj Singh,Kolkata Knight Riders,384,292,18,131.51
Yuvraj Singh,Mumbai Indians,273,250,19,109.2
Yuvraj Singh,Rajasthan Royals,384,244,13,157.38
Yuvraj Singh,Rising Pune Supergiants,70,64,2,109.38
Yuvraj Singh,Royal Challengers Bengaluru,338,206,14,164.08
Yuvraj Singh,Sunrisers Hyderabad,48,66,5,72.73
Z Khan,Chennai Super Kings,39,36,5,108.33
Z Khan,Deccan Chargers,4,13,3,30.77
Z Khan,Delhi Daredevils,4,1,1,400.0
Z Khan,Kings XI Punjab,1,6,3,16.67
Z Khan,Kolkata Knight Riders,20,26,4,76.92
Z Khan,Mumbai Indians,5,18,3,27.78
Z Khan,Rajasthan Royals,17,25,3,68.0
Z Khan,Royal Challengers Bengaluru,25,13,4,192.31
Z Khan,Sunrisers Hyderabad,1,2,1,50.0
