Batter,ID,season,runs,balls_faced,strike_rate
A Ashish Reddy,548346,2012,10,10,100.0
A Ashish Reddy,548352,2012,3,3,100.0
A Ashish Reddy,548359,2012,8,8,100.0
A Ashish Reddy,548373,2012,10,4,250.0
A Ashish Reddy,548376,2012,4,4,100.0
A Ashish Reddy,598000,2013,7,4,175.0
A Ashish Reddy,598004,2013,14,12,116.67
A Ashish Reddy,598010,2013,16,9,177.78
A Ashish Reddy,598013,2013,4,5,80.0
A Ashish Reddy,598018,2013,19,15,126.67
A Ashish Reddy,598021,2013,7,7,100.0
A Ashish Reddy,598030,2013,36,16,225.0
A Ashish Reddy,598032,2013,14,11,127.27
A Ashish Reddy,598044,2013,5,6,83.33
A Ashish Reddy,598048,2013,3,4,75.0
A Ashish Reddy,829727,2015,13,9,144.44
A Ashish Reddy,829731,2015,15,8,187.5
A Ashish Reddy,829759,2015,22,8,275.0
A Ashish Reddy,829773,2015,6,6,100.0
A Ashish Reddy,829815,2015,17,15,113.33
A Ashish Reddy,980907,2016,32,18,177.78
A Ashish Reddy,980915,2016,13,8,162.5
A Ashish Reddy,980953,2016,2,3,66.67
A Badoni,1304050,2022,54,41,131.71
A Badoni,1304053,2022,19,9,211.11
A Badoni,1304058,2022,19,12,158.33
A Badoni,1304061,2022,10,3,333.33
A Badoni,1304066,2022,5,7,71.43
A Badoni,1304077,2022,13,13,100.0
A Badoni,1304083,2022,14,11,127.27
A Badoni,1304088,2022,4,4,100.0
A Badoni,1304099,2022,15,18,83.33
A Badoni,1304103,2022,8,11,72.73
A Badoni,1304109,2022,0,1,0.0
A Badoni,1359477,2023,18,7,257.14
A Badoni,1359480,2023,23,18,127.78
A Badoni,1359489,2023,30,24,125.0
A Badoni,1359495,2023,5,6,83.33
A Badoni,1359500,2023,1,4,25.0
A Badoni,1359504,2023,8,6,133.33
A Badoni,1359512,2023,42,23,182.61
A Badoni,1359517,2023,4,11,36.36
A Badoni,1359519,2023,59,33,178.79
A Badoni,1359525,2023,21,11,190.91
A Badoni,1359542,2023,25,21,119.05
A Badoni,1370351,2023,1,7,14.29
A Badoni,1422122,2024,1,5,20.0
A Badoni,1422129,2024,8,10,80.0
A Badoni,1422133,2024,0,3,0.0
A Badoni,1422139,2024,20,11,181.82
A Badoni,1426264,2024,55,35,157.14
A Badoni,1426266,2024,29,27,107.41
A Badoni,1426282,2024,18,13,138.46
A Badoni,1426286,2024,6,6,100.0
A Badoni,1426292,2024,15,12,125.0
A Badoni,1426295,2024,55,30,183.33
A Badoni,1426302,2024,6,9,66.67
A Badoni,1426305,2024,22,10,220.0
A Badoni,1473441,2025,4,5,80.0
A Badoni,1473444,2025,6,6,100.0
A Badoni,1473450,2025,41,33,124.24
A Badoni,1473453,2025,30,19,157.89
A Badoni,1473463,2025,28,20,140.0
A Badoni,1473467,2025,22,16,137.5
A Badoni,1473473,2025,50,34,147.06
A Badoni,1473477,2025,36,21,171.43
A Badoni,1473482,2025,35,22,159.09
A Badoni,1473491,2025,74,40,185.0
A Badoni,1473499,2025,3,5,60.0
A Badoni,1527678,2026,0,3,0.0
A Badoni,1527683,2026,12,9,133.33
A Badoni,1527688,2026,54,34,158.82
A Badoni,1527692,2026,9,11,81.82
A Badoni,1529266,2026,38,24,158.33
A Badoni,1529272,2026,35,21,166.67
A Badoni,1529275,2026,0,1,0.0
A Badoni,1529281,2026,24,19,126.32
A Badoni,1529307,2026,0,1,0.0
A Badoni,1529311,2026,43,18,238.89
A Chandila,548373,2012,0,1,0.0
A Chandila,598023,2013,4,6,66.67
A Chopra,336010,2008,2,5,40.0
A Chopra,336014,2008,24,23,104.35
A Chopra,336017,2008,13,17,76.47
A Chopra,336021,2008,1,4,25.0
A Chopra,336035,2008,2,3,66.67
A Chopra,392184,2009,11,19,57.89
A Choudhary,1082591,2017,6,2,300.0
A Choudhary,1082621,2017,15,12,125.0
A Choudhary,1082633,2017,4,6,66.67
A Dananjaya,1136569,2018,4,5,80.0
A Flintoff,392181,2009,24,23,104.35
A Flintoff,392185,2009,22,13,169.23
A Flintoff,392189,2009,16,17,94.12
A Kamboj,1426298,2024,2,2,100.0
A Kamboj,1473462,2025,3,3,100.0
A Kamboj,1473480,2025,2,4,50.0
A Kamboj,1473486,2025,0,1,0.0
A Kamboj,1473494,2025,4,1,400.0
A Kamboj,1473500,2025,5,3,166.67
A Kamboj,1527676,2026,7,9,77.78
A Kamboj,1527684,2026,19,12,158.33
A Kamboj,1529270,2026,13,7,185.71
A Kamboj,1529309,2026,19,8,237.5
A Kumble,336006,2008,3,7,42.86
A Kumble,336016,2008,0,1,0.0
A Kumble,336023,2008,8,8,100.0
A Kumble,336029,2008,2,1,200.0
A Kumble,392185,2009,1,5,20.0
A Kumble,392188,2009,1,1,100.0
A Kumble,392191,2009,5,3,166.67
A Kumble,392204,2009,1,3,33.33
A Kumble,392218,2009,7,6,116.67
A Kumble,392239,2009,1,1,100.0
A Kumble,419128,2010,1,1,100.0
A Kumble,419140,2010,1,1,100.0
A Kumble,419151,2010,2,4,50.0
A Kumble,419157,2010,1,3,33.33
A Kumble,419162,2010,1,2,50.0
A Manohar,1304050,2022,15,7,214.29
A Manohar,1304056,2022,1,2,50.0
A Manohar,1304067,2022,35,21,166.67
A Manohar,1304070,2022,43,28,153.57
A Manohar,1304075,2022,12,12,100.0
A Manohar,1304081,2022,2,4,50.0
A Manohar,1304086,2022,0,1,0.0
A Manohar,1359487,2023,14,8,175.0
A Manohar,1359497,2023,27,13,207.69
A Manohar,1359504,2023,3,5,60.0
A Manohar,1359509,2023,42,21,200.0
A Manohar,1359518,2023,26,33,78.79
A Manohar,1359531,2023,2,3,66.67
A Manohar,1426262,2024,1,2,50.0
A Manohar,1426270,2024,8,14,57.14
A Manohar,1473439,2025,0,1,0.0
A Manohar,1473444,2025,2,6,33.33
A Manohar,1473447,2025,4,6,66.67
A Manohar,1473478,2025,43,37,116.22
A Manohar,1473503,2025,12,11,109.09
A Mhatre,1473475,2025,32,15,213.33
A Mhatre,1473480,2025,30,19,157.89
A Mhatre,1473486,2025,7,6,116.67
A Mhatre,1473489,2025,94,48,195.83
A Mhatre,1473494,2025,0,2,0.0
A Mhatre,1473500,2025,43,20,215.0
A Mhatre,1473504,2025,34,17,200.0
A Mhatre,1527676,2026,0,1,0.0
A Mhatre,1527680,2026,72,42,171.43
A Mhatre,1527684,2026,1,3,33.33
A Mhatre,1527691,2026,59,36,163.89
A Mhatre,1529265,2026,38,17,223.53
A Mhatre,1529270,2026,30,13,230.77
A Mishra,336015,2008,4,5,80.0
A Mishra,336017,2008,31,32,96.88
A Mishra,336038,2008,2,5,40.0
A Mishra,392198,2009,0,4,0.0
A Mishra,392206,2009,11,8,137.5
A Mishra,392223,2009,2,3,66.67
A Mishra,392235,2009,13,4,325.0
A Mishra,392237,2009,0,1,0.0
A Mishra,419114,2010,3,5,60.0
A Mishra,419116,2010,6,3,200.0
A Mishra,419120,2010,0,1,0.0
A Mishra,419144,2010,4,6,66.67
A Mishra,419149,2010,10,10,100.0
A Mishra,419152,2010,11,16,68.75
A Mishra,419160,2010,4,9,44.44
A Mishra,501199,2011,2,2,100.0
A Mishra,501203,2011,12,5,240.0
A Mishra,501212,2011,0,1,0.0
A Mishra,501224,2011,25,19,131.58
A Mishra,501229,2011,0,1,0.0
A Mishra,501236,2011,2,5,40.0
A Mishra,501239,2011,9,9,100.0
A Mishra,501250,2011,0,1,0.0
A Mishra,501256,2011,18,6,300.0
A Mishra,548314,2012,0,2,0.0
A Mishra,548321,2012,6,6,100.0
A Mishra,548335,2012,1,1,100.0
A Mishra,548346,2012,1,6,16.67
A Mishra,548359,2012,8,5,160.0
A Mishra,598010,2013,16,13,123.08
A Mishra,598013,2013,1,1,100.0
A Mishra,598018,2013,30,24,125.0
A Mishra,598030,2013,15,21,71.43
A Mishra,598032,2013,21,28,75.0
A Mishra,598051,2013,6,8,75.0
A Mishra,729295,2014,4,5,80.0
A Mishra,733989,2014,0,2,0.0
A Mishra,829707,2015,4,4,100.0
A Mishra,829739,2015,1,1,100.0
A Mishra,829757,2015,2,4,50.0
A Mishra,829777,2015,1,3,33.33
A Mishra,980903,2016,3,9,33.33
A Mishra,980993,2016,1,5,20.0
A Mishra,1082595,2017,8,14,57.14
A Mishra,1082626,2017,4,9,44.44
A Mishra,1082635,2017,9,14,64.29
A Mishra,1082640,2017,8,2,400.0
A Mishra,1082642,2017,13,9,144.44
A Mishra,1082646,2017,7,4,175.0
A Mishra,1136582,2018,1,2,50.0
A Mishra,1178409,2019,6,8,75.0
A Mishra,1178425,2019,8,11,72.73
A Mishra,1181766,2019,1,2,50.0
A Mishra,1181767,2019,6,3,200.0
A Mishra,1359517,2023,19,30,63.33
A Mithun,419140,2010,5,4,125.0
A Mithun,501227,2011,0,2,0.0
A Mithun,501244,2011,6,3,200.0
A Mithun,501260,2011,10,7,142.86
A Mithun,501271,2011,11,8,137.5
A Mithun,598057,2013,2,2,100.0
A Mukund,336033,2008,0,1,0.0
A Mukund,598036,2013,19,21,90.48
A Nehra,335989,2008,1,2,50.0
A Nehra,335991,2008,1,9,11.11
A Nehra,336028,2008,0,1,0.0
A Nehra,392226,2009,1,1,100.0
A Nehra,419149,2010,1,4,25.0
A Nehra,419160,2010,21,15,140.0
A Nehra,548319,2012,2,4,50.0
A Nehra,548365,2012,9,8,112.5
A Nehra,597998,2013,0,1,0.0
A Nehra,598006,2013,1,5,20.0
A Nehra,598044,2013,0,1,0.0
A Nehra,598062,2013,0,1,0.0
A Nehra,829723,2015,1,4,25.0
A Nehra,829745,2015,0,1,0.0
A Nehra,829779,2015,0,1,0.0
A Nehra,829817,2015,0,1,0.0
A Nehra,980983,2016,1,1,100.0
A Nortje,1216493,2020,3,1,300.0
A Nortje,1216524,2020,1,3,33.33
A Nortje,1216532,2020,3,2,150.0
A Nortje,1304101,2022,1,6,16.67
A Nortje,1359481,2023,4,2,200.0
A Nortje,1359485,2023,0,1,0.0
A Nortje,1359490,2023,5,3,166.67
A Nortje,1359494,2023,23,14,164.29
A Nortje,1359508,2023,2,2,100.0
A Nortje,1359518,2023,3,6,50.0
A Nortje,1359541,2023,0,1,0.0
A Nortje,1422134,2024,4,6,66.67
A Nortje,1426273,2024,0,2,0.0
A Nortje,1527678,2026,0,1,0.0
A Raghuvanshi,1422134,2024,54,27,200.0
A Raghuvanshi,1426260,2024,24,18,133.33
A Raghuvanshi,1426266,2024,7,6,116.67
A Raghuvanshi,1426269,2024,30,18,166.67
A Raghuvanshi,1426274,2024,3,4,75.0
A Raghuvanshi,1426289,2024,13,6,216.67
A Raghuvanshi,1426292,2024,32,26,123.08
A Raghuvanshi,1473438,2025,30,22,136.36
A Raghuvanshi,1473443,2025,22,17,129.41
A Raghuvanshi,1473449,2025,26,16,162.5
A Raghuvanshi,1473452,2025,50,32,156.25
A Raghuvanshi,1473456,2025,5,4,125.0
A Raghuvanshi,1473468,2025,37,28,132.14
A Raghuvanshi,1473476,2025,27,13,207.69
A Raghuvanshi,1473485,2025,44,31,141.94
A Raghuvanshi,1473490,2025,44,31,141.94
A Raghuvanshi,1473494,2025,1,2,50.0
A Raghuvanshi,1473505,2025,14,18,77.78
A Raghuvanshi,1527675,2026,51,29,175.86
A Raghuvanshi,1527679,2026,52,29,179.31
A Raghuvanshi,1527685,2026,7,7,100.0
A Raghuvanshi,1527688,2026,45,33,136.36
A Raghuvanshi,1529265,2026,27,19,142.11
A Raghuvanshi,1529268,2026,8,4,200.0
A Raghuvanshi,1529271,2026,10,19,52.63
A Raghuvanshi,1529281,2026,9,8,112.5
A Raghuvanshi,1529288,2026,59,47,125.53
A Raghuvanshi,1529294,2026,1,3,33.33
A Raghuvanshi,1529300,2026,71,46,154.35
A Raghuvanshi,1529303,2026,82,43,190.7
A Singh,392230,2009,0,1,0.0
A Singh,392233,2009,1,2,50.0
A Singh,501214,2011,0,2,0.0
A Singh,501249,2011,1,2,50.0
A Singh,548317,2012,0,2,0.0
A Symonds,335986,2008,32,39,82.05
A Symonds,335988,2008,12,13,92.31
A Symonds,335990,2008,117,52,225.0
A Symonds,392216,2009,59,35,168.57
A Symonds,392220,2009,30,19,157.89
A Symonds,392223,2009,41,22,186.36
A Symonds,392228,2009,18,12,150.0
A Symonds,392229,2009,25,24,104.17
A Symonds,392236,2009,18,15,120.0
A Symonds,392237,2009,24,15,160.0
A Symonds,392239,2009,33,21,157.14
A Symonds,419106,2010,5,9,55.56
A Symonds,419110,2010,50,43,116.28
A Symonds,419117,2010,53,38,139.47
A Symonds,419120,2010,35,24,145.83
A Symonds,419126,2010,22,14,157.14
A Symonds,419130,2010,1,6,16.67
A Symonds,419135,2010,45,37,121.62
A Symonds,419138,2010,21,18,116.67
A Symonds,419141,2010,15,19,78.95
A Symonds,419145,2010,53,24,220.83
A Symonds,419147,2010,27,22,122.73
A Symonds,419151,2010,19,20,95.0
A Symonds,419156,2010,4,6,66.67
A Symonds,419160,2010,54,30,180.0
A Symonds,419163,2010,23,22,104.55
A Symonds,419164,2010,2,8,25.0
A Symonds,501218,2011,16,15,106.67
A Symonds,501221,2011,31,26,119.23
A Symonds,501224,2011,44,33,133.33
A Symonds,501231,2011,17,26,65.38
A Symonds,501237,2011,4,6,66.67
A Symonds,501241,2011,3,3,100.0
A Symonds,501246,2011,4,4,100.0
A Symonds,501251,2011,8,6,133.33
A Symonds,501256,2011,8,19,42.11
A Tomar,1304112,2022,4,8,50.0
A Uniyal,419107,2010,0,1,0.0
A Uniyal,419111,2010,4,6,66.67
A Zampa,980979,2016,0,1,0.0
A Zampa,1082599,2017,5,7,71.43
A Zampa,1359491,2023,1,1,100.0
A Zampa,1359522,2023,7,9,77.78
A Zampa,1359534,2023,2,6,33.33
AA Bilakhia,392196,2009,12,14,85.71
AA Bilakhia,392201,2009,22,26,84.62
AA Bilakhia,392205,2009,1,5,20.0
AA Bilakhia,392236,2009,16,8,200.0
AA Bilakhia,392237,2009,10,20,50.0
AA Bilakhia,392239,2009,6,7,85.71
AA Bilakhia,419141,2010,2,4,50.0
AA Chavan,501258,2011,1,3,33.33
AA Chavan,548317,2012,4,2,200.0
AA Chavan,548349,2012,7,6,116.67
AA Jhunjhunwala,419107,2010,14,11,127.27
AA Jhunjhunwala,419111,2010,53,45,117.78
AA Jhunjhunwala,419115,2010,5,7,71.43
AA Jhunjhunwala,419118,2010,45,36,125.0
AA Jhunjhunwala,419129,2010,11,6,183.33
AA Jhunjhunwala,419134,2010,2,5,40.0
AA Jhunjhunwala,419137,2010,7,4,175.0
AA Jhunjhunwala,419141,2010,11,8,137.5
AA Jhunjhunwala,419150,2010,22,22,100.0
AA Jhunjhunwala,419154,2010,13,22,59.09
AA Jhunjhunwala,501241,2011,10,15,66.67
AA Jhunjhunwala,501248,2011,0,2,0.0
AA Jhunjhunwala,548321,2012,4,5,80.0
AA Jhunjhunwala,548352,2012,1,1,100.0
AA Jhunjhunwala,548359,2012,19,20,95.0
AA Kulkarni,1426286,2024,0,1,0.0
AA Kulkarni,1426292,2024,9,7,128.57
AA Kulkarni,1529293,2026,17,24,70.83
AA Kulkarni,1529311,2026,0,1,0.0
AA Noffke,335982,2008,9,10,90.0
AB Agarkar,335993,2008,11,8,137.5
AB Agarkar,335997,2008,2,6,33.33
AB Agarkar,336000,2008,20,13,153.85
AB Agarkar,336003,2008,1,2,50.0
AB Agarkar,336021,2008,15,14,107.14
AB Agarkar,336027,2008,5,2,250.0
AB Agarkar,392184,2009,7,3,233.33
AB Agarkar,392190,2009,1,1,100.0
AB Agarkar,392199,2009,6,7,85.71
AB Agarkar,392219,2009,39,29,134.48
AB Agarkar,392233,2009,13,17,76.47
AB Agarkar,419131,2010,16,12,133.33
AB Agarkar,419135,2010,8,5,160.0
AB Agarkar,419148,2010,6,6,100.0
AB Agarkar,419153,2010,9,5,180.0
AB Agarkar,501246,2011,6,5,120.0
AB Agarkar,598020,2013,3,7,42.86
AB Agarkar,598059,2013,9,9,100.0
AB Barath,419117,2010,7,10,70.0
AB Barath,419146,2010,33,27,122.22
AB Barath,419149,2010,2,5,40.0
AB Dinda,336000,2008,1,3,33.33
AB Dinda,336021,2008,1,1,100.0
AB Dinda,392184,2009,2,2,100.0
AB Dinda,392197,2009,0,1,0.0
AB Dinda,419148,2010,0,1,0.0
AB Dinda,501201,2011,0,5,0.0
AB Dinda,548319,2012,2,5,40.0
AB Dinda,598000,2013,0,2,0.0
AB Dinda,598018,2013,0,1,0.0
AB Dinda,598027,2013,1,1,100.0
AB Dinda,598038,2013,2,2,100.0
AB Dinda,598042,2013,6,5,120.0
AB Dinda,729305,2014,0,3,0.0
AB Dinda,729313,2014,2,5,40.0
AB Dinda,733983,2014,2,4,50.0
AB Dinda,1082599,2017,7,7,100.0
AB McDonald,392232,2009,3,4,75.0
AB McDonald,419128,2010,18,12,150.0
AB McDonald,419134,2010,14,9,155.56
AB McDonald,419152,2010,33,31,106.45
AB McDonald,501253,2011,8,7,114.29
AB McDonald,548310,2012,30,19,157.89
AB McDonald,548331,2012,8,6,133.33
AB McDonald,548350,2012,9,10,90.0
AB McDonald,598017,2013,0,2,0.0
AB de Villiers,336001,2008,26,21,123.81
AB de Villiers,336004,2008,21,17,123.53
AB de Villiers,336009,2008,0,1,0.0
AB de Villiers,336015,2008,20,22,90.91
AB de Villiers,336017,2008,7,12,58.33
AB de Villiers,336026,2008,21,25,84.0
AB de Villiers,392189,2009,105,54,194.44
AB de Villiers,392194,2009,21,23,91.3
AB de Villiers,392198,2009,50,40,125.0
AB de Villiers,392201,2009,5,9,55.56
AB de Villiers,392206,2009,0,1,0.0
AB de Villiers,392215,2009,50,38,131.58
AB de Villiers,392219,2009,40,32,125.0
AB de Villiers,392223,2009,44,36,122.22
AB de Villiers,392226,2009,11,11,100.0
AB de Villiers,392230,2009,73,54,135.19
AB de Villiers,392232,2009,28,29,96.55
AB de Villiers,392235,2009,6,6,100.0
AB de Villiers,392237,2009,26,21,123.81
AB de Villiers,419108,2010,7,13,53.85
AB de Villiers,419111,2010,15,24,62.5
AB de Villiers,419114,2010,11,11,100.0
AB de Villiers,419116,2010,2,3,66.67
AB de Villiers,419120,2010,27,26,103.85
AB de Villiers,419128,2010,45,35,128.57
AB de Villiers,419152,2010,4,7,57.14
AB de Villiers,501200,2011,54,40,135.0
AB de Villiers,501205,2011,38,36,105.56
AB de Villiers,501208,2011,0,7,0.0
AB de Villiers,501211,2011,65,44,147.73
AB de Villiers,501227,2011,5,2,250.0
AB de Villiers,501232,2011,26,20,130.0
AB de Villiers,501244,2011,27,14,192.86
AB de Villiers,501255,2011,13,13,100.0
AB de Villiers,501260,2011,34,27,125.93
AB de Villiers,501266,2011,0,3,0.0
AB de Villiers,501268,2011,11,10,110.0
AB de Villiers,501270,2011,15,14,107.14
AB de Villiers,501271,2011,18,12,150.0
AB de Villiers,548310,2012,64,42,152.38
AB de Villiers,548315,2012,10,10,100.0
AB de Villiers,548318,2012,4,2,200.0
AB de Villiers,548324,2012,6,9,66.67
AB de Villiers,548327,2012,33,14,235.71
AB de Villiers,548331,2012,52,39,133.33
AB de Villiers,548336,2012,58,22,263.64
AB de Villiers,548344,2012,0,1,0.0
AB de Villiers,548350,2012,17,13,130.77
AB de Villiers,548356,2012,47,17,276.47
AB de Villiers,548362,2012,9,4,225.0
AB de Villiers,548367,2012,14,13,107.69
AB de Villiers,548376,2012,4,11,36.36
AB de Villiers,598008,2013,22,22,100.0
AB de Villiers,598012,2013,64,32,200.0
AB de Villiers,598017,2013,52,36,144.44
AB de Villiers,598023,2013,7,8,87.5
AB de Villiers,598027,2013,31,8,387.5
AB de Villiers,598033,2013,2,3,66.67
AB de Villiers,598036,2013,21,13,161.54
AB de Villiers,598042,2013,50,23,217.39
AB de Villiers,598045,2013,6,2,300.0
AB de Villiers,598048,2013,15,15,100.0
AB de Villiers,598054,2013,32,17,188.24
AB de Villiers,598057,2013,28,22,127.27
AB de Villiers,598064,2013,38,19,200.0
AB de Villiers,598068,2013,5,3,166.67
AB de Villiers,729287,2014,45,48,93.75
AB de Villiers,729299,2014,11,12,91.67
AB de Villiers,729305,2014,0,1,0.0
AB de Villiers,729313,2014,17,15,113.33
AB de Villiers,733977,2014,89,41,217.07
AB de Villiers,733983,2014,9,7,128.57
AB de Villiers,733991,2014,47,25,188.0
AB de Villiers,733999,2014,58,32,181.25
AB de Villiers,734005,2014,33,17,194.12
AB de Villiers,734013,2014,28,14,200.0
AB de Villiers,734021,2014,29,17,170.59
AB de Villiers,734027,2014,13,13,100.0
AB de Villiers,734035,2014,10,6,166.67
AB de Villiers,829713,2015,28,13,215.38
AB de Villiers,829719,2015,46,28,164.29
AB de Villiers,829737,2015,41,11,372.73
AB de Villiers,829745,2015,14,10,140.0
AB de Villiers,829749,2015,47,34,138.24
AB de Villiers,829763,2015,56,44,127.27
AB de Villiers,829771,2015,2,4,50.0
AB de Villiers,829779,2015,21,14,150.0
AB de Villiers,829785,2015,47,24,195.83
AB de Villiers,829795,2015,132,58,227.59
AB de Villiers,829803,2015,10,9,111.11
AB de Villiers,829807,2015,0,1,0.0
AB de Villiers,829819,2015,66,38,173.68
AB de Villiers,829821,2015,1,3,33.33
AB de Villiers,980907,2016,82,42,195.24
AB de Villiers,980921,2016,55,33,166.67
AB de Villiers,980927,2016,29,21,138.1
AB de Villiers,980931,2016,83,46,180.43
AB de Villiers,980937,2016,20,16,125.0
AB de Villiers,980953,2016,47,32,146.88
AB de Villiers,980959,2016,4,6,66.67
AB de Villiers,980969,2016,1,3,33.33
AB de Villiers,980977,2016,64,35,182.86
AB de Villiers,980981,2016,24,27,88.89
AB de Villiers,980987,2016,125,51,245.1
AB de Villiers,980995,2016,58,30,193.33
AB de Villiers,980999,2016,0,2,0.0
AB de Villiers,981011,2016,6,8,75.0
AB de Villiers,981013,2016,79,47,168.09
AB de Villiers,981019,2016,5,6,83.33
AB de Villiers,1082598,2017,89,46,193.48
AB de Villiers,1082602,2017,19,21,90.48
AB de Villiers,1082607,2017,29,30,96.67
AB de Villiers,1082617,2017,8,6,133.33
AB de Villiers,1082621,2017,5,11,45.45
AB de Villiers,1082624,2017,3,8,37.5
AB de Villiers,1082628,2017,43,27,159.26
AB de Villiers,1082633,2017,10,6,166.67
AB de Villiers,1082636,2017,10,8,125.0
AB de Villiers,1136563,2018,44,23,191.3
AB de Villiers,1136568,2018,57,40,142.5
AB de Villiers,1136571,2018,20,18,111.11
AB de Villiers,1136574,2018,1,2,50.0
AB de Villiers,1136579,2018,90,39,230.77
AB de Villiers,1136584,2018,68,30,226.67
AB de Villiers,1136595,2018,1,4,25.0
AB de Villiers,1136599,2018,5,8,62.5
AB de Villiers,1136605,2018,72,37,194.59
AB de Villiers,1136611,2018,69,39,176.92
AB de Villiers,1136613,2018,53,35,151.43
AB de Villiers,1175356,2019,9,10,90.0
AB de Villiers,1175362,2019,70,41,170.73
AB de Villiers,1175366,2019,1,2,50.0
AB de Villiers,1175369,2019,13,9,144.44
AB de Villiers,1175372,2019,63,32,196.88
AB de Villiers,1178395,2019,17,16,106.25
AB de Villiers,1178403,2019,59,38,155.26
AB de Villiers,1178406,2019,75,51,147.06
AB de Villiers,1178414,2019,25,19,131.58
AB de Villiers,1178417,2019,82,44,186.36
AB de Villiers,1178421,2019,17,19,89.47
AB de Villiers,1178424,2019,10,4,250.0
AB de Villiers,1178429,2019,1,2,50.0
AB de Villiers,1216499,2020,15,12,125.0
AB de Villiers,1216502,2020,24,24,100.0
AB de Villiers,1216505,2020,35,21,166.67
AB de Villiers,1216510,2020,28,18,155.56
AB de Villiers,1216514,2020,12,10,120.0
AB de Villiers,1216519,2020,9,6,150.0
AB de Villiers,1216522,2020,55,22,250.0
AB de Villiers,1216525,2020,0,2,0.0
AB de Villiers,1216531,2020,2,5,40.0
AB de Villiers,1216534,2020,51,30,170.0
AB de Villiers,1216540,2020,69,32,215.62
AB de Villiers,1216544,2020,37,35,105.71
AB de Villiers,1216547,2020,61,28,217.86
AB de Villiers,1237178,2020,55,42,130.95
AB de Villiers,1254058,2021,48,27,177.78
AB de Villiers,1254063,2021,1,5,20.0
AB de Villiers,1254067,2021,76,34,223.53
AB de Villiers,1254076,2021,4,9,44.44
AB de Villiers,1254079,2021,75,42,178.57
AB de Villiers,1254083,2021,3,9,33.33
AB de Villiers,1254087,2021,0,1,0.0
AB de Villiers,1254090,2021,23,18,127.78
AB de Villiers,1254095,2021,19,13,146.15
AB de Villiers,1254101,2021,26,26,100.0
AB de Villiers,1254103,2021,4,1,400.0
AB de Villiers,1254108,2021,11,6,183.33
AB de Villiers,1254113,2021,12,11,109.09
AB de Villiers,1254115,2021,11,9,122.22
AC Blizzard,501241,2011,6,6,100.0
AC Blizzard,501246,2011,37,23,160.87
AC Blizzard,501251,2011,15,10,150.0
AC Blizzard,501256,2011,1,7,14.29
AC Blizzard,501269,2011,51,30,170.0
AC Blizzard,501270,2011,10,11,90.91
AC Blizzard,548342,2012,0,3,0.0
AC Gilchrist,335986,2008,23,21,109.52
AC Gilchrist,335988,2008,8,9,88.89
AC Gilchrist,335990,2008,13,9,144.44
AC Gilchrist,335994,2008,109,47,231.91
AC Gilchrist,335999,2008,6,6,100.0
AC Gilchrist,336002,2008,46,37,124.32
AC Gilchrist,336007,2008,49,34,144.12
AC Gilchrist,336011,2008,61,48,127.08
AC Gilchrist,336014,2008,24,17,141.18
AC Gilchrist,336020,2008,14,9,155.56
AC Gilchrist,336024,2008,13,16,81.25
AC Gilchrist,336031,2008,50,42,119.05
AC Gilchrist,336034,2008,10,11,90.91
AC Gilchrist,336037,2008,5,8,62.5
AC Gilchrist,392184,2009,13,11,118.18
AC Gilchrist,392188,2009,71,45,157.78
AC Gilchrist,392192,2009,35,20,175.0
AC Gilchrist,392196,2009,44,19,231.58
AC Gilchrist,392201,2009,8,5,160.0
AC Gilchrist,392205,2009,39,35,111.43
AC Gilchrist,392209,2009,0,1,0.0
AC Gilchrist,392212,2009,25,29,86.21
AC Gilchrist,392216,2009,19,15,126.67
AC Gilchrist,392220,2009,10,11,90.91
AC Gilchrist,392223,2009,64,33,193.94
AC Gilchrist,392228,2009,43,31,138.71
AC Gilchrist,392229,2009,23,13,176.92
AC Gilchrist,392236,2009,15,18,83.33
AC Gilchrist,392237,2009,77,33,233.33
AC Gilchrist,392239,2009,0,3,0.0
AC Gilchrist,419106,2010,54,35,154.29
AC Gilchrist,419110,2010,38,17,223.53
AC Gilchrist,419117,2010,33,12,275.0
AC Gilchrist,419120,2010,24,14,171.43
AC Gilchrist,419126,2010,1,3,33.33
AC Gilchrist,419130,2010,0,2,0.0
AC Gilchrist,419135,2010,9,5,180.0
AC Gilchrist,419138,2010,19,14,135.71
AC Gilchrist,419141,2010,34,17,200.0
AC Gilchrist,419145,2010,32,19,168.42
AC Gilchrist,419147,2010,7,8,87.5
AC Gilchrist,419151,2010,0,1,0.0
AC Gilchrist,419156,2010,9,5,180.0
AC Gilchrist,419160,2010,10,9,111.11
AC Gilchrist,419163,2010,15,20,75.0
AC Gilchrist,419164,2010,4,4,100.0
AC Gilchrist,501202,2011,1,3,33.33
AC Gilchrist,501206,2011,19,15,126.67
AC Gilchrist,501212,2011,61,46,132.61
AC Gilchrist,501220,2011,28,15,186.67
AC Gilchrist,501223,2011,42,32,131.25
AC Gilchrist,501234,2011,26,27,96.3
AC Gilchrist,501237,2011,0,2,0.0
AC Gilchrist,501244,2011,0,1,0.0
AC Gilchrist,501248,2011,3,8,37.5
AC Gilchrist,501251,2011,28,28,100.0
AC Gilchrist,501254,2011,9,15,60.0
AC Gilchrist,501257,2011,9,9,100.0
AC Gilchrist,501260,2011,101,53,190.57
AC Gilchrist,501264,2011,51,37,137.84
AC Gilchrist,548309,2012,23,17,135.29
AC Gilchrist,548313,2012,6,11,54.55
AC Gilchrist,548319,2012,21,17,123.53
AC Gilchrist,548323,2012,5,9,55.56
AC Gilchrist,548328,2012,40,30,133.33
AC Gilchrist,548371,2012,64,46,139.13
AC Gilchrist,548374,2012,9,12,75.0
AC Gilchrist,598003,2013,15,10,150.0
AC Gilchrist,598007,2013,9,6,150.0
AC Gilchrist,598014,2013,0,2,0.0
AC Gilchrist,598016,2013,7,12,58.33
AC Gilchrist,598021,2013,26,25,104.0
AC Gilchrist,598025,2013,4,3,133.33
AC Gilchrist,598028,2013,42,26,161.54
AC Gilchrist,598031,2013,27,27,100.0
AC Gilchrist,598045,2013,85,54,157.41
AC Gilchrist,598052,2013,42,32,131.25
AC Gilchrist,598056,2013,26,22,118.18
AC Gilchrist,598059,2013,6,3,200.0
AC Gilchrist,598066,2013,5,7,71.43
AC Thomas,501218,2011,0,2,0.0
AC Thomas,501226,2011,1,2,50.0
AC Thomas,548341,2012,12,9,133.33
AC Thomas,548362,2012,7,6,116.67
AC Voges,419118,2010,37,22,168.18
AC Voges,419124,2010,45,24,187.5
AC Voges,419129,2010,20,19,105.26
AC Voges,419134,2010,15,17,88.24
AC Voges,419150,2010,28,27,103.7
AC Voges,419154,2010,28,27,103.7
AC Voges,419158,2010,8,7,114.29
AD Hales,1136588,2018,45,39,115.38
AD Hales,1136596,2018,44,30,146.67
AD Hales,1136599,2018,5,5,100.0
AD Hales,1136602,2018,14,10,140.0
AD Hales,1136606,2018,2,9,22.22
AD Hales,1136611,2018,37,24,154.17
AD Mascarenhas,336015,2008,9,8,112.5
AD Mascarenhas,392182,2009,0,1,0.0
AD Mascarenhas,392190,2009,27,28,96.43
AD Mascarenhas,392195,2009,4,2,200.0
AD Mascarenhas,392202,2009,8,8,100.0
AD Mascarenhas,419107,2010,9,7,128.57
AD Mascarenhas,419111,2010,3,3,100.0
AD Mascarenhas,548313,2012,5,5,100.0
AD Mascarenhas,548323,2012,0,1,0.0
AD Mascarenhas,548328,2012,9,10,90.0
AD Mascarenhas,598021,2013,5,5,100.0
AD Mathews,392221,2009,16,13,123.08
AD Mathews,419106,2010,64,45,142.22
AD Mathews,419113,2010,6,13,46.15
AD Mathews,419122,2010,3,3,100.0
AD Mathews,419127,2010,19,11,172.73
AD Mathews,419131,2010,24,18,133.33
AD Mathews,419135,2010,4,4,100.0
AD Mathews,419139,2010,17,11,154.55
AD Mathews,419144,2010,46,28,164.29
AD Mathews,419148,2010,1,2,50.0
AD Mathews,419153,2010,48,48,100.0
AD Mathews,548319,2012,11,9,122.22
AD Mathews,548327,2012,10,7,142.86
AD Mathews,548330,2012,27,22,122.73
AD Mathews,548333,2012,6,2,300.0
AD Mathews,548353,2012,35,27,129.63
AD Mathews,548358,2012,11,12,91.67
AD Mathews,548362,2012,4,10,40.0
AD Mathews,548365,2012,23,19,121.05
AD Mathews,598000,2013,8,6,133.33
AD Mathews,598003,2013,4,4,100.0
AD Mathews,598009,2013,1,1,100.0
AD Mathews,598011,2013,19,18,105.56
AD Mathews,598018,2013,20,24,83.33
AD Mathews,598042,2013,32,19,168.42
AD Mathews,598047,2013,18,15,120.0
AD Mathews,598053,2013,40,28,142.86
AD Mathews,598055,2013,0,2,0.0
AD Mathews,598067,2013,30,22,136.36
AD Mathews,829715,2015,27,14,192.86
AD Mathews,829725,2015,5,3,166.67
AD Mathews,829731,2015,15,11,136.36
AD Mathews,829739,2015,28,21,133.33
AD Mathews,829747,2015,17,8,212.5
AD Mathews,829757,2015,0,1,0.0
AD Mathews,829761,2015,22,15,146.67
AD Mathews,829777,2015,16,17,94.12
AD Mathews,829783,2015,12,10,120.0
AD Mathews,829813,2015,1,3,33.33
AD Mathews,1082608,2017,1,4,25.0
AD Mathews,1082611,2017,31,23,134.78
AD Nath,980917,2016,12,11,109.09
AD Nath,980929,2016,5,10,50.0
AD Nath,980987,2016,3,6,50.0
AD Nath,1082616,2017,0,1,0.0
AD Nath,1136600,2018,9,13,69.23
AD Nath,1178395,2019,19,12,158.33
AD Nath,1178406,2019,2,3,66.67
AD Nath,1178410,2019,13,15,86.67
AD Nath,1178414,2019,24,20,120.0
AD Nath,1178417,2019,3,7,42.86
AD Russell,548372,2012,31,15,206.67
AD Russell,548380,2012,16,11,145.45
AD Russell,597998,2013,4,8,50.0
AD Russell,598001,2013,7,6,116.67
AD Russell,733971,2014,1,5,20.0
AD Russell,733979,2014,1,3,33.33
AD Russell,829713,2015,41,17,241.18
AD Russell,829723,2015,55,32,171.88
AD Russell,829733,2015,66,36,183.33
AD Russell,829743,2015,19,10,190.0
AD Russell,829761,2015,5,5,100.0
AD Russell,829765,2015,4,4,100.0
AD Russell,829771,2015,45,17,264.71
AD Russell,829781,2015,1,3,33.33
AD Russell,829791,2015,51,21,242.86
AD Russell,829805,2015,2,4,50.0
AD Russell,829811,2015,37,20,185.0
AD Russell,980909,2016,36,17,211.76
AD Russell,980915,2016,2,5,40.0
AD Russell,980939,2016,17,11,154.55
AD Russell,980947,2016,22,16,137.5
AD Russell,980951,2016,17,12,141.67
AD Russell,980959,2016,39,24,162.5
AD Russell,980963,2016,16,10,160.0
AD Russell,980995,2016,39,19,205.26
AD Russell,1136563,2018,15,11,136.36
AD Russell,1136565,2018,88,36,244.44
AD Russell,1136570,2018,9,5,180.0
AD Russell,1136573,2018,41,12,341.67
AD Russell,1136578,2018,10,7,142.86
AD Russell,1136586,2018,44,30,146.67
AD Russell,1136589,2018,0,1,0.0
AD Russell,1136597,2018,9,10,90.0
AD Russell,1136601,2018,2,4,50.0
AD Russell,1136604,2018,31,14,221.43
AD Russell,1136609,2018,11,5,220.0
AD Russell,1136614,2018,4,4,100.0
AD Russell,1136618,2018,49,24,204.17
AD Russell,1136619,2018,3,7,42.86
AD Russell,1175357,2019,49,19,257.89
AD Russell,1175361,2019,48,16,300.0
AD Russell,1175365,2019,66,30,220.0
AD Russell,1175372,2019,42,12,350.0
AD Russell,1178398,2019,50,44,113.64
AD Russell,1178401,2019,45,21,214.29
AD Russell,1178404,2019,10,4,250.0
AD Russell,1178410,2019,65,25,260.0
AD Russell,1178413,2019,15,9,166.67
AD Russell,1178418,2019,14,14,100.0
AD Russell,1178422,2019,80,40,200.0
AD Russell,1178427,2019,24,14,171.43
AD Russell,1178431,2019,0,1,0.0
AD Russell,1216501,2020,2,4,50.0
AD Russell,1216504,2020,24,14,171.43
AD Russell,1216508,2020,11,11,100.0
AD Russell,1216512,2020,8,10,80.0
AD Russell,1216515,2020,12,7,171.43
AD Russell,1216523,2020,5,3,166.67
AD Russell,1216526,2020,12,9,133.33
AD Russell,1216530,2020,25,11,227.27
AD Russell,1216540,2020,16,10,160.0
AD Russell,1254060,2021,5,5,100.0
AD Russell,1254062,2021,9,14,64.29
AD Russell,1254067,2021,31,20,155.0
AD Russell,1254072,2021,54,21,257.14
AD Russell,1254075,2021,8,6,133.33
AD Russell,1254078,2021,10,9,111.11
AD Russell,1254082,2021,45,27,166.67
AD Russell,1254098,2021,20,15,133.33
AD Russell,1304052,2022,25,18,138.89
AD Russell,1304054,2022,65,29,224.14
AD Russell,1304060,2022,11,5,220.0
AD Russell,1304065,2022,24,21,114.29
AD Russell,1304071,2022,49,25,196.0
AD Russell,1304076,2022,0,1,0.0
AD Russell,1304081,2022,48,24,200.0
AD Russell,1304087,2022,0,3,0.0
AD Russell,1304099,2022,45,19,236.84
AD Russell,1304102,2022,9,5,180.0
AD Russell,1304107,2022,49,28,175.0
AD Russell,1304112,2022,5,11,45.45
AD Russell,1359476,2023,34,18,188.89
AD Russell,1359483,2023,0,1,0.0
AD Russell,1359487,2023,1,2,50.0
AD Russell,1359493,2023,3,6,50.0
AD Russell,1359496,2023,21,11,190.91
AD Russell,1359502,2023,38,31,122.58
AD Russell,1359507,2023,9,6,150.0
AD Russell,1359510,2023,1,2,50.0
AD Russell,1359513,2023,34,19,178.95
AD Russell,1359521,2023,24,15,160.0
AD Russell,1359527,2023,42,23,182.61
AD Russell,1359530,2023,10,10,100.0
AD Russell,1359535,2023,2,2,100.0
AD Russell,1359542,2023,7,9,77.78
AD Russell,1422121,2024,60,24,250.0
AD Russell,1422134,2024,41,19,215.79
AD Russell,1426260,2024,6,9,66.67
AD Russell,1426269,2024,13,10,130.0
AD Russell,1426274,2024,27,19,142.11
AD Russell,1426280,2024,24,12,200.0
AD Russell,1426289,2024,7,2,350.0
AD Russell,1426292,2024,12,8,150.0
AD Russell,1426298,2024,24,14,171.43
AD Russell,1473438,2025,4,3,133.33
AD Russell,1473449,2025,5,11,45.45
AD Russell,1473452,2025,1,2,50.0
AD Russell,1473456,2025,7,4,175.0
AD Russell,1473468,2025,17,11,154.55
AD Russell,1473476,2025,21,15,140.0
AD Russell,1473485,2025,17,9,188.89
AD Russell,1473490,2025,57,25,228.0
AD Russell,1473494,2025,38,21,180.95
AD Russell,1473505,2025,0,1,0.0
AF Milne,1082607,2017,2,3,66.67
AF Milne,1082624,2017,5,8,62.5
AF Milne,1082628,2017,0,1,0.0
AF Milne,1254096,2021,1,1,100.0
AF Milne,1254104,2021,15,15,100.0
AF Milne,1254108,2021,0,1,0.0
AF Milne,1529305,2026,2,2,100.0
AG Murtaza,501231,2011,2,5,40.0
AG Murtaza,548375,2012,3,5,60.0
AG Murtaza,598027,2013,5,4,125.0
AG Paunikar,419154,2010,0,1,0.0
AG Paunikar,501199,2011,20,18,111.11
AG Paunikar,501204,2011,4,7,57.14
AG Paunikar,501209,2011,9,15,60.0
AG Paunikar,501214,2011,15,14,107.14
AJ Finch,419158,2010,21,21,100.0
AJ Finch,501201,2011,8,12,66.67
AJ Finch,501204,2011,11,14,78.57
AJ Finch,501213,2011,25,12,208.33
AJ Finch,501216,2011,0,1,0.0
AJ Finch,501223,2011,3,5,60.0
AJ Finch,501243,2011,0,2,0.0
AJ Finch,548307,2012,30,27,111.11
AJ Finch,548310,2012,25,24,104.17
AJ Finch,598009,2013,64,53,120.75
AJ Finch,598011,2013,0,1,0.0
AJ Finch,598015,2013,67,45,148.89
AJ Finch,598018,2013,16,13,123.08
AJ Finch,598025,2013,64,42,152.38
AJ Finch,598027,2013,18,15,120.0
AJ Finch,598035,2013,37,33,112.12
AJ Finch,598038,2013,14,8,175.0
AJ Finch,598042,2013,15,11,136.36
AJ Finch,598047,2013,45,32,140.62
AJ Finch,598053,2013,5,5,100.0
AJ Finch,598055,2013,10,11,90.91
AJ Finch,598061,2013,48,32,150.0
AJ Finch,598067,2013,52,34,152.94
AJ Finch,729285,2014,2,5,40.0
AJ Finch,729295,2014,19,14,135.71
AJ Finch,729301,2014,88,53,166.04
AJ Finch,729311,2014,44,45,97.78
AJ Finch,729317,2014,16,15,106.67
AJ Finch,733977,2014,13,8,162.5
AJ Finch,733989,2014,9,10,90.0
AJ Finch,733993,2014,4,7,57.14
AJ Finch,734001,2014,68,62,109.68
AJ Finch,734007,2014,19,22,86.36
AJ Finch,734015,2014,8,8,100.0
AJ Finch,734021,2014,11,9,122.22
AJ Finch,734029,2014,7,3,233.33
AJ Finch,829705,2015,5,5,100.0
AJ Finch,829717,2015,8,14,57.14
AJ Finch,829721,2015,10,14,71.43
AJ Finch,980905,2016,74,47,157.45
AJ Finch,980911,2016,50,36,138.89
AJ Finch,980917,2016,67,54,124.07
AJ Finch,980929,2016,0,4,0.0
AJ Finch,980961,2016,5,5,100.0
AJ Finch,980967,2016,51,42,121.43
AJ Finch,980975,2016,29,10,290.0
AJ Finch,980987,2016,36,36,100.0
AJ Finch,981001,2016,26,23,113.04
AJ Finch,981007,2016,0,2,0.0
AJ Finch,981013,2016,4,6,66.67
AJ Finch,981017,2016,50,32,156.25
AJ Finch,1082593,2017,15,8,187.5
AJ Finch,1082596,2017,3,5,60.0
AJ Finch,1082603,2017,33,19,173.68
AJ Finch,1082610,2017,19,15,126.67
AJ Finch,1082613,2017,31,14,221.43
AJ Finch,1082616,2017,13,12,108.33
AJ Finch,1082621,2017,72,34,211.76
AJ Finch,1082625,2017,1,6,16.67
AJ Finch,1082629,2017,13,6,216.67
AJ Finch,1082632,2017,27,19,142.11
AJ Finch,1082637,2017,2,2,100.0
AJ Finch,1082640,2017,69,39,176.92
AJ Finch,1082643,2017,2,3,66.67
AJ Finch,1136568,2018,0,1,0.0
AJ Finch,1136572,2018,0,1,0.0
AJ Finch,1136576,2018,14,6,233.33
AJ Finch,1136582,2018,2,4,50.0
AJ Finch,1136585,2018,8,4,200.0
AJ Finch,1136604,2018,34,20,170.0
AJ Finch,1136608,2018,26,23,113.04
AJ Finch,1136610,2018,46,35,131.43
AJ Finch,1136616,2018,4,6,66.67
AJ Finch,1216494,2020,16,21,76.19
AJ Finch,1216510,2020,20,21,95.24
AJ Finch,1216514,2020,8,7,114.29
AJ Finch,1216519,2020,13,14,92.86
AJ Finch,1216522,2020,14,11,127.27
AJ Finch,1216525,2020,2,9,22.22
AJ Finch,1216531,2020,20,18,111.11
AJ Finch,1216534,2020,23,25,92.0
AJ Finch,1216540,2020,47,37,127.03
AJ Finch,1216544,2020,15,11,136.36
AJ Finch,1216547,2020,52,35,148.57
AJ Finch,1237178,2020,32,30,106.67
AJ Finch,1304071,2022,7,5,140.0
AJ Finch,1304076,2022,58,28,207.14
AJ Finch,1304087,2022,3,7,42.86
AJ Finch,1304093,2022,4,7,57.14
AJ Finch,1304099,2022,14,14,100.0
AJ Hosein,1359514,2023,16,10,160.0
AJ Hosein,1529276,2026,2,2,100.0
AJ Hosein,1529306,2026,3,1,300.0
AJ Turner,1178407,2019,0,1,0.0
AJ Turner,1178411,2019,0,1,0.0
AJ Turner,1178415,2019,0,1,0.0
AJ Turner,1178420,2019,3,7,42.86
AJ Turner,1426286,2024,5,9,55.56
AJ Turner,1426292,2024,16,9,177.78
AJ Tye,1082610,2017,6,6,100.0
AJ Tye,1082616,2017,22,12,183.33
AJ Tye,1082625,2017,25,11,227.27
AJ Tye,1136568,2018,7,7,100.0
AJ Tye,1136572,2018,3,4,75.0
AJ Tye,1136582,2018,3,9,33.33
AJ Tye,1136585,2018,4,2,200.0
AJ Tye,1136600,2018,1,1,100.0
AJ Tye,1136604,2018,14,10,140.0
AJ Tye,1136608,2018,0,3,0.0
AJ Tye,1136616,2018,0,2,0.0
AJ Tye,1178427,2019,0,2,0.0
AJ Tye,1216500,2020,6,6,100.0
AK Markram,1254090,2021,20,14,142.86
AK Markram,1254094,2021,13,8,162.5
AK Markram,1254099,2021,42,29,144.83
AK Markram,1254102,2021,18,16,112.5
AK Markram,1254107,2021,27,32,84.38
AK Markram,1254111,2021,26,20,130.0
AK Markram,1304051,2022,57,41,139.02
AK Markram,1304058,2022,12,13,92.31
AK Markram,1304067,2022,12,8,150.0
AK Markram,1304071,2022,68,36,188.89
AK Markram,1304074,2022,41,27,151.85
AK Markram,1304086,2022,56,40,140.0
AK Markram,1304092,2022,17,10,170.0
AK Markram,1304096,2022,42,25,168.0
AK Markram,1304100,2022,21,27,77.78
AK Markram,1304107,2022,32,25,128.0
AK Markram,1304111,2022,2,4,50.0
AK Markram,1304116,2022,21,17,123.53
AK Markram,1359484,2023,0,1,0.0
AK Markram,1359488,2023,37,21,176.19
AK Markram,1359493,2023,50,26,192.31
AK Markram,1359499,2023,22,17,129.41
AK Markram,1359503,2023,12,12,100.0
AK Markram,1359508,2023,3,5,60.0
AK Markram,1359514,2023,8,13,61.54
AK Markram,1359521,2023,41,40,102.5
AK Markram,1359526,2023,6,5,120.0
AK Markram,1359532,2023,28,20,140.0
AK Markram,1359536,2023,10,10,100.0
AK Markram,1359539,2023,18,20,90.0
AK Markram,1359543,2023,13,7,185.71
AK Markram,1422121,2024,18,13,138.46
AK Markram,1422126,2024,42,28,150.0
AK Markram,1422130,2024,17,19,89.47
AK Markram,1422136,2024,50,36,138.89
AK Markram,1426261,2024,0,2,0.0
AK Markram,1426268,2024,32,16,200.0
AK Markram,1426273,2024,1,3,33.33
AK Markram,1426279,2024,7,8,87.5
AK Markram,1426284,2024,32,25,128.0
AK Markram,1426311,2024,1,2,50.0
AK Markram,1426312,2024,20,23,86.96
AK Markram,1473441,2025,15,13,115.38
AK Markram,1473444,2025,1,4,25.0
AK Markram,1473450,2025,28,18,155.56
AK Markram,1473453,2025,53,38,139.47
AK Markram,1473456,2025,47,28,167.86
AK Markram,1473463,2025,58,31,187.1
AK Markram,1473467,2025,6,6,100.0
AK Markram,1473473,2025,66,45,146.67
AK Markram,1473477,2025,52,33,157.58
AK Markram,1473482,2025,9,11,81.82
AK Markram,1473491,2025,13,10,130.0
AK Markram,1473499,2025,55,37,148.65
AK Markram,1473502,2025,36,24,150.0
AK Markram,1527678,2026,11,8,137.5
AK Markram,1527683,2026,45,27,166.67
AK Markram,1527688,2026,22,15,146.67
AK Markram,1527692,2026,30,21,142.86
AK Markram,1529266,2026,12,8,150.0
AK Markram,1529272,2026,42,21,200.0
AK Markram,1529275,2026,0,6,0.0
AK Markram,1529281,2026,31,28,110.71
AK Markram,1529290,2026,30,24,125.0
AK Markram,1529293,2026,1,1,100.0
AK Markram,1529296,2026,6,7,85.71
AL Menaria,501204,2011,22,15,146.67
AL Menaria,501209,2011,27,21,128.57
AL Menaria,501214,2011,21,17,123.53
AL Menaria,501220,2011,34,26,130.77
AL Menaria,501231,2011,4,4,100.0
AL Menaria,501235,2011,29,22,131.82
AL Menaria,501240,2011,2,8,25.0
AL Menaria,501249,2011,2,5,40.0
AL Menaria,501252,2011,8,6,133.33
AL Menaria,501258,2011,31,28,110.71
AL Menaria,548309,2012,0,3,0.0
AL Menaria,548312,2012,40,30,133.33
AL Menaria,548317,2012,20,15,133.33
AL Menaria,548320,2012,1,6,16.67
AL Menaria,548326,2012,22,20,110.0
AL Menaria,548332,2012,36,34,105.88
AL Menaria,548349,2012,2,4,50.0
AL Menaria,548354,2012,34,27,125.93
AL Menaria,548358,2012,18,21,85.71
AL Menaria,548361,2012,6,5,120.0
AL Menaria,548373,2012,20,17,117.65
AL Menaria,548377,2012,15,18,83.33
AL Menaria,598001,2013,1,2,50.0
AM Ghazanfar,1529312,2026,2,3,66.67
AM Nayar,335985,2008,20,14,142.86
AM Nayar,335989,2008,44,19,231.58
AM Nayar,335991,2008,2,3,66.67
AM Nayar,335994,2008,34,19,178.95
AM Nayar,336004,2008,2,6,33.33
AM Nayar,336008,2008,12,13,92.31
AM Nayar,336024,2008,38,24,158.33
AM Nayar,336028,2008,27,18,150.0
AM Nayar,336032,2008,1,3,33.33
AM Nayar,336036,2008,25,18,138.89
AM Nayar,392181,2009,35,14,250.0
AM Nayar,392192,2009,10,6,166.67
AM Nayar,392197,2009,3,3,100.0
AM Nayar,392200,2009,15,15,100.0
AM Nayar,392203,2009,10,13,76.92
AM Nayar,392208,2009,27,19,142.11
AM Nayar,392212,2009,1,4,25.0
AM Nayar,392215,2009,18,28,64.29
AM Nayar,392225,2009,35,18,194.44
AM Nayar,392227,2009,33,27,122.22
AM Nayar,392235,2009,4,4,100.0
AM Nayar,419157,2010,9,7,128.57
AM Nayar,419162,2010,22,18,122.22
AM Nayar,419165,2010,27,26,103.85
AM Nayar,501202,2011,11,17,64.71
AM Nayar,501206,2011,0,1,0.0
AM Nayar,501212,2011,13,10,130.0
AM Nayar,501220,2011,1,3,33.33
AM Nayar,501223,2011,17,13,130.77
AM Nayar,501234,2011,0,2,0.0
AM Nayar,501237,2011,14,9,155.56
AM Nayar,501244,2011,1,4,25.0
AM Nayar,501264,2011,3,7,42.86
AM Nayar,548309,2012,10,10,100.0
AM Nayar,548313,2012,24,28,85.71
AM Nayar,548350,2012,2,3,66.67
AM Nayar,548354,2012,9,8,112.5
AM Nayar,598000,2013,19,14,135.71
AM Nayar,598003,2013,25,26,96.15
AM Nayar,598011,2013,6,7,85.71
AM Nayar,598015,2013,0,1,0.0
AM Nayar,598018,2013,0,2,0.0
AM Nayar,598025,2013,2,2,100.0
AM Nayar,598038,2013,2,4,50.0
AM Nayar,598042,2013,1,3,33.33
AM Nayar,598055,2013,11,14,78.57
AM Nayar,729285,2014,4,3,133.33
AM Nayar,729291,2014,19,19,100.0
AM Nayar,729297,2014,5,7,71.43
AM Nayar,729305,2014,11,17,64.71
AM Rahane,335994,2008,0,7,0.0
AM Rahane,335997,2008,4,10,40.0
AM Rahane,392203,2009,9,7,128.57
AM Rahane,392208,2009,0,1,0.0
AM Rahane,392215,2009,12,11,109.09
AM Rahane,392218,2009,62,49,126.53
AM Rahane,392222,2009,1,5,20.0
AM Rahane,392225,2009,3,7,42.86
AM Rahane,392235,2009,56,41,136.59
AM Rahane,501204,2011,18,17,105.88
AM Rahane,501214,2011,6,9,66.67
AM Rahane,501235,2011,15,9,166.67
AM Rahane,501240,2011,4,8,50.0
AM Rahane,501249,2011,52,36,144.44
AM Rahane,501252,2011,17,10,170.0
AM Rahane,501258,2011,8,9,88.89
AM Rahane,548309,2012,98,66,148.48
AM Rahane,548312,2012,0,4,0.0
AM Rahane,548317,2012,40,31,129.03
AM Rahane,548320,2012,19,16,118.75
AM Rahane,548324,2012,103,60,171.67
AM Rahane,548326,2012,44,31,141.94
AM Rahane,548332,2012,15,10,150.0
AM Rahane,548336,2012,13,18,72.22
AM Rahane,548345,2012,84,63,133.33
AM Rahane,548349,2012,42,32,131.25
AM Rahane,548354,2012,5,6,83.33
AM Rahane,548358,2012,0,3,0.0
AM Rahane,548361,2012,17,22,77.27
AM Rahane,548365,2012,61,47,129.79
AM Rahane,548373,2012,6,7,85.71
AM Rahane,548377,2012,13,17,76.47
AM Rahane,598001,2013,28,24,116.67
AM Rahane,598005,2013,36,34,105.88
AM Rahane,598009,2013,30,27,111.11
AM Rahane,598014,2013,34,42,80.95
AM Rahane,598019,2013,68,54,125.93
AM Rahane,598023,2013,14,13,107.69
AM Rahane,598026,2013,16,15,106.67
AM Rahane,598032,2013,1,9,11.11
AM Rahane,598036,2013,2,7,28.57
AM Rahane,598043,2013,6,10,60.0
AM Rahane,598047,2013,67,48,139.58
AM Rahane,598049,2013,63,45,140.0
AM Rahane,598052,2013,59,49,120.41
AM Rahane,598058,2013,9,10,90.0
AM Rahane,598063,2013,4,8,50.0
AM Rahane,598065,2013,12,25,48.0
AM Rahane,598071,2013,18,20,90.0
AM Rahane,598072,2013,21,18,116.67
AM Rahane,729285,2014,59,53,111.32
AM Rahane,729291,2014,13,8,162.5
AM Rahane,729297,2014,15,12,125.0
AM Rahane,729305,2014,23,19,121.05
AM Rahane,729315,2014,72,59,122.03
AM Rahane,733975,2014,12,10,120.0
AM Rahane,733979,2014,30,22,136.36
AM Rahane,733989,2014,0,3,0.0
AM Rahane,733999,2014,24,22,109.09
AM Rahane,734003,2014,4,7,57.14
AM Rahane,734011,2014,64,50,128.0
AM Rahane,734033,2014,23,26,88.46
AM Rahane,829709,2015,0,8,0.0
AM Rahane,829715,2015,47,39,120.51
AM Rahane,829721,2015,46,39,117.95
AM Rahane,829727,2015,62,56,110.71
AM Rahane,829735,2015,76,55,138.18
AM Rahane,829741,2015,74,54,137.04
AM Rahane,829749,2015,18,12,150.0
AM Rahane,829769,2015,16,12,133.33
AM Rahane,829777,2015,91,54,168.52
AM Rahane,829787,2015,8,6,133.33
AM Rahane,829797,2015,23,17,135.29
AM Rahane,829811,2015,37,21,176.19
AM Rahane,829819,2015,42,39,107.69
AM Rahane,980901,2016,65,41,158.54
AM Rahane,980911,2016,21,17,123.53
AM Rahane,980919,2016,9,11,81.82
AM Rahane,980931,2016,60,46,130.43
AM Rahane,980939,2016,67,52,128.85
AM Rahane,980943,2016,0,5,0.0
AM Rahane,980949,2016,53,45,117.78
AM Rahane,980957,2016,4,5,80.0
AM Rahane,980965,2016,63,48,131.25
AM Rahane,980969,2016,74,48,154.17
AM Rahane,980979,2016,0,3,0.0
AM Rahane,980989,2016,2,6,33.33
AM Rahane,980997,2016,42,36,116.67
AM Rahane,981005,2016,19,15,126.67
AM Rahane,1082592,2017,60,34,176.47
AM Rahane,1082594,2017,19,15,126.67
AM Rahane,1082599,2017,10,9,111.11
AM Rahane,1082603,2017,0,3,0.0
AM Rahane,1082607,2017,30,25,120.0
AM Rahane,1082615,2017,2,7,28.57
AM Rahane,1082618,2017,38,32,118.75
AM Rahane,1082620,2017,46,41,112.2
AM Rahane,1082624,2017,6,8,75.0
AM Rahane,1082629,2017,4,4,100.0
AM Rahane,1082631,2017,11,9,122.22
AM Rahane,1082634,2017,22,20,110.0
AM Rahane,1082642,2017,0,1,0.0
AM Rahane,1082645,2017,34,34,100.0
AM Rahane,1082647,2017,56,43,130.23
AM Rahane,1082650,2017,44,38,115.79
AM Rahane,1136564,2018,13,13,100.0
AM Rahane,1136566,2018,45,40,112.5
AM Rahane,1136571,2018,36,20,180.0
AM Rahane,1136575,2018,36,19,189.47
AM Rahane,1136577,2018,16,11,145.45
AM Rahane,1136581,2018,14,17,82.35
AM Rahane,1136588,2018,65,53,122.64
AM Rahane,1136598,2018,5,7,71.43
AM Rahane,1136600,2018,9,10,90.0
AM Rahane,1136603,2018,4,3,133.33
AM Rahane,1136607,2018,37,36,102.78
AM Rahane,1136609,2018,11,12,91.67
AM Rahane,1136613,2018,33,31,106.45
AM Rahane,1136618,2018,46,41,112.2
AM Rahane,1175359,2019,27,20,135.0
AM Rahane,1175363,2019,70,49,142.86
AM Rahane,1175367,2019,0,2,0.0
AM Rahane,1175369,2019,22,20,110.0
AM Rahane,1178396,2019,5,7,71.43
AM Rahane,1178400,2019,14,11,127.27
AM Rahane,1178402,2019,37,21,176.19
AM Rahane,1178407,2019,26,21,123.81
AM Rahane,1178411,2019,12,12,100.0
AM Rahane,1178415,2019,105,63,166.67
AM Rahane,1178418,2019,34,21,161.9
AM Rahane,1178420,2019,39,34,114.71
AM Rahane,1178428,2019,2,4,50.0
AM Rahane,1216497,2020,0,1,0.0
AM Rahane,1216505,2020,60,46,130.43
AM Rahane,1216509,2020,8,10,80.0
AM Rahane,1216524,2020,26,19,136.84
AM Rahane,1216529,2020,15,15,100.0
AM Rahane,1216543,2020,2,9,22.22
AM Rahane,1237177,2020,0,3,0.0
AM Rahane,1237181,2020,2,4,50.0
AM Rahane,1254064,2021,8,8,100.0
AM Rahane,1304047,2022,44,34,129.41
AM Rahane,1304052,2022,9,10,90.0
AM Rahane,1304054,2022,12,11,109.09
AM Rahane,1304060,2022,7,11,63.64
AM Rahane,1304065,2022,8,14,57.14
AM Rahane,1304102,2022,25,24,104.17
AM Rahane,1304107,2022,28,24,116.67
AM Rahane,1359486,2023,61,27,225.93
AM Rahane,1359491,2023,31,19,163.16
AM Rahane,1359498,2023,37,20,185.0
AM Rahane,1359503,2023,9,10,90.0
AM Rahane,1359507,2023,71,29,244.83
AM Rahane,1359511,2023,15,13,115.38
AM Rahane,1359523,2023,21,17,123.53
AM Rahane,1359529,2023,21,20,105.0
AM Rahane,1359535,2023,16,11,145.45
AM Rahane,1370350,2023,17,10,170.0
AM Rahane,1370353,2023,27,13,207.69
AM Rahane,1422119,2024,27,19,142.11
AM Rahane,1422125,2024,12,12,100.0
AM Rahane,1422131,2024,45,30,150.0
AM Rahane,1422136,2024,35,30,116.67
AM Rahane,1426267,2024,5,8,62.5
AM Rahane,1426272,2024,36,24,150.0
AM Rahane,1426277,2024,1,3,33.33
AM Rahane,1426284,2024,9,12,75.0
AM Rahane,1426287,2024,29,24,120.83
AM Rahane,1426291,2024,9,7,128.57
AM Rahane,1426297,2024,1,5,20.0
AM Rahane,1426306,2024,33,22,150.0
AM Rahane,1473438,2025,56,31,180.65
AM Rahane,1473443,2025,18,15,120.0
AM Rahane,1473449,2025,11,7,157.14
AM Rahane,1473452,2025,38,27,140.74
AM Rahane,1473456,2025,61,35,174.29
AM Rahane,1473462,2025,20,17,117.65
AM Rahane,1473468,2025,17,17,100.0
AM Rahane,1473476,2025,50,36,138.89
AM Rahane,1473485,2025,26,14,185.71
AM Rahane,1473490,2025,30,24,125.0
AM Rahane,1473494,2025,48,33,145.45
AM Rahane,1473505,2025,15,8,187.5
AM Rahane,1527675,2026,67,40,167.5
AM Rahane,1527679,2026,8,10,80.0
AM Rahane,1527685,2026,8,6,133.33
AM Rahane,1527688,2026,41,24,170.83
AM Rahane,1529265,2026,28,22,127.27
AM Rahane,1529268,2026,0,1,0.0
AM Rahane,1529271,2026,0,2,0.0
AM Rahane,1529281,2026,10,15,66.67
AM Rahane,1529288,2026,43,36,119.44
AM Rahane,1529294,2026,13,9,144.44
AM Rahane,1529300,2026,19,13,146.15
AM Rahane,1529303,2026,14,14,100.0
AM Rahane,1529308,2026,21,17,123.53
AM Rahane,1529313,2026,63,39,161.54
AN Ahmed,419142,2010,4,7,57.14
AN Ahmed,501270,2011,18,13,138.46
AN Ahmed,734013,2014,4,1,400.0
AN Ahmed,829713,2015,5,2,250.0
AN Ahmed,829719,2015,4,2,200.0
AN Ahmed,829737,2015,1,1,100.0
AN Ghosh,392197,2009,0,1,0.0
AN Ghosh,392221,2009,7,7,100.0
AP Dole,419141,2010,4,4,100.0
AP Dole,419150,2010,30,18,166.67
AP Majumdar,548358,2012,30,20,150.0
AP Majumdar,548362,2012,31,26,119.23
AP Majumdar,548365,2012,9,8,112.5
AP Majumdar,548375,2012,17,22,77.27
AP Tare,419107,2010,23,13,176.92
AP Tare,419114,2010,17,10,170.0
AP Tare,419119,2010,9,10,90.0
AP Tare,419161,2010,1,3,33.33
AP Tare,598063,2013,59,37,159.46
AP Tare,598066,2013,22,12,183.33
AP Tare,598070,2013,7,7,100.0
AP Tare,598072,2013,35,27,129.63
AP Tare,598073,2013,0,1,0.0
AP Tare,729279,2014,24,22,109.09
AP Tare,729287,2014,17,17,100.0
AP Tare,729303,2014,23,19,121.05
AP Tare,729309,2014,8,10,80.0
AP Tare,729317,2014,7,5,140.0
AP Tare,733973,2014,16,6,266.67
AP Tare,733995,2014,9,5,180.0
AP Tare,734009,2014,2,3,66.67
AP Tare,734031,2014,14,8,175.0
AP Tare,734041,2014,6,1,600.0
AP Tare,734045,2014,0,1,0.0
AP Tare,829705,2015,7,7,100.0
AP Tare,829717,2015,7,10,70.0
AP Tare,980935,2016,0,1,0.0
AP Tare,980943,2016,8,14,57.14
AP Tare,1082595,2017,18,17,105.88
AP Tare,1082599,2017,0,5,0.0
AP Tare,1082614,2017,0,1,0.0
AR Bawne,1082622,2017,12,12,100.0
AR Patel,729283,2014,2,3,66.67
AR Patel,729307,2014,7,10,70.0
AR Patel,733991,2014,2,3,66.67
AR Patel,733997,2014,1,1,100.0
AR Patel,734019,2014,42,35,120.0
AR Patel,734025,2014,6,6,100.0
AR Patel,734043,2014,2,2,100.0
AR Patel,829709,2015,24,28,85.71
AR Patel,829725,2015,13,10,130.0
AR Patel,829733,2015,2,3,66.67
AR Patel,829741,2015,12,7,171.43
AR Patel,829753,2015,9,10,90.0
AR Patel,829759,2015,17,13,130.77
AR Patel,829767,2015,22,26,84.62
AR Patel,829775,2015,0,1,0.0
AR Patel,829785,2015,40,21,190.48
AR Patel,829799,2015,15,11,136.36
AR Patel,829803,2015,20,15,133.33
AR Patel,829809,2015,32,29,110.34
AR Patel,980905,2016,4,2,200.0
AR Patel,980913,2016,11,22,50.0
AR Patel,980925,2016,9,8,112.5
AR Patel,980935,2016,36,17,211.76
AR Patel,980941,2016,0,2,0.0
AR Patel,980955,2016,0,2,0.0
AR Patel,980963,2016,21,7,300.0
AR Patel,980971,2016,16,5,320.0
AR Patel,980999,2016,13,9,144.44
AR Patel,981005,2016,1,3,33.33
AR Patel,1082594,2017,24,22,109.09
AR Patel,1082598,2017,9,6,150.0
AR Patel,1082601,2017,0,1,0.0
AR Patel,1082605,2017,44,29,151.72
AR Patel,1082609,2017,7,12,58.33
AR Patel,1082612,2017,4,5,80.0
AR Patel,1082616,2017,34,17,200.0
AR Patel,1082623,2017,16,9,177.78
AR Patel,1082633,2017,38,17,223.53
AR Patel,1082637,2017,2,1,200.0
AR Patel,1082639,2017,8,10,80.0
AR Patel,1082641,2017,19,13,146.15
AR Patel,1082645,2017,22,20,110.0
AR Patel,1136568,2018,2,3,66.67
AR Patel,1136594,2018,13,12,108.33
AR Patel,1136598,2018,4,5,80.0
AR Patel,1136600,2018,9,5,180.0
AR Patel,1136604,2018,19,11,172.73
AR Patel,1136608,2018,9,13,69.23
AR Patel,1136610,2018,10,8,125.0
AR Patel,1136616,2018,14,12,116.67
AR Patel,1175358,2019,4,2,200.0
AR Patel,1175360,2019,9,9,100.0
AR Patel,1175371,2019,23,13,176.92
AR Patel,1178395,2019,4,1,400.0
AR Patel,1178405,2019,12,10,120.0
AR Patel,1178409,2019,26,23,113.04
AR Patel,1178412,2019,1,1,100.0
AR Patel,1178421,2019,16,9,177.78
AR Patel,1178425,2019,9,9,100.0
AR Patel,1178428,2019,1,1,100.0
AR Patel,1181766,2019,0,3,0.0
AR Patel,1181767,2019,3,6,50.0
AR Patel,1216493,2020,6,8,75.0
AR Patel,1216497,2020,9,7,128.57
AR Patel,1216500,2020,17,8,212.5
AR Patel,1216509,2020,21,5,420.0
AR Patel,1216524,2020,1,4,25.0
AR Patel,1216532,2020,5,6,83.33
AR Patel,1216543,2020,7,4,175.0
AR Patel,1237177,2020,42,33,127.27
AR Patel,1237181,2020,9,9,100.0
AR Patel,1254092,2021,0,5,0.0
AR Patel,1254097,2021,12,7,171.43
AR Patel,1254110,2021,5,10,50.0
AR Patel,1254112,2021,9,9,100.0
AR Patel,1254114,2021,10,11,90.91
AR Patel,1254116,2021,4,4,100.0
AR Patel,1304048,2022,38,17,223.53
AR Patel,1304056,2022,8,4,200.0
AR Patel,1304065,2022,22,14,157.14
AR Patel,1304073,2022,10,7,142.86
AR Patel,1304080,2022,1,4,25.0
AR Patel,1304087,2022,24,17,141.18
AR Patel,1304091,2022,42,24,175.0
AR Patel,1304101,2022,1,3,33.33
AR Patel,1304110,2022,17,20,85.0
AR Patel,1304115,2022,19,10,190.0
AR Patel,1359477,2023,16,11,145.45
AR Patel,1359481,2023,36,22,163.64
AR Patel,1359485,2023,2,6,33.33
AR Patel,1359490,2023,48,24,200.0
AR Patel,1359494,2023,21,14,150.0
AR Patel,1359502,2023,17,21,80.95
AR Patel,1359508,2023,34,34,100.0
AR Patel,1359514,2023,29,14,207.14
AR Patel,1359518,2023,27,30,90.0
AR Patel,1359524,2023,8,3,266.67
AR Patel,1359529,2023,21,12,175.0
AR Patel,1359533,2023,1,2,50.0
AR Patel,1359541,2023,15,8,187.5
AR Patel,1422120,2024,21,13,161.54
AR Patel,1422127,2024,15,13,115.38
AR Patel,1422131,2024,7,8,87.5
AR Patel,1422134,2024,0,1,0.0
AR Patel,1422138,2024,8,7,114.29
AR Patel,1426273,2024,6,8,75.0
AR Patel,1426278,2024,66,43,153.49
AR Patel,1426281,2024,11,6,183.33
AR Patel,1426285,2024,15,21,71.43
AR Patel,1426294,2024,15,10,150.0
AR Patel,1426300,2024,57,39,146.15
AR Patel,1426302,2024,14,10,140.0
AR Patel,1473441,2025,22,11,200.0
AR Patel,1473454,2025,21,14,150.0
AR Patel,1473461,2025,15,11,136.36
AR Patel,1473466,2025,9,6,150.0
AR Patel,1473469,2025,34,14,242.86
AR Patel,1473472,2025,39,32,121.88
AR Patel,1473477,2025,34,20,170.0
AR Patel,1473483,2025,15,13,115.38
AR Patel,1473485,2025,43,23,186.96
AR Patel,1473492,2025,6,7,85.71
AR Patel,1473498,2025,25,16,156.25
AR Patel,1527678,2026,0,1,0.0
AR Patel,1527687,2026,2,3,66.67
AR Patel,1527691,2026,1,2,50.0
AR Patel,1529269,2026,22,18,122.22
AR Patel,1529274,2026,2,3,66.67
AR Patel,1529282,2026,0,3,0.0
AR Patel,1529291,2026,2,6,33.33
AR Patel,1529294,2026,11,22,50.0
AR Patel,1529298,2026,56,30,186.67
AR Patel,1529305,2026,34,18,188.89
AR Patel,1529313,2026,39,25,156.0
AS Joseph,1178399,2019,15,13,115.38
AS Joseph,1304075,2022,0,1,0.0
AS Joseph,1304081,2022,1,1,100.0
AS Joseph,1304094,2022,4,5,80.0
AS Joseph,1359531,2023,7,12,58.33
AS Rajpoot,598002,2013,2,6,33.33
AS Rajpoot,1082649,2017,4,7,57.14
AS Rajpoot,1136585,2018,8,9,88.89
AS Rajpoot,1136608,2018,1,5,20.0
AS Rajpoot,1136616,2018,2,4,50.0
AS Rajpoot,1216504,2020,7,5,140.0
AS Rajpoot,1216511,2020,2,5,40.0
AS Raut,392190,2009,21,13,161.54
AS Raut,392195,2009,1,4,25.0
AS Raut,392205,2009,36,23,156.52
AS Raut,392210,2009,1,1,100.0
AS Raut,392217,2009,7,5,140.0
AS Raut,392220,2009,1,2,50.0
AS Raut,392230,2009,11,13,84.62
AS Raut,419137,2010,2,4,50.0
AS Raut,419141,2010,0,3,0.0
AS Raut,419150,2010,20,17,117.65
AS Raut,419154,2010,32,20,160.0
AS Raut,419158,2010,2,4,50.0
AS Raut,501214,2011,11,15,73.33
AS Raut,501220,2011,25,21,119.05
AS Raut,501249,2011,19,14,135.71
AS Raut,501252,2011,5,8,62.5
AS Roy,1304099,2022,0,2,0.0
AS Roy,1359476,2023,4,5,80.0
AS Roy,1359502,2023,0,1,0.0
AS Roy,1359521,2023,13,7,185.71
AS Roy,1359530,2023,6,6,100.0
AS Roy,1426260,2024,3,3,100.0
AS Roy,1473485,2025,0,1,0.0
AS Roy,1527679,2026,0,2,0.0
AS Roy,1529265,2026,1,1,100.0
AS Roy,1529268,2026,9,7,128.57
AS Roy,1529271,2026,29,16,181.25
AS Roy,1529281,2026,0,1,0.0
AS Roy,1529308,2026,4,4,100.0
AS Roy,1529313,2026,9,8,112.5
AS Yadav,335986,2008,10,10,100.0
AS Yadav,335988,2008,12,7,171.43
AS Yadav,335990,2008,16,9,177.78
AS Yadav,336002,2008,8,8,100.0
AS Yadav,336034,2008,3,4,75.0
AS Yadav,336037,2008,0,1,0.0
AT Carey,1216509,2020,4,7,57.14
AT Carey,1216529,2020,14,9,155.56
AT Carey,1216543,2020,14,13,107.69
AT Rayudu,419107,2010,55,33,166.67
AT Rayudu,419114,2010,34,21,161.9
AT Rayudu,419119,2010,3,4,75.0
AT Rayudu,419130,2010,6,7,85.71
AT Rayudu,419132,2010,9,12,75.0
AT Rayudu,419138,2010,55,29,189.66
AT Rayudu,419142,2010,3,4,75.0
AT Rayudu,419146,2010,33,18,183.33
AT Rayudu,419150,2010,0,3,0.0
AT Rayudu,419152,2010,24,21,114.29
AT Rayudu,419157,2010,46,27,170.37
AT Rayudu,419161,2010,27,15,180.0
AT Rayudu,419162,2010,38,36,105.56
AT Rayudu,419165,2010,21,14,150.0
AT Rayudu,501201,2011,14,15,93.33
AT Rayudu,501205,2011,62,49,126.53
AT Rayudu,501210,2011,53,33,160.61
AT Rayudu,501218,2011,37,40,92.5
AT Rayudu,501221,2011,27,29,93.1
AT Rayudu,501224,2011,7,8,87.5
AT Rayudu,501231,2011,11,13,84.62
AT Rayudu,501237,2011,51,37,137.84
AT Rayudu,501241,2011,27,28,96.43
AT Rayudu,501246,2011,59,39,151.28
AT Rayudu,501251,2011,13,19,68.42
AT Rayudu,501256,2011,2,8,25.0
AT Rayudu,501263,2011,2,8,25.0
AT Rayudu,501267,2011,17,6,283.33
AT Rayudu,501269,2011,12,16,75.0
AT Rayudu,501270,2011,0,1,0.0
AT Rayudu,548306,2012,18,18,100.0
AT Rayudu,548308,2012,1,2,50.0
AT Rayudu,548314,2012,19,24,79.17
AT Rayudu,548317,2012,47,32,146.88
AT Rayudu,548325,2012,4,11,36.36
AT Rayudu,548334,2012,3,3,100.0
AT Rayudu,548339,2012,34,17,200.0
AT Rayudu,548342,2012,62,39,158.97
AT Rayudu,548346,2012,19,15,126.67
AT Rayudu,548351,2012,1,3,33.33
AT Rayudu,548355,2012,0,2,0.0
AT Rayudu,548360,2012,22,17,129.41
AT Rayudu,548367,2012,81,54,150.0
AT Rayudu,548370,2012,11,8,137.5
AT Rayudu,548379,2012,11,7,157.14
AT Rayudu,597999,2013,18,18,100.0
AT Rayudu,598002,2013,7,10,70.0
AT Rayudu,598006,2013,24,8,300.0
AT Rayudu,598019,2013,27,29,93.1
AT Rayudu,598024,2013,2,2,100.0
AT Rayudu,598029,2013,13,8,162.5
AT Rayudu,598039,2013,33,26,126.92
AT Rayudu,598046,2013,10,11,90.91
AT Rayudu,598055,2013,26,23,113.04
AT Rayudu,598060,2013,2,5,40.0
AT Rayudu,598063,2013,7,7,100.0
AT Rayudu,598066,2013,26,22,118.18
AT Rayudu,598070,2013,15,13,115.38
AT Rayudu,598072,2013,17,11,154.55
AT Rayudu,598073,2013,37,36,102.78
AT Rayudu,729279,2014,48,40,120.0
AT Rayudu,729287,2014,35,37,94.59
AT Rayudu,729303,2014,1,2,50.0
AT Rayudu,729309,2014,14,21,66.67
AT Rayudu,729317,2014,35,27,129.63
AT Rayudu,733973,2014,8,5,160.0
AT Rayudu,733983,2014,9,9,100.0
AT Rayudu,733995,2014,59,43,137.21
AT Rayudu,734001,2014,68,46,147.83
AT Rayudu,734009,2014,32,26,123.08
AT Rayudu,734025,2014,17,14,121.43
AT Rayudu,734031,2014,2,3,66.67
AT Rayudu,734041,2014,30,10,300.0
AT Rayudu,734045,2014,2,3,66.67
AT Rayudu,829705,2015,0,2,0.0
AT Rayudu,829717,2015,13,18,72.22
AT Rayudu,829729,2015,29,16,181.25
AT Rayudu,829737,2015,0,1,0.0
AT Rayudu,829747,2015,30,22,136.36
AT Rayudu,829751,2015,7,7,100.0
AT Rayudu,829769,2015,53,27,196.3
AT Rayudu,829775,2015,4,1,400.0
AT Rayudu,829783,2015,49,40,122.5
AT Rayudu,829789,2015,34,19,178.95
AT Rayudu,829795,2015,14,4,350.0
AT Rayudu,829805,2015,2,3,66.67
AT Rayudu,829817,2015,10,8,125.0
AT Rayudu,829823,2015,36,24,150.0
AT Rayudu,980901,2016,22,27,81.48
AT Rayudu,980917,2016,20,18,111.11
AT Rayudu,980923,2016,54,49,110.2
AT Rayudu,980927,2016,31,23,134.78
AT Rayudu,980933,2016,25,23,108.7
AT Rayudu,980941,2016,65,37,175.68
AT Rayudu,980947,2016,32,20,160.0
AT Rayudu,980957,2016,22,19,115.79
AT Rayudu,980973,2016,6,6,100.0
AT Rayudu,980981,2016,44,47,93.62
AT Rayudu,980985,2016,0,3,0.0
AT Rayudu,980993,2016,13,5,260.0
AT Rayudu,1082592,2017,10,12,83.33
AT Rayudu,1082644,2017,63,37,170.27
AT Rayudu,1082647,2017,0,3,0.0
AT Rayudu,1082649,2017,6,11,54.55
AT Rayudu,1082650,2017,12,15,80.0
AT Rayudu,1136561,2018,22,19,115.79
AT Rayudu,1136565,2018,39,26,150.0
AT Rayudu,1136572,2018,49,35,140.0
AT Rayudu,1136577,2018,12,8,150.0
AT Rayudu,1136580,2018,79,37,213.51
AT Rayudu,1136584,2018,82,52,157.69
AT Rayudu,1136587,2018,46,35,131.43
AT Rayudu,1136590,2018,41,24,170.83
AT Rayudu,1136593,2018,21,17,123.53
AT Rayudu,1136595,2018,32,25,128.0
AT Rayudu,1136603,2018,12,9,133.33
AT Rayudu,1136606,2018,100,62,161.29
AT Rayudu,1136612,2018,50,29,172.41
AT Rayudu,1136616,2018,1,3,33.33
AT Rayudu,1136617,2018,0,1,0.0
AT Rayudu,1136620,2018,16,19,84.21
AT Rayudu,1175356,2019,28,42,66.67
AT Rayudu,1175360,2019,5,5,100.0
AT Rayudu,1175367,2019,1,8,12.5
AT Rayudu,1175370,2019,0,1,0.0
AT Rayudu,1178393,2019,21,15,140.0
AT Rayudu,1178398,2019,21,30,70.0
AT Rayudu,1178400,2019,57,47,121.28
AT Rayudu,1178404,2019,5,11,45.45
AT Rayudu,1178408,2019,25,21,119.05
AT Rayudu,1178414,2019,29,29,100.0
AT Rayudu,1178416,2019,21,25,84.0
AT Rayudu,1178419,2019,0,3,0.0
AT Rayudu,1178425,2019,5,2,250.0
AT Rayudu,1178430,2019,1,2,50.0
AT Rayudu,1181764,2019,42,36,116.67
AT Rayudu,1181767,2019,20,20,100.0
AT Rayudu,1181768,2019,1,4,25.0
AT Rayudu,1216492,2020,67,47,142.55
AT Rayudu,1216501,2020,30,27,111.11
AT Rayudu,1216506,2020,30,30,100.0
AT Rayudu,1216509,2020,45,24,187.5
AT Rayudu,1216516,2020,8,9,88.89
AT Rayudu,1216521,2020,2,3,66.67
AT Rayudu,1216525,2020,42,40,105.0
AT Rayudu,1216528,2020,41,34,120.59
AT Rayudu,1216533,2020,13,18,72.22
AT Rayudu,1216536,2020,38,20,190.0
AT Rayudu,1216544,2020,39,27,144.44
AT Rayudu,1254059,2021,17,15,113.33
AT Rayudu,1254065,2021,0,1,0.0
AT Rayudu,1254069,2021,27,17,158.82
AT Rayudu,1254076,2021,14,7,200.0
AT Rayudu,1254084,2021,66,26,253.85
AT Rayudu,1254089,2021,2,4,50.0
AT Rayudu,1254091,2021,17,13,130.77
AT Rayudu,1254094,2021,4,5,80.0
AT Rayudu,1254098,2021,10,9,111.11
AT Rayudu,1254104,2021,0,3,0.0
AT Rayudu,1254110,2021,55,43,127.91
AT Rayudu,1254113,2021,31,21,147.62
AT Rayudu,1254114,2021,1,3,33.33
AT Rayudu,1304047,2022,15,17,88.24
AT Rayudu,1304053,2022,27,20,135.0
AT Rayudu,1304057,2022,13,21,61.9
AT Rayudu,1304063,2022,27,27,100.0
AT Rayudu,1304075,2022,45,30,150.0
AT Rayudu,1304079,2022,40,35,114.29
AT Rayudu,1304084,2022,78,39,200.0
AT Rayudu,1304095,2022,10,8,125.0
AT Rayudu,1304101,2022,5,6,83.33
AT Rayudu,1304105,2022,10,14,71.43
AT Rayudu,1304114,2022,3,6,50.0
AT Rayudu,1359475,2023,12,12,100.0
AT Rayudu,1359480,2023,27,14,192.86
AT Rayudu,1359486,2023,20,16,125.0
AT Rayudu,1359491,2023,1,2,50.0
AT Rayudu,1359498,2023,14,6,233.33
AT Rayudu,1359503,2023,9,9,100.0
AT Rayudu,1359511,2023,0,2,0.0
AT Rayudu,1359523,2023,12,11,109.09
AT Rayudu,1359529,2023,23,17,135.29
AT Rayudu,1359535,2023,4,7,57.14
AT Rayudu,1370350,2023,17,9,188.89
AT Rayudu,1370353,2023,19,8,237.5
AU Rashid,1359478,2023,17,12,141.67
AU Rashid,1359484,2023,4,3,133.33
AUK Pathan,501200,2011,12,4,300.0
AUK Pathan,501205,2011,0,2,0.0
AUK Pathan,501211,2011,14,5,280.0
AUK Pathan,501244,2011,0,1,0.0
AUK Pathan,501260,2011,7,4,175.0
AUK Pathan,548350,2012,2,3,66.67
AUK Pathan,548356,2012,4,4,100.0
Abdul Basith,1359506,2023,1,1,100.0
Abdul Samad,1216498,2020,7,5,140.0
Abdul Samad,1216512,2020,25,17,147.06
Abdul Samad,1216516,2020,8,6,133.33
Abdul Samad,1216532,2020,12,7,171.43
Abdul Samad,1216538,2020,20,9,222.22
Abdul Samad,1216542,2020,8,7,114.29
Abdul Samad,1237180,2020,33,16,206.25
Abdul Samad,1254060,2021,19,8,237.5
Abdul Samad,1254063,2021,0,2,0.0
Abdul Samad,1254066,2021,7,8,87.5
Abdul Samad,1254085,2021,10,8,125.0
Abdul Samad,1254088,2021,2,3,66.67
Abdul Samad,1254091,2021,18,14,128.57
Abdul Samad,1254095,2021,1,3,33.33
Abdul Samad,1254105,2021,28,21,133.33
Abdul Samad,1254107,2021,1,2,50.0
Abdul Samad,1254109,2021,25,18,138.89
Abdul Samad,1304051,2022,4,6,66.67
Abdul Samad,1304058,2022,0,1,0.0
Abdul Samad,1359478,2023,31,31,100.0
Abdul Samad,1359484,2023,21,10,210.0
Abdul Samad,1359499,2023,9,12,75.0
Abdul Samad,1359514,2023,28,21,133.33
Abdul Samad,1359521,2023,17,17,100.0
Abdul Samad,1359526,2023,17,6,283.33
Abdul Samad,1359532,2023,37,25,148.0
Abdul Samad,1359536,2023,4,3,133.33
Abdul Samad,1422121,2024,15,11,136.36
Abdul Samad,1422130,2024,29,14,207.14
Abdul Samad,1426261,2024,25,12,208.33
Abdul Samad,1426268,2024,37,10,370.0
Abdul Samad,1426273,2024,13,8,162.5
Abdul Samad,1426279,2024,10,6,166.67
Abdul Samad,1426284,2024,19,18,105.56
Abdul Samad,1426293,2024,3,4,75.0
Abdul Samad,1426307,2024,11,8,137.5
Abdul Samad,1426309,2024,16,12,133.33
Abdul Samad,1426311,2024,0,1,0.0
Abdul Samad,1426312,2024,4,4,100.0
Abdul Samad,1473444,2025,22,8,275.0
Abdul Samad,1473450,2025,27,12,225.0
Abdul Samad,1473453,2025,4,2,200.0
Abdul Samad,1473456,2025,6,4,150.0
Abdul Samad,1473463,2025,2,3,66.67
Abdul Samad,1473467,2025,20,11,181.82
Abdul Samad,1473473,2025,30,10,300.0
Abdul Samad,1473477,2025,2,8,25.0
Abdul Samad,1473482,2025,2,4,50.0
Abdul Samad,1473491,2025,45,24,187.5
Abdul Samad,1473499,2025,3,6,50.0
Abdul Samad,1473507,2025,1,1,100.0
Abdul Samad,1527678,2026,36,25,144.0
Abdul Samad,1527683,2026,16,12,133.33
Abdul Samad,1527688,2026,2,4,50.0
Abdul Samad,1527692,2026,18,22,81.82
Abdul Samad,1529266,2026,0,2,0.0
Abdul Samad,1529302,2026,7,3,233.33
Abdul Samad,1529311,2026,37,20,185.0
Abdur Razzak,336023,2008,0,2,0.0
Abhishek Sharma,1136605,2018,46,19,242.11
Abhishek Sharma,1136612,2018,2,4,50.0
Abhishek Sharma,1136615,2018,15,10,150.0
Abhishek Sharma,1178405,2019,2,3,66.67
Abhishek Sharma,1178423,2019,5,3,166.67
Abhishek Sharma,1178426,2019,2,3,66.67
Abhishek Sharma,1216502,2020,8,5,160.0
Abhishek Sharma,1216516,2020,31,24,129.17
Abhishek Sharma,1216532,2020,1,1,100.0
Abhishek Sharma,1216534,2020,7,4,175.0
Abhishek Sharma,1216538,2020,10,13,76.92
Abhishek Sharma,1216542,2020,12,6,200.0
Abhishek Sharma,1216545,2020,2,3,66.67
Abhishek Sharma,1254066,2021,2,4,50.0
Abhishek Sharma,1254077,2021,5,6,83.33
Abhishek Sharma,1254088,2021,33,16,206.25
Abhishek Sharma,1254091,2021,18,13,138.46
Abhishek Sharma,1254095,2021,13,10,130.0
Abhishek Sharma,1254100,2021,21,16,131.25
Abhishek Sharma,1254109,2021,6,10,60.0
Abhishek Sharma,1304051,2022,9,19,47.37
Abhishek Sharma,1304058,2022,13,11,118.18
Abhishek Sharma,1304063,2022,75,50,150.0
Abhishek Sharma,1304067,2022,42,32,131.25
Abhishek Sharma,1304071,2022,3,10,30.0
Abhishek Sharma,1304074,2022,31,25,124.0
Abhishek Sharma,1304082,2022,47,28,167.86
Abhishek Sharma,1304086,2022,65,42,154.76
Abhishek Sharma,1304092,2022,38,23,165.22
Abhishek Sharma,1304096,2022,7,6,116.67
Abhishek Sharma,1304100,2022,0,3,0.0
Abhishek Sharma,1304107,2022,43,28,153.57
Abhishek Sharma,1304111,2022,9,10,90.0
Abhishek Sharma,1304116,2022,43,32,134.38
Abhishek Sharma,1359478,2023,0,3,0.0
Abhishek Sharma,1359493,2023,32,17,188.24
Abhishek Sharma,1359499,2023,1,2,50.0
Abhishek Sharma,1359503,2023,34,26,130.77
Abhishek Sharma,1359508,2023,5,5,100.0
Abhishek Sharma,1359514,2023,67,36,186.11
Abhishek Sharma,1359521,2023,9,10,90.0
Abhishek Sharma,1359526,2023,55,34,161.76
Abhishek Sharma,1359532,2023,6,4,150.0
Abhishek Sharma,1359536,2023,5,5,100.0
Abhishek Sharma,1359539,2023,11,14,78.57
Abhishek Sharma,1422121,2024,32,19,168.42
Abhishek Sharma,1422126,2024,63,22,286.36
Abhishek Sharma,1422130,2024,29,20,145.0
Abhishek Sharma,1422136,2024,31,11,281.82
Abhishek Sharma,1426261,2024,16,11,145.45
Abhishek Sharma,1426268,2024,34,22,154.55
Abhishek Sharma,1426273,2024,46,12,383.33
Abhishek Sharma,1426279,2024,31,13,238.46
Abhishek Sharma,1426284,2024,15,9,166.67
Abhishek Sharma,1426288,2024,12,10,120.0
Abhishek Sharma,1426293,2024,11,16,68.75
Abhishek Sharma,1426295,2024,75,28,267.86
Abhishek Sharma,1426307,2024,66,28,235.71
Abhishek Sharma,1426309,2024,3,4,75.0
Abhishek Sharma,1426311,2024,12,5,240.0
Abhishek Sharma,1426312,2024,2,5,40.0
Abhishek Sharma,1473439,2025,24,11,218.18
Abhishek Sharma,1473444,2025,6,6,100.0
Abhishek Sharma,1473447,2025,1,1,100.0
Abhishek Sharma,1473452,2025,2,6,33.33
Abhishek Sharma,1473457,2025,18,16,112.5
Abhishek Sharma,1473464,2025,141,54,261.11
Abhishek Sharma,1473470,2025,40,28,142.86
Abhishek Sharma,1473478,2025,8,8,100.0
Abhishek Sharma,1473480,2025,0,2,0.0
Abhishek Sharma,1473488,2025,74,41,180.49
Abhishek Sharma,1473499,2025,59,20,295.0
Abhishek Sharma,1473503,2025,34,16,212.5
Abhishek Sharma,1473505,2025,32,16,200.0
Abhishek Sharma,1527674,2026,7,8,87.5
Abhishek Sharma,1527679,2026,48,21,228.57
Abhishek Sharma,1527683,2026,0,2,0.0
Abhishek Sharma,1527690,2026,74,28,264.29
Abhishek Sharma,1529264,2026,0,1,0.0
Abhishek Sharma,1529270,2026,59,22,268.18
Abhishek Sharma,1529274,2026,135,68,198.53
Abhishek Sharma,1529279,2026,57,29,196.55
Abhishek Sharma,1529284,2026,45,24,187.5
Abhishek Sharma,1529288,2026,15,10,150.0
Abhishek Sharma,1529292,2026,35,13,269.23
Abhishek Sharma,1529299,2026,6,4,150.0
Abhishek Sharma,1529306,2026,26,21,123.81
Abhishek Sharma,1529310,2026,56,22,254.55
Abhishek Sharma,1535463,2026,0,2,0.0
Abishek Porel,1359481,2023,20,11,181.82
Abishek Porel,1359485,2023,7,9,77.78
Abishek Porel,1359490,2023,1,3,33.33
Abishek Porel,1359494,2023,5,8,62.5
Abishek Porel,1422120,2024,32,10,320.0
Abishek Porel,1422127,2024,9,10,90.0
Abishek Porel,1422131,2024,8,5,160.0
Abishek Porel,1422134,2024,0,5,0.0
Abishek Porel,1422138,2024,41,31,132.26
Abishek Porel,1426270,2024,15,7,214.29
Abishek Porel,1426273,2024,42,22,190.91
Abishek Porel,1426281,2024,36,27,133.33
Abishek Porel,1426285,2024,18,15,120.0
Abishek Porel,1426294,2024,65,36,180.56
Abishek Porel,1426300,2024,2,3,66.67
Abishek Porel,1426302,2024,58,33,175.76
Abishek Porel,1473441,2025,0,2,0.0
Abishek Porel,1473447,2025,34,18,188.89
Abishek Porel,1473454,2025,33,20,165.0
Abishek Porel,1473461,2025,7,7,100.0
Abishek Porel,1473466,2025,33,25,132.0
Abishek Porel,1473469,2025,49,37,132.43
Abishek Porel,1473472,2025,18,9,200.0
Abishek Porel,1473477,2025,51,36,141.67
Abishek Porel,1473483,2025,28,11,254.55
Abishek Porel,1473485,2025,4,2,200.0
Abishek Porel,1473492,2025,8,10,80.0
Abishek Porel,1473498,2025,30,19,157.89
Abishek Porel,1473501,2025,6,9,66.67
Abishek Porel,1529282,2026,30,33,90.91
Abishek Porel,1529298,2026,5,6,83.33
Abishek Porel,1529305,2026,51,31,164.52
Abishek Porel,1529313,2026,22,18,122.22
Akash Deep,1304068,2022,0,2,0.0
Akash Deep,1359483,2023,17,8,212.5
Akash Deep,1426263,2024,2,2,100.0
Akash Deep,1473453,2025,0,1,0.0
Akash Deep,1473499,2025,6,1,600.0
Akash Madhwal,1422132,2024,4,5,80.0
Akash Madhwal,1473487,2025,4,9,44.44
Akshat Raghuwanshi,1529290,2026,11,7,157.14
Akshat Raghuwanshi,1529296,2026,18,18,100.0
Aman Hakim Khan,1304071,2022,5,3,166.67
Aman Hakim Khan,1359477,2023,4,5,80.0
Aman Hakim Khan,1359481,2023,8,8,100.0
Aman Hakim Khan,1359494,2023,18,10,180.0
Aman Hakim Khan,1359502,2023,0,2,0.0
Aman Hakim Khan,1359508,2023,4,2,200.0
Aman Hakim Khan,1359518,2023,51,44,115.91
Aman Hakim Khan,1359529,2023,2,3,66.67
Aman Hakim Khan,1359533,2023,16,18,88.89
Aman Hakim Khan,1359541,2023,7,9,77.78
Aniket Verma,1473439,2025,7,3,233.33
Aniket Verma,1473444,2025,36,13,276.92
Aniket Verma,1473447,2025,74,41,180.49
Aniket Verma,1473452,2025,6,6,100.0
Aniket Verma,1473457,2025,18,14,128.57
Aniket Verma,1473470,2025,18,8,225.0
Aniket Verma,1473478,2025,12,14,85.71
Aniket Verma,1473480,2025,19,19,100.0
Aniket Verma,1473488,2025,3,7,42.86
Aniket Verma,1473499,2025,5,2,250.0
Aniket Verma,1473503,2025,26,9,288.89
Aniket Verma,1473505,2025,12,6,200.0
Aniket Verma,1527674,2026,43,18,238.89
Aniket Verma,1527679,2026,1,4,25.0
Aniket Verma,1527683,2026,2,5,40.0
Aniket Verma,1527690,2026,18,9,200.0
Aniket Verma,1529264,2026,6,5,120.0
Aniket Verma,1529270,2026,2,4,50.0
Aniket Verma,1529279,2026,1,1,100.0
Aniket Verma,1529288,2026,6,8,75.0
Anirudh Singh,419106,2010,14,14,100.0
Anirudh Singh,419117,2010,0,1,0.0
Anirudh Singh,419141,2010,9,12,75.0
Anirudh Singh,419164,2010,40,39,102.56
Ankit Sharma,548311,2012,15,8,187.5
Ankit Sharma,548314,2012,1,2,50.0
Ankit Sharma,548321,2012,1,1,100.0
Ankit Sharma,548335,2012,1,2,50.0
Ankit Sharma,734003,2014,30,27,111.11
Ankit Sharma,734017,2014,4,3,133.33
Ankit Sharma,829797,2015,0,1,0.0
Ankit Sharma,829819,2015,7,5,140.0
Ankit Sharma,980931,2016,3,3,100.0
Ankit Sharma,1082603,2017,25,15,166.67
Ankit Soni,1082625,2017,7,2,350.0
Ankit Soni,1082629,2017,0,1,0.0
Ankit Soni,1082643,2017,0,6,0.0
Anmolpreet Singh,1254104,2021,16,14,114.29
Anmolpreet Singh,1304048,2022,8,9,88.89
Anmolpreet Singh,1304055,2022,5,4,125.0
Anmolpreet Singh,1359484,2023,31,26,119.23
Anmolpreet Singh,1359526,2023,33,25,132.0
Anmolpreet Singh,1359532,2023,36,27,133.33
Anmolpreet Singh,1359536,2023,5,4,125.0
Anmolpreet Singh,1426284,2024,0,1,0.0
Anmolpreet Singh,1426288,2024,5,5,100.0
Anuj Rawat,1254106,2021,0,1,0.0
Anuj Rawat,1304049,2022,21,20,105.0
Anuj Rawat,1304052,2022,0,2,0.0
Anuj Rawat,1304059,2022,26,25,104.0
Anuj Rawat,1304064,2022,66,47,140.43
Anuj Rawat,1304068,2022,12,16,75.0
Anuj Rawat,1304073,2022,0,1,0.0
Anuj Rawat,1304077,2022,4,5,80.0
Anuj Rawat,1304082,2022,0,2,0.0
Anuj Rawat,1359483,2023,1,5,20.0
Anuj Rawat,1359494,2023,15,22,68.18
Anuj Rawat,1359517,2023,9,11,81.82
Anuj Rawat,1359524,2023,8,3,266.67
Anuj Rawat,1359528,2023,6,4,150.0
Anuj Rawat,1359534,2023,29,11,263.64
Anuj Rawat,1359544,2023,23,15,153.33
Anuj Rawat,1422119,2024,48,25,192.0
Anuj Rawat,1422124,2024,11,14,78.57
Anuj Rawat,1422128,2024,3,3,100.0
Anuj Rawat,1422133,2024,11,21,52.38
Anuj Rawat,1426268,2024,25,14,178.57
Anureet Singh,829709,2015,0,3,0.0
Anureet Singh,829733,2015,0,1,0.0
Anureet Singh,829753,2015,10,20,50.0
Anureet Singh,829759,2015,0,2,0.0
Anureet Singh,829767,2015,8,3,266.67
Anureet Singh,829785,2015,0,2,0.0
Anureet Singh,1082623,2017,15,12,125.0
Anureet Singh,1136609,2018,3,4,75.0
Arjun Tendulkar,1359509,2023,13,9,144.44
Arjun Tendulkar,1529311,2026,5,5,100.0
Arshad Khan,1359479,2023,15,9,166.67
Arshad Khan,1359486,2023,2,4,50.0
Arshad Khan,1359523,2023,1,2,50.0
Arshad Khan,1426264,2024,20,16,125.0
Arshad Khan,1426302,2024,58,33,175.76
Arshad Khan,1426305,2024,0,1,0.0
Arshad Khan,1473442,2025,1,1,100.0
Arshad Khan,1473493,2025,1,1,100.0
Arshad Khan,1473502,2025,1,3,33.33
Arshad Khan,1473504,2025,20,14,142.86
Arshad Khan,1529289,2026,8,5,160.0
Arshad Khan,1535465,2026,15,6,250.0
Arshad Khan (2),1426266,2024,5,4,125.0
Arshdeep Singh,1216542,2020,0,3,0.0
Arshdeep Singh,1254071,2021,1,2,50.0
Arshdeep Singh,1254078,2021,1,1,100.0
Arshdeep Singh,1304054,2022,0,1,0.0
Arshdeep Singh,1304062,2022,10,5,200.0
Arshdeep Singh,1304074,2022,0,1,0.0
Arshdeep Singh,1304078,2022,9,17,52.94
Arshdeep Singh,1304088,2022,0,2,0.0
Arshdeep Singh,1304110,2022,2,3,66.67
Arshdeep Singh,1359512,2023,2,2,100.0
Arshdeep Singh,1426296,2024,4,3,133.33
Arshdeep Singh,1473455,2025,1,5,20.0
Arshdeep Singh,1473468,2025,1,1,100.0
Arshdeep Singh,1529289,2026,1,1,100.0
Ashok Sharma,1527682,2026,0,1,0.0
Ashok Sharma,1529273,2026,1,3,33.33
Ashutosh Sharma,1422135,2024,31,17,182.35
Ashutosh Sharma,1426261,2024,33,15,220.0
Ashutosh Sharma,1426265,2024,31,15,206.67
Ashutosh Sharma,1426271,2024,55,26,211.54
Ashutosh Sharma,1426275,2024,3,8,37.5
Ashutosh Sharma,1426291,2024,3,10,30.0
Ashutosh Sharma,1426296,2024,8,5,160.0
Ashutosh Sharma,1426303,2024,17,11,154.55
Ashutosh Sharma,1426307,2024,2,3,66.67
Ashutosh Sharma,1473441,2025,66,31,212.9
Ashutosh Sharma,1473454,2025,1,1,100.0
Ashutosh Sharma,1473466,2025,17,14,121.43
Ashutosh Sharma,1473469,2025,14,10,140.0
Ashutosh Sharma,1473472,2025,37,19,194.74
Ashutosh Sharma,1473483,2025,2,3,66.67
Ashutosh Sharma,1473485,2025,7,6,116.67
Ashutosh Sharma,1473492,2025,41,26,157.69
Ashutosh Sharma,1473501,2025,18,16,112.5
Ashutosh Sharma,1527691,2026,19,10,190.0
Ashutosh Sharma,1529274,2026,14,10,140.0
Ashutosh Sharma,1529286,2026,25,14,178.57
Ashutosh Sharma,1529291,2026,14,5,280.0
Ashutosh Sharma,1529294,2026,39,28,139.29
Ashutosh Sharma,1529298,2026,24,10,240.0
Ashutosh Sharma,1529305,2026,18,5,360.0
Ashutosh Sharma,1529313,2026,18,10,180.0
Ashwani Kumar,1529276,2026,1,6,16.67
Atharva Taide,1359495,2023,0,3,0.0
Atharva Taide,1359501,2023,4,2,200.0
Atharva Taide,1359505,2023,29,17,170.59
Atharva Taide,1359512,2023,66,36,183.33
Atharva Taide,1359515,2023,13,17,76.47
Atharva Taide,1359538,2023,55,42,130.95
Atharva Taide,1359540,2023,19,12,158.33
Atharva Taide,1426265,2024,15,12,125.0
Atharva Taide,1426307,2024,46,27,170.37
Atharva Taide,1473499,2025,13,9,144.44
Auqib Nabi,1527691,2026,4,2,200.0
Auqib Nabi,1529298,2026,6,1,600.0
Avesh Khan,1175368,2019,4,3,133.33
Avesh Khan,1254092,2021,5,3,166.67
Avesh Khan,1304066,2022,7,2,350.0
Avesh Khan,1304088,2022,2,5,40.0
Avesh Khan,1304103,2022,12,4,300.0
Avesh Khan,1304109,2022,1,2,50.0
Avesh Khan,1359489,2023,0,1,0.0
Avesh Khan,1426294,2024,7,3,233.33
Avesh Khan,1426303,2024,3,2,150.0
Avesh Khan,1473453,2025,2,1,200.0
Avesh Khan,1473482,2025,0,1,0.0
Avesh Khan,1473491,2025,19,10,190.0
Avesh Khan,1527688,2026,1,3,33.33
Avesh Khan,1527692,2026,4,1,400.0
Avesh Khan,1529266,2026,1,2,50.0
Azhar Mahmood,548331,2012,33,14,235.71
Azhar Mahmood,548334,2012,10,7,142.86
Azhar Mahmood,548343,2012,18,12,150.0
Azhar Mahmood,548350,2012,2,4,50.0
Azhar Mahmood,548354,2012,24,24,100.0
Azhar Mahmood,548359,2012,14,9,155.56
Azhar Mahmood,548366,2012,31,20,155.0
Azhar Mahmood,548369,2012,9,7,128.57
Azhar Mahmood,548371,2012,9,7,128.57
Azhar Mahmood,548374,2012,36,38,94.74
Azhar Mahmood,598007,2013,8,7,114.29
Azhar Mahmood,598014,2013,23,20,115.0
Azhar Mahmood,598016,2013,0,1,0.0
Azhar Mahmood,598021,2013,4,4,100.0
Azhar Mahmood,598025,2013,0,4,0.0
Azhar Mahmood,598028,2013,9,13,69.23
Azhar Mahmood,598031,2013,2,7,28.57
Azhar Mahmood,598037,2013,9,13,69.23
Azhar Mahmood,598045,2013,61,41,148.78
Azhar Mahmood,598066,2013,80,44,181.82
Azhar Mahmood,829811,2015,6,7,85.71
Azmatullah Omarzai,1422123,2024,17,11,154.55
Azmatullah Omarzai,1422125,2024,11,10,110.0
Azmatullah Omarzai,1426275,2024,13,10,130.0
Azmatullah Omarzai,1426278,2024,1,2,50.0
Azmatullah Omarzai,1473442,2025,16,15,106.67
Azmatullah Omarzai,1473497,2025,21,9,233.33
Azmatullah Omarzai,1473508,2025,18,12,150.0
Azmatullah Omarzai,1473511,2025,1,2,50.0
Azmatullah Omarzai,1485779,2025,1,3,33.33
Azmatullah Omarzai,1529301,2026,38,17,223.53
Azmatullah Omarzai,1529304,2026,14,10,140.0
B Akhil,335982,2008,0,2,0.0
B Akhil,335985,2008,3,5,60.0
B Akhil,335996,2008,2,3,66.67
B Akhil,336002,2008,27,7,385.71
B Akhil,336012,2008,5,4,125.0
B Akhil,336026,2008,3,3,100.0
B Akhil,336029,2008,6,7,85.71
B Akhil,392182,2009,9,9,100.0
B Akhil,392194,2009,8,4,200.0
B Akhil,392224,2009,0,2,0.0
B Akhil,501233,2011,13,9,144.44
B Chipli,335996,2008,8,11,72.73
B Chipli,336026,2008,2,10,20.0
B Chipli,336034,2008,10,7,142.86
B Chipli,501199,2011,6,9,66.67
B Chipli,501203,2011,48,40,120.0
B Chipli,501208,2011,61,35,174.29
B Chipli,501212,2011,14,12,116.67
B Chipli,501216,2011,5,3,166.67
B Chipli,501224,2011,6,8,75.0
B Chipli,501229,2011,4,10,40.0
B Chipli,501236,2011,17,15,113.33
B Chipli,501239,2011,12,7,171.43
B Chipli,501243,2011,1,2,50.0
B Chipli,501250,2011,18,14,128.57
B Chipli,501256,2011,10,11,90.91
B Chipli,501259,2011,5,4,125.0
B Chipli,548311,2012,10,9,111.11
B Chipli,548314,2012,1,6,16.67
B Chipli,548321,2012,25,17,147.06
B Chipli,548346,2012,1,3,33.33
B Chipli,598067,2013,16,17,94.12
B Indrajith,1304087,2022,6,8,75.0
B Indrajith,1304093,2022,15,16,93.75
B Indrajith,1304099,2022,0,6,0.0
B Kumar,501259,2011,1,1,100.0
B Kumar,548308,2012,2,4,50.0
B Kumar,548330,2012,2,4,50.0
B Kumar,548341,2012,7,4,175.0
B Kumar,548351,2012,10,6,166.67
B Kumar,548353,2012,11,7,157.14
B Kumar,548362,2012,2,4,50.0
B Kumar,548365,2012,3,5,60.0
B Kumar,548375,2012,3,6,50.0
B Kumar,598000,2013,3,3,100.0
B Kumar,598003,2013,8,12,66.67
B Kumar,598011,2013,6,11,54.55
B Kumar,598018,2013,0,1,0.0
B Kumar,598027,2013,6,12,50.0
B Kumar,598038,2013,24,24,100.0
B Kumar,598042,2013,2,3,66.67
B Kumar,598053,2013,1,3,33.33
B Kumar,598055,2013,2,2,100.0
B Kumar,729295,2014,1,3,33.33
B Kumar,733989,2014,0,1,0.0
B Kumar,829751,2015,6,4,150.0
B Kumar,829781,2015,11,4,275.0
B Kumar,829815,2015,0,2,0.0
B Kumar,980915,2016,0,1,0.0
B Kumar,980943,2016,21,8,262.5
B Kumar,980979,2016,1,2,50.0
B Kumar,980983,2016,1,2,50.0
B Kumar,981003,2016,13,7,185.71
B Kumar,981009,2016,5,4,125.0
B Kumar,981015,2016,1,2,50.0
B Kumar,981019,2016,1,1,100.0
B Kumar,1082600,2017,4,3,133.33
B Kumar,1082634,2017,0,1,0.0
B Kumar,1136599,2018,1,2,50.0
B Kumar,1136614,2018,0,1,0.0
B Kumar,1136617,2018,7,11,63.64
B Kumar,1136619,2018,5,2,250.0
B Kumar,1178394,2019,2,6,33.33
B Kumar,1178405,2019,2,4,50.0
B Kumar,1178420,2019,1,4,25.0
B Kumar,1178429,2019,7,5,140.0
B Kumar,1216534,2020,0,2,0.0
B Kumar,1254063,2021,2,2,100.0
B Kumar,1254066,2021,1,2,50.0
B Kumar,1254085,2021,14,10,140.0
B Kumar,1254091,2021,2,2,100.0
B Kumar,1254105,2021,5,3,166.67
B Kumar,1254107,2021,3,4,75.0
B Kumar,1254109,2021,7,7,100.0
B Kumar,1304051,2022,3,3,100.0
B Kumar,1304058,2022,1,2,50.0
B Kumar,1304096,2022,5,3,166.67
B Kumar,1304100,2022,8,9,88.89
B Kumar,1304107,2022,6,7,85.71
B Kumar,1304116,2022,1,1,100.0
B Kumar,1359478,2023,6,10,60.0
B Kumar,1359499,2023,2,5,40.0
B Kumar,1359521,2023,5,5,100.0
B Kumar,1359532,2023,2,1,200.0
B Kumar,1359536,2023,27,26,103.85
B Kumar,1426261,2024,6,8,75.0
B Kumar,1426279,2024,13,13,100.0
B Kumar,1426284,2024,4,3,133.33
B Kumar,1426309,2024,0,4,0.0
B Kumar,1426312,2024,0,1,0.0
B Kumar,1473445,2025,0,2,0.0
B Kumar,1473451,2025,1,2,50.0
B Kumar,1473461,2025,1,4,25.0
B Kumar,1473471,2025,8,13,61.54
B Kumar,1473503,2025,3,2,150.0
B Kumar,1473511,2025,1,2,50.0
B Kumar,1527689,2026,9,7,128.57
B Kumar,1529269,2026,3,2,150.0
B Kumar,1529285,2026,15,15,100.0
B Kumar,1529297,2026,7,2,350.0
B Laughlin,598002,2013,0,1,0.0
B Laughlin,598046,2013,4,8,50.0
B Laughlin,1136564,2018,1,3,33.33
B Laughlin,1136577,2018,0,1,0.0
B Lee,335987,2008,0,2,0.0
B Lee,335991,2008,16,7,228.57
B Lee,335995,2008,1,3,33.33
B Lee,392216,2009,14,10,140.0
B Lee,392222,2009,8,12,66.67
B Lee,392229,2009,0,5,0.0
B Lee,392234,2009,6,7,85.71
B Lee,419127,2010,7,5,140.0
B Lee,419132,2010,3,3,100.0
B Lee,419136,2010,1,1,100.0
B Lee,501219,2011,1,3,33.33
B Lee,501230,2011,1,1,100.0
B Lee,501242,2011,1,2,50.0
B Lee,501269,2011,2,3,66.67
B Lee,548307,2012,9,5,180.0
B Lee,548312,2012,25,11,227.27
B Lee,548315,2012,8,4,200.0
B Lee,598005,2013,5,6,83.33
B Lee,598040,2013,16,6,266.67
B Sai Sudharsan,1304062,2022,35,30,116.67
B Sai Sudharsan,1304067,2022,11,9,122.22
B Sai Sudharsan,1304089,2022,20,14,142.86
B Sai Sudharsan,1304094,2022,61,49,124.49
B Sai Sudharsan,1304097,2022,14,11,127.27
B Sai Sudharsan,1359475,2023,21,16,131.25
B Sai Sudharsan,1359481,2023,62,48,129.17
B Sai Sudharsan,1359487,2023,53,38,139.47
B Sai Sudharsan,1359492,2023,19,20,95.0
B Sai Sudharsan,1359497,2023,20,19,105.26
B Sai Sudharsan,1359536,2023,41,34,120.59
B Sai Sudharsan,1370352,2023,43,31,138.71
B Sai Sudharsan,1370353,2023,96,47,204.26
B Sai Sudharsan,1422123,2024,45,39,115.38
B Sai Sudharsan,1422125,2024,37,31,119.35
B Sai Sudharsan,1422130,2024,45,36,125.0
B Sai Sudharsan,1422135,2024,33,19,173.68
B Sai Sudharsan,1422139,2024,27,21,128.57
B Sai Sudharsan,1426262,2024,35,29,120.69
B Sai Sudharsan,1426270,2024,12,8,150.0
B Sai Sudharsan,1426275,2024,31,34,91.18
B Sai Sudharsan,1426278,2024,65,39,166.67
B Sai Sudharsan,1426283,2024,83,48,172.92
B Sai Sudharsan,1426290,2024,6,14,42.86
B Sai Sudharsan,1426297,2024,103,51,201.96
B Sai Sudharsan,1473442,2025,74,41,180.49
B Sai Sudharsan,1473446,2025,63,41,153.66
B Sai Sudharsan,1473451,2025,49,36,136.11
B Sai Sudharsan,1473457,2025,5,9,55.56
B Sai Sudharsan,1473460,2025,82,53,154.72
B Sai Sudharsan,1473463,2025,56,37,151.35
B Sai Sudharsan,1473472,2025,36,21,171.43
B Sai Sudharsan,1473476,2025,52,36,144.44
B Sai Sudharsan,1473484,2025,39,30,130.0
B Sai Sudharsan,1473488,2025,48,23,208.7
B Sai Sudharsan,1473493,2025,5,5,100.0
B Sai Sudharsan,1473498,2025,108,61,177.05
B Sai Sudharsan,1473502,2025,21,16,131.25
B Sai Sudharsan,1473504,2025,41,28,146.43
B Sai Sudharsan,1473509,2025,80,49,163.27
B Sai Sudharsan,1527677,2026,13,11,118.18
B Sai Sudharsan,1527682,2026,72,43,167.44
B Sai Sudharsan,1527687,2026,12,7,171.43
B Sai Sudharsan,1527692,2026,15,14,107.14
B Sai Sudharsan,1529268,2026,22,16,137.5
B Sai Sudharsan,1529273,2026,0,1,0.0
B Sai Sudharsan,1529277,2026,100,58,172.41
B Sai Sudharsan,1529280,2026,87,46,189.13
B Sai Sudharsan,1529285,2026,6,5,120.0
B Sai Sudharsan,1529289,2026,57,41,139.02
B Sai Sudharsan,1529295,2026,54,35,154.29
B Sai Sudharsan,1529299,2026,61,44,138.64
B Sai Sudharsan,1529303,2026,53,28,189.29
B Sai Sudharsan,1529309,2026,83,52,159.62
B Sai Sudharsan,1535462,2026,14,9,155.56
B Sai Sudharsan,1535464,2026,58,32,181.25
B Sai Sudharsan,1535465,2026,12,12,100.0
B Stanlake,1136567,2018,5,2,250.0
B Sumanth,419151,2010,6,4,150.0
B Sumanth,419156,2010,6,3,200.0
B Sumanth,419160,2010,7,12,58.33
B Sumanth,419163,2010,16,18,88.89
BA Bhatt,501264,2011,0,5,0.0
BA Bhatt,548323,2012,6,2,300.0
BA Stokes,1082592,2017,21,14,150.0
BA Stokes,1082594,2017,50,32,156.25
BA Stokes,1082599,2017,2,5,40.0
BA Stokes,1082603,2017,25,18,138.89
BA Stokes,1082607,2017,2,3,66.67
BA Stokes,1082615,2017,10,9,111.11
BA Stokes,1082618,2017,17,12,141.67
BA Stokes,1082629,2017,103,63,163.49
BA Stokes,1082631,2017,14,15,93.33
BA Stokes,1082634,2017,39,25,156.0
BA Stokes,1082642,2017,33,25,132.0
BA Stokes,1136564,2018,5,8,62.5
BA Stokes,1136566,2018,16,12,133.33
BA Stokes,1136571,2018,27,21,128.57
BA Stokes,1136575,2018,14,11,127.27
BA Stokes,1136577,2018,45,37,121.62
BA Stokes,1136581,2018,40,27,148.15
BA Stokes,1136588,2018,0,3,0.0
BA Stokes,1136592,2018,1,2,50.0
BA Stokes,1136598,2018,12,9,133.33
BA Stokes,1136600,2018,13,10,130.0
BA Stokes,1136603,2018,11,7,157.14
BA Stokes,1136609,2018,11,13,84.62
BA Stokes,1175359,2019,6,2,300.0
BA Stokes,1175363,2019,16,9,177.78
BA Stokes,1175367,2019,46,26,176.92
BA Stokes,1175369,2019,1,2,50.0
BA Stokes,1178396,2019,7,12,58.33
BA Stokes,1178400,2019,28,26,107.69
BA Stokes,1178411,2019,0,2,0.0
BA Stokes,1178415,2019,8,8,100.0
BA Stokes,1178418,2019,11,10,110.0
BA Stokes,1216507,2020,5,6,83.33
BA Stokes,1216518,2020,30,32,93.75
BA Stokes,1216522,2020,15,19,78.95
BA Stokes,1216530,2020,18,11,163.64
BA Stokes,1216533,2020,19,11,172.73
BA Stokes,1216537,2020,50,26,192.31
BA Stokes,1216541,2020,107,60,178.33
BA Stokes,1216543,2020,41,35,117.14
BA Stokes,1254061,2021,0,3,0.0
BA Stokes,1359475,2023,7,6,116.67
BA Stokes,1359480,2023,8,8,100.0
BAW Mendis,392197,2009,0,1,0.0
BAW Mendis,419148,2010,1,1,100.0
BAW Mendis,598042,2013,2,4,50.0
BB McCullum,335982,2008,158,73,216.44
BB McCullum,335986,2008,5,5,100.0
BB McCullum,335993,2008,24,11,218.18
BB McCullum,335997,2008,1,2,50.0
BB McCullum,392184,2009,1,3,33.33
BB McCullum,392186,2009,21,16,131.25
BB McCullum,392190,2009,4,10,40.0
BB McCullum,392197,2009,1,5,20.0
BB McCullum,392199,2009,0,1,0.0
BB McCullum,392203,2009,5,7,71.43
BB McCullum,392207,2009,19,31,61.29
BB McCullum,392211,2009,35,29,120.69
BB McCullum,392219,2009,6,3,200.0
BB McCullum,392221,2009,80,62,129.03
BB McCullum,392228,2009,20,18,111.11
BB McCullum,392231,2009,77,47,163.83
BB McCullum,392233,2009,9,4,225.0
BB McCullum,419144,2010,6,7,85.71
BB McCullum,419148,2010,45,36,125.0
BB McCullum,419153,2010,0,4,0.0
BB McCullum,419158,2010,6,7,85.71
BB McCullum,419161,2010,57,55,103.64
BB McCullum,501200,2011,45,32,140.62
BB McCullum,501207,2011,0,1,0.0
BB McCullum,501210,2011,81,60,135.0
BB McCullum,501215,2011,47,33,142.42
BB McCullum,501219,2011,23,19,121.05
BB McCullum,501229,2011,0,4,0.0
BB McCullum,501233,2011,7,7,100.0
BB McCullum,501238,2011,31,18,172.22
BB McCullum,501242,2011,1,8,12.5
BB McCullum,501247,2011,22,16,137.5
BB McCullum,501254,2011,32,27,118.52
BB McCullum,501258,2011,29,10,290.0
BB McCullum,501261,2011,33,37,89.19
BB McCullum,548307,2012,9,7,128.57
BB McCullum,548312,2012,2,4,50.0
BB McCullum,548328,2012,15,18,83.33
BB McCullum,548335,2012,10,9,111.11
BB McCullum,548344,2012,43,37,116.22
BB McCullum,548347,2012,2,8,25.0
BB McCullum,548353,2012,42,43,97.67
BB McCullum,548357,2012,56,44,127.27
BB McCullum,548368,2012,37,29,127.59
BB McCullum,548370,2012,1,5,20.0
BB McCullum,548375,2012,41,43,95.35
BB McCullum,548378,2012,31,36,86.11
BB McCullum,598034,2013,6,7,85.71
BB McCullum,729283,2014,67,45,148.89
BB McCullum,729293,2014,9,10,90.0
BB McCullum,729297,2014,6,10,60.0
BB McCullum,729303,2014,71,53,133.96
BB McCullum,729311,2014,40,33,121.21
BB McCullum,733971,2014,56,40,140.0
BB McCullum,733981,2014,32,35,91.43
BB McCullum,733987,2014,33,29,113.79
BB McCullum,733995,2014,13,11,118.18
BB McCullum,734003,2014,6,3,200.0
BB McCullum,734013,2014,19,13,146.15
BB McCullum,734023,2014,28,24,116.67
BB McCullum,734045,2014,14,11,127.27
BB McCullum,734047,2014,11,16,68.75
BB McCullum,829707,2015,4,2,200.0
BB McCullum,829711,2015,96,53,181.13
BB McCullum,829723,2015,32,12,266.67
BB McCullum,829729,2015,45,19,236.84
BB McCullum,829735,2015,12,7,171.43
BB McCullum,829745,2015,4,6,66.67
BB McCullum,829753,2015,66,44,150.0
BB McCullum,829765,2015,19,14,135.71
BB McCullum,829773,2015,12,5,240.0
BB McCullum,829779,2015,20,15,133.33
BB McCullum,829789,2015,23,11,209.09
BB McCullum,829797,2015,81,61,132.79
BB McCullum,829801,2015,11,21,52.38
BB McCullum,829809,2015,6,6,100.0
BB McCullum,980905,2016,0,2,0.0
BB McCullum,980911,2016,49,31,158.06
BB McCullum,980917,2016,6,4,150.0
BB McCullum,980929,2016,18,17,105.88
BB McCullum,980937,2016,42,24,175.0
BB McCullum,980945,2016,60,36,166.67
BB McCullum,980949,2016,43,22,195.45
BB McCullum,980955,2016,1,3,33.33
BB McCullum,980961,2016,1,4,25.0
BB McCullum,980967,2016,7,19,36.84
BB McCullum,980975,2016,29,24,120.83
BB McCullum,980987,2016,11,13,84.62
BB McCullum,981001,2016,6,3,200.0
BB McCullum,981007,2016,48,27,177.78
BB McCullum,981013,2016,1,4,25.0
BB McCullum,981017,2016,32,29,110.34
BB McCullum,1082593,2017,35,24,145.83
BB McCullum,1082596,2017,5,10,50.0
BB McCullum,1082603,2017,49,32,153.12
BB McCullum,1082606,2017,64,44,145.45
BB McCullum,1082610,2017,72,44,163.64
BB McCullum,1082613,2017,33,17,194.12
BB McCullum,1082616,2017,6,6,100.0
BB McCullum,1082621,2017,3,6,50.0
BB McCullum,1082625,2017,7,7,100.0
BB McCullum,1082629,2017,45,27,166.67
BB McCullum,1082632,2017,1,3,33.33
BB McCullum,1136563,2018,43,27,159.26
BB McCullum,1136568,2018,0,1,0.0
BB McCullum,1136571,2018,4,4,100.0
BB McCullum,1136589,2018,38,28,135.71
BB McCullum,1136591,2018,31,24,129.17
BB McCullum,1136595,2018,5,3,166.67
BB Samantray,548348,2012,2,2,100.0
BB Samantray,598018,2013,37,37,100.0
BB Samantray,598021,2013,10,12,83.33
BB Samantray,598048,2013,2,2,100.0
BB Samantray,598056,2013,0,1,0.0
BB Samantray,598065,2013,55,46,119.57
BB Samantray,598069,2013,5,2,250.0
BB Samantray,598071,2013,14,11,127.27
BB Sran,980979,2016,1,1,100.0
BB Sran,981009,2016,2,2,100.0
BB Sran,1136582,2018,0,1,0.0
BB Sran,1136585,2018,2,5,40.0
BB Sran,1136604,2018,1,1,100.0
BB Sran,1178422,2019,3,3,100.0
BCJ Cutting,734011,2014,8,6,133.33
BCJ Cutting,980991,2016,18,11,163.64
BCJ Cutting,981015,2016,0,1,0.0
BCJ Cutting,981017,2016,8,7,114.29
BCJ Cutting,981019,2016,39,15,260.0
BCJ Cutting,1082591,2017,16,6,266.67
BCJ Cutting,1082600,2017,20,10,200.0
BCJ Cutting,1082604,2017,15,10,150.0
BCJ Cutting,1136567,2018,9,9,100.0
BCJ Cutting,1136591,2018,12,6,200.0
BCJ Cutting,1136601,2018,24,9,266.67
BCJ Cutting,1136607,2018,10,7,142.86
BCJ Cutting,1136610,2018,4,7,57.14
BCJ Cutting,1136615,2018,37,20,185.0
BCJ Cutting,1175358,2019,3,4,75.0
BCJ Cutting,1178409,2019,2,4,50.0
BCJ Cutting,1178411,2019,13,9,144.44
BE Hendricks,734025,2014,0,1,0.0
BE Hendricks,829809,2015,1,2,50.0
BJ Haddin,501222,2011,18,11,163.64
BJ Hodge,336000,2008,1,3,33.33
BJ Hodge,336003,2008,1,3,33.33
BJ Hodge,336010,2008,10,11,90.91
BJ Hodge,392184,2009,31,34,91.18
BJ Hodge,392186,2009,10,14,71.43
BJ Hodge,392190,2009,5,7,71.43
BJ Hodge,392197,2009,24,22,109.09
BJ Hodge,392199,2009,17,15,113.33
BJ Hodge,392203,2009,73,59,123.73
BJ Hodge,392207,2009,70,43,162.79
BJ Hodge,392211,2009,10,19,52.63
BJ Hodge,392219,2009,0,3,0.0
BJ Hodge,392228,2009,48,41,117.07
BJ Hodge,392231,2009,71,44,161.36
BJ Hodge,392233,2009,6,8,75.0
BJ Hodge,419106,2010,13,9,144.44
BJ Hodge,419109,2010,50,45,111.11
BJ Hodge,419113,2010,0,2,0.0
BJ Hodge,419118,2010,36,34,105.88
BJ Hodge,501200,2011,27,21,128.57
BJ Hodge,501207,2011,39,36,108.33
BJ Hodge,501210,2011,11,7,157.14
BJ Hodge,501215,2011,19,14,135.71
BJ Hodge,501219,2011,2,8,25.0
BJ Hodge,501225,2011,8,14,57.14
BJ Hodge,501229,2011,0,2,0.0
BJ Hodge,501233,2011,27,25,108.0
BJ Hodge,501238,2011,24,12,200.0
BJ Hodge,501242,2011,35,18,194.44
BJ Hodge,501247,2011,5,12,41.67
BJ Hodge,501254,2011,4,6,66.67
BJ Hodge,501258,2011,33,17,194.12
BJ Hodge,501261,2011,51,42,121.43
BJ Hodge,548309,2012,21,16,131.25
BJ Hodge,548312,2012,44,29,151.72
BJ Hodge,548320,2012,12,9,133.33
BJ Hodge,548324,2012,1,2,50.0
BJ Hodge,548326,2012,48,20,240.0
BJ Hodge,548332,2012,3,5,60.0
BJ Hodge,548336,2012,10,8,125.0
BJ Hodge,548345,2012,22,18,122.22
BJ Hodge,548349,2012,1,2,50.0
BJ Hodge,548354,2012,36,22,163.64
BJ Hodge,548361,2012,33,28,117.86
BJ Hodge,548365,2012,14,14,100.0
BJ Hodge,598001,2013,5,7,71.43
BJ Hodge,598005,2013,45,30,150.0
BJ Hodge,598009,2013,22,19,115.79
BJ Hodge,598014,2013,15,16,93.75
BJ Hodge,598019,2013,27,15,180.0
BJ Hodge,598023,2013,13,17,76.47
BJ Hodge,598026,2013,9,6,150.0
BJ Hodge,598036,2013,32,18,177.78
BJ Hodge,598047,2013,4,5,80.0
BJ Hodge,598058,2013,0,1,0.0
BJ Hodge,598063,2013,39,27,144.44
BJ Hodge,598065,2013,8,7,114.29
BJ Hodge,598071,2013,54,29,186.21
BJ Hodge,598072,2013,19,20,95.0
BJ Hodge,729285,2014,1,8,12.5
BJ Hodge,734017,2014,40,30,133.33
BJ Hodge,734033,2014,31,18,172.22
BJ Hodge,734041,2014,29,16,181.25
BJ Rohrer,598017,2013,14,15,93.33
BJ Rohrer,598028,2013,49,29,168.97
BJ Rohrer,598035,2013,13,13,100.0
BJ Rohrer,598040,2013,10,3,333.33
BJ Rohrer,598049,2013,64,40,160.0
BJ Rohrer,598054,2013,32,27,118.52
BJ Rohrer,598062,2013,4,5,80.0
BJ Rohrer,598067,2013,7,9,77.78
BKG Mendis,1473509,2025,20,10,200.0
BMAJ Mendis,598006,2013,0,1,0.0
BMAJ Mendis,598020,2013,12,17,70.59
BMAJ Mendis,598044,2013,11,9,122.22
BR Dunk,729317,2014,20,17,117.65
BR Dunk,733973,2014,5,4,125.0
BR Dunk,733983,2014,15,14,107.14
BR Sharath,1422139,2024,2,5,40.0
Basil Thampi,1082596,2017,13,8,162.5
Basil Thampi,1082610,2017,0,1,0.0
Basil Thampi,1082616,2017,11,10,110.0
Basil Thampi,1082625,2017,2,4,50.0
Basil Thampi,1082629,2017,2,5,40.0
Basil Thampi,1136583,2018,3,6,50.0
Basil Thampi,1181766,2019,1,1,100.0
Bipul Sharma,419117,2010,8,6,133.33
Bipul Sharma,419143,2010,1,1,100.0
Bipul Sharma,501234,2011,16,12,133.33
Bipul Sharma,501237,2011,1,2,50.0
Bipul Sharma,501251,2011,6,4,150.0
Bipul Sharma,548309,2012,18,13,138.46
Bipul Sharma,548313,2012,35,18,194.44
Bipul Sharma,548323,2012,12,11,109.09
Bipul Sharma,548343,2012,7,5,140.0
Bipul Sharma,829781,2015,1,2,50.0
Bipul Sharma,980943,2016,5,5,100.0
Bipul Sharma,981015,2016,14,6,233.33
Bipul Sharma,981017,2016,27,11,245.45
Bipul Sharma,981019,2016,5,3,166.67
Bipul Sharma,1082604,2017,21,14,150.0
Bipul Sharma,1082634,2017,8,7,114.29
Bipul Sharma,1082648,2017,2,3,66.67
Brijesh Sharma,1529271,2026,1,3,33.33
Brijesh Sharma,1529295,2026,1,1,100.0
C Bosch,1473482,2025,20,10,200.0
C Bosch,1473493,2025,27,22,122.73
C Bosch,1527681,2026,11,4,275.0
C Bosch,1529297,2026,5,5,100.0
C Bosch,1529308,2026,32,18,177.78
C Bosch,1529312,2026,2,4,50.0
C Connolly,1527677,2026,72,44,163.64
C Connolly,1527680,2026,32,21,152.38
C Connolly,1527690,2026,11,12,91.67
C Connolly,1529267,2026,17,12,141.67
C Connolly,1529272,2026,87,46,189.13
C Connolly,1529278,2026,17,10,170.0
C Connolly,1529283,2026,30,14,214.29
C Connolly,1529289,2026,0,1,0.0
C Connolly,1529292,2026,107,58,184.48
C Connolly,1529298,2026,38,27,140.74
C Connolly,1529301,2026,21,22,95.45
C Connolly,1529304,2026,37,22,168.18
C Connolly,1529311,2026,18,10,180.0
C Green,1359479,2023,5,4,125.0
C Green,1359486,2023,12,11,109.09
C Green,1359490,2023,17,8,212.5
C Green,1359496,2023,1,1,100.0
C Green,1359499,2023,64,40,160.0
C Green,1359505,2023,67,43,155.81
C Green,1359509,2023,33,26,126.92
C Green,1359516,2023,44,26,169.23
C Green,1359520,2023,23,18,127.78
C Green,1359523,2023,6,4,150.0
C Green,1359528,2023,2,2,100.0
C Green,1359531,2023,3,3,100.0
C Green,1359537,2023,4,6,66.67
C Green,1359543,2023,93,45,206.67
C Green,1370351,2023,41,23,178.26
C Green,1370352,2023,29,19,152.63
C Green,1422119,2024,18,22,81.82
C Green,1422124,2024,3,5,60.0
C Green,1422128,2024,33,21,157.14
C Green,1422133,2024,9,9,100.0
C Green,1422137,2024,5,6,83.33
C Green,1426274,2024,6,4,150.0
C Green,1426279,2024,37,20,185.0
C Green,1426290,2024,1,2,50.0
C Green,1426296,2024,46,27,170.37
C Green,1426300,2024,32,24,133.33
C Green,1426306,2024,38,17,223.53
C Green,1426310,2024,27,21,128.57
C Green,1527675,2026,18,10,180.0
C Green,1527679,2026,2,2,100.0
C Green,1527685,2026,4,2,200.0
C Green,1527688,2026,32,24,133.33
C Green,1529265,2026,0,1,0.0
C Green,1529268,2026,79,54,146.3
C Green,1529271,2026,27,13,207.69
C Green,1529281,2026,34,21,161.9
C Green,1529288,2026,3,3,100.0
C Green,1529294,2026,33,27,122.22
C Green,1529300,2026,32,24,133.33
C Green,1529303,2026,52,28,185.71
C Green,1529308,2026,4,8,50.0
C Green,1529313,2026,2,3,66.67
C Madan,419152,2010,14,18,77.78
C Munro,980909,2016,4,5,80.0
C Munro,981009,2016,10,8,125.0
C Munro,981015,2016,16,17,94.12
C Munro,1136562,2018,4,6,66.67
C Munro,1136586,2018,33,18,183.33
C Munro,1136590,2018,26,16,162.5
C Munro,1136592,2018,0,1,0.0
C Munro,1178405,2019,40,24,166.67
C Munro,1178409,2019,3,9,33.33
C Munro,1181766,2019,14,13,107.69
C Munro,1181767,2019,27,24,112.5
C Nanda,392225,2009,0,1,0.0
C Sakariya,1254073,2021,0,1,0.0
C Sakariya,1254093,2021,6,10,60.0
C Sakariya,1254103,2021,2,2,100.0
C Sakariya,1254106,2021,1,5,20.0
C Sakariya,1254111,2021,7,6,116.67
C Sakariya,1359477,2023,4,4,100.0
C Sakariya,1359541,2023,0,2,0.0
C de Grandhomme,1082604,2017,0,2,0.0
C de Grandhomme,1082608,2017,1,2,50.0
C de Grandhomme,1082617,2017,0,2,0.0
C de Grandhomme,1082627,2017,18,15,120.0
C de Grandhomme,1082631,2017,36,19,189.47
C de Grandhomme,1082636,2017,31,28,110.71
C de Grandhomme,1082639,2017,11,7,157.14
C de Grandhomme,1082644,2017,29,16,181.25
C de Grandhomme,1082649,2017,0,1,0.0
C de Grandhomme,1136584,2018,11,7,157.14
C de Grandhomme,1136589,2018,11,6,183.33
C de Grandhomme,1136591,2018,17,9,188.89
C de Grandhomme,1136595,2018,8,8,100.0
C de Grandhomme,1136599,2018,33,29,113.79
C de Grandhomme,1136605,2018,3,4,75.0
C de Grandhomme,1136611,2018,40,17,235.29
C de Grandhomme,1136613,2018,2,3,66.67
C de Grandhomme,1175356,2019,4,6,66.67
C de Grandhomme,1175362,2019,2,7,28.57
C de Grandhomme,1175366,2019,37,32,115.62
C de Grandhomme,1178429,2019,3,4,75.0
CA Ingram,501246,2011,1,2,50.0
CA Ingram,501253,2011,7,12,58.33
CA Ingram,501265,2011,13,11,118.18
CA Ingram,1175358,2019,47,32,146.88
CA Ingram,1175360,2019,2,2,100.0
CA Ingram,1175365,2019,10,7,142.86
CA Ingram,1175368,2019,38,29,131.03
CA Ingram,1175371,2019,5,8,62.5
CA Ingram,1178395,2019,22,21,104.76
CA Ingram,1178401,2019,14,6,233.33
CA Ingram,1178412,2019,19,9,211.11
CA Ingram,1178415,2019,3,5,60.0
CA Ingram,1178421,2019,11,7,157.14
CA Ingram,1178425,2019,1,5,20.0
CA Ingram,1178428,2019,12,23,52.17
CA Lynn,548373,2012,6,9,66.67
CA Lynn,729299,2014,45,31,145.16
CA Lynn,729307,2014,13,18,72.22
CA Lynn,980947,2016,10,10,100.0
CA Lynn,980959,2016,15,12,125.0
CA Lynn,1082593,2017,93,41,226.83
CA Lynn,1082597,2017,30,22,136.36
CA Lynn,1082636,2017,50,22,227.27
CA Lynn,1082639,2017,84,52,161.54
CA Lynn,1082644,2017,26,14,185.71
CA Lynn,1082648,2017,6,2,300.0
CA Lynn,1082649,2017,4,8,50.0
CA Lynn,1136563,2018,5,8,62.5
CA Lynn,1136565,2018,22,16,137.5
CA Lynn,1136570,2018,49,34,144.12
CA Lynn,1136573,2018,31,29,106.9
CA Lynn,1136575,2018,0,2,0.0
CA Lynn,1136578,2018,74,41,180.49
CA Lynn,1136586,2018,5,6,83.33
CA Lynn,1136589,2018,62,52,119.23
CA Lynn,1136593,2018,12,6,200.0
CA Lynn,1136597,2018,17,13,130.77
CA Lynn,1136601,2018,21,15,140.0
CA Lynn,1136604,2018,27,17,158.82
CA Lynn,1136609,2018,45,42,107.14
CA Lynn,1136614,2018,55,43,127.91
CA Lynn,1136618,2018,18,22,81.82
CA Lynn,1136619,2018,48,31,154.84
CA Lynn,1175357,2019,7,11,63.64
CA Lynn,1175361,2019,10,10,100.0
CA Lynn,1175365,2019,20,18,111.11
CA Lynn,1175372,2019,37,30,123.33
CA Lynn,1178396,2019,50,32,156.25
CA Lynn,1178398,2019,0,5,0.0
CA Lynn,1178404,2019,82,51,160.78
CA Lynn,1178410,2019,1,2,50.0
CA Lynn,1178413,2019,51,47,108.51
CA Lynn,1178418,2019,0,3,0.0
CA Lynn,1178422,2019,54,29,186.21
CA Lynn,1178427,2019,46,22,209.09
CA Lynn,1178431,2019,37,28,132.14
CA Lynn,1254058,2021,49,35,140.0
CA Pujara,419106,2010,10,16,62.5
CA Pujara,419109,2010,5,15,33.33
CA Pujara,419118,2010,29,25,116.0
CA Pujara,419135,2010,17,13,130.77
CA Pujara,419148,2010,16,8,200.0
CA Pujara,419158,2010,45,38,118.42
CA Pujara,501208,2011,25,15,166.67
CA Pujara,501211,2011,2,4,50.0
CA Pujara,501227,2011,7,12,58.33
CA Pujara,548310,2012,11,12,91.67
CA Pujara,548315,2012,6,9,66.67
CA Pujara,548318,2012,0,1,0.0
CA Pujara,598045,2013,19,20,95.0
CA Pujara,598054,2013,17,17,100.0
CA Pujara,598057,2013,5,14,35.71
CA Pujara,598064,2013,51,48,106.25
CA Pujara,729283,2014,13,10,130.0
CA Pujara,729291,2014,40,38,105.26
CA Pujara,729295,2014,35,32,109.38
CA Pujara,729307,2014,8,7,114.29
CA Pujara,729313,2014,10,18,55.56
CA Pujara,733973,2014,19,18,105.56
CH Gayle,392184,2009,10,12,83.33
CH Gayle,392186,2009,44,26,169.23
CH Gayle,392190,2009,54,38,142.11
CH Gayle,392197,2009,12,11,109.09
CH Gayle,392199,2009,40,37,108.11
CH Gayle,392203,2009,7,7,100.0
CH Gayle,392207,2009,17,17,100.0
CH Gayle,419122,2010,75,60,125.0
CH Gayle,419127,2010,12,11,109.09
CH Gayle,419131,2010,30,21,142.86
CH Gayle,419135,2010,4,7,57.14
CH Gayle,419139,2010,88,42,209.52
CH Gayle,419144,2010,40,21,190.48
CH Gayle,419148,2010,34,15,226.67
CH Gayle,419153,2010,7,4,175.0
CH Gayle,419158,2010,0,2,0.0
CH Gayle,501222,2011,102,55,185.45
CH Gayle,501227,2011,26,14,185.71
CH Gayle,501232,2011,49,26,188.46
CH Gayle,501244,2011,107,49,218.37
CH Gayle,501247,2011,38,15,253.33
CH Gayle,501252,2011,70,44,159.09
CH Gayle,501255,2011,38,12,316.67
CH Gayle,501260,2011,0,7,0.0
CH Gayle,501266,2011,75,50,150.0
CH Gayle,501268,2011,8,9,88.89
CH Gayle,501270,2011,89,47,189.36
CH Gayle,501271,2011,0,3,0.0
CH Gayle,548315,2012,2,8,25.0
CH Gayle,548318,2012,68,35,194.29
CH Gayle,548324,2012,8,9,88.89
CH Gayle,548327,2012,81,48,168.75
CH Gayle,548331,2012,87,55,158.18
CH Gayle,548336,2012,4,8,50.0
CH Gayle,548344,2012,86,57,150.88
CH Gayle,548350,2012,71,42,169.05
CH Gayle,548356,2012,26,22,118.18
CH Gayle,548360,2012,76,58,131.03
CH Gayle,548362,2012,56,30,186.67
CH Gayle,548367,2012,6,8,75.0
CH Gayle,548372,2012,122,61,200.0
CH Gayle,548376,2012,27,10,270.0
CH Gayle,597999,2013,92,58,158.62
CH Gayle,598004,2013,11,6,183.33
CH Gayle,598008,2013,79,49,161.22
CH Gayle,598012,2013,4,10,40.0
CH Gayle,598017,2013,15,11,136.36
CH Gayle,598023,2013,49,44,111.36
CH Gayle,598027,2013,171,65,263.08
CH Gayle,598033,2013,18,20,90.0
CH Gayle,598036,2013,33,15,220.0
CH Gayle,598042,2013,21,21,100.0
CH Gayle,598045,2013,71,52,136.54
CH Gayle,598048,2013,13,15,86.67
CH Gayle,598054,2013,4,7,57.14
CH Gayle,598057,2013,33,36,91.67
CH Gayle,598064,2013,59,32,184.38
CH Gayle,598068,2013,28,13,215.38
CH Gayle,729313,2014,20,7,285.71
CH Gayle,733977,2014,27,19,142.11
CH Gayle,733983,2014,38,24,158.33
CH Gayle,733991,2014,4,7,57.14
CH Gayle,733999,2014,19,25,76.0
CH Gayle,734005,2014,22,23,95.65
CH Gayle,734013,2014,46,50,92.0
CH Gayle,734021,2014,14,20,70.0
CH Gayle,734027,2014,6,9,66.67
CH Gayle,829713,2015,96,56,171.43
CH Gayle,829719,2015,21,16,131.25
CH Gayle,829737,2015,10,23,43.48
CH Gayle,829749,2015,20,17,117.65
CH Gayle,829757,2015,62,40,155.0
CH Gayle,829763,2015,10,4,250.0
CH Gayle,829771,2015,21,9,233.33
CH Gayle,829785,2015,116,56,207.14
CH Gayle,829795,2015,13,12,108.33
CH Gayle,829803,2015,17,14,121.43
CH Gayle,829807,2015,35,10,350.0
CH Gayle,829813,2015,1,5,20.0
CH Gayle,829819,2015,27,26,103.85
CH Gayle,829821,2015,41,43,95.35
CH Gayle,980907,2016,1,4,25.0
CH Gayle,980921,2016,0,3,0.0
CH Gayle,980959,2016,7,7,100.0
CH Gayle,980981,2016,5,6,83.33
CH Gayle,980987,2016,6,13,46.15
CH Gayle,980995,2016,49,31,158.06
CH Gayle,980999,2016,73,32,228.12
CH Gayle,981011,2016,1,4,25.0
CH Gayle,981013,2016,9,12,75.0
CH Gayle,981019,2016,76,38,200.0
CH Gayle,1082591,2017,32,21,152.38
CH Gayle,1082595,2017,6,8,75.0
CH Gayle,1082602,2017,22,27,81.48
CH Gayle,1082610,2017,77,38,202.63
CH Gayle,1082617,2017,7,16,43.75
CH Gayle,1082621,2017,8,11,72.73
CH Gayle,1082633,2017,0,2,0.0
CH Gayle,1082636,2017,0,1,0.0
CH Gayle,1082646,2017,48,38,126.32
CH Gayle,1136572,2018,63,33,190.91
CH Gayle,1136576,2018,104,63,165.08
CH Gayle,1136578,2018,62,38,163.16
CH Gayle,1136585,2018,23,22,104.55
CH Gayle,1136594,2018,50,40,125.0
CH Gayle,1136598,2018,8,11,72.73
CH Gayle,1136600,2018,1,1,100.0
CH Gayle,1136604,2018,21,17,123.53
CH Gayle,1136608,2018,18,14,128.57
CH Gayle,1136610,2018,18,11,163.64
CH Gayle,1136616,2018,0,2,0.0
CH Gayle,1175359,2019,79,47,168.09
CH Gayle,1175361,2019,20,13,153.85
CH Gayle,1175364,2019,40,24,166.67
CH Gayle,1178393,2019,5,7,71.43
CH Gayle,1178397,2019,16,14,114.29
CH Gayle,1178399,2019,63,36,175.0
CH Gayle,1178403,2019,99,64,154.69
CH Gayle,1178407,2019,30,22,136.36
CH Gayle,1178412,2019,69,37,186.49
CH Gayle,1178417,2019,23,10,230.0
CH Gayle,1178423,2019,4,3,133.33
CH Gayle,1178427,2019,14,14,100.0
CH Gayle,1178430,2019,28,28,100.0
CH Gayle,1216498,2020,20,20,100.0
CH Gayle,1216506,2020,12,19,63.16
CH Gayle,1216517,2020,31,23,134.78
CH Gayle,1216520,2020,51,29,175.86
CH Gayle,1216531,2020,53,45,117.78
CH Gayle,1216537,2020,99,63,157.14
CH Gayle,1216546,2020,29,13,223.08
CH Gayle,1254061,2021,40,28,142.86
CH Gayle,1254065,2021,10,10,100.0
CH Gayle,1254068,2021,11,9,122.22
CH Gayle,1254071,2021,15,17,88.24
CH Gayle,1254074,2021,43,35,122.86
CH Gayle,1254078,2021,0,1,0.0
CH Gayle,1254083,2021,46,24,191.67
CH Gayle,1254086,2021,13,9,144.44
CH Gayle,1254099,2021,1,4,25.0
CH Gayle,1254107,2021,14,17,82.35
CH Morris,598012,2013,7,4,175.0
CH Morris,598015,2013,5,5,100.0
CH Morris,598026,2013,1,1,100.0
CH Morris,598030,2013,0,1,0.0
CH Morris,598046,2013,1,4,25.0
CH Morris,598073,2013,0,1,0.0
CH Morris,829709,2015,6,8,75.0
CH Morris,829715,2015,13,6,216.67
CH Morris,829749,2015,3,3,100.0
CH Morris,829787,2015,34,11,309.09
CH Morris,829797,2015,10,9,111.11
CH Morris,829811,2015,4,5,80.0
CH Morris,829819,2015,0,3,0.0
CH Morris,980903,2016,11,9,122.22
CH Morris,980945,2016,82,32,256.25
CH Morris,980951,2016,0,2,0.0
CH Morris,980971,2016,17,12,141.67
CH Morris,980993,2016,20,16,125.0
CH Morris,980997,2016,38,20,190.0
CH Morris,981011,2016,27,18,150.0
CH Morris,1082595,2017,4,5,80.0
CH Morris,1082599,2017,38,9,422.22
CH Morris,1082605,2017,16,8,200.0
CH Morris,1082608,2017,16,9,177.78
CH Morris,1082614,2017,52,41,126.83
CH Morris,1082622,2017,11,10,110.0
CH Morris,1082626,2017,2,5,40.0
CH Morris,1082630,2017,15,7,214.29
CH Morris,1136562,2018,27,16,168.75
CH Morris,1136566,2018,17,7,242.86
CH Morris,1136573,2018,2,3,66.67
CH Morris,1175368,2019,0,1,0.0
CH Morris,1175371,2019,17,15,113.33
CH Morris,1178395,2019,0,3,0.0
CH Morris,1178405,2019,4,8,50.0
CH Morris,1178409,2019,11,9,122.22
CH Morris,1178425,2019,0,1,0.0
CH Morris,1216499,2020,4,2,200.0
CH Morris,1216502,2020,3,4,75.0
CH Morris,1216505,2020,0,2,0.0
CH Morris,1216531,2020,25,8,312.5
CH Morris,1216544,2020,2,5,40.0
CH Morris,1254061,2021,2,4,50.0
CH Morris,1254064,2021,36,18,200.0
CH Morris,1254069,2021,0,2,0.0
CH Morris,1254073,2021,10,7,142.86
CH Morris,1254103,2021,14,11,127.27
CH Morris,1254106,2021,0,2,0.0
CH Morris,1254111,2021,5,5,100.0
CJ Anderson,729279,2014,2,8,25.0
CJ Anderson,729287,2014,18,19,94.74
CJ Anderson,729303,2014,39,31,125.81
CJ Anderson,729309,2014,13,14,92.86
CJ Anderson,729317,2014,1,8,12.5
CJ Anderson,733973,2014,35,25,140.0
CJ Anderson,733983,2014,6,4,150.0
CJ Anderson,733995,2014,18,6,300.0
CJ Anderson,734009,2014,18,12,150.0
CJ Anderson,734041,2014,95,44,215.91
CJ Anderson,734045,2014,20,10,200.0
CJ Anderson,829705,2015,55,41,134.15
CJ Anderson,829717,2015,5,11,45.45
CJ Anderson,829721,2015,50,37,135.14
CJ Anderson,829729,2015,4,7,57.14
CJ Anderson,1082599,2017,2,4,50.0
CJ Anderson,1082605,2017,39,21,185.71
CJ Anderson,1082614,2017,0,3,0.0
CJ Anderson,1082622,2017,2,5,40.0
CJ Anderson,1082626,2017,18,25,72.0
CJ Anderson,1082630,2017,41,24,170.83
CJ Anderson,1082632,2017,18,12,150.0
CJ Anderson,1082635,2017,10,8,125.0
CJ Anderson,1082640,2017,6,6,100.0
CJ Anderson,1082642,2017,3,5,60.0
CJ Anderson,1082646,2017,3,9,33.33
CJ Anderson,1136574,2018,0,1,0.0
CJ Anderson,1136579,2018,15,13,115.38
CJ Anderson,1136584,2018,2,8,25.0
CJ Ferguson,501248,2011,6,14,42.86
CJ Ferguson,501250,2011,15,8,187.5
CJ Ferguson,501259,2011,11,13,84.62
CJ Ferguson,501262,2011,16,19,84.21
CJ Ferguson,548308,2012,12,13,92.31
CJ Ferguson,548313,2012,3,6,50.0
CJ Ferguson,548365,2012,23,26,88.46
CJ Ferguson,548375,2012,12,18,66.67
CJ Jordan,981019,2016,3,4,75.0
CJ Jordan,1082648,2017,0,1,0.0
CJ Jordan,1216493,2020,5,6,83.33
CJ Jordan,1216498,2020,7,12,58.33
CJ Jordan,1216506,2020,4,5,80.0
CJ Jordan,1216517,2020,13,8,162.5
CJ Jordan,1254078,2021,30,18,166.67
CJ Jordan,1254086,2021,2,3,66.67
CJ Jordan,1304057,2022,5,5,100.0
CJ Jordan,1304063,2022,6,3,200.0
CJ Jordan,1370351,2023,4,7,57.14
CJ Jordan,1370352,2023,2,5,40.0
CJ McKay,548325,2012,8,15,53.33
CK Kapugedera,336009,2008,8,9,88.89
CK Kapugedera,336018,2008,0,2,0.0
CK Kapugedera,336040,2008,8,11,72.73
CK Langeveldt,419131,2010,0,1,0.0
CK Langeveldt,501260,2011,8,8,100.0
CL White,335982,2008,6,10,60.0
CL White,336002,2008,31,23,134.78
CL White,336006,2008,0,1,0.0
CL White,336010,2008,29,15,193.33
CL White,336012,2008,22,19,115.79
CL White,336016,2008,10,14,71.43
CL White,336023,2008,10,16,62.5
CL White,336026,2008,1,2,50.0
CL White,419133,2010,21,13,161.54
CL White,419136,2010,6,3,200.0
CL White,419140,2010,4,11,36.36
CL White,419145,2010,13,3,433.33
CL White,419151,2010,4,3,133.33
CL White,501216,2011,31,25,124.0
CL White,501224,2011,1,7,14.29
CL White,501229,2011,31,34,91.18
CL White,501236,2011,13,18,72.22
CL White,501239,2011,13,13,100.0
CL White,501264,2011,15,12,125.0
CL White,548311,2012,23,16,143.75
CL White,548314,2012,30,22,136.36
CL White,548329,2012,65,40,162.5
CL White,548335,2012,10,9,111.11
CL White,548341,2012,78,46,169.57
CL White,548346,2012,0,1,0.0
CL White,548348,2012,74,45,164.44
CL White,548352,2012,77,53,145.28
CL White,548356,2012,45,24,187.5
CL White,548359,2012,8,14,57.14
CL White,548366,2012,63,40,157.5
CL White,548373,2012,1,4,25.0
CL White,548376,2012,1,5,20.0
CL White,598000,2013,10,18,55.56
CL White,598004,2013,22,14,157.14
CL White,598010,2013,4,8,50.0
CL White,598013,2013,34,31,109.68
CL White,598018,2013,0,1,0.0
CL White,598021,2013,16,23,69.57
CL White,598030,2013,2,3,66.67
CL White,598048,2013,52,34,152.94
CL White,598056,2013,10,8,125.0
CL White,598060,2013,43,23,186.96
CL White,598065,2013,0,1,0.0
CL White,598069,2013,2,4,50.0
CL White,598071,2013,31,28,110.71
CM Gautam,598028,2013,12,8,150.0
CM Gautam,598049,2013,2,3,66.67
CM Gautam,598067,2013,30,23,130.43
CM Gautam,729279,2014,7,7,100.0
CM Gautam,729303,2014,7,4,175.0
CM Gautam,729309,2014,22,18,122.22
CM Gautam,729317,2014,4,5,80.0
CM Gautam,733973,2014,33,29,113.79
CM Gautam,733983,2014,30,27,111.11
CM Gautam,733995,2014,9,8,112.5
CM Gautam,734001,2014,1,3,33.33
CM Gautam,734009,2014,8,9,88.89
CM Gautam,829707,2015,4,5,80.0
CR Brathwaite,980903,2016,6,4,150.0
CR Brathwaite,980951,2016,34,11,309.09
CR Brathwaite,980965,2016,20,8,250.0
CR Brathwaite,980971,2016,12,6,200.0
CR Brathwaite,981003,2016,10,7,142.86
CR Brathwaite,981011,2016,1,2,50.0
CR Brathwaite,1082595,2017,1,5,20.0
CR Brathwaite,1082640,2017,11,10,110.0
CR Brathwaite,1136614,2018,3,4,75.0
CR Brathwaite,1136617,2018,43,29,148.28
CR Brathwaite,1136619,2018,8,4,200.0
CR Brathwaite,1136620,2018,21,11,190.91
CR Brathwaite,1178401,2019,6,7,85.71
CR Brathwaite,1178418,2019,4,2,200.0
CR Woakes,1082597,2017,9,8,112.5
CR Woakes,1082604,2017,1,1,100.0
CR Woakes,1082608,2017,3,5,60.0
CR Woakes,1082617,2017,18,21,85.71
CR Woakes,1082627,2017,6,3,200.0
CR Woakes,1082631,2017,1,3,33.33
CR Woakes,1082639,2017,8,6,133.33
CR Woakes,1136563,2018,5,5,100.0
CR Woakes,1136568,2018,1,2,50.0
CR Woakes,1136571,2018,0,1,0.0
CR Woakes,1136574,2018,11,11,100.0
CR Woakes,1254064,2021,15,11,136.36
CRD Fernando,336028,2008,2,1,200.0
CRD Fernando,419165,2010,2,2,100.0
CV Varun,1216501,2020,1,1,100.0
CV Varun,1216520,2020,2,4,50.0
CV Varun,1216540,2020,7,10,70.0
CV Varun,1254067,2021,2,3,66.67
CV Varun,1254072,2021,0,1,0.0
CV Varun,1304052,2022,10,16,62.5
CV Varun,1304065,2022,1,1,100.0
CV Varun,1304076,2022,1,1,100.0
CV Varun,1359502,2023,1,6,16.67
CV Varun,1359507,2023,0,3,0.0
CV Varun,1473485,2025,1,1,100.0
CV Varun,1527679,2026,0,1,0.0
CV Varun,1529313,2026,5,5,100.0
D Brevis,1304060,2022,29,19,152.63
D Brevis,1304064,2022,8,11,72.73
D Brevis,1304069,2022,49,25,196.0
D Brevis,1304072,2022,31,13,238.46
D Brevis,1304079,2022,4,7,57.14
D Brevis,1304083,2022,3,5,60.0
D Brevis,1304115,2022,37,33,112.12
D Brevis,1422123,2024,46,38,121.05
D Brevis,1422132,2024,0,1,0.0
D Brevis,1426305,2024,23,20,115.0
D Brevis,1473480,2025,42,25,168.0
D Brevis,1473486,2025,32,26,123.08
D Brevis,1473489,2025,0,1,0.0
D Brevis,1473494,2025,52,25,208.0
D Brevis,1473500,2025,42,25,168.0
D Brevis,1473504,2025,57,23,247.83
D Brevis,1529265,2026,41,29,141.38
D Brevis,1529270,2026,0,4,0.0
D Brevis,1529276,2026,21,11,190.91
D Brevis,1529280,2026,2,9,22.22
D Brevis,1529296,2026,10,12,83.33
D Brevis,1529302,2026,25,16,156.25
D Brevis,1529306,2026,44,27,162.96
D Brevis,1529309,2026,8,10,80.0
D Ferreira,1426294,2024,1,3,33.33
D Ferreira,1426303,2024,7,8,87.5
D Ferreira,1473472,2025,1,3,33.33
D Ferreira,1527682,2026,1,3,33.33
D Ferreira,1529264,2026,69,44,156.82
D Ferreira,1529271,2026,7,7,100.0
D Ferreira,1529275,2026,20,19,105.26
D Ferreira,1529279,2026,33,16,206.25
D Ferreira,1529283,2026,52,26,200.0
D Ferreira,1529286,2026,47,14,335.71
D Ferreira,1529295,2026,4,2,200.0
D Ferreira,1529305,2026,0,1,0.0
D Ferreira,1529307,2026,16,10,160.0
D Ferreira,1529312,2026,18,15,120.0
D Ferreira,1535463,2026,12,9,133.33
D Ferreira,1535464,2026,38,11,345.45
D Kalyankrishna,335999,2008,3,8,37.5
D Padikkal,1216494,2020,25,17,147.06
D Padikkal,1216499,2020,74,45,164.44
D Padikkal,1216502,2020,5,8,62.5
D Padikkal,1216505,2020,50,41,121.95
D Padikkal,1216510,2020,1,2,50.0
D Padikkal,1216514,2020,63,45,140.0
D Padikkal,1216519,2020,4,6,66.67
D Padikkal,1216522,2020,34,36,94.44
D Padikkal,1216525,2020,33,34,97.06
D Padikkal,1216531,2020,18,12,150.0
D Padikkal,1216534,2020,56,42,133.33
D Padikkal,1216540,2020,32,23,139.13
D Padikkal,1216544,2020,22,21,104.76
D Padikkal,1216547,2020,54,40,135.0
D Padikkal,1237178,2020,1,6,16.67
D Padikkal,1254063,2021,11,13,84.62
D Padikkal,1254067,2021,24,27,88.89
D Padikkal,1254073,2021,101,52,194.23
D Padikkal,1254076,2021,34,15,226.67
D Padikkal,1254079,2021,17,14,121.43
D Padikkal,1254083,2021,7,6,116.67
D Padikkal,1254087,2021,22,20,110.0
D Padikkal,1254090,2021,40,38,105.26
D Padikkal,1254095,2021,41,52,78.85
D Padikkal,1254101,2021,0,1,0.0
D Padikkal,1254103,2021,22,17,129.41
D Padikkal,1254108,2021,0,4,0.0
D Padikkal,1254113,2021,70,50,140.0
D Padikkal,1254115,2021,21,18,116.67
D Padikkal,1304051,2022,41,29,141.38
D Padikkal,1304055,2022,7,7,100.0
D Padikkal,1304059,2022,37,29,127.59
D Padikkal,1304066,2022,29,29,100.0
D Padikkal,1304070,2022,0,1,0.0
D Padikkal,1304076,2022,24,18,133.33
D Padikkal,1304080,2022,54,35,154.29
D Padikkal,1304085,2022,7,7,100.0
D Padikkal,1304090,2022,14,14,100.0
D Padikkal,1304093,2022,2,5,40.0
D Padikkal,1304098,2022,31,32,96.88
D Padikkal,1304104,2022,48,30,160.0
D Padikkal,1304109,2022,39,18,216.67
D Padikkal,1304114,2022,3,9,33.33
D Padikkal,1312197,2022,28,20,140.0
D Padikkal,1312199,2022,9,12,75.0
D Padikkal,1312200,2022,2,10,20.0
D Padikkal,1359478,2023,2,5,40.0
D Padikkal,1359482,2023,21,26,80.77
D Padikkal,1359491,2023,38,26,146.15
D Padikkal,1359497,2023,26,25,104.0
D Padikkal,1359500,2023,26,21,123.81
D Padikkal,1359506,2023,52,34,152.94
D Padikkal,1359511,2023,27,13,207.69
D Padikkal,1359516,2023,2,4,50.0
D Padikkal,1359522,2023,12,12,100.0
D Padikkal,1359534,2023,4,4,100.0
D Padikkal,1359540,2023,51,30,170.0
D Padikkal,1422122,2024,0,3,0.0
D Padikkal,1422129,2024,9,6,150.0
D Padikkal,1422133,2024,6,11,54.55
D Padikkal,1422139,2024,7,7,100.0
D Padikkal,1426264,2024,3,6,50.0
D Padikkal,1426277,2024,12,18,66.67
D Padikkal,1426305,2024,0,1,0.0
D Padikkal,1473438,2025,10,10,100.0
D Padikkal,1473445,2025,27,14,192.86
D Padikkal,1473451,2025,4,3,133.33
D Padikkal,1473458,2025,37,22,168.18
D Padikkal,1473461,2025,1,8,12.5
D Padikkal,1473465,2025,40,27,148.15
D Padikkal,1473474,2025,61,35,174.29
D Padikkal,1473479,2025,50,27,185.19
D Padikkal,1473483,2025,0,2,0.0
D Padikkal,1473489,2025,17,15,113.33
D Padikkal,1527674,2026,61,26,234.62
D Padikkal,1527684,2026,50,29,172.41
D Padikkal,1527689,2026,14,7,200.0
D Padikkal,1529266,2026,10,11,90.91
D Padikkal,1529269,2026,18,13,138.46
D Padikkal,1529277,2026,55,27,203.7
D Padikkal,1529282,2026,34,13,261.54
D Padikkal,1529285,2026,40,24,166.67
D Padikkal,1529293,2026,34,25,136.0
D Padikkal,1529297,2026,12,11,109.09
D Padikkal,1529300,2026,39,27,144.44
D Padikkal,1529304,2026,45,25,180.0
D Padikkal,1529310,2026,21,14,150.0
D Padikkal,1535462,2026,30,19,157.89
D Padikkal,1535465,2026,1,4,25.0
D Pretorius,1304053,2022,0,1,0.0
D Pretorius,1304057,2022,8,4,200.0
D Pretorius,1304079,2022,22,14,157.14
D Pretorius,1304084,2022,1,1,100.0
D Pretorius,1304095,2022,13,8,162.5
D Salunkhe,335984,2008,26,20,130.0
D Salunkhe,335990,2008,1,1,100.0
D Salunkhe,336019,2008,6,3,200.0
D Wiese,829737,2015,47,25,188.0
D Wiese,829745,2015,22,20,110.0
D Wiese,829763,2015,11,8,137.5
D Wiese,829771,2015,9,7,128.57
D Wiese,829779,2015,17,14,121.43
D Wiese,829803,2015,3,4,75.0
D Wiese,829821,2015,12,7,171.43
D Wiese,980921,2016,5,4,125.0
D Wiese,1359507,2023,1,2,50.0
D Wiese,1359510,2023,12,3,400.0
D Wiese,1359513,2023,8,6,133.33
D du Preez,392213,2009,10,13,76.92
DA Miller,548331,2012,8,13,61.54
DA Miller,548334,2012,5,5,100.0
DA Miller,548339,2012,34,17,200.0
DA Miller,548343,2012,19,15,126.67
DA Miller,548359,2012,28,18,155.56
DA Miller,548369,2012,4,7,57.14
DA Miller,598016,2013,20,17,117.65
DA Miller,598025,2013,80,41,195.12
DA Miller,598028,2013,44,24,183.33
DA Miller,598031,2013,10,8,125.0
DA Miller,598037,2013,56,34,164.71
DA Miller,598041,2013,51,26,196.15
DA Miller,598045,2013,2,4,50.0
DA Miller,598052,2013,8,11,72.73
DA Miller,598056,2013,6,7,85.71
DA Miller,598059,2013,34,39,87.18
DA Miller,598064,2013,100,37,270.27
DA Miller,598066,2013,6,5,120.0
DA Miller,729283,2014,54,37,145.95
DA Miller,729291,2014,51,19,268.42
DA Miller,729295,2014,10,10,100.0
DA Miller,729307,2014,14,10,140.0
DA Miller,729313,2014,26,20,130.0
DA Miller,733973,2014,16,12,133.33
DA Miller,733987,2014,47,32,146.88
DA Miller,733991,2014,66,29,227.59
DA Miller,733997,2014,13,14,92.86
DA Miller,734007,2014,24,24,100.0
DA Miller,734019,2014,2,6,33.33
DA Miller,734033,2014,29,20,145.0
DA Miller,734039,2014,47,34,138.24
DA Miller,734043,2014,8,12,66.67
DA Miller,734047,2014,38,19,200.0
DA Miller,734049,2014,1,1,100.0
DA Miller,829709,2015,23,21,109.52
DA Miller,829717,2015,24,23,104.35
DA Miller,829725,2015,5,7,71.43
DA Miller,829741,2015,54,31,174.19
DA Miller,829753,2015,3,9,33.33
DA Miller,829759,2015,15,14,107.14
DA Miller,829767,2015,42,41,102.44
DA Miller,829775,2015,43,37,116.22
DA Miller,829785,2015,7,10,70.0
DA Miller,829791,2015,27,11,245.45
DA Miller,829799,2015,89,44,202.27
DA Miller,829803,2015,14,4,350.0
DA Miller,829809,2015,11,15,73.33
DA Miller,980905,2016,15,10,150.0
DA Miller,980913,2016,9,9,100.0
DA Miller,980919,2016,7,6,116.67
DA Miller,980925,2016,6,6,100.0
DA Miller,980935,2016,9,11,81.82
DA Miller,980941,2016,26,16,162.5
DA Miller,980955,2016,31,27,114.81
DA Miller,980963,2016,13,18,72.22
DA Miller,980971,2016,11,6,183.33
DA Miller,980977,2016,0,1,0.0
DA Miller,980991,2016,20,9,222.22
DA Miller,980999,2016,3,6,50.0
DA Miller,981005,2016,7,5,140.0
DA Miller,1082594,2017,30,27,111.11
DA Miller,1082601,2017,22,17,129.41
DA Miller,1082605,2017,24,28,85.71
DA Miller,1082609,2017,1,6,16.67
DA Miller,1136562,2018,24,23,104.35
DA Miller,1136582,2018,26,19,136.84
DA Miller,1136616,2018,24,21,114.29
DA Miller,1175361,2019,59,40,147.5
DA Miller,1175364,2019,15,10,150.0
DA Miller,1175368,2019,43,30,143.33
DA Miller,1178393,2019,6,5,120.0
DA Miller,1178397,2019,1,3,33.33
DA Miller,1178399,2019,7,8,87.5
DA Miller,1178407,2019,40,27,148.15
DA Miller,1178412,2019,7,5,140.0
DA Miller,1178417,2019,24,25,96.0
DA Miller,1178423,2019,11,11,100.0
DA Miller,1254064,2021,62,43,144.19
DA Miller,1254069,2021,2,5,40.0
DA Miller,1254073,2021,0,2,0.0
DA Miller,1254075,2021,24,23,104.35
DA Miller,1254081,2021,7,4,175.0
DA Miller,1254085,2021,7,3,233.33
DA Miller,1254093,2021,15,23,65.22
DA Miller,1254097,2021,7,10,70.0
DA Miller,1304050,2022,30,21,142.86
DA Miller,1304056,2022,20,15,133.33
DA Miller,1304062,2022,6,4,150.0
DA Miller,1304067,2022,12,15,80.0
DA Miller,1304070,2022,31,14,221.43
DA Miller,1304075,2022,94,50,188.0
DA Miller,1304081,2022,27,20,135.0
DA Miller,1304086,2022,17,19,89.47
DA Miller,1304089,2022,39,24,162.5
DA Miller,1304094,2022,11,14,78.57
DA Miller,1304097,2022,19,14,135.71
DA Miller,1304103,2022,26,24,108.33
DA Miller,1304108,2022,15,20,75.0
DA Miller,1304113,2022,34,25,136.0
DA Miller,1312197,2022,68,37,183.78
DA Miller,1312200,2022,32,19,168.42
DA Miller,1359481,2023,31,16,193.75
DA Miller,1359487,2023,2,3,66.67
DA Miller,1359492,2023,17,18,94.44
DA Miller,1359497,2023,46,30,153.33
DA Miller,1359504,2023,6,12,50.0
DA Miller,1359509,2023,46,22,209.09
DA Miller,1359513,2023,32,18,177.78
DA Miller,1359518,2023,0,3,0.0
DA Miller,1359525,2023,21,12,175.0
DA Miller,1359531,2023,41,26,157.69
DA Miller,1359536,2023,7,5,140.0
DA Miller,1359544,2023,6,7,85.71
DA Miller,1370350,2023,4,6,66.67
DA Miller,1422123,2024,12,11,109.09
DA Miller,1422125,2024,21,16,131.25
DA Miller,1422130,2024,44,27,162.96
DA Miller,1426270,2024,2,6,33.33
DA Miller,1426275,2024,4,6,66.67
DA Miller,1426278,2024,55,23,239.13
DA Miller,1426283,2024,26,19,136.84
DA Miller,1426290,2024,30,20,150.0
DA Miller,1426297,2024,16,11,145.45
DA Miller,1473441,2025,23,18,127.78
DA Miller,1473444,2025,13,7,185.71
DA Miller,1473450,2025,19,18,105.56
DA Miller,1473453,2025,27,14,192.86
DA Miller,1473456,2025,4,4,100.0
DA Miller,1473463,2025,7,11,63.64
DA Miller,1473473,2025,7,8,87.5
DA Miller,1473477,2025,14,15,93.33
DA Miller,1473482,2025,24,16,150.0
DA Miller,1473491,2025,11,8,137.5
DA Miller,1527681,2026,21,18,116.67
DA Miller,1527687,2026,41,20,205.0
DA Miller,1527691,2026,17,14,121.43
DA Miller,1529269,2026,22,10,220.0
DA Miller,1529274,2026,0,1,0.0
DA Miller,1529278,2026,3,3,100.0
DA Miller,1529282,2026,19,18,105.56
DA Miller,1529298,2026,51,28,182.14
DA Miller,1529305,2026,9,6,150.0
DA Miller,1529313,2026,28,19,147.37
DA Payne,1527674,2026,6,5,120.0
DA Warner,392206,2009,51,40,127.5
DA Warner,392211,2009,36,23,156.52
DA Warner,392215,2009,21,30,70.0
DA Warner,392219,2009,36,23,156.52
DA Warner,392223,2009,4,6,66.67
DA Warner,392235,2009,15,9,166.67
DA Warner,392237,2009,0,1,0.0
DA Warner,419116,2010,6,8,75.0
DA Warner,419120,2010,57,33,172.73
DA Warner,419128,2010,33,14,235.71
DA Warner,419131,2010,101,68,148.53
DA Warner,419134,2010,4,8,50.0
DA Warner,419140,2010,33,21,157.14
DA Warner,419144,2010,0,5,0.0
DA Warner,419149,2010,6,11,54.55
DA Warner,419152,2010,31,15,206.67
DA Warner,419155,2010,0,2,0.0
DA Warner,419160,2010,5,4,125.0
DA Warner,501201,2011,1,3,33.33
DA Warner,501204,2011,54,44,122.73
DA Warner,501213,2011,46,28,164.29
DA Warner,501216,2011,51,48,106.25
DA Warner,501223,2011,77,48,160.42
DA Warner,501227,2011,7,11,63.64
DA Warner,501230,2011,2,6,33.33
DA Warner,501233,2011,3,7,42.86
DA Warner,501238,2011,13,14,92.86
DA Warner,501246,2011,1,2,50.0
DA Warner,501253,2011,21,25,84.0
DA Warner,501257,2011,29,29,100.0
DA Warner,501265,2011,19,10,190.0
DA Warner,548329,2012,105,53,198.11
DA Warner,548357,2012,21,19,110.53
DA Warner,548364,2012,8,9,88.89
DA Warner,548369,2012,14,8,175.0
DA Warner,548372,2012,15,9,166.67
DA Warner,548374,2012,79,44,179.55
DA Warner,548378,2012,7,6,116.67
DA Warner,548380,2012,3,7,42.86
DA Warner,597998,2013,21,19,110.53
DA Warner,598001,2013,77,56,137.5
DA Warner,598006,2013,61,37,164.86
DA Warner,598010,2013,0,4,0.0
DA Warner,598017,2013,15,14,107.14
DA Warner,598020,2013,1,4,25.0
DA Warner,598024,2013,7,5,140.0
DA Warner,598028,2013,0,1,0.0
DA Warner,598035,2013,51,25,204.0
DA Warner,598040,2013,66,42,157.14
DA Warner,598044,2013,8,15,53.33
DA Warner,598049,2013,13,18,72.22
DA Warner,598054,2013,4,6,66.67
DA Warner,598059,2013,40,36,111.11
DA Warner,598062,2013,44,37,118.92
DA Warner,598067,2013,2,5,40.0
DA Warner,729285,2014,32,35,91.43
DA Warner,729295,2014,8,11,72.73
DA Warner,729301,2014,58,45,128.89
DA Warner,729311,2014,0,2,0.0
DA Warner,729317,2014,65,50,130.0
DA Warner,733977,2014,61,48,127.08
DA Warner,733989,2014,6,7,85.71
DA Warner,733993,2014,12,9,133.33
DA Warner,734001,2014,55,31,177.42
DA Warner,734007,2014,44,23,191.3
DA Warner,734015,2014,34,18,188.89
DA Warner,734021,2014,59,46,128.26
DA Warner,734029,2014,90,44,204.55
DA Warner,734037,2014,4,2,200.0
DA Warner,829711,2015,53,42,126.19
DA Warner,829719,2015,57,27,211.11
DA Warner,829727,2015,21,14,150.0
DA Warner,829731,2015,28,20,140.0
DA Warner,829743,2015,91,55,165.45
DA Warner,829751,2015,9,7,128.57
DA Warner,829759,2015,58,41,141.46
DA Warner,829773,2015,55,27,203.7
DA Warner,829781,2015,4,3,133.33
DA Warner,829787,2015,24,18,133.33
DA Warner,829793,2015,17,15,113.33
DA Warner,829799,2015,80,51,156.86
DA Warner,829807,2015,51,31,164.52
DA Warner,829815,2015,6,5,120.0
DA Warner,980907,2016,58,25,232.0
DA Warner,980915,2016,13,11,118.18
DA Warner,980923,2016,90,59,152.54
DA Warner,980929,2016,74,48,154.17
DA Warner,980935,2016,59,31,190.32
DA Warner,980943,2016,0,4,0.0
DA Warner,980953,2016,88,49,179.59
DA Warner,980967,2016,24,17,141.18
DA Warner,980973,2016,48,33,145.45
DA Warner,980979,2016,11,14,78.57
DA Warner,980983,2016,46,30,153.33
DA Warner,980991,2016,52,41,126.83
DA Warner,981003,2016,73,56,130.36
DA Warner,981009,2016,18,16,112.5
DA Warner,981015,2016,28,28,100.0
DA Warner,981017,2016,93,58,160.34
DA Warner,981019,2016,69,38,181.58
DA Warner,1082591,2017,14,7,200.0
DA Warner,1082596,2017,76,45,168.89
DA Warner,1082600,2017,49,34,144.12
DA Warner,1082604,2017,26,30,86.67
DA Warner,1082609,2017,70,54,129.63
DA Warner,1082611,2017,3,6,50.0
DA Warner,1082615,2017,37,39,94.87
DA Warner,1082623,2017,51,27,188.89
DA Warner,1082627,2017,126,59,213.56
DA Warner,1082630,2017,30,21,142.86
DA Warner,1082634,2017,40,34,117.65
DA Warner,1082638,2017,6,6,100.0
DA Warner,1082643,2017,69,52,132.69
DA Warner,1082648,2017,37,35,105.71
DA Warner,1175357,2019,85,53,160.38
DA Warner,1175363,2019,69,37,186.49
DA Warner,1175366,2019,100,55,181.82
DA Warner,1175371,2019,10,18,55.56
DA Warner,1178394,2019,15,13,115.38
DA Warner,1178397,2019,70,62,112.9
DA Warner,1178405,2019,51,47,108.51
DA Warner,1178408,2019,50,25,200.0
DA Warner,1178413,2019,67,38,176.32
DA Warner,1178416,2019,57,45,126.67
DA Warner,1178420,2019,37,32,115.62
DA Warner,1178423,2019,81,56,144.64
DA Warner,1216495,2020,85,58,146.55
DA Warner,1216498,2020,35,20,175.0
DA Warner,1216502,2020,8,5,160.0
DA Warner,1216507,2020,48,38,126.32
DA Warner,1216512,2020,47,34,138.24
DA Warner,1216516,2020,28,29,96.55
DA Warner,1216518,2020,4,4,100.0
DA Warner,1216524,2020,66,34,194.12
DA Warner,1216528,2020,9,13,69.23
DA Warner,1216532,2020,45,33,136.36
DA Warner,1216534,2020,6,6,100.0
DA Warner,1216538,2020,60,44,136.36
DA Warner,1216542,2020,51,39,130.77
DA Warner,1216545,2020,36,30,120.0
DA Warner,1237178,2020,17,16,106.25
DA Warner,1237180,2020,2,3,66.67
DA Warner,1254060,2021,3,4,75.0
DA Warner,1254063,2021,54,37,145.95
DA Warner,1254066,2021,36,34,105.88
DA Warner,1254071,2021,37,37,100.0
DA Warner,1254077,2021,8,11,72.73
DA Warner,1254080,2021,57,55,103.64
DA Warner,1254105,2021,0,3,0.0
DA Warner,1254107,2021,2,3,66.67
DA Warner,1304061,2022,4,12,33.33
DA Warner,1304065,2022,61,44,138.64
DA Warner,1304073,2022,66,38,173.68
DA Warner,1304078,2022,60,30,200.0
DA Warner,1304080,2022,28,14,200.0
DA Warner,1304087,2022,42,26,161.54
DA Warner,1304091,2022,3,4,75.0
DA Warner,1304096,2022,92,58,158.62
DA Warner,1304101,2022,19,12,158.33
DA Warner,1304104,2022,52,41,126.83
DA Warner,1304110,2022,0,1,0.0
DA Warner,1304115,2022,5,6,83.33
DA Warner,1359477,2023,56,48,116.67
DA Warner,1359481,2023,37,32,115.62
DA Warner,1359485,2023,65,54,120.37
DA Warner,1359490,2023,51,47,108.51
DA Warner,1359494,2023,19,13,146.15
DA Warner,1359502,2023,57,41,139.02
DA Warner,1359508,2023,21,20,105.0
DA Warner,1359514,2023,0,2,0.0
DA Warner,1359518,2023,2,2,100.0
DA Warner,1359524,2023,22,14,157.14
DA Warner,1359529,2023,0,2,0.0
DA Warner,1359533,2023,54,27,200.0
DA Warner,1359538,2023,46,31,148.39
DA Warner,1359541,2023,86,58,148.28
DA Warner,1422120,2024,29,21,138.1
DA Warner,1422127,2024,49,34,144.12
DA Warner,1422131,2024,52,35,148.57
DA Warner,1422134,2024,18,13,138.46
DA Warner,1422138,2024,10,8,125.0
DA Warner,1426264,2024,8,9,88.89
DA Warner,1426273,2024,1,3,33.33
DA Warner,1426300,2024,1,2,50.0
DAJ Bracewell,548310,2012,12,9,133.33
DB Das,335997,2008,29,20,145.0
DB Das,336000,2008,11,13,84.62
DB Das,336003,2008,5,8,62.5
DB Das,336025,2008,27,32,84.38
DB Das,336027,2008,31,20,155.0
DB Das,336035,2008,0,1,0.0
DB Das,548307,2012,18,9,200.0
DB Das,548312,2012,12,14,85.71
DB Das,548323,2012,35,23,152.17
DB Das,548335,2012,9,8,112.5
DB Das,548347,2012,11,4,275.0
DB Das,548353,2012,15,17,88.24
DB Das,548357,2012,1,3,33.33
DB Das,548363,2012,4,1,400.0
DB Das,548368,2012,19,10,190.0
DB Das,548370,2012,2,3,66.67
DB Das,598016,2013,1,3,33.33
DB Das,598022,2013,19,15,126.67
DB Das,598029,2013,6,7,85.71
DB Das,598040,2013,18,26,69.23
DB Das,598050,2013,23,17,135.29
DB Das,598061,2013,8,6,133.33
DB Ravi Teja,336002,2008,7,7,100.0
DB Ravi Teja,336011,2008,6,8,75.0
DB Ravi Teja,336014,2008,10,7,142.86
DB Ravi Teja,336020,2008,9,5,180.0
DB Ravi Teja,336024,2008,36,26,138.46
DB Ravi Teja,336037,2008,40,28,142.86
DB Ravi Teja,392188,2009,8,5,160.0
DB Ravi Teja,392192,2009,9,9,100.0
DB Ravi Teja,392212,2009,4,4,100.0
DB Ravi Teja,392220,2009,7,3,233.33
DB Ravi Teja,392223,2009,27,34,79.41
DB Ravi Teja,392229,2009,10,15,66.67
DB Ravi Teja,501199,2011,28,20,140.0
DB Ravi Teja,501203,2011,14,10,140.0
DB Ravi Teja,501212,2011,10,6,166.67
DB Ravi Teja,501224,2011,1,4,25.0
DB Ravi Teja,501229,2011,8,5,160.0
DB Ravi Teja,501239,2011,29,21,138.1
DB Ravi Teja,501243,2011,2,9,22.22
DB Ravi Teja,501250,2011,30,27,111.11
DB Ravi Teja,501264,2011,60,41,146.34
DB Ravi Teja,548311,2012,0,2,0.0
DB Ravi Teja,548314,2012,4,2,200.0
DB Ravi Teja,598000,2013,4,4,100.0
DB Ravi Teja,598013,2013,10,13,76.92
DE Bollinger,419147,2010,2,3,66.67
DE Bollinger,419155,2010,16,13,123.08
DE Bollinger,501221,2011,0,1,0.0
DE Bollinger,548306,2012,3,5,60.0
DG Nalkande,1370350,2023,0,1,0.0
DG Nalkande,1422139,2024,12,11,109.09
DH Yagnik,501220,2011,10,9,111.11
DH Yagnik,501240,2011,1,1,100.0
DH Yagnik,501249,2011,3,7,42.86
DH Yagnik,501252,2011,1,4,25.0
DH Yagnik,548326,2012,9,3,300.0
DH Yagnik,548361,2012,10,7,142.86
DH Yagnik,548377,2012,6,3,200.0
DH Yagnik,598005,2013,16,11,145.45
DH Yagnik,598009,2013,12,8,150.0
DH Yagnik,598019,2013,33,22,150.0
DH Yagnik,598023,2013,5,4,125.0
DH Yagnik,598026,2013,7,8,87.5
DH Yagnik,598043,2013,10,6,166.67
DH Yagnik,598063,2013,10,14,71.43
DH Yagnik,598071,2013,0,4,0.0
DH Yagnik,598072,2013,31,16,193.75
DH Yagnik,734003,2014,4,6,66.67
DJ Bravo,335989,2008,24,16,150.0
DJ Bravo,335991,2008,23,21,109.52
DJ Bravo,335994,2008,33,17,194.12
DJ Bravo,335997,2008,64,52,123.08
DJ Bravo,336004,2008,2,4,50.0
DJ Bravo,336008,2008,1,5,20.0
DJ Bravo,336024,2008,28,16,175.0
DJ Bravo,392181,2009,5,4,125.0
DJ Bravo,392192,2009,21,18,116.67
DJ Bravo,392197,2009,3,5,60.0
DJ Bravo,392200,2009,15,20,75.0
DJ Bravo,392208,2009,50,40,125.0
DJ Bravo,392212,2009,13,16,81.25
DJ Bravo,392215,2009,34,29,117.24
DJ Bravo,392222,2009,70,58,120.69
DJ Bravo,392225,2009,1,3,33.33
DJ Bravo,392227,2009,5,8,62.5
DJ Bravo,419114,2010,9,4,225.0
DJ Bravo,419119,2010,1,2,50.0
DJ Bravo,419125,2010,11,7,157.14
DJ Bravo,419130,2010,23,16,143.75
DJ Bravo,419132,2010,8,4,200.0
DJ Bravo,419138,2010,2,8,25.0
DJ Bravo,419142,2010,2,3,66.67
DJ Bravo,419161,2010,5,9,55.56
DJ Bravo,501266,2011,5,5,100.0
DJ Bravo,501271,2011,6,1,600.0
DJ Bravo,548306,2012,19,19,100.0
DJ Bravo,548311,2012,43,17,252.94
DJ Bravo,548316,2012,22,31,70.97
DJ Bravo,548318,2012,21,14,150.0
DJ Bravo,548322,2012,5,2,250.0
DJ Bravo,548330,2012,12,8,150.0
DJ Bravo,548332,2012,16,10,160.0
DJ Bravo,548343,2012,30,21,142.86
DJ Bravo,548347,2012,12,12,100.0
DJ Bravo,548352,2012,12,4,300.0
DJ Bravo,548355,2012,40,33,121.21
DJ Bravo,548361,2012,10,15,66.67
DJ Bravo,548368,2012,11,7,157.14
DJ Bravo,548371,2012,48,43,111.63
DJ Bravo,548379,2012,33,14,235.71
DJ Bravo,548380,2012,33,12,275.0
DJ Bravo,598002,2013,10,17,58.82
DJ Bravo,598012,2013,8,3,266.67
DJ Bravo,598015,2013,1,4,25.0
DJ Bravo,598020,2013,3,2,150.0
DJ Bravo,598022,2013,7,4,175.0
DJ Bravo,598026,2013,15,9,166.67
DJ Bravo,598030,2013,7,16,43.75
DJ Bravo,598046,2013,9,7,128.57
DJ Bravo,598058,2013,23,11,209.09
DJ Bravo,598062,2013,12,8,150.0
DJ Bravo,598068,2013,11,9,122.22
DJ Bravo,598073,2013,15,16,93.75
DJ Bravo,729283,2014,8,3,266.67
DJ Bravo,829707,2015,1,3,33.33
DJ Bravo,829723,2015,30,32,93.75
DJ Bravo,829729,2015,13,5,260.0
DJ Bravo,829735,2015,62,36,172.22
DJ Bravo,829745,2015,5,4,125.0
DJ Bravo,829765,2015,5,7,71.43
DJ Bravo,829773,2015,25,20,125.0
DJ Bravo,829779,2015,2,3,66.67
DJ Bravo,829797,2015,15,8,187.5
DJ Bravo,829801,2015,8,8,100.0
DJ Bravo,829817,2015,20,15,133.33
DJ Bravo,829821,2015,0,1,0.0
DJ Bravo,829823,2015,9,6,150.0
DJ Bravo,980905,2016,2,2,100.0
DJ Bravo,980911,2016,22,10,220.0
DJ Bravo,980917,2016,2,6,33.33
DJ Bravo,980929,2016,8,12,66.67
DJ Bravo,980937,2016,4,1,400.0
DJ Bravo,980945,2016,7,6,116.67
DJ Bravo,980949,2016,7,6,116.67
DJ Bravo,980955,2016,0,1,0.0
DJ Bravo,980967,2016,18,20,90.0
DJ Bravo,980987,2016,1,2,50.0
DJ Bravo,981013,2016,8,6,133.33
DJ Bravo,981017,2016,20,10,200.0
DJ Bravo,1136561,2018,68,30,226.67
DJ Bravo,1136565,2018,5,4,125.0
DJ Bravo,1136572,2018,1,1,100.0
DJ Bravo,1136577,2018,24,16,150.0
DJ Bravo,1136584,2018,14,7,200.0
DJ Bravo,1136587,2018,0,1,0.0
DJ Bravo,1136595,2018,14,17,82.35
DJ Bravo,1136603,2018,1,1,100.0
DJ Bravo,1136612,2018,1,2,50.0
DJ Bravo,1136617,2018,7,11,63.64
DJ Bravo,1175360,2019,4,3,133.33
DJ Bravo,1175367,2019,27,16,168.75
DJ Bravo,1175370,2019,8,9,88.89
DJ Bravo,1178414,2019,5,4,125.0
DJ Bravo,1178419,2019,20,17,117.65
DJ Bravo,1178430,2019,1,1,100.0
DJ Bravo,1181767,2019,0,1,0.0
DJ Bravo,1181768,2019,15,15,100.0
DJ Bravo,1216525,2020,7,5,140.0
DJ Bravo,1216528,2020,0,1,0.0
DJ Bravo,1254069,2021,20,8,250.0
DJ Bravo,1254094,2021,4,2,200.0
DJ Bravo,1254104,2021,23,8,287.5
DJ Bravo,1304053,2022,1,1,100.0
DJ Bravo,1304057,2022,0,1,0.0
DJ Bravo,1304063,2022,8,5,160.0
DJ Bravo,1304079,2022,1,1,100.0
DJ Bravo,1304101,2022,1,1,100.0
DJ Bravo,1304105,2022,12,15,80.0
DJ Harris,548311,2012,15,14,107.14
DJ Harris,548329,2012,19,17,111.76
DJ Harris,548356,2012,47,41,114.63
DJ Harris,548359,2012,30,29,103.45
DJ Hooda,829709,2015,30,15,200.0
DJ Hooda,829715,2015,54,25,216.0
DJ Hooda,829721,2015,13,4,325.0
DJ Hooda,829741,2015,19,9,211.11
DJ Hooda,829749,2015,1,3,33.33
DJ Hooda,829769,2015,1,2,50.0
DJ Hooda,829787,2015,7,9,77.78
DJ Hooda,829797,2015,15,14,107.14
DJ Hooda,829819,2015,11,14,78.57
DJ Hooda,980907,2016,6,6,100.0
DJ Hooda,980915,2016,6,11,54.55
DJ Hooda,980923,2016,17,9,188.89
DJ Hooda,980935,2016,5,5,100.0
DJ Hooda,980943,2016,1,9,11.11
DJ Hooda,980953,2016,2,2,100.0
DJ Hooda,980967,2016,18,12,150.0
DJ Hooda,980979,2016,14,5,280.0
DJ Hooda,980983,2016,6,8,75.0
DJ Hooda,980991,2016,32,21,152.38
DJ Hooda,981003,2016,1,1,100.0
DJ Hooda,981009,2016,2,2,100.0
DJ Hooda,981015,2016,21,13,161.54
DJ Hooda,981017,2016,4,9,44.44
DJ Hooda,981019,2016,3,6,50.0
DJ Hooda,1082591,2017,16,12,133.33
DJ Hooda,1082600,2017,9,9,100.0
DJ Hooda,1082604,2017,13,7,185.71
DJ Hooda,1082609,2017,12,10,120.0
DJ Hooda,1082611,2017,9,4,225.0
DJ Hooda,1082615,2017,19,10,190.0
DJ Hooda,1136567,2018,32,25,128.0
DJ Hooda,1136570,2018,5,9,55.56
DJ Hooda,1136576,2018,5,5,100.0
DJ Hooda,1136580,2018,1,7,14.29
DJ Hooda,1136606,2018,21,11,190.91
DJ Hooda,1136611,2018,1,1,100.0
DJ Hooda,1136619,2018,19,19,100.0
DJ Hooda,1136620,2018,3,4,75.0
DJ Hooda,1175371,2019,10,11,90.91
DJ Hooda,1178394,2019,20,24,83.33
DJ Hooda,1178397,2019,14,3,466.67
DJ Hooda,1178405,2019,3,4,75.0
DJ Hooda,1178408,2019,13,16,81.25
DJ Hooda,1178420,2019,0,1,0.0
DJ Hooda,1181766,2019,4,4,100.0
DJ Hooda,1216498,2020,0,2,0.0
DJ Hooda,1216506,2020,62,30,206.67
DJ Hooda,1216517,2020,24,17,141.18
DJ Hooda,1216537,2020,1,1,100.0
DJ Hooda,1216546,2020,15,22,68.18
DJ Hooda,1254061,2021,60,27,222.22
DJ Hooda,1254065,2021,10,15,66.67
DJ Hooda,1254068,2021,21,12,175.0
DJ Hooda,1254071,2021,13,11,118.18
DJ Hooda,1254078,2021,1,4,25.0
DJ Hooda,1254083,2021,5,9,55.56
DJ Hooda,1254086,2021,1,1,100.0
DJ Hooda,1254099,2021,28,26,107.69
DJ Hooda,1254102,2021,3,4,75.0
DJ Hooda,1254107,2021,13,10,130.0
DJ Hooda,1254111,2021,0,2,0.0
DJ Hooda,1304050,2022,55,41,134.15
DJ Hooda,1304053,2022,13,8,162.5
DJ Hooda,1304058,2022,51,33,154.55
DJ Hooda,1304061,2022,11,12,91.67
DJ Hooda,1304066,2022,25,24,104.17
DJ Hooda,1304072,2022,15,8,187.5
DJ Hooda,1304077,2022,13,14,92.86
DJ Hooda,1304083,2022,10,9,111.11
DJ Hooda,1304088,2022,34,28,121.43
DJ Hooda,1304091,2022,52,34,152.94
DJ Hooda,1304099,2022,41,27,151.85
DJ Hooda,1304103,2022,27,26,103.85
DJ Hooda,1304109,2022,59,39,151.28
DJ Hooda,1312198,2022,45,26,173.08
DJ Hooda,1359477,2023,17,18,94.44
DJ Hooda,1359480,2023,2,6,33.33
DJ Hooda,1359484,2023,7,8,87.5
DJ Hooda,1359489,2023,9,10,90.0
DJ Hooda,1359495,2023,2,3,66.67
DJ Hooda,1359500,2023,2,4,50.0
DJ Hooda,1359504,2023,2,2,100.0
DJ Hooda,1359512,2023,11,6,183.33
DJ Hooda,1359517,2023,1,2,50.0
DJ Hooda,1359525,2023,11,11,100.0
DJ Hooda,1359537,2023,5,7,71.43
DJ Hooda,1370351,2023,15,13,115.38
DJ Hooda,1422122,2024,26,13,200.0
DJ Hooda,1426264,2024,10,13,76.92
DJ Hooda,1426266,2024,8,10,80.0
DJ Hooda,1426277,2024,17,6,283.33
DJ Hooda,1426282,2024,50,31,161.29
DJ Hooda,1426286,2024,18,18,100.0
DJ Hooda,1426292,2024,5,3,166.67
DJ Hooda,1426302,2024,0,2,0.0
DJ Hooda,1426305,2024,11,9,122.22
DJ Hooda,1473440,2025,3,5,60.0
DJ Hooda,1473445,2025,4,9,44.44
DJ Hooda,1473462,2025,0,4,0.0
DJ Hooda,1473480,2025,16,20,80.0
DJ Hooda,1473486,2025,2,2,100.0
DJ Hussey,335982,2008,12,12,100.0
DJ Hussey,335986,2008,38,43,88.37
DJ Hussey,335993,2008,0,2,0.0
DJ Hussey,335997,2008,17,20,85.0
DJ Hussey,336000,2008,42,30,140.0
DJ Hussey,336003,2008,71,46,154.35
DJ Hussey,336010,2008,26,12,216.67
DJ Hussey,336014,2008,56,28,200.0
DJ Hussey,336017,2008,31,31,100.0
DJ Hussey,336021,2008,2,7,28.57
DJ Hussey,336025,2008,0,1,0.0
DJ Hussey,336027,2008,11,15,73.33
DJ Hussey,336035,2008,12,11,109.09
DJ Hussey,392221,2009,43,27,159.26
DJ Hussey,392228,2009,38,15,253.33
DJ Hussey,392231,2009,3,2,150.0
DJ Hussey,392233,2009,9,13,69.23
DJ Hussey,419127,2010,3,5,60.0
DJ Hussey,419131,2010,29,32,90.62
DJ Hussey,419135,2010,31,26,119.23
DJ Hussey,419139,2010,11,5,220.0
DJ Hussey,419153,2010,0,3,0.0
DJ Hussey,419161,2010,20,14,142.86
DJ Hussey,501223,2011,20,10,200.0
DJ Hussey,501234,2011,15,20,75.0
DJ Hussey,501237,2011,1,5,20.0
DJ Hussey,501248,2011,4,5,80.0
DJ Hussey,501251,2011,0,3,0.0
DJ Hussey,501254,2011,21,15,140.0
DJ Hussey,501257,2011,3,4,75.0
DJ Hussey,501260,2011,0,1,0.0
DJ Hussey,548309,2012,13,10,130.0
DJ Hussey,548313,2012,18,17,105.88
DJ Hussey,548323,2012,32,31,103.23
DJ Hussey,548328,2012,10,14,71.43
DJ Hussey,548331,2012,41,34,120.59
DJ Hussey,548334,2012,21,19,110.53
DJ Hussey,548339,2012,68,40,170.0
DJ Hussey,548343,2012,7,4,175.0
DJ Hussey,548350,2012,45,29,155.17
DJ Hussey,548354,2012,8,6,133.33
DJ Hussey,548359,2012,16,16,100.0
DJ Hussey,548366,2012,65,35,185.71
DJ Hussey,548369,2012,40,35,114.29
DJ Hussey,548371,2012,9,9,100.0
DJ Hussey,548374,2012,3,6,50.0
DJ Hussey,598003,2013,8,10,80.0
DJ Hussey,598007,2013,41,36,113.89
DJ Hussey,598014,2013,41,31,132.26
DJ Hussey,598016,2013,12,15,80.0
DJ Hussey,598021,2013,22,24,91.67
DJ Hussey,598031,2013,21,20,105.0
DJ Hussey,598037,2013,34,18,188.89
DJ Hussey,598041,2013,22,16,137.5
DJ Hussey,598052,2013,1,3,33.33
DJ Hussey,598059,2013,20,21,95.24
DJ Hussey,598064,2013,13,14,92.86
DJ Hussey,734013,2014,25,29,86.21
DJ Hussey,734029,2014,50,33,151.52
DJ Hussey,734045,2014,40,29,137.93
DJ Hussey,734047,2014,1,3,33.33
DJ Jacobs,501201,2011,1,6,16.67
DJ Jacobs,501205,2011,22,16,137.5
DJ Jacobs,501210,2011,12,21,57.14
DJ Jacobs,501224,2011,32,20,160.0
DJ Jacobs,501231,2011,15,15,100.0
DJ Jacobs,501237,2011,10,10,100.0
DJ Jacobs,548325,2012,0,10,0.0
DJ Malan,1254086,2021,26,26,100.0
DJ Mitchell,1304085,2022,16,24,66.67
DJ Mitchell,1304090,2022,17,20,85.0
DJ Mitchell,1422119,2024,22,18,122.22
DJ Mitchell,1422125,2024,24,20,120.0
DJ Mitchell,1422131,2024,34,26,130.77
DJ Mitchell,1422136,2024,13,11,118.18
DJ Mitchell,1426260,2024,25,19,131.58
DJ Mitchell,1426267,2024,17,14,121.43
DJ Mitchell,1426277,2024,11,10,110.0
DJ Mitchell,1426284,2024,52,32,162.5
DJ Mitchell,1426287,2024,1,1,100.0
DJ Mitchell,1426291,2024,30,19,157.89
DJ Mitchell,1426297,2024,63,34,185.29
DJ Mitchell,1426299,2024,22,13,169.23
DJ Mitchell,1426306,2024,4,6,66.67
DJ Muthuswami,829757,2015,1,3,33.33
DJ Thornely,335985,2008,0,5,0.0
DJ Thornely,336004,2008,30,24,125.0
DJ Thornely,336021,2008,1,6,16.67
DJ Thornely,336024,2008,8,18,44.44
DJ Willey,1304052,2022,18,28,64.29
DJ Willey,1304059,2022,0,2,0.0
DJ Willey,1359483,2023,20,20,100.0
DJ Willey,1359506,2023,4,2,200.0
DJ Willey,1359510,2023,11,10,110.0
DJG Sammy,598030,2013,19,12,158.33
DJG Sammy,598032,2013,60,41,146.34
DJG Sammy,598039,2013,1,1,100.0
DJG Sammy,598044,2013,18,20,90.0
DJG Sammy,598051,2013,7,3,233.33
DJG Sammy,598056,2013,0,3,0.0
DJG Sammy,598065,2013,23,19,121.05
DJG Sammy,598069,2013,17,12,141.67
DJG Sammy,598071,2013,29,21,138.1
DJG Sammy,729285,2014,6,11,54.55
DJG Sammy,729295,2014,15,11,136.36
DJG Sammy,729311,2014,23,15,153.33
DJG Sammy,729317,2014,10,4,250.0
DJG Sammy,733977,2014,8,8,100.0
DJG Sammy,734015,2014,7,16,43.75
DJG Sammy,734021,2014,10,4,250.0
DJG Sammy,734029,2014,0,3,0.0
DJG Sammy,734037,2014,29,19,152.63
DJG Sammy,829713,2015,7,9,77.78
DJG Sammy,829719,2015,6,9,66.67
DJM Short,1136564,2018,4,4,100.0
DJM Short,1136566,2018,6,3,200.0
DJM Short,1136571,2018,11,17,64.71
DJM Short,1136575,2018,44,43,102.33
DJM Short,1136592,2018,44,25,176.0
DJM Short,1136598,2018,2,2,100.0
DJM Short,1136607,2018,4,5,80.0
DL Chahar,1082599,2017,14,6,233.33
DL Chahar,1136561,2018,0,1,0.0
DL Chahar,1136612,2018,1,2,50.0
DL Chahar,1136616,2018,39,20,195.0
DL Chahar,1136617,2018,10,6,166.67
DL Chahar,1175370,2019,7,7,100.0
DL Chahar,1178419,2019,0,2,0.0
DL Chahar,1216521,2020,0,5,0.0
DL Chahar,1216525,2020,5,5,100.0
DL Chahar,1216528,2020,2,2,100.0
DL Chahar,1254098,2021,1,1,100.0
DL Chahar,1359529,2023,1,2,50.0
DL Chahar,1473440,2025,28,15,186.67
DL Chahar,1473458,2025,0,1,0.0
DL Chahar,1473482,2025,1,1,100.0
DL Chahar,1473493,2025,8,8,100.0
DL Chahar,1527686,2026,6,5,120.0
DL Chahar,1529297,2026,1,2,50.0
DL Chahar,1529308,2026,10,7,142.86
DL Chahar,1529312,2026,8,5,160.0
DL Vettori,392198,2009,29,27,107.41
DL Vettori,392226,2009,1,2,50.0
DL Vettori,392232,2009,4,2,200.0
DL Vettori,419140,2010,19,17,111.76
DL Vettori,419144,2010,12,6,200.0
DL Vettori,419149,2010,2,4,50.0
DL Vettori,501208,2011,3,6,50.0
DL Vettori,501211,2011,2,2,100.0
DL Vettori,501227,2011,18,19,94.74
DL Vettori,501271,2011,0,1,0.0
DL Vettori,548310,2012,3,4,75.0
DL Vettori,548315,2012,20,12,166.67
DL Vettori,548318,2012,1,1,100.0
DL Vettori,548324,2012,1,2,50.0
DL Vettori,548331,2012,2,3,66.67
DL Vettori,548344,2012,4,4,100.0
DM Bravo,1082620,2017,6,5,120.0
DNT Zoysa,335999,2008,1,2,50.0
DNT Zoysa,336024,2008,10,7,142.86
DP Conway,1304047,2022,3,8,37.5
DP Conway,1304092,2022,85,55,154.55
DP Conway,1304095,2022,56,37,151.35
DP Conway,1304101,2022,87,49,177.55
DP Conway,1304105,2022,0,1,0.0
DP Conway,1304108,2022,5,8,62.5
DP Conway,1304114,2022,16,14,114.29
DP Conway,1359475,2023,1,6,16.67
DP Conway,1359480,2023,46,28,164.29
DP Conway,1359486,2023,0,4,0.0
DP Conway,1359491,2023,50,38,131.58
DP Conway,1359498,2023,83,45,184.44
DP Conway,1359503,2023,77,57,135.09
DP Conway,1359507,2023,56,40,140.0
DP Conway,1359511,2023,8,16,50.0
DP Conway,1359515,2023,92,52,176.92
DP Conway,1359523,2023,44,42,104.76
DP Conway,1359529,2023,10,13,76.92
DP Conway,1359535,2023,30,28,107.14
DP Conway,1359541,2023,87,51,170.59
DP Conway,1370350,2023,40,34,117.65
DP Conway,1370353,2023,47,25,188.0
DP Conway,1473454,2025,13,14,92.86
DP Conway,1473459,2025,69,49,140.82
DP Conway,1473462,2025,12,11,109.09
DP Conway,1473494,2025,0,2,0.0
DP Conway,1473500,2025,10,8,125.0
DP Conway,1473504,2025,52,35,148.57
DP Nannes,419114,2010,3,11,27.27
DP Nannes,419120,2010,1,2,50.0
DP Vijaykumar,336020,2008,1,1,100.0
DPMD Jayawardene,335987,2008,2,4,50.0
DPMD Jayawardene,335991,2008,12,7,171.43
DPMD Jayawardene,335995,2008,15,14,107.14
DPMD Jayawardene,335999,2008,45,23,195.65
DPMD Jayawardene,336003,2008,10,6,166.67
DPMD Jayawardene,336006,2008,17,22,77.27
DPMD Jayawardene,336013,2008,8,6,133.33
DPMD Jayawardene,336022,2008,36,17,211.76
DPMD Jayawardene,336028,2008,1,2,50.0
DPMD Jayawardene,336031,2008,14,10,140.0
DPMD Jayawardene,336035,2008,11,10,110.0
DPMD Jayawardene,336039,2008,8,10,80.0
DPMD Jayawardene,392183,2009,6,6,100.0
DPMD Jayawardene,392186,2009,31,19,163.16
DPMD Jayawardene,392191,2009,1,1,100.0
DPMD Jayawardene,392195,2009,7,10,70.0
DPMD Jayawardene,392200,2009,7,9,77.78
DPMD Jayawardene,392204,2009,19,15,126.67
DPMD Jayawardene,392207,2009,52,41,126.83
DPMD Jayawardene,392210,2009,9,11,81.82
DPMD Jayawardene,392214,2009,44,25,176.0
DPMD Jayawardene,392216,2009,43,28,153.57
DPMD Jayawardene,419108,2010,0,1,0.0
DPMD Jayawardene,419112,2010,26,13,200.0
DPMD Jayawardene,419117,2010,14,9,155.56
DPMD Jayawardene,419121,2010,9,7,128.57
DPMD Jayawardene,419124,2010,21,21,100.0
DPMD Jayawardene,419127,2010,16,15,106.67
DPMD Jayawardene,419132,2010,20,18,111.11
DPMD Jayawardene,419139,2010,110,59,186.44
DPMD Jayawardene,419143,2010,44,33,133.33
DPMD Jayawardene,419146,2010,31,18,172.22
DPMD Jayawardene,419149,2010,38,35,108.57
DPMD Jayawardene,419156,2010,93,62,150.0
DPMD Jayawardene,419159,2010,21,8,262.5
DPMD Jayawardene,501200,2011,18,18,100.0
DPMD Jayawardene,501207,2011,2,3,66.67
DPMD Jayawardene,501210,2011,56,36,155.56
DPMD Jayawardene,501215,2011,16,11,145.45
DPMD Jayawardene,501219,2011,25,27,92.59
DPMD Jayawardene,501225,2011,13,13,100.0
DPMD Jayawardene,501229,2011,4,8,50.0
DPMD Jayawardene,501233,2011,18,28,64.29
DPMD Jayawardene,501238,2011,7,10,70.0
DPMD Jayawardene,501242,2011,55,41,134.15
DPMD Jayawardene,501247,2011,3,7,42.86
DPMD Jayawardene,501254,2011,76,52,146.15
DPMD Jayawardene,501258,2011,6,3,200.0
DPMD Jayawardene,548316,2012,20,21,95.24
DPMD Jayawardene,548321,2012,6,5,120.0
DPMD Jayawardene,548325,2012,17,20,85.0
DPMD Jayawardene,548333,2012,7,7,100.0
DPMD Jayawardene,548337,2012,18,14,128.57
DPMD Jayawardene,548342,2012,55,42,130.95
DPMD Jayawardene,548345,2012,6,5,120.0
DPMD Jayawardene,548349,2012,0,3,0.0
DPMD Jayawardene,548357,2012,30,27,111.11
DPMD Jayawardene,548364,2012,8,10,80.0
DPMD Jayawardene,548369,2012,56,49,114.29
DPMD Jayawardene,548372,2012,9,14,64.29
DPMD Jayawardene,548374,2012,8,10,80.0
DPMD Jayawardene,548378,2012,40,33,121.21
DPMD Jayawardene,548380,2012,55,38,144.74
DPMD Jayawardene,597998,2013,66,52,126.92
DPMD Jayawardene,598001,2013,19,16,118.75
DPMD Jayawardene,598006,2013,3,6,50.0
DPMD Jayawardene,598010,2013,12,14,85.71
DPMD Jayawardene,598017,2013,28,31,90.32
DPMD Jayawardene,598020,2013,6,11,54.55
DPMD Jayawardene,598024,2013,59,43,137.21
DPMD Jayawardene,598028,2013,39,41,95.12
DPMD Jayawardene,598035,2013,12,17,70.59
DPMD Jayawardene,598040,2013,5,8,62.5
DPMD Jayawardene,598044,2013,11,12,91.67
DPMD Jayawardene,598049,2013,34,31,109.68
DPMD Jayawardene,598054,2013,19,13,146.15
DPMD Jayawardene,598059,2013,4,4,100.0
DPMD Jayawardene,598067,2013,14,13,107.69
DR Martyn,419115,2010,19,24,79.17
DR Sams,1237177,2020,0,2,0.0
DR Sams,1254079,2021,3,2,150.0
DR Sams,1254083,2021,3,4,75.0
DR Sams,1304048,2022,7,2,350.0
DR Sams,1304055,2022,0,1,0.0
DR Sams,1304079,2022,5,3,166.67
DR Sams,1304083,2022,3,7,42.86
DR Sams,1304090,2022,6,1,600.0
DR Sams,1304097,2022,0,2,0.0
DR Sams,1304102,2022,1,2,50.0
DR Sams,1304105,2022,1,6,16.67
DR Sams,1304111,2022,15,11,136.36
DR Sams,1304115,2022,0,1,0.0
DR Shorey,1136595,2018,8,9,88.89
DR Shorey,1178419,2019,5,8,62.5
DR Smith,336028,2008,20,16,125.0
DR Smith,336032,2008,17,17,100.0
DR Smith,336036,2008,8,7,114.29
DR Smith,392192,2009,35,22,159.09
DR Smith,392196,2009,12,5,240.0
DR Smith,392201,2009,48,28,171.43
DR Smith,392205,2009,7,8,87.5
DR Smith,392209,2009,49,22,222.73
DR Smith,392212,2009,16,12,133.33
DR Smith,392220,2009,47,32,146.88
DR Smith,392223,2009,1,2,50.0
DR Smith,419141,2010,4,7,57.14
DR Smith,419147,2010,13,8,162.5
DR Smith,419164,2010,5,10,50.0
DR Smith,548355,2012,24,9,266.67
DR Smith,548360,2012,2,3,66.67
DR Smith,548367,2012,6,5,120.0
DR Smith,548370,2012,0,1,0.0
DR Smith,548377,2012,86,57,150.88
DR Smith,548379,2012,38,22,172.73
DR Smith,598002,2013,3,5,60.0
DR Smith,598024,2013,8,12,66.67
DR Smith,598029,2013,62,45,137.78
DR Smith,598033,2013,50,36,138.89
DR Smith,598037,2013,33,32,103.12
DR Smith,598039,2013,38,39,97.44
DR Smith,598046,2013,22,24,91.67
DR Smith,598050,2013,47,53,88.68
DR Smith,598055,2013,0,1,0.0
DR Smith,598060,2013,21,17,123.53
DR Smith,598070,2013,68,28,242.86
DR Smith,598072,2013,62,44,140.91
DR Smith,598073,2013,4,4,100.0
DR Smith,729283,2014,65,42,154.76
DR Smith,729293,2014,29,28,103.57
DR Smith,729297,2014,50,28,178.57
DR Smith,729303,2014,29,22,131.82
DR Smith,729311,2014,66,46,143.48
DR Smith,733971,2014,16,11,145.45
DR Smith,733981,2014,79,51,154.9
DR Smith,733987,2014,4,4,100.0
DR Smith,733995,2014,57,51,111.76
DR Smith,734003,2014,44,35,125.71
DR Smith,734013,2014,9,15,60.0
DR Smith,734023,2014,5,6,83.33
DR Smith,734029,2014,47,28,167.86
DR Smith,734035,2014,34,17,200.0
DR Smith,734045,2014,24,20,120.0
DR Smith,734047,2014,7,11,63.64
DR Smith,829707,2015,34,30,113.33
DR Smith,829711,2015,27,25,108.0
DR Smith,829723,2015,0,1,0.0
DR Smith,829729,2015,62,29,213.79
DR Smith,829735,2015,40,29,137.93
DR Smith,829745,2015,39,29,134.48
DR Smith,829753,2015,26,13,200.0
DR Smith,829765,2015,25,19,131.58
DR Smith,829773,2015,21,19,110.53
DR Smith,829779,2015,0,6,0.0
DR Smith,829789,2015,27,34,79.41
DR Smith,829797,2015,6,10,60.0
DR Smith,829801,2015,18,24,75.0
DR Smith,829817,2015,0,4,0.0
DR Smith,829821,2015,17,12,141.67
DR Smith,829823,2015,57,47,121.28
DR Smith,980937,2016,28,20,140.0
DR Smith,980945,2016,53,30,176.67
DR Smith,980949,2016,63,37,170.27
DR Smith,980955,2016,15,18,83.33
DR Smith,980961,2016,15,14,107.14
DR Smith,980967,2016,1,9,11.11
DR Smith,980975,2016,27,18,150.0
DR Smith,980987,2016,7,6,116.67
DR Smith,981001,2016,0,1,0.0
DR Smith,981007,2016,37,23,160.87
DR Smith,981013,2016,73,41,178.05
DR Smith,981017,2016,1,3,33.33
DR Smith,1082596,2017,37,27,137.04
DR Smith,1082603,2017,47,30,156.67
DR Smith,1082606,2017,0,2,0.0
DR Smith,1082610,2017,1,4,25.0
DR Smith,1082613,2017,5,4,125.0
DR Smith,1082616,2017,4,4,100.0
DR Smith,1082629,2017,0,1,0.0
DR Smith,1082632,2017,9,4,225.0
DR Smith,1082637,2017,74,39,189.74
DR Smith,1082640,2017,8,8,100.0
DR Smith,1082643,2017,54,33,163.64
DS Kulkarni,335991,2008,2,16,12.5
DS Kulkarni,392212,2009,7,9,77.78
DS Kulkarni,392215,2009,1,4,25.0
DS Kulkarni,392225,2009,1,4,25.0
DS Kulkarni,501251,2011,2,4,50.0
DS Kulkarni,548379,2012,10,5,200.0
DS Kulkarni,729297,2014,28,19,147.37
DS Kulkarni,733989,2014,7,6,116.67
DS Kulkarni,829749,2015,1,2,50.0
DS Kulkarni,829819,2015,3,9,33.33
DS Kulkarni,980917,2016,6,3,200.0
DS Kulkarni,980955,2016,6,4,150.0
DS Kulkarni,980987,2016,2,3,66.67
DS Kulkarni,981013,2016,10,4,250.0
DS Kulkarni,981017,2016,3,2,150.0
DS Kulkarni,1082596,2017,1,2,50.0
DS Kulkarni,1136564,2018,3,4,75.0
DS Kulkarni,1136575,2018,3,3,100.0
DS Kulkarni,1175359,2019,5,3,166.67
DS Kulkarni,1216495,2020,3,2,150.0
DS Lehmann,335984,2008,1,2,50.0
DS Lehmann,335987,2008,17,16,106.25
DS Rathi,1473482,2025,1,3,33.33
DS Rathi,1529266,2026,0,3,0.0
DS Rathi,1529275,2026,2,2,100.0
DT Christian,501199,2011,26,19,136.84
DT Christian,501203,2011,25,13,192.31
DT Christian,501208,2011,0,1,0.0
DT Christian,501212,2011,24,13,184.62
DT Christian,501216,2011,8,11,72.73
DT Christian,501224,2011,21,18,116.67
DT Christian,501229,2011,9,11,81.82
DT Christian,501236,2011,1,1,100.0
DT Christian,501239,2011,1,3,33.33
DT Christian,501243,2011,26,21,123.81
DT Christian,501250,2011,10,11,90.91
DT Christian,501256,2011,18,23,78.26
DT Christian,501259,2011,14,12,116.67
DT Christian,548311,2012,2,3,66.67
DT Christian,548314,2012,39,36,108.33
DT Christian,548321,2012,19,21,90.48
DT Christian,548326,2012,29,19,152.63
DT Christian,548346,2012,5,5,100.0
DT Christian,548352,2012,27,24,112.5
DT Christian,548366,2012,24,10,240.0
DT Christian,597999,2013,4,13,30.77
DT Christian,598012,2013,2,2,100.0
DT Christian,1082594,2017,17,8,212.5
DT Christian,1082607,2017,1,3,33.33
DT Christian,1082618,2017,8,7,114.29
DT Christian,1082620,2017,16,6,266.67
DT Christian,1082629,2017,17,8,212.5
DT Christian,1082631,2017,9,10,90.0
DT Christian,1082634,2017,4,2,200.0
DT Christian,1082642,2017,3,3,100.0
DT Christian,1082650,2017,4,2,200.0
DT Christian,1136562,2018,13,12,108.33
DT Christian,1136582,2018,6,11,54.55
DT Christian,1136596,2018,7,9,77.78
DT Christian,1254058,2021,1,3,33.33
DT Christian,1254063,2021,1,2,50.0
DT Christian,1254076,2021,1,3,33.33
DT Christian,1254090,2021,0,1,0.0
DT Christian,1254095,2021,1,4,25.0
DT Christian,1254108,2021,1,3,33.33
DT Christian,1254115,2021,8,7,114.29
DT Patil,336006,2008,4,1,400.0
DT Patil,336023,2008,9,12,75.0
DV Malewar,1529273,2026,2,4,50.0
DV Malewar,1529276,2026,0,1,0.0
DW Steyn,335996,2008,1,2,50.0
DW Steyn,336006,2008,1,3,33.33
DW Steyn,392185,2009,0,3,0.0
DW Steyn,419128,2010,8,9,88.89
DW Steyn,419151,2010,0,1,0.0
DW Steyn,419157,2010,0,2,0.0
DW Steyn,419162,2010,5,5,100.0
DW Steyn,501199,2011,7,6,116.67
DW Steyn,501203,2011,13,12,108.33
DW Steyn,501212,2011,1,2,50.0
DW Steyn,501224,2011,4,9,44.44
DW Steyn,501250,2011,11,6,183.33
DW Steyn,548311,2012,5,8,62.5
DW Steyn,548314,2012,2,2,100.0
DW Steyn,548321,2012,2,3,66.67
DW Steyn,548335,2012,7,3,233.33
DW Steyn,548346,2012,3,5,60.0
DW Steyn,598004,2013,3,3,100.0
DW Steyn,598010,2013,9,5,180.0
DW Steyn,598018,2013,4,1,400.0
DW Steyn,598032,2013,18,8,225.0
DW Steyn,598051,2013,14,13,107.69
DW Steyn,598056,2013,1,3,33.33
DW Steyn,598065,2013,0,1,0.0
DW Steyn,598071,2013,4,2,200.0
DW Steyn,729295,2014,12,16,75.0
DW Steyn,733989,2014,9,8,112.5
DW Steyn,734015,2014,1,2,50.0
DW Steyn,829751,2015,0,1,0.0
DW Steyn,829781,2015,1,1,100.0
DW Steyn,829815,2015,19,11,172.73
DW Steyn,980929,2016,1,2,50.0
DW Steyn,1216510,2020,1,2,50.0
Dhruv Jurel,1359482,2023,32,15,213.33
Dhruv Jurel,1359485,2023,8,3,266.67
Dhruv Jurel,1359491,2023,4,6,66.67
Dhruv Jurel,1359497,2023,18,10,180.0
Dhruv Jurel,1359500,2023,0,1,0.0
Dhruv Jurel,1359506,2023,34,16,212.5
Dhruv Jurel,1359511,2023,34,15,226.67
Dhruv Jurel,1359516,2023,2,3,66.67
Dhruv Jurel,1359522,2023,9,8,112.5
Dhruv Jurel,1359534,2023,1,7,14.29
Dhruv Jurel,1359540,2023,10,4,250.0
Dhruv Jurel,1422122,2024,20,12,166.67
Dhruv Jurel,1422127,2024,20,12,166.67
Dhruv Jurel,1422137,2024,2,3,66.67
Dhruv Jurel,1426265,2024,6,11,54.55
Dhruv Jurel,1426269,2024,2,4,50.0
Dhruv Jurel,1426282,2024,52,34,152.94
Dhruv Jurel,1426288,2024,1,3,33.33
Dhruv Jurel,1426299,2024,28,18,155.56
Dhruv Jurel,1426303,2024,0,1,0.0
Dhruv Jurel,1426310,2024,8,8,100.0
Dhruv Jurel,1426311,2024,56,35,160.0
Dhruv Jurel,1473439,2025,70,35,200.0
Dhruv Jurel,1473443,2025,33,28,117.86
Dhruv Jurel,1473448,2025,3,7,42.86
Dhruv Jurel,1473455,2025,13,5,260.0
Dhruv Jurel,1473460,2025,5,4,125.0
Dhruv Jurel,1473465,2025,35,23,152.17
Dhruv Jurel,1473469,2025,26,17,152.94
Dhruv Jurel,1473473,2025,6,5,120.0
Dhruv Jurel,1473479,2025,47,34,138.24
Dhruv Jurel,1473487,2025,11,11,100.0
Dhruv Jurel,1473490,2025,0,1,0.0
Dhruv Jurel,1473497,2025,53,31,170.97
Dhruv Jurel,1473500,2025,31,12,258.33
Dhruv Jurel,1527676,2026,18,9,200.0
Dhruv Jurel,1527682,2026,75,42,178.57
Dhruv Jurel,1527686,2026,2,3,66.67
Dhruv Jurel,1527689,2026,81,43,188.37
Dhruv Jurel,1529264,2026,0,2,0.0
Dhruv Jurel,1529271,2026,5,7,71.43
Dhruv Jurel,1529275,2026,0,1,0.0
Dhruv Jurel,1529279,2026,51,35,145.71
Dhruv Jurel,1529283,2026,16,20,80.0
Dhruv Jurel,1529286,2026,42,30,140.0
Dhruv Jurel,1529295,2026,24,10,240.0
Dhruv Jurel,1529305,2026,53,40,132.5
Dhruv Jurel,1529307,2026,53,38,139.47
Dhruv Jurel,1529312,2026,38,26,146.15
Dhruv Jurel,1535463,2026,50,21,238.1
Dhruv Jurel,1535464,2026,7,6,116.67
E Lewis,1136561,2018,0,2,0.0
E Lewis,1136567,2018,29,17,170.59
E Lewis,1136569,2018,48,28,171.43
E Lewis,1136574,2018,65,42,154.76
E Lewis,1136581,2018,0,1,0.0
E Lewis,1136583,2018,5,9,55.56
E Lewis,1136587,2018,47,43,109.3
E Lewis,1136594,2018,10,13,76.92
E Lewis,1136597,2018,43,28,153.57
E Lewis,1136601,2018,18,13,138.46
E Lewis,1136607,2018,60,42,142.86
E Lewis,1136610,2018,9,7,128.57
E Lewis,1136615,2018,48,31,154.84
E Lewis,1178419,2019,32,30,106.67
E Lewis,1178422,2019,15,16,93.75
E Lewis,1178426,2019,1,6,16.67
E Lewis,1254089,2021,27,12,225.0
E Lewis,1254093,2021,24,19,126.32
E Lewis,1254100,2021,6,4,150.0
E Lewis,1254103,2021,58,37,156.76
E Lewis,1254111,2021,36,21,171.43
E Lewis,1304050,2022,10,9,111.11
E Lewis,1304053,2022,55,23,239.13
E Lewis,1304058,2022,1,5,20.0
E Lewis,1304061,2022,5,13,38.46
E Lewis,1312198,2022,2,6,33.33
E Malinga,1529288,2026,2,6,33.33
E Malinga,1529299,2026,0,3,0.0
E Malinga,1535463,2026,5,8,62.5
EJG Morgan,419109,2010,10,7,142.86
EJG Morgan,419119,2010,7,6,116.67
EJG Morgan,419123,2010,1,4,25.0
EJG Morgan,419128,2010,17,13,130.77
EJG Morgan,501198,2011,6,6,100.0
EJG Morgan,501219,2011,10,12,83.33
EJG Morgan,501222,2011,6,6,100.0
EJG Morgan,501230,2011,0,1,0.0
EJG Morgan,501234,2011,28,15,186.67
EJG Morgan,501239,2011,14,15,93.33
EJG Morgan,501242,2011,66,51,129.41
EJG Morgan,501245,2011,5,6,83.33
EJG Morgan,501255,2011,2,5,40.0
EJG Morgan,597998,2013,14,15,93.33
EJG Morgan,598005,2013,51,38,134.21
EJG Morgan,598008,2013,2,5,40.0
EJG Morgan,598013,2013,47,21,223.81
EJG Morgan,598016,2013,47,38,123.68
EJG Morgan,598022,2013,2,7,28.57
EJG Morgan,598029,2013,31,25,124.0
EJG Morgan,598031,2013,42,26,161.54
EJG Morgan,598034,2013,32,22,145.45
EJG Morgan,598040,2013,10,9,111.11
EJG Morgan,598050,2013,5,10,50.0
EJG Morgan,598053,2013,15,15,100.0
EJG Morgan,598069,2013,9,9,100.0
EJG Morgan,829727,2015,27,30,90.0
EJG Morgan,829731,2015,1,2,50.0
EJG Morgan,829773,2015,32,27,118.52
EJG Morgan,829781,2015,5,11,45.45
EJG Morgan,829787,2015,63,28,225.0
EJG Morgan,829793,2015,22,25,88.0
EJG Morgan,829799,2015,17,7,242.86
EJG Morgan,829807,2015,11,7,157.14
EJG Morgan,829815,2015,9,14,64.29
EJG Morgan,980907,2016,22,18,122.22
EJG Morgan,980915,2016,51,43,118.6
EJG Morgan,980923,2016,11,12,91.67
EJG Morgan,980935,2016,25,20,125.0
EJG Morgan,980943,2016,0,2,0.0
EJG Morgan,981003,2016,14,10,140.0
EJG Morgan,1082605,2017,22,20,110.0
EJG Morgan,1082609,2017,13,17,76.47
EJG Morgan,1082623,2017,26,21,123.81
EJG Morgan,1082645,2017,4,4,100.0
EJG Morgan,1216494,2020,30,34,88.24
EJG Morgan,1216497,2020,17,9,188.89
EJG Morgan,1216501,2020,7,10,70.0
EJG Morgan,1216504,2020,34,23,147.83
EJG Morgan,1216508,2020,16,20,80.0
EJG Morgan,1216512,2020,35,25,140.0
EJG Morgan,1216515,2020,44,17,258.82
EJG Morgan,1216520,2020,40,25,160.0
EJG Morgan,1216523,2020,24,23,104.35
EJG Morgan,1216526,2020,39,29,134.48
EJG Morgan,1216530,2020,68,35,194.29
EJG Morgan,1216536,2020,15,12,125.0
EJG Morgan,1216540,2020,8,12,66.67
EJG Morgan,1216545,2020,42,29,144.83
EJG Morgan,1254060,2021,2,3,66.67
EJG Morgan,1254062,2021,7,7,100.0
EJG Morgan,1254067,2021,29,23,126.09
EJG Morgan,1254072,2021,7,7,100.0
EJG Morgan,1254078,2021,47,40,117.5
EJG Morgan,1254082,2021,0,2,0.0
EJG Morgan,1254092,2021,0,2,0.0
EJG Morgan,1254096,2021,7,8,87.5
EJG Morgan,1254098,2021,8,14,57.14
EJG Morgan,1254102,2021,2,2,100.0
EJG Morgan,1254106,2021,13,11,118.18
EJG Morgan,1254109,2021,2,2,100.0
EJG Morgan,1254115,2021,5,7,71.43
EJG Morgan,1254116,2021,0,3,0.0
EJG Morgan,1254117,2021,4,8,50.0
ER Dwivedi,981013,2016,19,9,211.11
ER Dwivedi,981017,2016,5,5,100.0
F Behardien,980977,2016,9,7,128.57
F Behardien,980999,2016,0,1,0.0
F Behardien,981005,2016,5,5,100.0
F du Plessis,548306,2012,3,2,150.0
F du Plessis,548311,2012,39,25,156.0
F du Plessis,548316,2012,15,12,125.0
F du Plessis,548318,2012,71,46,154.35
F du Plessis,548322,2012,43,33,130.3
F du Plessis,548330,2012,57,47,121.28
F du Plessis,548332,2012,73,52,140.38
F du Plessis,548343,2012,29,20,145.0
F du Plessis,548347,2012,3,4,75.0
F du Plessis,548352,2012,42,35,120.0
F du Plessis,548355,2012,9,11,81.82
F du Plessis,548368,2012,13,16,81.25
F du Plessis,729293,2014,24,17,141.18
F du Plessis,729297,2014,7,9,77.78
F du Plessis,729303,2014,20,25,80.0
F du Plessis,729311,2014,0,1,0.0
F du Plessis,733987,2014,52,25,208.0
F du Plessis,733995,2014,31,24,129.17
F du Plessis,734003,2014,38,39,97.44
F du Plessis,734023,2014,23,20,115.0
F du Plessis,734029,2014,19,11,172.73
F du Plessis,734035,2014,54,43,125.58
F du Plessis,734045,2014,35,20,175.0
F du Plessis,734047,2014,0,1,0.0
F du Plessis,829707,2015,32,24,133.33
F du Plessis,829723,2015,20,11,181.82
F du Plessis,829729,2015,11,13,84.62
F du Plessis,829735,2015,1,3,33.33
F du Plessis,829745,2015,33,18,183.33
F du Plessis,829765,2015,29,29,100.0
F du Plessis,829773,2015,33,22,150.0
F du Plessis,829779,2015,24,20,120.0
F du Plessis,829789,2015,17,16,106.25
F du Plessis,829797,2015,29,25,116.0
F du Plessis,829801,2015,29,23,126.09
F du Plessis,829809,2015,55,41,134.15
F du Plessis,829817,2015,45,34,132.35
F du Plessis,829821,2015,21,22,95.45
F du Plessis,829823,2015,1,3,33.33
F du Plessis,980901,2016,34,33,103.03
F du Plessis,980911,2016,69,43,160.47
F du Plessis,980919,2016,67,53,126.42
F du Plessis,980931,2016,2,3,66.67
F du Plessis,980939,2016,4,9,44.44
F du Plessis,980943,2016,30,21,142.86
F du Plessis,1082599,2017,8,7,114.29
F du Plessis,1136580,2018,11,13,84.62
F du Plessis,1136590,2018,32,32,100.0
F du Plessis,1136593,2018,27,15,180.0
F du Plessis,1136616,2018,14,15,93.33
F du Plessis,1136617,2018,67,42,159.52
F du Plessis,1136620,2018,10,11,90.91
F du Plessis,1178393,2019,54,38,142.11
F du Plessis,1178398,2019,43,45,95.56
F du Plessis,1178400,2019,7,10,70.0
F du Plessis,1178404,2019,24,16,150.0
F du Plessis,1178408,2019,45,31,145.16
F du Plessis,1178414,2019,5,15,33.33
F du Plessis,1178416,2019,1,7,14.29
F du Plessis,1178425,2019,39,41,95.12
F du Plessis,1178430,2019,96,55,174.55
F du Plessis,1181764,2019,6,11,54.55
F du Plessis,1181767,2019,50,39,128.21
F du Plessis,1181768,2019,26,13,200.0
F du Plessis,1216492,2020,58,44,131.82
F du Plessis,1216496,2020,72,37,194.59
F du Plessis,1216501,2020,17,10,170.0
F du Plessis,1216506,2020,48,34,141.18
F du Plessis,1216509,2020,58,47,123.4
F du Plessis,1216513,2020,87,53,164.15
F du Plessis,1216516,2020,22,19,115.79
F du Plessis,1216521,2020,1,7,14.29
F du Plessis,1216525,2020,8,10,80.0
F du Plessis,1216528,2020,0,1,0.0
F du Plessis,1216533,2020,10,9,111.11
F du Plessis,1216539,2020,43,35,122.86
F du Plessis,1216544,2020,25,13,192.31
F du Plessis,1254059,2021,0,3,0.0
F du Plessis,1254065,2021,36,33,109.09
F du Plessis,1254069,2021,33,17,194.12
F du Plessis,1254072,2021,94,59,159.32
F du Plessis,1254076,2021,50,41,121.95
F du Plessis,1254080,2021,56,38,147.37
F du Plessis,1254084,2021,50,28,178.57
F du Plessis,1254089,2021,25,19,131.58
F du Plessis,1254091,2021,41,36,113.89
F du Plessis,1254094,2021,76,55,138.18
F du Plessis,1254098,2021,43,30,143.33
F du Plessis,1254104,2021,0,3,0.0
F du Plessis,1254110,2021,10,8,125.0
F du Plessis,1254113,2021,31,26,119.23
F du Plessis,1254114,2021,1,2,50.0
F du Plessis,1254117,2021,86,58,148.28
F du Plessis,1304049,2022,88,57,154.39
F du Plessis,1304052,2022,5,4,125.0
F du Plessis,1304059,2022,29,20,145.0
F du Plessis,1304064,2022,16,24,66.67
F du Plessis,1304068,2022,8,9,88.89
F du Plessis,1304073,2022,8,11,72.73
F du Plessis,1304077,2022,96,64,150.0
F du Plessis,1304082,2022,5,7,71.43
F du Plessis,1304085,2022,23,21,109.52
F du Plessis,1304089,2022,0,4,0.0
F du Plessis,1304095,2022,38,22,172.73
F du Plessis,1304100,2022,73,50,146.0
F du Plessis,1304106,2022,10,8,125.0
F du Plessis,1304113,2022,44,38,115.79
F du Plessis,1312198,2022,0,1,0.0
F du Plessis,1312199,2022,25,27,92.59
F du Plessis,1359479,2023,73,43,169.77
F du Plessis,1359483,2023,23,12,191.67
F du Plessis,1359489,2023,79,46,171.74
F du Plessis,1359494,2023,22,16,137.5
F du Plessis,1359498,2023,62,33,187.88
F du Plessis,1359501,2023,84,55,152.73
F du Plessis,1359506,2023,62,39,158.97
F du Plessis,1359510,2023,17,7,242.86
F du Plessis,1359517,2023,44,40,110.0
F du Plessis,1359524,2023,45,32,140.62
F du Plessis,1359528,2023,63,40,157.5
F du Plessis,1359534,2023,55,44,125.0
F du Plessis,1359539,2023,71,46,154.35
F du Plessis,1359544,2023,28,19,147.37
F du Plessis,1422119,2024,35,23,152.17
F du Plessis,1422124,2024,3,7,42.86
F du Plessis,1422128,2024,8,6,133.33
F du Plessis,1422133,2024,19,13,146.15
F du Plessis,1422137,2024,44,33,133.33
F du Plessis,1426263,2024,61,40,152.5
F du Plessis,1426268,2024,62,28,221.43
F du Plessis,1426274,2024,7,7,100.0
F du Plessis,1426279,2024,25,12,208.33
F du Plessis,1426283,2024,24,12,200.0
F du Plessis,1426290,2024,64,23,278.26
F du Plessis,1426296,2024,9,7,128.57
F du Plessis,1426300,2024,6,7,85.71
F du Plessis,1426306,2024,54,39,138.46
F du Plessis,1426310,2024,17,14,121.43
F du Plessis,1473441,2025,29,18,161.11
F du Plessis,1473447,2025,50,27,185.19
F du Plessis,1473461,2025,2,7,28.57
F du Plessis,1473483,2025,18,25,72.0
F du Plessis,1473485,2025,61,44,138.64
F du Plessis,1473492,2025,3,8,37.5
F du Plessis,1473498,2025,5,10,50.0
F du Plessis,1473501,2025,6,7,85.71
F du Plessis,1485779,2025,23,15,153.33
FA Allen,1254071,2021,5,10,50.0
FA Allen,1254111,2021,0,1,0.0
FA Allen,1304072,2022,8,7,114.29
FH Allen,1527675,2026,37,17,217.65
FH Allen,1527679,2026,28,7,400.0
FH Allen,1527685,2026,6,7,85.71
FH Allen,1527688,2026,9,8,112.5
FH Allen,1529265,2026,1,3,33.33
FH Allen,1529288,2026,29,13,223.08
FH Allen,1529294,2026,100,47,212.77
FH Allen,1529300,2026,18,8,225.0
FH Allen,1529303,2026,93,35,265.71
FH Allen,1529308,2026,8,5,160.0
FH Allen,1529313,2026,20,13,153.85
FH Edwards,392188,2009,3,2,150.0
FH Edwards,392192,2009,1,3,33.33
FY Fazal,419118,2010,31,23,134.78
FY Fazal,419124,2010,45,37,121.62
FY Fazal,419126,2010,8,11,72.73
FY Fazal,419129,2010,17,18,94.44
FY Fazal,419134,2010,0,2,0.0
FY Fazal,419137,2010,4,5,80.0
FY Fazal,419141,2010,36,29,124.14
FY Fazal,419150,2010,10,15,66.67
FY Fazal,419158,2010,13,13,100.0
FY Fazal,501214,2011,3,4,75.0
FY Fazal,501258,2011,16,15,106.67
Fazalhaq Farooqi,1304100,2022,2,8,25.0
Fazalhaq Farooqi,1359536,2023,1,5,20.0
Fazalhaq Farooqi,1473479,2025,2,2,100.0
G Coetzee,1422123,2024,1,3,33.33
G Coetzee,1422132,2024,4,9,44.44
G Coetzee,1426276,2024,0,1,0.0
G Coetzee,1426286,2024,1,2,50.0
G Coetzee,1426289,2024,8,7,114.29
G Coetzee,1473493,2025,11,5,220.0
G Coetzee,1473504,2025,5,5,100.0
G Gambhir,335984,2008,58,46,126.09
G Gambhir,335988,2008,12,9,133.33
G Gambhir,335995,2008,18,14,128.57
G Gambhir,335998,2008,84,53,158.49
G Gambhir,336001,2008,50,37,135.14
G Gambhir,336004,2008,1,9,11.11
G Gambhir,336009,2008,80,49,163.27
G Gambhir,336015,2008,31,23,134.78
G Gambhir,336017,2008,10,7,142.86
G Gambhir,336020,2008,79,48,164.58
G Gambhir,336022,2008,40,28,142.86
G Gambhir,336026,2008,39,31,125.81
G Gambhir,336032,2008,19,9,211.11
G Gambhir,336038,2008,11,15,73.33
G Gambhir,392183,2009,15,13,115.38
G Gambhir,392189,2009,0,1,0.0
G Gambhir,392194,2009,16,19,84.21
G Gambhir,392198,2009,8,6,133.33
G Gambhir,392201,2009,17,15,113.33
G Gambhir,392206,2009,12,13,92.31
G Gambhir,392211,2009,71,57,124.56
G Gambhir,392215,2009,19,23,82.61
G Gambhir,392219,2009,18,24,75.0
G Gambhir,392223,2009,18,24,75.0
G Gambhir,392226,2009,8,11,72.73
G Gambhir,392230,2009,8,8,100.0
G Gambhir,392232,2009,27,19,142.11
G Gambhir,392235,2009,47,38,123.68
G Gambhir,392237,2009,0,5,0.0
G Gambhir,419108,2010,72,54,133.33
G Gambhir,419111,2010,9,8,112.5
G Gambhir,419131,2010,1,2,50.0
G Gambhir,419134,2010,43,37,116.22
G Gambhir,419140,2010,1,1,100.0
G Gambhir,419144,2010,47,29,162.07
G Gambhir,419149,2010,26,12,216.67
G Gambhir,419152,2010,17,9,188.89
G Gambhir,419155,2010,57,56,101.79
G Gambhir,419160,2010,4,9,44.44
G Gambhir,501198,2011,1,2,50.0
G Gambhir,501203,2011,29,18,161.11
G Gambhir,501209,2011,71,43,165.12
G Gambhir,501214,2011,35,34,102.94
G Gambhir,501219,2011,3,5,60.0
G Gambhir,501222,2011,47,37,127.03
G Gambhir,501230,2011,18,19,94.74
G Gambhir,501234,2011,45,44,102.27
G Gambhir,501239,2011,35,22,159.09
G Gambhir,501242,2011,0,1,0.0
G Gambhir,501245,2011,16,19,84.21
G Gambhir,501255,2011,7,9,77.78
G Gambhir,501262,2011,54,46,117.39
G Gambhir,501267,2011,8,7,114.29
G Gambhir,501269,2011,4,8,50.0
G Gambhir,548307,2012,16,15,106.67
G Gambhir,548312,2012,0,1,0.0
G Gambhir,548315,2012,64,39,164.1
G Gambhir,548320,2012,11,11,100.0
G Gambhir,548323,2012,22,13,169.23
G Gambhir,548328,2012,66,44,150.0
G Gambhir,548335,2012,30,28,107.14
G Gambhir,548344,2012,93,51,182.35
G Gambhir,548347,2012,63,52,121.15
G Gambhir,548353,2012,56,36,155.56
G Gambhir,548357,2012,36,21,171.43
G Gambhir,548363,2012,0,2,0.0
G Gambhir,548368,2012,62,43,144.19
G Gambhir,548370,2012,27,23,117.39
G Gambhir,548375,2012,10,12,83.33
G Gambhir,548378,2012,32,16,200.0
G Gambhir,548381,2012,2,4,50.0
G Gambhir,597998,2013,41,29,141.38
G Gambhir,598005,2013,22,22,100.0
G Gambhir,598008,2013,59,45,131.11
G Gambhir,598013,2013,53,45,117.78
G Gambhir,598016,2013,60,39,153.85
G Gambhir,598022,2013,25,19,131.58
G Gambhir,598029,2013,26,20,130.0
G Gambhir,598031,2013,8,6,133.33
G Gambhir,598034,2013,14,8,175.0
G Gambhir,598043,2013,12,14,85.71
G Gambhir,598050,2013,0,2,0.0
G Gambhir,598053,2013,50,44,113.64
G Gambhir,598057,2013,14,15,93.33
G Gambhir,598061,2013,12,17,70.59
G Gambhir,598069,2013,10,17,58.82
G Gambhir,729279,2014,0,8,0.0
G Gambhir,729289,2014,0,4,0.0
G Gambhir,729299,2014,0,1,0.0
G Gambhir,729307,2014,1,5,20.0
G Gambhir,729315,2014,45,44,102.27
G Gambhir,733971,2014,5,5,100.0
G Gambhir,733979,2014,54,34,158.82
G Gambhir,733985,2014,69,56,123.21
G Gambhir,733997,2014,63,45,140.0
G Gambhir,734009,2014,14,18,77.78
G Gambhir,734015,2014,6,10,60.0
G Gambhir,734023,2014,21,20,105.0
G Gambhir,734027,2014,4,4,100.0
G Gambhir,734037,2014,18,16,112.5
G Gambhir,734043,2014,1,3,33.33
G Gambhir,734049,2014,23,17,135.29
G Gambhir,829705,2015,57,43,132.56
G Gambhir,829713,2015,58,46,126.09
G Gambhir,829723,2015,19,16,118.75
G Gambhir,829733,2015,11,19,57.89
G Gambhir,829739,2015,60,49,122.45
G Gambhir,829743,2015,4,8,50.0
G Gambhir,829761,2015,12,10,120.0
G Gambhir,829765,2015,0,1,0.0
G Gambhir,829771,2015,12,8,150.0
G Gambhir,829781,2015,31,23,134.78
G Gambhir,829791,2015,24,23,104.35
G Gambhir,829805,2015,38,29,131.03
G Gambhir,829811,2015,1,3,33.33
G Gambhir,980903,2016,38,41,92.68
G Gambhir,980909,2016,64,52,123.08
G Gambhir,980915,2016,90,60,150.0
G Gambhir,980925,2016,34,34,100.0
G Gambhir,980939,2016,11,5,220.0
G Gambhir,980947,2016,59,45,131.11
G Gambhir,980951,2016,6,8,75.0
G Gambhir,980959,2016,37,29,127.59
G Gambhir,980963,2016,54,45,120.0
G Gambhir,980975,2016,5,6,83.33
G Gambhir,980989,2016,0,1,0.0
G Gambhir,980995,2016,51,34,150.0
G Gambhir,981001,2016,8,8,100.0
G Gambhir,981009,2016,16,15,106.67
G Gambhir,981015,2016,28,28,100.0
G Gambhir,1082593,2017,76,48,158.33
G Gambhir,1082597,2017,19,13,146.15
G Gambhir,1082601,2017,72,49,146.94
G Gambhir,1082604,2017,15,16,93.75
G Gambhir,1082608,2017,14,12,116.67
G Gambhir,1082613,2017,33,28,117.86
G Gambhir,1082617,2017,14,11,127.27
G Gambhir,1082620,2017,62,46,134.78
G Gambhir,1082622,2017,71,52,136.54
G Gambhir,1082627,2017,11,11,100.0
G Gambhir,1082631,2017,24,19,126.32
G Gambhir,1082636,2017,14,16,87.5
G Gambhir,1082639,2017,8,18,44.44
G Gambhir,1082644,2017,21,16,131.25
G Gambhir,1082648,2017,32,19,168.42
G Gambhir,1082649,2017,12,15,80.0
G Gambhir,1136562,2018,55,42,130.95
G Gambhir,1136569,2018,15,16,93.75
G Gambhir,1136573,2018,8,7,114.29
G Gambhir,1136579,2018,3,10,30.0
G Gambhir,1136582,2018,4,13,30.77
GB Hogg,548317,2012,2,5,40.0
GB Hogg,548336,2012,13,11,118.18
GB Hogg,829765,2015,2,1,200.0
GB Hogg,829791,2015,5,5,100.0
GC Smith,335990,2008,71,45,157.78
GC Smith,335992,2008,49,42,116.67
GC Smith,336000,2008,2,7,28.57
GC Smith,336005,2008,35,44,79.55
GC Smith,336008,2008,5,9,55.56
GC Smith,336011,2008,40,43,93.02
GC Smith,336015,2008,24,27,88.89
GC Smith,336023,2008,71,48,147.92
GC Smith,336027,2008,24,24,100.0
GC Smith,336033,2008,91,51,178.43
GC Smith,336038,2008,25,21,119.05
GC Smith,392182,2009,2,11,18.18
GC Smith,392190,2009,15,21,71.43
GC Smith,392195,2009,2,6,33.33
GC Smith,392198,2009,44,45,97.78
GC Smith,392202,2009,2,5,40.0
GC Smith,392205,2009,0,2,0.0
GC Smith,392210,2009,73,42,173.81
GC Smith,392213,2009,20,22,90.91
GC Smith,392217,2009,30,33,90.91
GC Smith,392220,2009,1,3,33.33
GC Smith,392225,2009,19,19,100.0
GC Smith,392230,2009,0,4,0.0
GC Smith,419107,2010,26,22,118.18
GC Smith,419111,2010,18,17,105.88
GC Smith,501202,2011,0,1,0.0
GC Smith,501207,2011,24,24,100.0
GC Smith,501213,2011,12,14,85.71
GC Smith,501241,2011,6,12,50.0
GC Viljoen,1175368,2019,1,3,33.33
GC Viljoen,1178412,2019,2,3,66.67
GC Viljoen,1178417,2019,0,1,0.0
GD McGrath,336004,2008,0,2,0.0
GD McGrath,336038,2008,4,3,133.33
GD Phillips,1254089,2021,14,7,200.0
GD Phillips,1254093,2021,4,13,30.77
GD Phillips,1254106,2021,8,12,66.67
GD Phillips,1359478,2023,8,6,133.33
GD Phillips,1359526,2023,25,7,357.14
GD Phillips,1359532,2023,0,1,0.0
GD Phillips,1359539,2023,5,4,125.0
GD Phillips,1359543,2023,1,4,25.0
GD Phillips,1527677,2026,25,17,147.06
GD Phillips,1527682,2026,3,4,75.0
GD Phillips,1527687,2026,14,9,155.56
GD Phillips,1529268,2026,19,16,118.75
GD Phillips,1529273,2026,6,8,75.0
GF Linde,1527692,2026,16,10,160.0
GF Linde,1529266,2026,7,7,100.0
GF Linde,1529281,2026,8,4,200.0
GH Vihari,598000,2013,11,12,91.67
GH Vihari,598004,2013,44,46,95.65
GH Vihari,598010,2013,17,23,73.91
GH Vihari,598013,2013,1,2,50.0
GH Vihari,598018,2013,1,8,12.5
GH Vihari,598021,2013,46,39,117.95
GH Vihari,598030,2013,2,3,66.67
GH Vihari,598032,2013,4,9,44.44
GH Vihari,598039,2013,23,22,104.55
GH Vihari,598044,2013,11,9,122.22
GH Vihari,598048,2013,4,3,133.33
GH Vihari,598051,2013,3,8,37.5
GH Vihari,598056,2013,5,7,71.43
GH Vihari,598060,2013,41,37,110.81
GH Vihari,598065,2013,19,28,67.86
GH Vihari,598069,2013,6,13,46.15
GH Vihari,598071,2013,1,8,12.5
GH Vihari,829751,2015,15,9,166.67
GH Vihari,829759,2015,9,8,112.5
GH Vihari,829773,2015,8,5,160.0
GH Vihari,829781,2015,6,12,50.0
GH Vihari,1175365,2019,2,3,66.67
GH Vihari,1175368,2019,2,5,40.0
GHS Garton,1254090,2021,0,1,0.0
GHS Garton,1254095,2021,2,3,66.67
GJ Bailey,392231,2009,30,27,111.11
GJ Bailey,392234,2009,15,12,125.0
GJ Bailey,419123,2010,18,27,66.67
GJ Bailey,729283,2014,17,10,170.0
GJ Bailey,729295,2014,10,8,125.0
GJ Bailey,729307,2014,11,15,73.33
GJ Bailey,729313,2014,15,15,100.0
GJ Bailey,733973,2014,15,14,107.14
GJ Bailey,733987,2014,40,13,307.69
GJ Bailey,733991,2014,1,7,14.29
GJ Bailey,733997,2014,12,11,109.09
GJ Bailey,734007,2014,35,19,184.21
GJ Bailey,734019,2014,6,7,85.71
GJ Bailey,734025,2014,39,30,130.0
GJ Bailey,734033,2014,24,17,141.18
GJ Bailey,734039,2014,1,1,100.0
GJ Bailey,734043,2014,26,17,152.94
GJ Bailey,734047,2014,1,2,50.0
GJ Bailey,734049,2014,1,2,50.0
GJ Bailey,829709,2015,24,18,133.33
GJ Bailey,829717,2015,61,32,190.62
GJ Bailey,829725,2015,19,11,172.73
GJ Bailey,829733,2015,60,45,133.33
GJ Bailey,829753,2015,1,3,33.33
GJ Bailey,829759,2015,22,16,137.5
GJ Bailey,829767,2015,18,16,112.5
GJ Bailey,829775,2015,21,18,116.67
GJ Bailey,829785,2015,2,4,50.0
GJ Bailey,829799,2015,6,11,54.55
GJ Bailey,829803,2015,13,9,144.44
GJ Bailey,829809,2015,12,7,171.43
GJ Bailey,980969,2016,0,2,0.0
GJ Bailey,980979,2016,34,40,85.0
GJ Bailey,980989,2016,33,27,122.22
GJ Bailey,980997,2016,8,17,47.06
GJ Bailey,981005,2016,9,11,81.82
GJ Maxwell,548307,2012,3,7,42.86
GJ Maxwell,548310,2012,3,4,75.0
GJ Maxwell,598055,2013,13,7,185.71
GJ Maxwell,598063,2013,23,17,135.29
GJ Maxwell,598066,2013,0,3,0.0
GJ Maxwell,729283,2014,95,43,220.93
GJ Maxwell,729291,2014,89,45,197.78
GJ Maxwell,729295,2014,95,42,226.19
GJ Maxwell,729307,2014,15,12,125.0
GJ Maxwell,729313,2014,6,6,100.0
GJ Maxwell,733973,2014,45,26,173.08
GJ Maxwell,733987,2014,90,38,236.84
GJ Maxwell,733991,2014,25,11,227.27
GJ Maxwell,733997,2014,14,14,100.0
GJ Maxwell,734007,2014,43,21,204.76
GJ Maxwell,734019,2014,14,11,127.27
GJ Maxwell,734025,2014,2,3,66.67
GJ Maxwell,734039,2014,0,3,0.0
GJ Maxwell,734043,2014,6,9,66.67
GJ Maxwell,734047,2014,13,6,216.67
GJ Maxwell,734049,2014,0,1,0.0
GJ Maxwell,829709,2015,7,5,140.0
GJ Maxwell,829717,2015,6,4,150.0
GJ Maxwell,829725,2015,15,5,300.0
GJ Maxwell,829733,2015,33,26,126.92
GJ Maxwell,829741,2015,2,7,28.57
GJ Maxwell,829775,2015,12,9,133.33
GJ Maxwell,829785,2015,1,5,20.0
GJ Maxwell,829791,2015,43,22,195.45
GJ Maxwell,829799,2015,11,6,183.33
GJ Maxwell,829803,2015,10,10,100.0
GJ Maxwell,829809,2015,6,14,42.86
GJ Maxwell,980905,2016,2,4,50.0
GJ Maxwell,980913,2016,0,3,0.0
GJ Maxwell,980919,2016,32,14,228.57
GJ Maxwell,980925,2016,4,7,57.14
GJ Maxwell,980935,2016,1,2,50.0
GJ Maxwell,980941,2016,56,39,143.59
GJ Maxwell,980955,2016,0,1,0.0
GJ Maxwell,980963,2016,68,42,161.9
GJ Maxwell,980971,2016,16,11,145.45
GJ Maxwell,980985,2016,0,1,0.0
GJ Maxwell,1082594,2017,44,20,220.0
GJ Maxwell,1082598,2017,43,22,195.45
GJ Maxwell,1082601,2017,25,14,178.57
GJ Maxwell,1082605,2017,0,2,0.0
GJ Maxwell,1082609,2017,10,12,83.33
GJ Maxwell,1082612,2017,36,17,211.76
GJ Maxwell,1082616,2017,31,18,172.22
GJ Maxwell,1082623,2017,0,2,0.0
GJ Maxwell,1082633,2017,6,11,54.55
GJ Maxwell,1082637,2017,20,11,181.82
GJ Maxwell,1082639,2017,44,25,176.0
GJ Maxwell,1082641,2017,47,21,223.81
GJ Maxwell,1082645,2017,0,3,0.0
GJ Maxwell,1136566,2018,17,12,141.67
GJ Maxwell,1136569,2018,13,6,216.67
GJ Maxwell,1136573,2018,47,22,213.64
GJ Maxwell,1136579,2018,4,6,66.67
GJ Maxwell,1136582,2018,12,10,120.0
GJ Maxwell,1136586,2018,27,18,150.0
GJ Maxwell,1136590,2018,6,5,120.0
GJ Maxwell,1136592,2018,5,5,100.0
GJ Maxwell,1136596,2018,2,3,66.67
GJ Maxwell,1136602,2018,9,8,112.5
GJ Maxwell,1136612,2018,5,7,71.43
GJ Maxwell,1136615,2018,22,18,122.22
GJ Maxwell,1216493,2020,1,4,25.0
GJ Maxwell,1216498,2020,12,13,92.31
GJ Maxwell,1216503,2020,11,18,61.11
GJ Maxwell,1216510,2020,5,6,83.33
GJ Maxwell,1216513,2020,11,7,157.14
GJ Maxwell,1216517,2020,0,2,0.0
GJ Maxwell,1216523,2020,10,5,200.0
GJ Maxwell,1216527,2020,13,9,144.44
GJ Maxwell,1216537,2020,2,5,40.0
GJ Maxwell,1216542,2020,7,12,58.33
GJ Maxwell,1216546,2020,32,24,133.33
GJ Maxwell,1254058,2021,39,28,139.29
GJ Maxwell,1254063,2021,59,41,143.9
GJ Maxwell,1254067,2021,78,48,162.5
GJ Maxwell,1254076,2021,22,15,146.67
GJ Maxwell,1254079,2021,25,20,125.0
GJ Maxwell,1254083,2021,0,1,0.0
GJ Maxwell,1254087,2021,10,17,58.82
GJ Maxwell,1254090,2021,57,33,172.73
GJ Maxwell,1254095,2021,40,25,160.0
GJ Maxwell,1254101,2021,51,33,154.55
GJ Maxwell,1254103,2021,50,30,166.67
GJ Maxwell,1254108,2021,56,36,155.56
GJ Maxwell,1254113,2021,11,9,122.22
GJ Maxwell,1254115,2021,15,18,83.33
GJ Maxwell,1304064,2022,8,2,400.0
GJ Maxwell,1304068,2022,26,11,236.36
GJ Maxwell,1304073,2022,55,34,161.76
GJ Maxwell,1304077,2022,23,11,209.09
GJ Maxwell,1304082,2022,12,11,109.09
GJ Maxwell,1304085,2022,0,1,0.0
GJ Maxwell,1304089,2022,33,18,183.33
GJ Maxwell,1304095,2022,3,3,100.0
GJ Maxwell,1304100,2022,33,23,143.48
GJ Maxwell,1304106,2022,35,22,159.09
GJ Maxwell,1304113,2022,40,18,222.22
GJ Maxwell,1312198,2022,9,10,90.0
GJ Maxwell,1312199,2022,24,13,184.62
GJ Maxwell,1359479,2023,12,3,400.0
GJ Maxwell,1359483,2023,5,7,71.43
GJ Maxwell,1359489,2023,59,29,203.45
GJ Maxwell,1359494,2023,24,14,171.43
GJ Maxwell,1359498,2023,76,36,211.11
GJ Maxwell,1359501,2023,0,1,0.0
GJ Maxwell,1359506,2023,77,44,175.0
GJ Maxwell,1359510,2023,5,4,125.0
GJ Maxwell,1359517,2023,4,5,80.0
GJ Maxwell,1359524,2023,0,1,0.0
GJ Maxwell,1359528,2023,68,33,206.06
GJ Maxwell,1359534,2023,54,33,163.64
GJ Maxwell,1359539,2023,5,3,166.67
GJ Maxwell,1359544,2023,11,5,220.0
GJ Maxwell,1422119,2024,0,1,0.0
GJ Maxwell,1422124,2024,3,5,60.0
GJ Maxwell,1422128,2024,28,19,147.37
GJ Maxwell,1422133,2024,0,2,0.0
GJ Maxwell,1422137,2024,1,3,33.33
GJ Maxwell,1426263,2024,0,4,0.0
GJ Maxwell,1426290,2024,4,3,133.33
GJ Maxwell,1426306,2024,16,5,320.0
GJ Maxwell,1426310,2024,0,1,0.0
GJ Maxwell,1473442,2025,0,1,0.0
GJ Maxwell,1473455,2025,30,21,142.86
GJ Maxwell,1473459,2025,1,2,50.0
GJ Maxwell,1473464,2025,3,7,42.86
GJ Maxwell,1473468,2025,7,10,70.0
GJ Maxwell,1473481,2025,7,8,87.5
GR Napier,392203,2009,15,16,93.75
Gulbadin Naib,1426294,2024,19,15,126.67
Gurkeerat Singh,548354,2012,23,24,95.83
Gurkeerat Singh,548366,2012,29,12,241.67
Gurkeerat Singh,548369,2012,8,5,160.0
Gurkeerat Singh,548374,2012,26,11,236.36
Gurkeerat Singh,598007,2013,31,26,119.23
Gurkeerat Singh,598014,2013,10,15,66.67
Gurkeerat Singh,598016,2013,0,1,0.0
Gurkeerat Singh,598021,2013,17,12,141.67
Gurkeerat Singh,598031,2013,28,15,186.67
Gurkeerat Singh,598037,2013,2,4,50.0
Gurkeerat Singh,598041,2013,0,1,0.0
Gurkeerat Singh,598064,2013,20,20,100.0
Gurkeerat Singh,598066,2013,0,1,0.0
Gurkeerat Singh,829733,2015,11,10,110.0
Gurkeerat Singh,829791,2015,4,7,57.14
Gurkeerat Singh,829799,2015,3,5,60.0
Gurkeerat Singh,829803,2015,2,3,66.67
Gurkeerat Singh,829809,2015,15,14,107.14
Gurkeerat Singh,980955,2016,0,3,0.0
Gurkeerat Singh,980963,2016,11,11,100.0
Gurkeerat Singh,980985,2016,6,4,150.0
Gurkeerat Singh,980991,2016,27,20,135.0
Gurkeerat Singh,980999,2016,18,18,100.0
Gurkeerat Singh,981005,2016,51,30,170.0
Gurkeerat Singh,1178421,2019,27,19,142.11
Gurkeerat Singh,1178424,2019,6,3,200.0
Gurkeerat Singh,1178429,2019,65,48,135.42
Gurkeerat Singh,1216494,2020,21,26,80.77
Gurkeerat Singh,1216499,2020,14,11,127.27
Gurkeerat Singh,1216502,2020,15,24,62.5
Gurkeerat Singh,1216522,2020,19,17,111.76
Gurkeerat Singh,1216544,2020,2,2,100.0
H Das,336024,2008,2,5,40.0
H Klaasen,1136577,2018,7,7,100.0
H Klaasen,1136581,2018,0,1,0.0
H Klaasen,1136613,2018,32,21,152.38
H Klaasen,1136618,2018,18,18,100.0
H Klaasen,1178421,2019,3,3,100.0
H Klaasen,1178424,2019,6,6,100.0
H Klaasen,1359493,2023,16,6,266.67
H Klaasen,1359499,2023,36,16,225.0
H Klaasen,1359503,2023,17,16,106.25
H Klaasen,1359508,2023,31,19,163.16
H Klaasen,1359514,2023,51,26,196.15
H Klaasen,1359521,2023,36,20,180.0
H Klaasen,1359526,2023,26,12,216.67
H Klaasen,1359532,2023,47,29,162.07
H Klaasen,1359536,2023,64,44,145.45
H Klaasen,1359539,2023,104,51,203.92
H Klaasen,1359543,2023,17,12,141.67
H Klaasen,1422121,2024,63,29,217.24
H Klaasen,1422126,2024,79,33,239.39
H Klaasen,1422130,2024,24,13,184.62
H Klaasen,1422136,2024,10,11,90.91
H Klaasen,1426261,2024,9,9,100.0
H Klaasen,1426268,2024,67,31,216.13
H Klaasen,1426273,2024,15,8,187.5
H Klaasen,1426279,2024,6,2,300.0
H Klaasen,1426284,2024,20,21,95.24
H Klaasen,1426288,2024,42,19,221.05
H Klaasen,1426293,2024,2,4,50.0
H Klaasen,1426307,2024,42,26,161.54
H Klaasen,1426309,2024,31,20,155.0
H Klaasen,1426311,2024,50,34,147.06
H Klaasen,1426312,2024,16,17,94.12
H Klaasen,1473439,2025,34,14,242.86
H Klaasen,1473444,2025,26,17,152.94
H Klaasen,1473447,2025,30,17,176.47
H Klaasen,1473452,2025,33,21,157.14
H Klaasen,1473457,2025,27,19,142.11
H Klaasen,1473464,2025,21,14,150.0
H Klaasen,1473470,2025,37,28,132.14
H Klaasen,1473478,2025,71,44,161.36
H Klaasen,1473480,2025,7,8,87.5
H Klaasen,1473488,2025,23,18,127.78
H Klaasen,1473499,2025,47,28,167.86
H Klaasen,1473503,2025,24,13,184.62
H Klaasen,1473505,2025,104,38,273.68
H Klaasen,1527674,2026,31,22,140.91
H Klaasen,1527679,2026,52,35,148.57
H Klaasen,1527683,2026,62,41,151.22
H Klaasen,1527690,2026,39,33,118.18
H Klaasen,1529264,2026,40,26,153.85
H Klaasen,1529270,2026,59,39,151.28
H Klaasen,1529274,2026,37,13,284.62
H Klaasen,1529279,2026,29,24,120.83
H Klaasen,1529284,2026,65,30,216.67
H Klaasen,1529288,2026,11,8,137.5
H Klaasen,1529292,2026,69,43,160.47
H Klaasen,1529299,2026,14,16,87.5
H Klaasen,1529306,2026,47,26,180.77
H Klaasen,1529310,2026,51,24,212.5
H Klaasen,1535463,2026,18,10,180.0
HC Brook,1359478,2023,13,21,61.9
HC Brook,1359484,2023,3,4,75.0
HC Brook,1359488,2023,13,14,92.86
HC Brook,1359493,2023,96,54,177.78
HC Brook,1359499,2023,9,7,128.57
HC Brook,1359503,2023,18,13,138.46
HC Brook,1359508,2023,7,14,50.0
HC Brook,1359514,2023,0,2,0.0
HC Brook,1359521,2023,0,4,0.0
HC Brook,1359539,2023,27,19,142.11
HC Brook,1359543,2023,0,1,0.0
HE van der Dussen,1304066,2022,4,4,100.0
HE van der Dussen,1304070,2022,6,10,60.0
HE van der Dussen,1304104,2022,12,10,120.0
HF Gurney,1178398,2019,1,5,20.0
HH Gibbs,335999,2008,7,9,77.78
HH Gibbs,336002,2008,47,34,138.24
HH Gibbs,336007,2008,10,10,100.0
HH Gibbs,336011,2008,19,20,95.0
HH Gibbs,336014,2008,5,7,71.43
HH Gibbs,336020,2008,22,22,100.0
HH Gibbs,336031,2008,44,34,129.41
HH Gibbs,336034,2008,5,7,71.43
HH Gibbs,336037,2008,8,10,80.0
HH Gibbs,392184,2009,43,26,165.38
HH Gibbs,392188,2009,13,7,185.71
HH Gibbs,392192,2009,58,44,131.82
HH Gibbs,392196,2009,69,55,125.45
HH Gibbs,392201,2009,0,4,0.0
HH Gibbs,392205,2009,8,10,80.0
HH Gibbs,392209,2009,0,2,0.0
HH Gibbs,392212,2009,0,5,0.0
HH Gibbs,392216,2009,13,13,100.0
HH Gibbs,392228,2009,28,34,82.35
HH Gibbs,392229,2009,26,37,70.27
HH Gibbs,392236,2009,60,43,139.53
HH Gibbs,392237,2009,0,2,0.0
HH Gibbs,392239,2009,53,48,110.42
HH Gibbs,419106,2010,19,23,82.61
HH Gibbs,419110,2010,45,36,125.0
HH Gibbs,419117,2010,23,23,100.0
HH Gibbs,419120,2010,31,26,119.23
HH Gibbs,419126,2010,25,14,178.57
HH Gibbs,419130,2010,27,16,168.75
HH Gibbs,419135,2010,50,45,111.11
HH Gibbs,419138,2010,17,15,113.33
HH Gibbs,419151,2010,12,10,120.0
HH Gibbs,419163,2010,18,26,69.23
HH Gibbs,548363,2012,66,58,113.79
HH Gibbs,548367,2012,2,6,33.33
HH Gibbs,548370,2012,13,24,54.17
HH Pandya,829737,2015,16,6,266.67
HH Pandya,829747,2015,0,1,0.0
HH Pandya,829783,2015,5,8,62.5
HH Pandya,829789,2015,21,8,262.5
HH Pandya,829795,2015,8,4,200.0
HH Pandya,829805,2015,59,29,203.45
HH Pandya,829817,2015,1,2,50.0
HH Pandya,829823,2015,0,2,0.0
HH Pandya,980901,2016,9,11,81.82
HH Pandya,980909,2016,9,10,90.0
HH Pandya,980917,2016,2,6,33.33
HH Pandya,980923,2016,2,5,40.0
HH Pandya,980927,2016,2,3,66.67
HH Pandya,980933,2016,2,2,100.0
HH Pandya,980941,2016,4,2,200.0
HH Pandya,980973,2016,7,16,43.75
HH Pandya,981007,2016,7,8,87.5
HH Pandya,1082592,2017,35,15,233.33
HH Pandya,1082597,2017,29,11,263.64
HH Pandya,1082600,2017,2,3,66.67
HH Pandya,1082602,2017,9,4,225.0
HH Pandya,1082606,2017,6,3,200.0
HH Pandya,1082612,2017,15,4,375.0
HH Pandya,1082614,2017,24,22,109.09
HH Pandya,1082618,2017,13,11,118.18
HH Pandya,1082625,2017,4,5,80.0
HH Pandya,1082628,2017,14,9,155.56
HH Pandya,1082635,2017,29,14,207.14
HH Pandya,1082638,2017,15,24,62.5
HH Pandya,1082641,2017,30,13,230.77
HH Pandya,1082644,2017,1,2,50.0
HH Pandya,1082647,2017,14,10,140.0
HH Pandya,1082650,2017,10,9,111.11
HH Pandya,1136561,2018,22,20,110.0
HH Pandya,1136569,2018,2,3,66.67
HH Pandya,1136574,2018,17,5,340.0
HH Pandya,1136581,2018,4,2,200.0
HH Pandya,1136583,2018,3,19,15.79
HH Pandya,1136587,2018,13,8,162.5
HH Pandya,1136591,2018,50,42,119.05
HH Pandya,1136594,2018,23,13,176.92
HH Pandya,1136597,2018,35,20,175.0
HH Pandya,1136601,2018,19,13,146.15
HH Pandya,1136607,2018,36,21,171.43
HH Pandya,1136610,2018,9,12,75.0
HH Pandya,1136615,2018,27,17,158.82
HH Pandya,1175358,2019,0,2,0.0
HH Pandya,1175362,2019,30,13,230.77
HH Pandya,1175364,2019,31,19,163.16
HH Pandya,1175370,2019,25,8,312.5
HH Pandya,1178394,2019,14,14,100.0
HH Pandya,1178399,2019,19,13,146.15
HH Pandya,1178402,2019,28,11,254.55
HH Pandya,1178406,2019,37,16,231.25
HH Pandya,1178409,2019,32,15,213.33
HH Pandya,1178411,2019,23,15,153.33
HH Pandya,1178419,2019,23,18,127.78
HH Pandya,1178422,2019,91,34,267.65
HH Pandya,1178426,2019,25,12,208.33
HH Pandya,1181764,2019,13,11,118.18
HH Pandya,1181768,2019,16,10,160.0
HH Pandya,1216492,2020,14,10,140.0
HH Pandya,1216499,2020,17,15,113.33
HH Pandya,1216503,2020,30,11,272.73
HH Pandya,1216508,2020,18,13,138.46
HH Pandya,1216511,2020,28,18,155.56
HH Pandya,1216517,2020,9,5,180.0
HH Pandya,1216526,2020,21,11,190.91
HH Pandya,1216529,2020,0,2,0.0
HH Pandya,1216538,2020,28,19,147.37
HH Pandya,1216541,2020,60,21,285.71
HH Pandya,1216547,2020,16,15,106.67
HH Pandya,1237177,2020,37,14,264.29
HH Pandya,1237181,2020,3,5,60.0
HH Pandya,1254058,2021,13,10,130.0
HH Pandya,1254062,2021,15,17,88.24
HH Pandya,1254066,2021,7,5,140.0
HH Pandya,1254070,2021,0,1,0.0
HH Pandya,1254074,2021,1,4,25.0
HH Pandya,1254084,2021,16,7,228.57
HH Pandya,1254088,2021,10,8,125.0
HH Pandya,1254093,2021,5,6,83.33
HH Pandya,1254099,2021,40,30,133.33
HH Pandya,1254108,2021,3,6,50.0
HH Pandya,1254112,2021,16,17,94.12
HH Pandya,1304050,2022,33,28,117.86
HH Pandya,1304056,2022,31,27,114.81
HH Pandya,1304062,2022,26,17,152.94
HH Pandya,1304067,2022,50,42,119.05
HH Pandya,1304070,2022,87,52,167.31
HH Pandya,1304081,2022,67,49,136.73
HH Pandya,1304086,2022,10,6,166.67
HH Pandya,1304089,2022,3,5,60.0
HH Pandya,1304094,2022,1,7,14.29
HH Pandya,1304097,2022,24,14,171.43
HH Pandya,1304103,2022,11,13,84.62
HH Pandya,1304108,2022,7,6,116.67
HH Pandya,1304113,2022,62,47,131.91
HH Pandya,1312197,2022,40,27,148.15
HH Pandya,1312200,2022,34,30,113.33
HH Pandya,1359475,2023,8,11,72.73
HH Pandya,1359481,2023,4,3,133.33
HH Pandya,1359492,2023,8,11,72.73
HH Pandya,1359497,2023,28,19,147.37
HH Pandya,1359504,2023,66,50,132.0
HH Pandya,1359509,2023,13,14,92.86
HH Pandya,1359513,2023,26,20,130.0
HH Pandya,1359518,2023,59,53,111.32
HH Pandya,1359522,2023,39,15,260.0
HH Pandya,1359525,2023,25,15,166.67
HH Pandya,1359531,2023,4,3,133.33
HH Pandya,1359536,2023,8,6,133.33
HH Pandya,1370350,2023,8,7,114.29
HH Pandya,1370352,2023,24,12,200.0
HH Pandya,1370353,2023,21,12,175.0
HH Pandya,1422123,2024,11,4,275.0
HH Pandya,1422126,2024,24,20,120.0
HH Pandya,1422132,2024,34,21,161.9
HH Pandya,1422138,2024,39,33,118.18
HH Pandya,1426263,2024,21,6,350.0
HH Pandya,1426267,2024,2,6,33.33
HH Pandya,1426271,2024,10,6,166.67
HH Pandya,1426276,2024,10,10,100.0
HH Pandya,1426281,2024,46,24,191.67
HH Pandya,1426286,2024,0,1,0.0
HH Pandya,1426289,2024,1,3,33.33
HH Pandya,1426298,2024,2,4,50.0
HH Pandya,1426305,2024,16,13,123.08
HH Pandya,1473446,2025,11,17,64.71
HH Pandya,1473453,2025,28,16,175.0
HH Pandya,1473458,2025,42,15,280.0
HH Pandya,1473466,2025,2,4,50.0
HH Pandya,1473470,2025,21,9,233.33
HH Pandya,1473482,2025,5,7,71.43
HH Pandya,1473487,2025,48,23,208.7
HH Pandya,1473493,2025,1,3,33.33
HH Pandya,1473501,2025,3,6,50.0
HH Pandya,1473506,2025,26,15,173.33
HH Pandya,1473509,2025,22,9,244.44
HH Pandya,1473510,2025,15,13,115.38
HH Pandya,1527675,2026,18,11,163.64
HH Pandya,1527686,2026,9,6,150.0
HH Pandya,1527693,2026,40,22,181.82
HH Pandya,1529267,2026,14,12,116.67
HH Pandya,1529273,2026,15,16,93.75
HH Pandya,1529276,2026,1,2,50.0
HH Pandya,1529284,2026,31,15,206.67
HH Pandya,1529287,2026,18,23,78.26
HH Pandya,1529308,2026,26,27,96.3
HH Pandya,1529312,2026,34,15,226.67
HM Amla,980971,2016,1,5,20.0
HM Amla,980977,2016,21,20,105.0
HM Amla,980985,2016,0,5,0.0
HM Amla,980991,2016,96,56,171.43
HM Amla,980999,2016,9,6,150.0
HM Amla,981005,2016,30,27,111.11
HM Amla,1082594,2017,28,27,103.7
HM Amla,1082598,2017,58,38,152.63
HM Amla,1082601,2017,25,27,92.59
HM Amla,1082605,2017,19,12,158.33
HM Amla,1082609,2017,0,1,0.0
HM Amla,1082612,2017,102,59,172.88
HM Amla,1082616,2017,65,40,162.5
HM Amla,1082626,2017,16,20,80.0
HM Amla,1082633,2017,1,3,33.33
HM Amla,1082637,2017,104,60,173.33
HR Shokeen,1304079,2022,25,25,100.0
HR Shokeen,1304105,2022,18,23,78.26
HR Shokeen,1359479,2023,5,3,166.67
HR Shokeen,1359486,2023,18,13,138.46
HR Shokeen,1370351,2023,0,1,0.0
HV Patel,548310,2012,0,1,0.0
HV Patel,548315,2012,10,9,111.11
HV Patel,548376,2012,5,5,100.0
HV Patel,733977,2014,1,2,50.0
HV Patel,733983,2014,6,2,300.0
HV Patel,733991,2014,6,3,200.0
HV Patel,829713,2015,9,4,225.0
HV Patel,829719,2015,2,2,100.0
HV Patel,829745,2015,0,1,0.0
HV Patel,829763,2015,6,2,300.0
HV Patel,829779,2015,0,1,0.0
HV Patel,829821,2015,2,2,100.0
HV Patel,1136602,2018,24,17,141.18
HV Patel,1136612,2018,36,16,225.0
HV Patel,1175368,2019,0,2,0.0
HV Patel,1216500,2020,16,15,106.67
HV Patel,1216535,2020,5,9,55.56
HV Patel,1254058,2021,4,3,133.33
HV Patel,1254076,2021,0,8,0.0
HV Patel,1254083,2021,31,13,238.46
HV Patel,1254087,2021,12,10,120.0
HV Patel,1254090,2021,1,1,100.0
HV Patel,1254113,2021,3,5,60.0
HV Patel,1254115,2021,8,6,133.33
HV Patel,1304052,2022,10,6,166.67
HV Patel,1304059,2022,9,4,225.0
HV Patel,1304077,2022,0,1,0.0
HV Patel,1304082,2022,4,8,50.0
HV Patel,1304085,2022,8,11,72.73
HV Patel,1304106,2022,11,7,157.14
HV Patel,1312199,2022,1,2,50.0
HV Patel,1359483,2023,0,2,0.0
HV Patel,1359494,2023,6,4,150.0
HV Patel,1426271,2024,1,4,25.0
HV Patel,1426275,2024,0,1,0.0
HV Patel,1426291,2024,12,13,92.31
HV Patel,1426296,2024,0,1,0.0
HV Patel,1473444,2025,12,11,109.09
HV Patel,1473447,2025,5,9,55.56
HV Patel,1473452,2025,3,5,60.0
HV Patel,1473478,2025,1,1,100.0
HV Patel,1527674,2026,0,2,0.0
HV Patel,1527683,2026,4,2,200.0
HV Patel,1529288,2026,6,5,120.0
Harbhajan Singh,335985,2008,2,2,100.0
Harbhajan Singh,335989,2008,28,14,200.0
Harbhajan Singh,335991,2008,0,1,0.0
Harbhajan Singh,392181,2009,4,2,200.0
Harbhajan Singh,392192,2009,20,8,250.0
Harbhajan Singh,392197,2009,18,8,225.0
Harbhajan Singh,392200,2009,6,5,120.0
Harbhajan Singh,392203,2009,6,7,85.71
Harbhajan Singh,392212,2009,0,1,0.0
Harbhajan Singh,392215,2009,10,6,166.67
Harbhajan Singh,392225,2009,7,8,87.5
Harbhajan Singh,392227,2009,1,1,100.0
Harbhajan Singh,392235,2009,12,7,171.43
Harbhajan Singh,419107,2010,8,6,133.33
Harbhajan Singh,419119,2010,4,6,66.67
Harbhajan Singh,419130,2010,45,16,281.25
Harbhajan Singh,419132,2010,1,1,100.0
Harbhajan Singh,419142,2010,29,22,131.82
Harbhajan Singh,419146,2010,9,7,128.57
Harbhajan Singh,419165,2010,1,2,50.0
Harbhajan Singh,501231,2011,10,7,142.86
Harbhajan Singh,501241,2011,9,3,300.0
Harbhajan Singh,501251,2011,12,7,171.43
Harbhajan Singh,501256,2011,17,12,141.67
Harbhajan Singh,501263,2011,1,1,100.0
Harbhajan Singh,501267,2011,30,29,103.45
Harbhajan Singh,501269,2011,11,5,220.0
Harbhajan Singh,501270,2011,13,7,185.71
Harbhajan Singh,548308,2012,16,15,106.67
Harbhajan Singh,548317,2012,18,6,300.0
Harbhajan Singh,548325,2012,33,22,150.0
Harbhajan Singh,548334,2012,4,3,133.33
Harbhajan Singh,548339,2012,0,2,0.0
Harbhajan Singh,548342,2012,15,12,125.0
Harbhajan Singh,548351,2012,0,1,0.0
Harbhajan Singh,548355,2012,0,1,0.0
Harbhajan Singh,548360,2012,20,12,166.67
Harbhajan Singh,548370,2012,1,2,50.0
Harbhajan Singh,548379,2012,1,4,25.0
Harbhajan Singh,597999,2013,1,1,100.0
Harbhajan Singh,598002,2013,21,21,100.0
Harbhajan Singh,598006,2013,1,1,100.0
Harbhajan Singh,598019,2013,1,1,100.0
Harbhajan Singh,598029,2013,7,2,350.0
Harbhajan Singh,598033,2013,16,8,200.0
Harbhajan Singh,598046,2013,25,11,227.27
Harbhajan Singh,598055,2013,4,3,133.33
Harbhajan Singh,598063,2013,15,7,214.29
Harbhajan Singh,598066,2013,5,8,62.5
Harbhajan Singh,598070,2013,0,4,0.0
Harbhajan Singh,598072,2013,6,4,150.0
Harbhajan Singh,598073,2013,14,8,175.0
Harbhajan Singh,729279,2014,0,2,0.0
Harbhajan Singh,729287,2014,8,8,100.0
Harbhajan Singh,729303,2014,0,2,0.0
Harbhajan Singh,729309,2014,10,5,200.0
Harbhajan Singh,729317,2014,1,3,33.33
Harbhajan Singh,734031,2014,2,3,66.67
Harbhajan Singh,734045,2014,7,2,350.0
Harbhajan Singh,829717,2015,63,23,273.91
Harbhajan Singh,829729,2015,24,21,114.29
Harbhajan Singh,829737,2015,0,1,0.0
Harbhajan Singh,829747,2015,9,10,90.0
Harbhajan Singh,829751,2015,0,4,0.0
Harbhajan Singh,829783,2015,5,4,125.0
Harbhajan Singh,829795,2015,3,3,100.0
Harbhajan Singh,829817,2015,6,3,200.0
Harbhajan Singh,829823,2015,6,3,200.0
Harbhajan Singh,980901,2016,45,30,150.0
Harbhajan Singh,980917,2016,8,13,61.54
Harbhajan Singh,980923,2016,1,3,33.33
Harbhajan Singh,980933,2016,0,1,0.0
Harbhajan Singh,980973,2016,21,22,95.45
Harbhajan Singh,980985,2016,14,10,140.0
Harbhajan Singh,981007,2016,3,5,60.0
Harbhajan Singh,1082597,2017,1,1,100.0
Harbhajan Singh,1082600,2017,3,3,100.0
Harbhajan Singh,1082614,2017,2,2,100.0
Harbhajan Singh,1082618,2017,7,2,350.0
Harbhajan Singh,1082625,2017,0,1,0.0
Harbhajan Singh,1082638,2017,1,3,33.33
Harbhajan Singh,1082641,2017,2,4,50.0
Harbhajan Singh,1136561,2018,8,5,160.0
Harbhajan Singh,1136616,2018,19,21,90.48
Harbhajan Singh,1136617,2018,2,9,22.22
Harbhajan Singh,1178419,2019,1,3,33.33
Harbhajan Singh,1254062,2021,2,2,100.0
Harbhajan Singh,1254067,2021,2,2,100.0
Harmeet Singh,419163,2010,0,1,0.0
Harmeet Singh,548309,2012,1,1,100.0
Harmeet Singh,548323,2012,14,6,233.33
Harmeet Singh,598056,2013,3,4,75.0
Harpreet Brar,1178412,2019,20,12,166.67
Harpreet Brar,1254083,2021,25,17,147.06
Harpreet Brar,1254086,2021,4,2,200.0
Harpreet Brar,1254090,2021,3,2,150.0
Harpreet Brar,1254099,2021,14,19,73.68
Harpreet Brar,1254107,2021,18,18,100.0
Harpreet Brar,1304054,2022,14,18,77.78
Harpreet Brar,1304106,2022,7,5,140.0
Harpreet Brar,1304110,2022,1,2,50.0
Harpreet Brar,1359488,2023,1,2,50.0
Harpreet Brar,1359492,2023,8,5,160.0
Harpreet Brar,1359495,2023,6,4,150.0
Harpreet Brar,1359501,2023,13,13,100.0
Harpreet Brar,1359505,2023,5,2,250.0
Harpreet Brar,1359527,2023,17,9,188.89
Harpreet Brar,1359533,2023,2,5,40.0
Harpreet Brar,1359538,2023,0,1,0.0
Harpreet Brar,1422120,2024,2,2,100.0
Harpreet Brar,1422124,2024,2,2,100.0
Harpreet Brar,1422135,2024,1,2,50.0
Harpreet Brar,1426265,2024,3,3,100.0
Harpreet Brar,1426271,2024,21,20,105.0
Harpreet Brar,1426275,2024,29,12,241.67
Harpreet Brar,1426291,2024,17,13,130.77
Harpreet Brar,1473508,2025,4,11,36.36
Harpreet Brar,1485779,2025,7,2,350.0
Harpreet Brar,1529304,2026,5,3,166.67
Harpreet Singh,501232,2011,1,1,100.0
Harpreet Singh,501235,2011,13,19,68.42
Harpreet Singh,548375,2012,6,6,100.0
Harpreet Singh,1359495,2023,22,22,100.0
Harpreet Singh,1359501,2023,13,9,144.44
Harpreet Singh,1359505,2023,37,27,137.04
Harpreet Singh,1426271,2024,13,15,86.67
Harpreet Singh,1426275,2024,14,19,73.68
Harsh Dubey,1527674,2026,3,3,100.0
Harsh Dubey,1527679,2026,9,3,300.0
Harsh Dubey,1527683,2026,0,1,0.0
Harsh Dubey,1527690,2026,1,2,50.0
Harshit Rana,1304087,2022,0,1,0.0
Harshit Rana,1304099,2022,2,1,200.0
Harshit Rana,1359521,2023,0,1,0.0
Harshit Rana,1473438,2025,5,6,83.33
Harshit Rana,1473449,2025,4,7,57.14
Harshit Rana,1473456,2025,10,9,111.11
Harshit Rana,1473468,2025,3,6,50.0
Harshit Rana,1473476,2025,1,2,50.0
Harshit Rana,1473485,2025,0,1,0.0
Harshit Rana,1473505,2025,34,21,161.9
Himmat Singh,1529272,2026,1,1,100.0
Himmat Singh,1529275,2026,15,15,100.0
Himmat Singh,1529281,2026,17,8,212.5
Himmat Singh,1529290,2026,39,29,134.48
Himmat Singh,1529296,2026,17,12,141.67
I Malhotra,501243,2011,7,4,175.0
I Sharma,335993,2008,4,3,133.33
I Sharma,336000,2008,1,1,100.0
I Sharma,336021,2008,4,5,80.0
I Sharma,336027,2008,2,1,200.0
I Sharma,336035,2008,0,1,0.0
I Sharma,392184,2009,9,9,100.0
I Sharma,392190,2009,1,1,100.0
I Sharma,392197,2009,6,3,200.0
I Sharma,419113,2010,6,15,40.0
I Sharma,419148,2010,0,2,0.0
I Sharma,501199,2011,1,1,100.0
I Sharma,501203,2011,1,1,100.0
I Sharma,501224,2011,1,2,50.0
I Sharma,501236,2011,1,1,100.0
I Sharma,1082609,2017,2,5,40.0
I Sharma,1082623,2017,5,2,250.0
I Sharma,1082645,2017,1,5,20.0
I Sharma,1181767,2019,10,3,333.33
I Sharma,1359508,2023,1,1,100.0
I Sharma,1422134,2024,1,3,33.33
I Sharma,1426300,2024,0,4,0.0
I Udana,1216502,2020,0,1,0.0
I Udana,1216505,2020,4,2,200.0
I Udana,1216519,2020,1,3,33.33
I Udana,1216531,2020,10,5,200.0
IC Pandey,598027,2013,0,2,0.0
IK Pathan,335983,2008,3,5,60.0
IK Pathan,335987,2008,12,19,63.16
IK Pathan,335991,2008,6,3,200.0
IK Pathan,335995,2008,9,6,150.0
IK Pathan,336003,2008,24,26,92.31
IK Pathan,336006,2008,17,17,100.0
IK Pathan,336013,2008,40,18,222.22
IK Pathan,336028,2008,9,5,180.0
IK Pathan,336035,2008,7,4,175.0
IK Pathan,336039,2008,3,12,25.0
IK Pathan,392183,2009,6,7,85.71
IK Pathan,392186,2009,32,17,188.24
IK Pathan,392195,2009,39,33,118.18
IK Pathan,392200,2009,7,10,70.0
IK Pathan,392204,2009,12,9,133.33
IK Pathan,392207,2009,19,16,118.75
IK Pathan,392210,2009,19,17,111.76
IK Pathan,392216,2009,10,12,83.33
IK Pathan,392222,2009,0,3,0.0
IK Pathan,392226,2009,21,11,190.91
IK Pathan,392229,2009,17,11,154.55
IK Pathan,392234,2009,14,12,116.67
IK Pathan,419108,2010,21,16,131.25
IK Pathan,419112,2010,3,1,300.0
IK Pathan,419117,2010,60,29,206.9
IK Pathan,419121,2010,39,32,121.88
IK Pathan,419124,2010,1,1,100.0
IK Pathan,419127,2010,22,14,157.14
IK Pathan,419132,2010,18,14,128.57
IK Pathan,419136,2010,16,5,320.0
IK Pathan,419143,2010,24,23,104.35
IK Pathan,419146,2010,15,6,250.0
IK Pathan,419149,2010,12,17,70.59
IK Pathan,419156,2010,1,1,100.0
IK Pathan,419159,2010,44,27,162.96
IK Pathan,501201,2011,0,1,0.0
IK Pathan,501204,2011,9,5,180.0
IK Pathan,501213,2011,14,16,87.5
IK Pathan,501216,2011,5,9,55.56
IK Pathan,501227,2011,13,7,185.71
IK Pathan,501230,2011,9,12,75.0
IK Pathan,501233,2011,13,7,185.71
IK Pathan,501238,2011,5,6,83.33
IK Pathan,501243,2011,12,15,80.0
IK Pathan,501246,2011,23,18,127.78
IK Pathan,501253,2011,44,34,129.41
IK Pathan,501257,2011,3,7,42.86
IK Pathan,548307,2012,42,20,210.0
IK Pathan,548310,2012,24,15,160.0
IK Pathan,548321,2012,5,11,45.45
IK Pathan,548333,2012,15,11,136.36
IK Pathan,548342,2012,0,1,0.0
IK Pathan,548345,2012,7,5,140.0
IK Pathan,548357,2012,36,22,163.64
IK Pathan,548364,2012,13,17,76.47
IK Pathan,548369,2012,19,10,190.0
IK Pathan,548372,2012,4,4,100.0
IK Pathan,548374,2012,5,7,71.43
IK Pathan,548378,2012,6,3,200.0
IK Pathan,597998,2013,4,7,57.14
IK Pathan,598001,2013,1,1,100.0
IK Pathan,598006,2013,10,12,83.33
IK Pathan,598010,2013,23,30,76.67
IK Pathan,598017,2013,30,12,250.0
IK Pathan,598020,2013,2,6,33.33
IK Pathan,598028,2013,1,7,14.29
IK Pathan,598035,2013,4,1,400.0
IK Pathan,598044,2013,13,19,68.42
IK Pathan,598054,2013,23,10,230.0
IK Pathan,598059,2013,14,17,82.35
IK Pathan,598062,2013,4,5,80.0
IK Pathan,598067,2013,24,28,85.71
IK Pathan,729295,2014,5,9,55.56
IK Pathan,729317,2014,1,1,100.0
IK Pathan,733977,2014,4,2,200.0
IK Pathan,733989,2014,21,21,100.0
IK Pathan,734007,2014,1,2,50.0
IK Pathan,734015,2014,23,19,121.05
IK Pathan,980919,2016,2,2,100.0
IK Pathan,980989,2016,7,8,87.5
IK Pathan,981005,2016,2,3,66.67
IK Pathan,1082625,2017,2,3,66.67
IR Jaggi,501199,2011,25,28,89.29
IR Jaggi,501203,2011,3,9,33.33
IR Jaggi,548335,2012,3,7,42.86
IR Jaggi,548341,2012,10,7,142.86
IR Jaggi,548346,2012,2,7,28.57
IR Jaggi,1082648,2017,5,8,62.5
IR Jaggi,1082649,2017,28,31,90.32
IS Sodhi,1136609,2018,1,6,16.67
IS Sodhi,1178428,2019,6,11,54.55
Imran Tahir,734011,2014,4,6,66.67
Imran Tahir,734039,2014,4,4,100.0
Imran Tahir,829707,2015,2,2,100.0
Imran Tahir,829757,2015,3,4,75.0
Imran Tahir,980993,2016,5,7,71.43
Imran Tahir,1082599,2017,0,2,0.0
Imran Tahir,1136561,2018,2,2,100.0
Imran Tahir,1216521,2020,13,10,130.0
Iqbal Abdulla,336017,2008,1,2,50.0
Iqbal Abdulla,419153,2010,0,1,0.0
Iqbal Abdulla,501198,2011,3,3,100.0
Iqbal Abdulla,501219,2011,12,9,133.33
Iqbal Abdulla,548307,2012,1,1,100.0
Iqbal Abdulla,548312,2012,1,2,50.0
Iqbal Abdulla,598050,2013,6,11,54.55
Iqbal Abdulla,598069,2013,2,3,66.67
Iqbal Abdulla,829737,2015,20,14,142.86
Iqbal Abdulla,829779,2015,0,3,0.0
Iqbal Abdulla,981013,2016,32,24,133.33
Iqbal Abdulla,981019,2016,4,2,200.0
Iqbal Abdulla,1082595,2017,5,7,71.43
Ishan Kishan,980905,2016,11,8,137.5
Ishan Kishan,980945,2016,2,6,33.33
Ishan Kishan,980949,2016,0,1,0.0
Ishan Kishan,980955,2016,27,24,112.5
Ishan Kishan,980961,2016,2,2,100.0
Ishan Kishan,1082606,2017,11,14,78.57
Ishan Kishan,1082610,2017,39,16,243.75
Ishan Kishan,1082613,2017,4,11,36.36
Ishan Kishan,1082621,2017,16,11,145.45
Ishan Kishan,1082625,2017,48,35,137.14
Ishan Kishan,1082629,2017,31,24,129.17
Ishan Kishan,1082632,2017,4,6,66.67
Ishan Kishan,1082637,2017,29,23,126.09
Ishan Kishan,1082640,2017,34,25,136.0
Ishan Kishan,1082643,2017,61,40,152.5
Ishan Kishan,1136561,2018,40,29,137.93
Ishan Kishan,1136567,2018,9,9,100.0
Ishan Kishan,1136569,2018,44,23,191.3
Ishan Kishan,1136574,2018,0,1,0.0
Ishan Kishan,1136581,2018,58,42,138.1
Ishan Kishan,1136583,2018,0,3,0.0
Ishan Kishan,1136591,2018,0,1,0.0
Ishan Kishan,1136594,2018,25,19,131.58
Ishan Kishan,1136601,2018,62,21,295.24
Ishan Kishan,1136607,2018,12,11,109.09
Ishan Kishan,1136610,2018,20,12,166.67
Ishan Kishan,1136615,2018,5,13,38.46
Ishan Kishan,1178394,2019,17,21,80.95
Ishan Kishan,1178399,2019,7,10,70.0
Ishan Kishan,1178402,2019,5,3,166.67
Ishan Kishan,1178406,2019,21,9,233.33
Ishan Kishan,1181764,2019,28,31,90.32
Ishan Kishan,1181768,2019,23,26,88.46
Ishan Kishan,1216495,2020,33,30,110.0
Ishan Kishan,1216499,2020,25,19,131.58
Ishan Kishan,1216503,2020,28,32,87.5
Ishan Kishan,1216511,2020,0,1,0.0
Ishan Kishan,1216517,2020,7,7,100.0
Ishan Kishan,1216521,2020,68,37,183.78
Ishan Kishan,1216529,2020,28,15,186.67
Ishan Kishan,1216535,2020,72,47,153.19
Ishan Kishan,1216538,2020,30,22,136.36
Ishan Kishan,1216541,2020,37,36,102.78
Ishan Kishan,1216547,2020,99,58,170.69
Ishan Kishan,1237177,2020,55,30,183.33
Ishan Kishan,1237181,2020,33,19,173.68
Ishan Kishan,1254058,2021,28,19,147.37
Ishan Kishan,1254062,2021,1,3,33.33
Ishan Kishan,1254066,2021,12,21,57.14
Ishan Kishan,1254070,2021,26,28,92.86
Ishan Kishan,1254074,2021,6,17,35.29
Ishan Kishan,1254088,2021,84,32,262.5
Ishan Kishan,1254093,2021,48,23,208.7
Ishan Kishan,1254096,2021,13,12,108.33
Ishan Kishan,1254104,2021,11,10,110.0
Ishan Kishan,1254108,2021,9,12,75.0
Ishan Kishan,1304048,2022,81,48,168.75
Ishan Kishan,1304055,2022,50,42,119.05
Ishan Kishan,1304060,2022,14,21,66.67
Ishan Kishan,1304064,2022,26,28,92.86
Ishan Kishan,1304069,2022,3,6,50.0
Ishan Kishan,1304072,2022,13,17,76.47
Ishan Kishan,1304079,2022,0,1,0.0
Ishan Kishan,1304083,2022,8,20,40.0
Ishan Kishan,1304090,2022,26,18,144.44
Ishan Kishan,1304097,2022,45,29,155.17
Ishan Kishan,1304102,2022,51,43,118.6
Ishan Kishan,1304105,2022,6,5,120.0
Ishan Kishan,1304111,2022,43,34,126.47
Ishan Kishan,1304115,2022,48,35,137.14
Ishan Kishan,1359479,2023,10,13,76.92
Ishan Kishan,1359486,2023,32,21,152.38
Ishan Kishan,1359490,2023,31,26,119.23
Ishan Kishan,1359496,2023,58,25,232.0
Ishan Kishan,1359499,2023,38,31,122.58
Ishan Kishan,1359505,2023,1,4,25.0
Ishan Kishan,1359509,2023,13,21,61.9
Ishan Kishan,1359516,2023,28,23,121.74
Ishan Kishan,1359520,2023,75,41,182.93
Ishan Kishan,1359523,2023,7,9,77.78
Ishan Kishan,1359528,2023,42,21,200.0
Ishan Kishan,1359531,2023,31,20,155.0
Ishan Kishan,1359537,2023,59,39,151.28
Ishan Kishan,1359543,2023,14,12,116.67
Ishan Kishan,1370351,2023,15,12,125.0
Ishan Kishan,1422123,2024,0,4,0.0
Ishan Kishan,1422126,2024,34,13,261.54
Ishan Kishan,1422132,2024,16,14,114.29
Ishan Kishan,1422138,2024,42,23,182.61
Ishan Kishan,1426263,2024,69,34,202.94
Ishan Kishan,1426267,2024,23,15,153.33
Ishan Kishan,1426271,2024,8,8,100.0
Ishan Kishan,1426276,2024,0,3,0.0
Ishan Kishan,1426281,2024,20,14,142.86
Ishan Kishan,1426286,2024,31,35,88.57
Ishan Kishan,1426289,2024,13,7,185.71
Ishan Kishan,1426293,2024,9,7,128.57
Ishan Kishan,1426298,2024,40,22,181.82
Ishan Kishan,1426305,2024,14,15,93.33
Ishan Kishan,1473439,2025,106,47,225.53
Ishan Kishan,1473444,2025,0,1,0.0
Ishan Kishan,1473447,2025,2,5,40.0
Ishan Kishan,1473452,2025,2,5,40.0
Ishan Kishan,1473457,2025,17,14,121.43
Ishan Kishan,1473464,2025,9,6,150.0
Ishan Kishan,1473470,2025,2,3,66.67
Ishan Kishan,1473478,2025,1,4,25.0
Ishan Kishan,1473480,2025,44,34,129.41
Ishan Kishan,1473488,2025,13,17,76.47
Ishan Kishan,1473499,2025,35,28,125.0
Ishan Kishan,1473503,2025,94,48,195.83
Ishan Kishan,1473505,2025,29,20,145.0
Ishan Kishan,1527674,2026,80,38,210.53
Ishan Kishan,1527679,2026,14,9,155.56
Ishan Kishan,1527683,2026,1,4,25.0
Ishan Kishan,1527690,2026,27,17,158.82
Ishan Kishan,1529264,2026,91,44,206.82
Ishan Kishan,1529270,2026,0,1,0.0
Ishan Kishan,1529274,2026,25,13,192.31
Ishan Kishan,1529279,2026,74,31,238.71
Ishan Kishan,1529284,2026,0,1,0.0
Ishan Kishan,1529288,2026,42,29,144.83
Ishan Kishan,1529292,2026,55,32,171.88
Ishan Kishan,1529299,2026,11,7,157.14
Ishan Kishan,1529306,2026,70,47,148.94
Ishan Kishan,1529310,2026,79,46,171.74
Ishan Kishan,1535463,2026,33,11,300.0
J Arunkumar,336010,2008,22,17,129.41
J Arunkumar,336016,2008,1,3,33.33
J Arunkumar,336023,2008,0,3,0.0
J Botha,392225,2009,2,3,66.67
J Botha,392230,2009,36,30,120.0
J Botha,392233,2009,8,6,133.33
J Botha,501199,2011,67,47,142.55
J Botha,501204,2011,39,32,121.88
J Botha,501209,2011,12,12,100.0
J Botha,501225,2011,14,7,200.0
J Botha,501231,2011,45,39,115.38
J Botha,501235,2011,12,18,66.67
J Botha,501240,2011,8,6,133.33
J Botha,501249,2011,14,17,82.35
J Botha,501252,2011,19,20,95.0
J Botha,548317,2012,2,3,66.67
J Botha,548320,2012,6,7,85.71
J Botha,548326,2012,14,9,155.56
J Botha,548354,2012,14,8,175.0
J Botha,548361,2012,12,20,60.0
J Botha,548365,2012,7,3,233.33
J Botha,548373,2012,3,4,75.0
J Botha,597998,2013,7,6,116.67
J Botha,598001,2013,2,3,66.67
J Botha,598010,2013,9,14,64.29
J Botha,598044,2013,1,7,14.29
J Botha,598059,2013,1,2,50.0
J Botha,598062,2013,23,20,115.0
J Botha,829761,2015,17,5,340.0
J Botha,829781,2015,12,6,200.0
J Botha,829791,2015,2,4,50.0
J Fraser-McGurk,1426264,2024,55,35,157.14
J Fraser-McGurk,1426270,2024,20,10,200.0
J Fraser-McGurk,1426273,2024,65,18,361.11
J Fraser-McGurk,1426278,2024,23,14,164.29
J Fraser-McGurk,1426281,2024,78,26,300.0
J Fraser-McGurk,1426285,2024,12,6,200.0
J Fraser-McGurk,1426294,2024,50,20,250.0
J Fraser-McGurk,1426300,2024,21,8,262.5
J Fraser-McGurk,1426302,2024,0,2,0.0
J Fraser-McGurk,1473441,2025,1,2,50.0
J Fraser-McGurk,1473447,2025,38,32,118.75
J Fraser-McGurk,1473454,2025,0,5,0.0
J Fraser-McGurk,1473461,2025,7,6,116.67
J Fraser-McGurk,1473466,2025,0,1,0.0
J Fraser-McGurk,1473469,2025,9,6,150.0
J Overton,1473448,2025,11,4,275.0
J Overton,1473475,2025,4,3,133.33
J Overton,1527676,2026,43,36,119.44
J Overton,1527684,2026,33,15,220.0
J Overton,1529265,2026,7,6,116.67
J Overton,1529270,2026,16,15,106.67
J Overton,1529276,2026,15,7,214.29
J Overton,1529280,2026,18,6,300.0
J Suchith,829717,2015,34,21,161.9
J Suchith,829721,2015,0,1,0.0
J Suchith,829751,2015,9,5,180.0
J Suchith,829795,2015,4,4,100.0
J Suchith,829817,2015,1,1,100.0
J Suchith,1178425,2019,6,15,40.0
J Suchith,1254077,2021,14,6,233.33
J Suchith,1304100,2022,2,7,28.57
J Suchith,1304116,2022,0,1,0.0
J Syed Mohammad,501227,2011,13,10,130.0
J Syed Mohammad,501271,2011,2,2,100.0
J Syed Mohammad,548356,2012,4,1,400.0
J Syed Mohammad,598017,2013,1,2,50.0
J Syed Mohammad,598033,2013,9,11,81.82
J Theron,419121,2010,0,1,0.0
J Theron,419124,2010,2,4,50.0
J Theron,548359,2012,7,6,116.67
J Theron,829769,2015,1,1,100.0
J Yadav,980965,2016,1,3,33.33
J Yadav,981011,2016,5,7,71.43
J Yadav,1254070,2021,23,22,104.55
J Yadav,1254112,2021,11,4,275.0
JA Morkel,336001,2008,28,16,175.0
JA Morkel,336005,2008,42,33,127.27
JA Morkel,336007,2008,29,19,152.63
JA Morkel,336009,2008,30,15,200.0
JA Morkel,336013,2008,7,6,116.67
JA Morkel,336018,2008,5,4,125.0
JA Morkel,336029,2008,1,5,20.0
JA Morkel,336033,2008,65,39,166.67
JA Morkel,336037,2008,12,12,100.0
JA Morkel,336040,2008,16,13,123.08
JA Morkel,392185,2009,5,3,166.67
JA Morkel,392189,2009,13,14,92.86
JA Morkel,392196,2009,13,7,185.71
JA Morkel,392202,2009,4,1,400.0
JA Morkel,392206,2009,6,4,150.0
JA Morkel,392209,2009,4,5,80.0
JA Morkel,392214,2009,2,2,100.0
JA Morkel,392224,2009,9,7,128.57
JA Morkel,392231,2009,21,10,210.0
JA Morkel,392238,2009,20,17,117.65
JA Morkel,419110,2010,42,26,161.54
JA Morkel,419116,2010,0,3,0.0
JA Morkel,419121,2010,13,13,100.0
JA Morkel,419123,2010,19,19,100.0
JA Morkel,419129,2010,28,12,233.33
JA Morkel,419133,2010,1,3,33.33
JA Morkel,419137,2010,62,34,182.35
JA Morkel,419155,2010,1,4,25.0
JA Morkel,419159,2010,13,7,185.71
JA Morkel,419163,2010,4,4,100.0
JA Morkel,419165,2010,15,6,250.0
JA Morkel,501198,2011,15,9,166.67
JA Morkel,501211,2011,9,8,112.5
JA Morkel,501215,2011,9,4,225.0
JA Morkel,501221,2011,2,3,66.67
JA Morkel,501226,2011,0,4,0.0
JA Morkel,501236,2011,19,5,380.0
JA Morkel,501245,2011,30,30,100.0
JA Morkel,501249,2011,5,4,125.0
JA Morkel,501261,2011,13,10,130.0
JA Morkel,501266,2011,5,9,55.56
JA Morkel,501268,2011,28,10,280.0
JA Morkel,501271,2011,2,4,50.0
JA Morkel,548306,2012,3,8,37.5
JA Morkel,548311,2012,2,3,66.67
JA Morkel,548316,2012,2,3,66.67
JA Morkel,548318,2012,28,7,400.0
JA Morkel,548322,2012,3,3,100.0
JA Morkel,548343,2012,8,9,88.89
JA Morkel,548347,2012,13,8,162.5
JA Morkel,548352,2012,13,9,144.44
JA Morkel,548355,2012,3,3,100.0
JA Morkel,548361,2012,18,6,300.0
JA Morkel,548371,2012,14,8,175.0
JA Morkel,548380,2012,0,1,0.0
JA Morkel,598015,2013,13,11,118.18
JA Morkel,598041,2013,23,16,143.75
JA Morkel,598073,2013,10,10,100.0
JA Morkel,729299,2014,6,5,120.0
JA Morkel,729305,2014,7,13,53.85
JA Morkel,729313,2014,15,14,107.14
JA Morkel,733991,2014,16,8,200.0
JA Morkel,733999,2014,1,1,100.0
JA Morkel,829707,2015,73,55,132.73
JA Morkel,829761,2015,5,2,250.0
JA Morkel,829801,2015,8,8,100.0
JA Morkel,980939,2016,16,9,177.78
JA Richardson,1254061,2021,0,2,0.0
JA Richardson,1254065,2021,15,22,68.18
JA Richardson,1422138,2024,2,2,100.0
JC Archer,1136581,2018,7,7,100.0
JC Archer,1136588,2018,1,1,100.0
JC Archer,1136598,2018,0,1,0.0
JC Archer,1136600,2018,0,1,0.0
JC Archer,1136609,2018,6,5,120.0
JC Archer,1136613,2018,0,4,0.0
JC Archer,1175359,2019,2,2,100.0
JC Archer,1175367,2019,24,11,218.18
JC Archer,1178400,2019,13,12,108.33
JC Archer,1178407,2019,1,3,33.33
JC Archer,1178418,2019,27,12,225.0
JC Archer,1216496,2020,15,6,250.0
JC Archer,1216500,2020,2,4,50.0
JC Archer,1216504,2020,6,4,150.0
JC Archer,1216511,2020,24,11,218.18
JC Archer,1216514,2020,16,10,160.0
JC Archer,1216518,2020,16,7,228.57
JC Archer,1216522,2020,2,3,66.67
JC Archer,1216527,2020,13,3,433.33
JC Archer,1216530,2020,6,9,66.67
JC Archer,1216543,2020,1,4,25.0
JC Archer,1359505,2023,1,2,50.0
JC Archer,1359523,2023,3,2,150.0
JC Archer,1473439,2025,1,1,100.0
JC Archer,1473443,2025,16,7,228.57
JC Archer,1473448,2025,0,2,0.0
JC Archer,1473460,2025,4,4,100.0
JC Archer,1473479,2025,0,1,0.0
JC Archer,1473487,2025,30,27,111.11
JC Archer,1473490,2025,12,8,150.0
JC Archer,1527682,2026,1,2,50.0
JC Archer,1529264,2026,2,5,40.0
JC Archer,1529271,2026,8,5,160.0
JC Archer,1529279,2026,2,2,100.0
JC Archer,1529286,2026,1,1,100.0
JC Archer,1529295,2026,5,6,83.33
JC Archer,1529305,2026,2,2,100.0
JC Archer,1529312,2026,28,14,200.0
JC Archer,1535463,2026,4,5,80.0
JC Archer,1535464,2026,7,4,175.0
JC Buttler,980901,2016,0,2,0.0
JC Buttler,980909,2016,41,22,186.36
JC Buttler,980917,2016,16,21,76.19
JC Buttler,980923,2016,11,11,100.0
JC Buttler,980927,2016,28,14,200.0
JC Buttler,980933,2016,2,6,33.33
JC Buttler,980941,2016,24,13,184.62
JC Buttler,980947,2016,15,15,100.0
JC Buttler,980957,2016,27,17,158.82
JC Buttler,980973,2016,2,2,100.0
JC Buttler,980981,2016,28,10,280.0
JC Buttler,980985,2016,9,10,90.0
JC Buttler,980993,2016,18,9,200.0
JC Buttler,981007,2016,33,31,106.45
JC Buttler,1082592,2017,38,19,200.0
JC Buttler,1082597,2017,28,22,127.27
JC Buttler,1082600,2017,14,11,127.27
JC Buttler,1082602,2017,2,5,40.0
JC Buttler,1082606,2017,26,24,108.33
JC Buttler,1082612,2017,77,37,208.11
JC Buttler,1082614,2017,28,18,155.56
JC Buttler,1082618,2017,17,13,130.77
JC Buttler,1082625,2017,10,9,111.11
JC Buttler,1082628,2017,33,21,157.14
JC Buttler,1136564,2018,6,9,66.67
JC Buttler,1136566,2018,29,18,161.11
JC Buttler,1136571,2018,23,14,164.29
JC Buttler,1136575,2018,23,17,135.29
JC Buttler,1136577,2018,22,17,129.41
JC Buttler,1136581,2018,6,8,75.0
JC Buttler,1136588,2018,10,11,90.91
JC Buttler,1136592,2018,67,26,257.69
JC Buttler,1136598,2018,51,39,130.77
JC Buttler,1136600,2018,82,58,141.38
JC Buttler,1136603,2018,95,60,158.33
JC Buttler,1136607,2018,94,53,177.36
JC Buttler,1136609,2018,39,22,177.27
JC Buttler,1175359,2019,69,43,160.47
JC Buttler,1175363,2019,5,8,62.5
JC Buttler,1175367,2019,6,7,85.71
JC Buttler,1175369,2019,59,43,137.21
JC Buttler,1178396,2019,37,34,108.82
JC Buttler,1178400,2019,23,10,230.0
JC Buttler,1178402,2019,89,43,206.98
JC Buttler,1178407,2019,23,17,135.29
JC Buttler,1216500,2020,13,8,162.5
JC Buttler,1216504,2020,21,16,131.25
JC Buttler,1216507,2020,16,13,123.08
JC Buttler,1216511,2020,70,44,159.09
JC Buttler,1216514,2020,22,12,183.33
JC Buttler,1216518,2020,9,12,75.0
JC Buttler,1216522,2020,24,25,96.0
JC Buttler,1216527,2020,4,7,57.14
JC Buttler,1216530,2020,35,22,159.09
JC Buttler,1216533,2020,70,48,145.83
JC Buttler,1216537,2020,22,11,200.0
JC Buttler,1216543,2020,22,9,244.44
JC Buttler,1254061,2021,25,13,192.31
JC Buttler,1254064,2021,2,7,28.57
JC Buttler,1254069,2021,43,34,126.47
JC Buttler,1254073,2021,8,8,100.0
JC Buttler,1254075,2021,5,7,71.43
JC Buttler,1254081,2021,41,32,128.12
JC Buttler,1254085,2021,118,63,187.3
JC Buttler,1304051,2022,31,26,119.23
JC Buttler,1304055,2022,100,68,147.06
JC Buttler,1304059,2022,70,46,152.17
JC Buttler,1304066,2022,13,11,118.18
JC Buttler,1304070,2022,54,24,225.0
JC Buttler,1304076,2022,102,60,170.0
JC Buttler,1304080,2022,116,65,178.46
JC Buttler,1304085,2022,8,9,88.89
JC Buttler,1304090,2022,67,52,128.85
JC Buttler,1304093,2022,22,25,88.0
JC Buttler,1304098,2022,30,16,187.5
JC Buttler,1304104,2022,7,11,63.64
JC Buttler,1304109,2022,2,6,33.33
JC Buttler,1304114,2022,2,5,40.0
JC Buttler,1312197,2022,88,55,160.0
JC Buttler,1312199,2022,106,60,176.67
JC Buttler,1312200,2022,39,35,111.43
JC Buttler,1359478,2023,54,22,245.45
JC Buttler,1359482,2023,19,11,172.73
JC Buttler,1359485,2023,79,51,154.9
JC Buttler,1359491,2023,52,36,144.44
JC Buttler,1359497,2023,0,5,0.0
JC Buttler,1359500,2023,36,40,90.0
JC Buttler,1359506,2023,0,2,0.0
JC Buttler,1359511,2023,27,21,128.57
JC Buttler,1359516,2023,18,19,94.74
JC Buttler,1359522,2023,8,6,133.33
JC Buttler,1359526,2023,95,59,161.02
JC Buttler,1359530,2023,0,3,0.0
JC Buttler,1359534,2023,0,2,0.0
JC Buttler,1359540,2023,0,4,0.0
JC Buttler,1422122,2024,11,9,122.22
JC Buttler,1422127,2024,11,16,68.75
JC Buttler,1422132,2024,13,16,81.25
JC Buttler,1422137,2024,100,58,172.41
JC Buttler,1426262,2024,8,10,80.0
JC Buttler,1426269,2024,107,59,181.36
JC Buttler,1426276,2024,35,25,140.0
JC Buttler,1426282,2024,34,18,188.89
JC Buttler,1426288,2024,0,1,0.0
JC Buttler,1426294,2024,19,17,111.76
JC Buttler,1426299,2024,21,25,84.0
JC Buttler,1473442,2025,54,33,163.64
JC Buttler,1473446,2025,39,24,162.5
JC Buttler,1473451,2025,73,39,187.18
JC Buttler,1473457,2025,0,3,0.0
JC Buttler,1473460,2025,36,25,144.0
JC Buttler,1473463,2025,16,14,114.29
JC Buttler,1473472,2025,97,54,179.63
JC Buttler,1473476,2025,41,23,178.26
JC Buttler,1473484,2025,50,26,192.31
JC Buttler,1473488,2025,64,37,172.97
JC Buttler,1473493,2025,30,27,111.11
JC Buttler,1473502,2025,33,18,183.33
JC Buttler,1473504,2025,5,7,71.43
JC Buttler,1527677,2026,38,33,115.15
JC Buttler,1527682,2026,26,14,185.71
JC Buttler,1527687,2026,52,27,192.59
JC Buttler,1527692,2026,60,37,162.16
JC Buttler,1529268,2026,25,15,166.67
JC Buttler,1529273,2026,5,6,83.33
JC Buttler,1529277,2026,25,16,156.25
JC Buttler,1529280,2026,39,30,130.0
JC Buttler,1529285,2026,39,19,205.26
JC Buttler,1529289,2026,26,22,118.18
JC Buttler,1529295,2026,13,10,130.0
JC Buttler,1529299,2026,7,11,63.64
JC Buttler,1529303,2026,57,35,162.86
JC Buttler,1529309,2026,57,27,211.11
JC Buttler,1535462,2026,29,11,263.64
JC Buttler,1535464,2026,9,9,100.0
JC Buttler,1535465,2026,19,23,82.61
JD Ryder,392182,2009,0,2,0.0
JD Ryder,392188,2009,0,1,0.0
JD Ryder,392191,2009,32,21,152.38
JD Ryder,392204,2009,2,5,40.0
JD Ryder,392221,2009,22,19,115.79
JD Ryder,501202,2011,31,17,182.35
JD Ryder,501207,2011,17,10,170.0
JD Ryder,501213,2011,56,26,215.38
JD Ryder,501218,2011,12,15,80.0
JD Ryder,501226,2011,15,11,136.36
JD Ryder,501228,2011,19,12,158.33
JD Ryder,501232,2011,51,34,150.0
JD Ryder,501235,2011,18,12,150.0
JD Ryder,501241,2011,0,1,0.0
JD Ryder,501248,2011,15,18,83.33
JD Ryder,501250,2011,35,20,175.0
JD Ryder,501259,2011,18,14,128.57
JD Ryder,501262,2011,1,6,16.67
JD Ryder,548313,2012,8,8,100.0
JD Ryder,548319,2012,7,11,63.64
JD Ryder,548322,2012,73,56,130.36
JD Ryder,548327,2012,34,22,154.55
JD Ryder,548330,2012,9,10,90.0
JD Ryder,548333,2012,82,57,143.86
JD Ryder,548337,2012,0,2,0.0
JD Ryder,548341,2012,7,6,116.67
JD Ryder,548351,2012,9,13,69.23
JD Ryder,548365,2012,1,2,50.0
JD Ryder,548375,2012,22,24,91.67
JD Unadkat,598004,2013,1,1,100.0
JD Unadkat,598057,2013,1,1,100.0
JD Unadkat,729293,2014,1,5,20.0
JD Unadkat,734039,2014,0,1,0.0
JD Unadkat,1082607,2017,2,5,40.0
JD Unadkat,1136564,2018,1,2,50.0
JD Unadkat,1136577,2018,16,10,160.0
JD Unadkat,1136598,2018,6,7,85.71
JD Unadkat,1136600,2018,0,1,0.0
JD Unadkat,1136609,2018,26,18,144.44
JD Unadkat,1175359,2019,1,2,50.0
JD Unadkat,1178418,2019,0,1,0.0
JD Unadkat,1216504,2020,9,13,69.23
JD Unadkat,1254064,2021,11,7,157.14
JD Unadkat,1254069,2021,24,17,141.18
JD Unadkat,1254106,2021,6,5,120.0
JD Unadkat,1304064,2022,13,14,92.86
JD Unadkat,1304069,2022,12,7,171.43
JD Unadkat,1304072,2022,14,6,233.33
JD Unadkat,1304079,2022,19,9,211.11
JD Unadkat,1304083,2022,1,1,100.0
JD Unadkat,1359489,2023,9,7,128.57
JD Unadkat,1426261,2024,6,1,600.0
JD Unadkat,1426279,2024,8,10,80.0
JD Unadkat,1426284,2024,1,2,50.0
JD Unadkat,1426311,2024,5,2,250.0
JD Unadkat,1426312,2024,4,11,36.36
JD Unadkat,1527674,2026,4,3,133.33
JDP Oram,335983,2008,13,10,130.0
JDP Oram,335989,2008,5,2,250.0
JDP Oram,392181,2009,8,6,133.33
JDP Oram,392196,2009,41,28,146.43
JDP Oram,392202,2009,2,6,33.33
JDP Oram,392206,2009,3,7,42.86
JDP Oram,392217,2009,1,2,50.0
JDP Oram,392224,2009,7,15,46.67
JDP Oram,392234,2009,17,21,80.95
JDP Oram,392238,2009,9,7,128.57
JDP Oram,501258,2011,0,3,0.0
JDS Neesham,729289,2014,8,11,72.73
JDS Neesham,729293,2014,22,15,146.67
JDS Neesham,734039,2014,12,20,60.0
JDS Neesham,1216503,2020,7,7,100.0
JDS Neesham,1216506,2020,2,3,66.67
JDS Neesham,1216546,2020,10,8,125.0
JDS Neesham,1254084,2021,0,1,0.0
JDS Neesham,1254088,2021,0,1,0.0
JDS Neesham,1304070,2022,17,15,113.33
JDS Neesham,1304109,2022,14,12,116.67
JE Root,1359534,2023,10,15,66.67
JE Taylor,501226,2011,2,1,200.0
JE Taylor,501228,2011,1,2,50.0
JEC Franklin,501218,2011,6,8,75.0
JEC Franklin,501263,2011,11,5,220.0
JEC Franklin,501267,2011,45,23,195.65
JEC Franklin,501269,2011,29,25,116.0
JEC Franklin,501270,2011,16,17,94.12
JEC Franklin,548306,2012,25,30,83.33
JEC Franklin,548308,2012,32,42,76.19
JEC Franklin,548314,2012,7,4,175.0
JEC Franklin,548317,2012,2,3,66.67
JEC Franklin,548334,2012,79,51,154.9
JEC Franklin,548339,2012,22,22,100.0
JEC Franklin,548346,2012,13,20,65.0
JEC Franklin,548351,2012,25,22,113.64
JEC Franklin,548355,2012,1,9,11.11
JEC Franklin,548360,2012,1,6,16.67
JEC Franklin,548379,2012,13,13,100.0
JG Bethell,1473483,2025,12,6,200.0
JG Bethell,1473489,2025,55,33,166.67
JG Bethell,1529277,2026,14,10,140.0
JG Bethell,1529282,2026,20,11,181.82
JG Bethell,1529285,2026,5,5,100.0
JG Bethell,1529293,2026,4,5,80.0
JG Bethell,1529297,2026,27,27,100.0
JG Bethell,1529300,2026,15,12,125.0
JG Bethell,1529304,2026,11,7,157.14
JH Kallis,335982,2008,8,7,114.29
JH Kallis,335985,2008,25,24,104.17
JH Kallis,335992,2008,11,10,110.0
JH Kallis,335996,2008,14,10,140.0
JH Kallis,335998,2008,54,44,122.73
JH Kallis,336002,2008,31,25,124.0
JH Kallis,336006,2008,0,3,0.0
JH Kallis,336023,2008,20,29,68.97
JH Kallis,336026,2008,25,21,119.05
JH Kallis,336029,2008,5,5,100.0
JH Kallis,336034,2008,6,5,120.0
JH Kallis,392185,2009,24,19,126.32
JH Kallis,392188,2009,15,14,107.14
JH Kallis,392191,2009,62,46,134.78
JH Kallis,392194,2009,0,1,0.0
JH Kallis,392199,2009,23,25,92.0
JH Kallis,392204,2009,27,22,122.73
JH Kallis,392208,2009,69,59,116.95
JH Kallis,392213,2009,9,13,69.23
JH Kallis,392218,2009,12,10,120.0
JH Kallis,392221,2009,32,34,94.12
JH Kallis,392224,2009,0,1,0.0
JH Kallis,392232,2009,58,56,103.57
JH Kallis,392236,2009,5,7,71.43
JH Kallis,392238,2009,9,7,128.57
JH Kallis,392239,2009,15,17,88.24
JH Kallis,419109,2010,64,51,125.49
JH Kallis,419112,2010,89,54,164.81
JH Kallis,419115,2010,44,34,129.41
JH Kallis,419119,2010,66,55,120.0
JH Kallis,419123,2010,19,16,118.75
JH Kallis,419128,2010,26,28,92.86
JH Kallis,419133,2010,52,49,106.12
JH Kallis,419136,2010,9,10,90.0
JH Kallis,419140,2010,50,41,121.95
JH Kallis,419145,2010,68,44,154.55
JH Kallis,419148,2010,8,11,72.73
JH Kallis,419151,2010,27,37,72.97
JH Kallis,419154,2010,0,3,0.0
JH Kallis,419157,2010,14,15,93.33
JH Kallis,419162,2010,11,9,122.22
JH Kallis,419164,2010,19,32,59.38
JH Kallis,501198,2011,54,42,128.57
JH Kallis,501203,2011,53,45,117.78
JH Kallis,501209,2011,80,65,123.08
JH Kallis,501214,2011,0,2,0.0
JH Kallis,501219,2011,6,9,66.67
JH Kallis,501222,2011,40,42,95.24
JH Kallis,501230,2011,11,11,100.0
JH Kallis,501234,2011,1,4,25.0
JH Kallis,501239,2011,30,31,96.77
JH Kallis,501242,2011,45,41,109.76
JH Kallis,501245,2011,21,23,91.3
JH Kallis,501255,2011,17,14,121.43
JH Kallis,501267,2011,59,42,140.48
JH Kallis,501269,2011,7,7,100.0
JH Kallis,548307,2012,4,4,100.0
JH Kallis,548312,2012,5,8,62.5
JH Kallis,548315,2012,22,23,95.65
JH Kallis,548320,2012,31,38,81.58
JH Kallis,548323,2012,1,5,20.0
JH Kallis,548328,2012,30,23,130.43
JH Kallis,548335,2012,23,24,95.83
JH Kallis,548344,2012,41,27,151.85
JH Kallis,548347,2012,26,30,86.67
JH Kallis,548353,2012,1,4,25.0
JH Kallis,548357,2012,30,27,111.11
JH Kallis,548363,2012,79,60,131.67
JH Kallis,548368,2012,4,9,44.44
JH Kallis,548370,2012,0,1,0.0
JH Kallis,548375,2012,12,17,70.59
JH Kallis,548378,2012,30,33,90.91
JH Kallis,548381,2012,69,49,140.82
JH Kallis,597998,2013,23,20,115.0
JH Kallis,598005,2013,0,1,0.0
JH Kallis,598008,2013,16,19,84.21
JH Kallis,598013,2013,41,27,151.85
JH Kallis,598016,2013,1,6,16.67
JH Kallis,598029,2013,37,38,97.37
JH Kallis,598031,2013,37,33,112.12
JH Kallis,598034,2013,19,20,95.0
JH Kallis,598040,2013,12,15,80.0
JH Kallis,598043,2013,33,30,110.0
JH Kallis,598050,2013,24,26,92.31
JH Kallis,598053,2013,2,6,33.33
JH Kallis,598057,2013,41,45,91.11
JH Kallis,598061,2013,1,7,14.29
JH Kallis,598069,2013,24,29,82.76
JH Kallis,729279,2014,72,46,156.52
JH Kallis,729289,2014,0,1,0.0
JH Kallis,729299,2014,43,42,102.38
JH Kallis,729307,2014,9,11,81.82
JH Kallis,729315,2014,13,16,81.25
JH Kallis,733971,2014,4,6,66.67
JH Kallis,733985,2014,10,6,166.67
JJ Bumrah,729287,2014,1,1,100.0
JJ Bumrah,734031,2014,0,2,0.0
JJ Bumrah,980973,2016,6,9,66.67
JJ Bumrah,980985,2016,2,2,100.0
JJ Bumrah,1082625,2017,0,1,0.0
JJ Bumrah,1082647,2017,16,11,145.45
JJ Bumrah,1136567,2018,4,4,100.0
JJ Bumrah,1136583,2018,6,5,120.0
JJ Bumrah,1136615,2018,0,1,0.0
JJ Bumrah,1175362,2019,0,1,0.0
JJ Bumrah,1216492,2020,5,3,166.67
JJ Bumrah,1254058,2021,1,2,50.0
JJ Bumrah,1254062,2021,0,1,0.0
JJ Bumrah,1254070,2021,3,3,100.0
JJ Bumrah,1254088,2021,5,2,250.0
JJ Bumrah,1254104,2021,1,2,50.0
JJ Bumrah,1254108,2021,5,6,83.33
JJ Bumrah,1254112,2021,1,1,100.0
JJ Bumrah,1304055,2022,0,1,0.0
JJ Bumrah,1304069,2022,0,1,0.0
JJ Bumrah,1304083,2022,0,2,0.0
JJ Bumrah,1304111,2022,0,4,0.0
JJ Bumrah,1422123,2024,1,1,100.0
JJ Bumrah,1422132,2024,8,9,88.89
JJ Bumrah,1426276,2024,2,1,200.0
JJ Bumrah,1426289,2024,1,1,100.0
JJ Bumrah,1473458,2025,0,1,0.0
JJ Bumrah,1527686,2026,5,2,250.0
JJ Bumrah,1529276,2026,2,5,40.0
JJ Roy,1082593,2017,14,12,116.67
JJ Roy,1082596,2017,31,21,147.62
JJ Roy,1082606,2017,14,7,200.0
JJ Roy,1136569,2018,91,53,171.7
JJ Roy,1136573,2018,1,3,33.33
JJ Roy,1136579,2018,5,16,31.25
JJ Roy,1136602,2018,11,13,84.62
JJ Roy,1136605,2018,12,9,133.33
JJ Roy,1254088,2021,34,21,161.9
JJ Roy,1254091,2021,2,7,28.57
JJ Roy,1254095,2021,44,38,115.79
JJ Roy,1254100,2021,60,42,142.86
JJ Roy,1254109,2021,10,12,83.33
JJ Roy,1359502,2023,43,39,110.26
JJ Roy,1359507,2023,61,26,234.62
JJ Roy,1359510,2023,56,29,193.1
JJ Roy,1359521,2023,20,18,111.11
JJ Roy,1359527,2023,38,24,158.33
JJ Roy,1359530,2023,10,8,125.0
JJ Roy,1359535,2023,12,15,80.0
JJ Roy,1359542,2023,45,28,160.71
JJ van der Wath,501208,2011,0,1,0.0
JJ van der Wath,501211,2011,14,10,140.0
JJ van der Wath,501260,2011,4,5,80.0
JL Denly,1178401,2019,0,1,0.0
JL Pattinson,1216492,2020,11,8,137.5
JL Pattinson,1216495,2020,4,5,80.0
JM Bairstow,1175357,2019,39,34,114.71
JM Bairstow,1175363,2019,45,28,160.71
JM Bairstow,1175366,2019,114,56,203.57
JM Bairstow,1175371,2019,48,28,171.43
JM Bairstow,1178394,2019,16,10,160.0
JM Bairstow,1178397,2019,1,6,16.67
JM Bairstow,1178405,2019,40,30,133.33
JM Bairstow,1178408,2019,61,44,138.64
JM Bairstow,1178413,2019,80,43,186.05
JM Bairstow,1178416,2019,0,2,0.0
JM Bairstow,1216498,2020,19,20,95.0
JM Bairstow,1216507,2020,16,19,84.21
JM Bairstow,1216512,2020,36,28,128.57
JM Bairstow,1216516,2020,0,3,0.0
JM Bairstow,1216518,2020,10,7,142.86
JM Bairstow,1216528,2020,23,24,95.83
JM Bairstow,1216532,2020,53,48,110.42
JM Bairstow,1216534,2020,61,43,141.86
JM Bairstow,1216538,2020,25,15,166.67
JM Bairstow,1216542,2020,97,55,176.36
JM Bairstow,1216545,2020,5,10,50.0
JM Bairstow,1254060,2021,55,40,137.5
JM Bairstow,1254063,2021,12,13,92.31
JM Bairstow,1254066,2021,43,22,195.45
JM Bairstow,1254071,2021,63,56,112.5
JM Bairstow,1254077,2021,38,18,211.11
JM Bairstow,1254080,2021,7,5,140.0
JM Bairstow,1254085,2021,30,21,142.86
JM Bairstow,1304062,2022,8,8,100.0
JM Bairstow,1304069,2022,12,13,92.31
JM Bairstow,1304074,2022,12,10,120.0
JM Bairstow,1304078,2022,9,8,112.5
JM Bairstow,1304084,2022,6,3,200.0
JM Bairstow,1304088,2022,31,27,114.81
JM Bairstow,1304094,2022,1,6,16.67
JM Bairstow,1304098,2022,56,40,140.0
JM Bairstow,1304106,2022,66,28,235.71
JM Bairstow,1304110,2022,28,15,186.67
JM Bairstow,1304116,2022,23,15,153.33
JM Bairstow,1422120,2024,9,3,300.0
JM Bairstow,1422124,2024,8,6,133.33
JM Bairstow,1422129,2024,42,29,144.83
JM Bairstow,1422135,2024,22,13,169.23
JM Bairstow,1426261,2024,0,3,0.0
JM Bairstow,1426265,2024,15,19,78.95
JM Bairstow,1426280,2024,108,48,225.0
JM Bairstow,1426287,2024,46,30,153.33
JM Bairstow,1426291,2024,7,6,116.67
JM Bairstow,1426296,2024,27,16,168.75
JM Bairstow,1426303,2024,14,22,63.64
JM Bairstow,1473509,2025,47,22,213.64
JM Bairstow,1473510,2025,38,24,158.33
JM Kemp,419110,2010,22,16,137.5
JM Kemp,419116,2010,4,8,50.0
JM Sharma,1304057,2022,26,17,152.94
JM Sharma,1304062,2022,23,11,209.09
JM Sharma,1304069,2022,30,15,200.0
JM Sharma,1304074,2022,11,8,137.5
JM Sharma,1304078,2022,32,23,139.13
JM Sharma,1304088,2022,2,5,40.0
JM Sharma,1304098,2022,38,18,211.11
JM Sharma,1304106,2022,9,5,180.0
JM Sharma,1304110,2022,44,34,129.41
JM Sharma,1304116,2022,19,7,271.43
JM Sharma,1359476,2023,21,11,190.91
JM Sharma,1359482,2023,27,16,168.75
JM Sharma,1359488,2023,4,9,44.44
JM Sharma,1359492,2023,25,23,108.7
JM Sharma,1359495,2023,2,4,50.0
JM Sharma,1359501,2023,35,26,134.62
JM Sharma,1359505,2023,25,7,357.14
JM Sharma,1359512,2023,23,9,255.56
JM Sharma,1359515,2023,21,10,210.0
JM Sharma,1359520,2023,49,27,181.48
JM Sharma,1359527,2023,21,18,116.67
JM Sharma,1359533,2023,5,5,100.0
JM Sharma,1359538,2023,0,3,0.0
JM Sharma,1359540,2023,44,28,157.14
JM Sharma,1422120,2024,9,9,100.0
JM Sharma,1422124,2024,27,20,135.0
JM Sharma,1422129,2024,6,9,66.67
JM Sharma,1422135,2024,16,8,200.0
JM Sharma,1426261,2024,19,11,172.73
JM Sharma,1426265,2024,29,24,120.83
JM Sharma,1426271,2024,9,9,100.0
JM Sharma,1426275,2024,13,12,108.33
JM Sharma,1426291,2024,0,1,0.0
JM Sharma,1426296,2024,5,4,125.0
JM Sharma,1426303,2024,22,20,110.0
JM Sharma,1426307,2024,32,15,213.33
JM Sharma,1473445,2025,12,6,200.0
JM Sharma,1473451,2025,33,21,157.14
JM Sharma,1473458,2025,40,19,210.53
JM Sharma,1473461,2025,3,11,27.27
JM Sharma,1473471,2025,2,7,28.57
JM Sharma,1473474,2025,11,8,137.5
JM Sharma,1473479,2025,20,10,200.0
JM Sharma,1473489,2025,7,8,87.5
JM Sharma,1473503,2025,24,15,160.0
JM Sharma,1473507,2025,85,32,265.62
JM Sharma,1473511,2025,24,10,240.0
JM Sharma,1527674,2026,0,1,0.0
JM Sharma,1527689,2026,5,8,62.5
JM Sharma,1527693,2026,10,9,111.11
JM Sharma,1529266,2026,23,9,255.56
JM Sharma,1529269,2026,14,20,70.0
JM Sharma,1529277,2026,10,6,166.67
JM Sharma,1529285,2026,1,3,33.33
JM Sharma,1529293,2026,1,3,33.33
JM Sharma,1529297,2026,18,12,150.0
JM Sharma,1529300,2026,8,5,160.0
JM Sharma,1535462,2026,15,5,300.0
JM Sharma,1535465,2026,11,14,78.57
JO Holder,734037,2014,16,12,133.33
JO Holder,980951,2016,0,1,0.0
JO Holder,981001,2016,13,8,162.5
JO Holder,981009,2016,3,3,100.0
JO Holder,981015,2016,6,7,85.71
JO Holder,1216498,2020,5,8,62.5
JO Holder,1216502,2020,26,10,260.0
JO Holder,1237178,2020,24,20,120.0
JO Holder,1237180,2020,11,15,73.33
JO Holder,1254063,2021,4,4,100.0
JO Holder,1254088,2021,1,2,50.0
JO Holder,1254091,2021,5,5,100.0
JO Holder,1254095,2021,16,13,123.08
JO Holder,1254105,2021,10,8,125.0
JO Holder,1254107,2021,47,29,162.07
JO Holder,1254109,2021,2,9,22.22
JO Holder,1304058,2022,8,3,266.67
JO Holder,1304066,2022,8,14,57.14
JO Holder,1304077,2022,16,9,177.78
JO Holder,1304083,2022,0,2,0.0
JO Holder,1304088,2022,11,8,137.5
JO Holder,1304099,2022,13,4,325.0
JO Holder,1304103,2022,1,2,50.0
JO Holder,1304109,2022,1,2,50.0
JO Holder,1359482,2023,1,1,100.0
JO Holder,1359491,2023,0,1,0.0
JO Holder,1359516,2023,11,9,122.22
JO Holder,1529277,2026,23,10,230.0
JO Holder,1529285,2026,12,10,120.0
JO Holder,1529289,2026,5,7,71.43
JO Holder,1529295,2026,7,7,100.0
JO Holder,1529299,2026,11,10,110.0
JO Holder,1535462,2026,0,3,0.0
JO Holder,1535465,2026,7,5,140.0
JP Behrendorff,1359509,2023,3,4,75.0
JP Behrendorff,1370352,2023,3,5,60.0
JP Duminy,392181,2009,9,7,128.57
JP Duminy,392192,2009,47,40,117.5
JP Duminy,392197,2009,18,14,128.57
JP Duminy,392200,2009,59,63,93.65
JP Duminy,392203,2009,52,37,140.54
JP Duminy,392208,2009,1,6,16.67
JP Duminy,392212,2009,52,48,108.33
JP Duminy,392215,2009,0,4,0.0
JP Duminy,392218,2009,59,41,143.9
JP Duminy,392225,2009,4,5,80.0
JP Duminy,392227,2009,62,54,114.81
JP Duminy,392235,2009,9,6,150.0
JP Duminy,419146,2010,35,28,125.0
JP Duminy,419150,2010,31,32,96.88
JP Duminy,419152,2010,21,14,150.0
JP Duminy,419157,2010,42,19,221.05
JP Duminy,419161,2010,19,27,70.37
JP Duminy,419162,2010,3,4,75.0
JP Duminy,419165,2010,6,7,85.71
JP Duminy,501199,2011,14,17,82.35
JP Duminy,501203,2011,6,8,75.0
JP Duminy,501208,2011,22,15,146.67
JP Duminy,501212,2011,18,16,112.5
JP Duminy,501236,2011,17,11,154.55
JP Duminy,501243,2011,54,30,180.0
JP Duminy,501250,2011,30,30,100.0
JP Duminy,501256,2011,8,10,80.0
JP Duminy,501259,2011,23,26,88.46
JP Duminy,501264,2011,12,10,120.0
JP Duminy,548321,2012,4,5,80.0
JP Duminy,548326,2012,58,26,223.08
JP Duminy,548329,2012,13,9,144.44
JP Duminy,548335,2012,16,15,106.67
JP Duminy,548341,2012,26,24,108.33
JP Duminy,548346,2012,25,24,104.17
JP Duminy,548348,2012,4,3,133.33
JP Duminy,548373,2012,24,31,77.42
JP Duminy,548376,2012,74,53,139.62
JP Duminy,729281,2014,67,47,142.55
JP Duminy,729289,2014,52,35,148.57
JP Duminy,729293,2014,15,14,107.14
JP Duminy,729301,2014,19,6,316.67
JP Duminy,729309,2014,19,24,79.17
JP Duminy,733975,2014,39,31,125.81
JP Duminy,733981,2014,28,17,164.71
JP Duminy,733985,2014,40,28,142.86
JP Duminy,733993,2014,4,5,80.0
JP Duminy,734005,2014,48,30,160.0
JP Duminy,734011,2014,8,8,100.0
JP Duminy,734019,2014,17,21,80.95
JP Duminy,734031,2014,44,28,157.14
JP Duminy,734039,2014,8,8,100.0
JP Duminy,829707,2015,5,5,100.0
JP Duminy,829715,2015,44,38,115.79
JP Duminy,829725,2015,21,19,110.53
JP Duminy,829731,2015,54,41,131.71
JP Duminy,829739,2015,5,8,62.5
JP Duminy,829747,2015,78,50,156.0
JP Duminy,829757,2015,13,14,92.86
JP Duminy,829761,2015,25,16,156.25
JP Duminy,829777,2015,56,39,143.59
JP Duminy,829783,2015,28,19,147.37
JP Duminy,829793,2015,12,16,75.0
JP Duminy,829801,2015,6,7,85.71
JP Duminy,829813,2015,67,43,155.81
JP Duminy,980921,2016,7,5,140.0
JP Duminy,980933,2016,49,30,163.33
JP Duminy,980945,2016,48,43,111.63
JP Duminy,980961,2016,13,7,185.71
JP Duminy,980965,2016,34,32,106.25
JP Duminy,980993,2016,9,9,100.0
JP Duminy,980997,2016,14,14,100.0
JP Duminy,981003,2016,17,15,113.33
JP Duminy,1136591,2018,23,29,79.31
JP Duminy,1136597,2018,13,11,118.18
JP Faulkner,548309,2012,11,9,122.22
JP Faulkner,548313,2012,3,4,75.0
JP Faulkner,598009,2013,19,14,135.71
JP Faulkner,598023,2013,3,7,42.86
JP Faulkner,598036,2013,1,1,100.0
JP Faulkner,598043,2013,1,4,25.0
JP Faulkner,598047,2013,3,2,150.0
JP Faulkner,598058,2013,1,2,50.0
JP Faulkner,598063,2013,12,13,92.31
JP Faulkner,598065,2013,6,3,200.0
JP Faulkner,598071,2013,11,11,100.0
JP Faulkner,729285,2014,8,2,400.0
JP Faulkner,729291,2014,8,7,114.29
JP Faulkner,729297,2014,4,2,200.0
JP Faulkner,729315,2014,2,1,200.0
JP Faulkner,733979,2014,1,1,100.0
JP Faulkner,733989,2014,4,6,66.67
JP Faulkner,733999,2014,41,17,241.18
JP Faulkner,734003,2014,1,4,25.0
JP Faulkner,734011,2014,22,7,314.29
JP Faulkner,734017,2014,31,21,147.62
JP Faulkner,734033,2014,35,13,269.23
JP Faulkner,734041,2014,23,12,191.67
JP Faulkner,829709,2015,46,33,139.39
JP Faulkner,829715,2015,17,11,154.55
JP Faulkner,829721,2015,6,6,100.0
JP Faulkner,829727,2015,6,5,120.0
JP Faulkner,829741,2015,1,3,33.33
JP Faulkner,829749,2015,4,5,80.0
JP Faulkner,829777,2015,8,4,200.0
JP Faulkner,829787,2015,30,19,157.89
JP Faulkner,829797,2015,15,12,125.0
JP Faulkner,829811,2015,6,6,100.0
JP Faulkner,829819,2015,4,4,100.0
JP Faulkner,980917,2016,7,7,100.0
JP Faulkner,980945,2016,22,13,169.23
JP Faulkner,980949,2016,9,5,180.0
JP Faulkner,980955,2016,32,27,118.52
JP Faulkner,980961,2016,7,6,116.67
JP Faulkner,1082613,2017,4,2,200.0
JP Faulkner,1082625,2017,20,26,76.92
JP Faulkner,1082629,2017,6,7,85.71
JP Faulkner,1082632,2017,1,3,33.33
JP Faulkner,1082640,2017,14,8,175.0
JP Faulkner,1082643,2017,8,10,80.0
JP Inglis,1473468,2025,2,6,33.33
JP Inglis,1473471,2025,14,17,82.35
JP Inglis,1473474,2025,29,17,170.59
JP Inglis,1473481,2025,11,6,183.33
JP Inglis,1473486,2025,6,6,100.0
JP Inglis,1473491,2025,30,14,214.29
JP Inglis,1473506,2025,73,42,173.81
JP Inglis,1473508,2025,4,7,57.14
JP Inglis,1473510,2025,38,21,180.95
JP Inglis,1473511,2025,39,23,169.57
JP Inglis,1485779,2025,32,12,266.67
JP Inglis,1529290,2026,13,5,260.0
JP Inglis,1529296,2026,81,32,253.12
JP Inglis,1529302,2026,36,32,112.5
JP Inglis,1529307,2026,60,29,206.9
JP Inglis,1529311,2026,72,44,163.64
JPR Scantlebury-Searles,1136604,2018,6,1,600.0
JPR Scantlebury-Searles,1136618,2018,2,5,40.0
JR Hazlewood,1304068,2022,7,7,100.0
JR Hazlewood,1304082,2022,3,11,27.27
JR Hazlewood,1304085,2022,0,2,0.0
JR Hazlewood,1304106,2022,7,4,175.0
JR Hazlewood,1312199,2022,1,2,50.0
JR Hazlewood,1359517,2023,1,2,50.0
JR Hazlewood,1473471,2025,0,1,0.0
JR Hazlewood,1529285,2026,0,1,0.0
JR Hopes,335983,2008,71,33,215.15
JR Hopes,335987,2008,16,16,100.0
JR Hopes,336003,2008,18,12,150.0
JR Hopes,336006,2008,5,4,125.0
JR Hopes,336013,2008,14,7,200.0
JR Hopes,336016,2008,27,19,142.11
JR Hopes,336019,2008,51,35,145.71
JR Hopes,336022,2008,4,6,66.67
JR Hopes,336028,2008,0,1,0.0
JR Hopes,336035,2008,13,10,130.0
JR Hopes,336039,2008,2,5,40.0
JR Hopes,501213,2011,13,4,325.0
JR Hopes,501216,2011,17,14,121.43
JR Hopes,501227,2011,54,42,128.57
JR Hopes,501230,2011,25,30,83.33
JR Hopes,501243,2011,17,10,170.0
JR Hopes,501246,2011,55,44,125.0
JR Hopes,501253,2011,8,6,133.33
JR Hopes,501257,2011,7,7,100.0
JR Philippe,1216499,2020,33,24,137.5
JR Philippe,1216502,2020,32,31,103.23
JR Philippe,1216505,2020,12,17,70.59
JR Philippe,1216510,2020,0,3,0.0
JR Philippe,1216534,2020,1,2,50.0
Jaskaran Singh,419106,2010,4,4,100.0
Jaskaran Singh,419117,2010,3,3,100.0
Jaskaran Singh,419130,2010,1,2,50.0
Jaskaran Singh,419138,2010,0,2,0.0
Joginder Sharma,336005,2008,0,1,0.0
Joginder Sharma,336007,2008,16,10,160.0
Joginder Sharma,392181,2009,16,15,106.67
Joginder Sharma,392189,2009,4,3,133.33
Joginder Sharma,501221,2011,0,1,0.0
K Goel,335983,2008,24,19,126.32
K Goel,335987,2008,26,21,123.81
K Goel,335991,2008,18,21,85.71
K Goel,335995,2008,1,3,33.33
K Goel,336003,2008,6,7,85.71
K Goel,336013,2008,1,7,14.29
K Goel,392183,2009,38,21,180.95
K Goel,392186,2009,0,7,0.0
K Goel,392191,2009,19,19,100.0
K Goel,392200,2009,12,12,100.0
K Goel,392204,2009,20,29,68.97
K Goel,392210,2009,1,4,25.0
K Goel,392214,2009,14,20,70.0
K Goel,392222,2009,20,21,95.24
K Goel,419127,2010,17,17,100.0
K Goel,419132,2010,1,3,33.33
K Gowtham,1136564,2018,0,2,0.0
K Gowtham,1136566,2018,2,1,200.0
K Gowtham,1136575,2018,12,7,171.43
K Gowtham,1136577,2018,1,2,50.0
K Gowtham,1136581,2018,33,11,300.0
K Gowtham,1136588,2018,8,5,160.0
K Gowtham,1136592,2018,18,6,300.0
K Gowtham,1136598,2018,5,3,166.67
K Gowtham,1136600,2018,8,6,133.33
K Gowtham,1136603,2018,13,4,325.0
K Gowtham,1136609,2018,3,5,60.0
K Gowtham,1136613,2018,14,5,280.0
K Gowtham,1136618,2018,9,7,128.57
K Gowtham,1175359,2019,3,4,75.0
K Gowtham,1175367,2019,9,8,112.5
K Gowtham,1178402,2019,0,1,0.0
K Gowtham,1178428,2019,6,6,100.0
K Gowtham,1216493,2020,20,14,142.86
K Gowtham,1216503,2020,22,13,169.23
K Gowtham,1304066,2022,0,1,0.0
K Gowtham,1359477,2023,6,1,600.0
K Gowtham,1359480,2023,17,11,154.55
K Gowtham,1359495,2023,1,2,50.0
K Gowtham,1359517,2023,23,13,176.92
K Gowtham,1359519,2023,1,3,33.33
K Gowtham,1359542,2023,11,4,275.0
K Gowtham,1370351,2023,2,3,66.67
K Kartikeya,1304102,2022,3,5,60.0
K Kartikeya,1370352,2023,6,7,85.71
K Kartikeya,1473448,2025,1,1,100.0
K Kartikeya,1473487,2025,2,4,50.0
K Rabada,1082614,2017,44,39,112.82
K Rabada,1082626,2017,11,20,55.0
K Rabada,1082635,2017,0,5,0.0
K Rabada,1175368,2019,0,1,0.0
K Rabada,1175371,2019,3,4,75.0
K Rabada,1178405,2019,2,2,100.0
K Rabada,1178409,2019,9,8,112.5
K Rabada,1216497,2020,9,10,90.0
K Rabada,1216500,2020,2,3,66.67
K Rabada,1216524,2020,3,7,42.86
K Rabada,1216532,2020,15,7,214.29
K Rabada,1216535,2020,12,7,171.43
K Rabada,1237177,2020,15,15,100.0
K Rabada,1254064,2021,9,4,225.0
K Rabada,1254092,2021,0,1,0.0
K Rabada,1254110,2021,4,1,400.0
K Rabada,1304054,2022,25,15,166.67
K Rabada,1304057,2022,12,12,100.0
K Rabada,1304062,2022,1,1,100.0
K Rabada,1304078,2022,2,6,33.33
K Rabada,1304088,2022,2,5,40.0
K Rabada,1304106,2022,0,1,0.0
K Rabada,1304110,2022,6,2,300.0
K Rabada,1359495,2023,0,1,0.0
K Rabada,1359512,2023,0,1,0.0
K Rabada,1426271,2024,8,3,266.67
K Rabada,1426275,2024,1,1,100.0
K Rabada,1426291,2024,11,10,110.0
K Rabada,1473446,2025,7,5,140.0
K Rabada,1473502,2025,2,3,66.67
K Rabada,1527682,2026,23,16,143.75
K Rabada,1529273,2026,12,14,85.71
K Rabada,1535462,2026,9,5,180.0
K Rabada,1535465,2026,3,3,100.0
K Upadhyay,548362,2012,11,8,137.5
K Upadhyay,598053,2013,1,1,100.0
K Yadav,1254093,2021,0,4,0.0
KA Jamieson,1254058,2021,4,4,100.0
KA Jamieson,1254063,2021,12,9,133.33
KA Jamieson,1254067,2021,11,4,275.0
KA Jamieson,1254076,2021,16,13,123.08
KA Jamieson,1254083,2021,16,11,145.45
KA Jamieson,1254087,2021,4,12,33.33
KA Jamieson,1254108,2021,2,2,100.0
KA Jamieson,1473508,2025,0,3,0.0
KA Jamieson,1473511,2025,0,2,0.0
KA Jamieson,1529282,2026,12,13,92.31
KA Maharaj,1426265,2024,1,2,50.0
KA Pollard,419114,2010,10,7,142.86
KA Pollard,419119,2010,21,19,110.53
KA Pollard,419122,2010,7,7,100.0
KA Pollard,419125,2010,20,9,222.22
KA Pollard,419130,2010,1,5,20.0
KA Pollard,419132,2010,20,13,153.85
KA Pollard,419138,2010,21,10,210.0
KA Pollard,419142,2010,5,6,83.33
KA Pollard,419146,2010,18,14,128.57
KA Pollard,419150,2010,25,13,192.31
KA Pollard,419152,2010,45,13,346.15
KA Pollard,419157,2010,20,7,285.71
KA Pollard,419162,2010,33,13,253.85
KA Pollard,419165,2010,27,10,270.0
KA Pollard,501221,2011,0,2,0.0
KA Pollard,501224,2011,0,1,0.0
KA Pollard,501231,2011,4,15,26.67
KA Pollard,501237,2011,20,11,181.82
KA Pollard,501241,2011,27,20,135.0
KA Pollard,501246,2011,9,8,112.5
KA Pollard,501251,2011,17,11,154.55
KA Pollard,501256,2011,24,13,184.62
KA Pollard,501263,2011,20,18,111.11
KA Pollard,501267,2011,18,22,81.82
KA Pollard,501269,2011,3,5,60.0
KA Pollard,501270,2011,3,6,50.0
KA Pollard,548308,2012,8,11,72.73
KA Pollard,548314,2012,24,18,133.33
KA Pollard,548317,2012,64,33,193.94
KA Pollard,548325,2012,1,3,33.33
KA Pollard,548334,2012,7,10,70.0
KA Pollard,548339,2012,3,7,42.86
KA Pollard,548342,2012,16,9,177.78
KA Pollard,548360,2012,21,13,161.54
KA Pollard,548367,2012,52,31,167.74
KA Pollard,548370,2012,8,5,160.0
KA Pollard,548379,2012,16,18,88.89
KA Pollard,597999,2013,5,2,250.0
KA Pollard,598002,2013,57,38,150.0
KA Pollard,598006,2013,13,7,185.71
KA Pollard,598011,2013,19,14,135.71
KA Pollard,598019,2013,1,7,14.29
KA Pollard,598024,2013,19,10,190.0
KA Pollard,598029,2013,33,24,137.5
KA Pollard,598033,2013,34,16,212.5
KA Pollard,598037,2013,20,20,100.0
KA Pollard,598039,2013,14,19,73.68
KA Pollard,598046,2013,1,3,33.33
KA Pollard,598050,2013,4,4,100.0
KA Pollard,598060,2013,60,26,230.77
KA Pollard,598063,2013,17,14,121.43
KA Pollard,598066,2013,22,20,110.0
KA Pollard,598070,2013,24,16,150.0
KA Pollard,598072,2013,11,6,183.33
KA Pollard,598073,2013,60,32,187.5
KA Pollard,729279,2014,6,8,75.0
KA Pollard,729287,2014,3,7,42.86
KA Pollard,729303,2014,12,11,109.09
KA Pollard,729309,2014,32,29,110.34
KA Pollard,729317,2014,78,48,162.5
KA Pollard,733973,2014,28,12,233.33
KA Pollard,733983,2014,43,31,138.71
KA Pollard,733995,2014,0,1,0.0
KA Pollard,734001,2014,6,7,85.71
KA Pollard,734009,2014,10,11,90.91
KA Pollard,734017,2014,14,12,116.67
KA Pollard,734025,2014,8,6,133.33
KA Pollard,734031,2014,11,8,137.5
KA Pollard,734041,2014,7,3,233.33
KA Pollard,734045,2014,14,8,175.0
KA Pollard,829717,2015,20,21,95.24
KA Pollard,829721,2015,70,34,205.88
KA Pollard,829729,2015,64,30,213.33
KA Pollard,829737,2015,5,3,166.67
KA Pollard,829747,2015,10,8,125.0
KA Pollard,829751,2015,33,24,137.5
KA Pollard,829769,2015,20,13,153.85
KA Pollard,829775,2015,7,7,100.0
KA Pollard,829783,2015,26,14,185.71
KA Pollard,829789,2015,1,4,25.0
KA Pollard,829795,2015,49,24,204.17
KA Pollard,829805,2015,33,38,86.84
KA Pollard,829817,2015,41,17,241.18
KA Pollard,829823,2015,36,18,200.0
KA Pollard,980901,2016,1,8,12.5
KA Pollard,980909,2016,1,1,100.0
KA Pollard,980917,2016,1,3,33.33
KA Pollard,980927,2016,39,19,205.26
KA Pollard,980933,2016,19,18,105.56
KA Pollard,980941,2016,10,9,111.11
KA Pollard,980947,2016,51,17,300.0
KA Pollard,980973,2016,11,13,84.62
KA Pollard,980981,2016,35,19,184.21
KA Pollard,980985,2016,27,20,135.0
KA Pollard,980993,2016,3,6,50.0
KA Pollard,981007,2016,9,11,81.82
KA Pollard,1082592,2017,27,17,158.82
KA Pollard,1082597,2017,17,17,100.0
KA Pollard,1082600,2017,11,11,100.0
KA Pollard,1082602,2017,70,47,148.94
KA Pollard,1082606,2017,39,23,169.57
KA Pollard,1082614,2017,26,29,89.66
KA Pollard,1082618,2017,9,9,100.0
KA Pollard,1082625,2017,25,14,178.57
KA Pollard,1082628,2017,17,13,130.77
KA Pollard,1082635,2017,63,35,180.0
KA Pollard,1082638,2017,5,9,55.56
KA Pollard,1082641,2017,50,24,208.33
KA Pollard,1082644,2017,13,11,118.18
KA Pollard,1082647,2017,7,10,70.0
KA Pollard,1082649,2017,9,7,128.57
KA Pollard,1082650,2017,7,3,233.33
KA Pollard,1136567,2018,28,23,121.74
KA Pollard,1136569,2018,0,1,0.0
KA Pollard,1136574,2018,5,7,71.43
KA Pollard,1136581,2018,21,19,110.53
KA Pollard,1136583,2018,9,6,150.0
KA Pollard,1136591,2018,13,13,100.0
KA Pollard,1136610,2018,50,23,217.39
KA Pollard,1136615,2018,7,7,100.0
KA Pollard,1175358,2019,21,13,161.54
KA Pollard,1175362,2019,5,6,83.33
KA Pollard,1175364,2019,7,9,77.78
KA Pollard,1175370,2019,11,6,183.33
KA Pollard,1178394,2019,46,25,184.0
KA Pollard,1178399,2019,77,30,256.67
KA Pollard,1178402,2019,6,12,50.0
KA Pollard,1178411,2019,10,7,142.86
KA Pollard,1178419,2019,13,12,108.33
KA Pollard,1178422,2019,20,21,95.24
KA Pollard,1178426,2019,12,10,120.0
KA Pollard,1181768,2019,41,25,164.0
KA Pollard,1216492,2020,18,14,128.57
KA Pollard,1216495,2020,41,25,164.0
KA Pollard,1216499,2020,4,1,400.0
KA Pollard,1216503,2020,47,20,235.0
KA Pollard,1216508,2020,13,7,185.71
KA Pollard,1216517,2020,42,17,247.06
KA Pollard,1216529,2020,11,14,78.57
KA Pollard,1216538,2020,25,13,192.31
KA Pollard,1216541,2020,6,4,150.0
KA Pollard,1216547,2020,65,28,232.14
KA Pollard,1237177,2020,0,2,0.0
KA Pollard,1237181,2020,9,4,225.0
KA Pollard,1254058,2021,7,9,77.78
KA Pollard,1254062,2021,5,8,62.5
KA Pollard,1254066,2021,35,22,159.09
KA Pollard,1254070,2021,2,5,40.0
KA Pollard,1254074,2021,16,12,133.33
KA Pollard,1254081,2021,16,8,200.0
KA Pollard,1254084,2021,87,34,255.88
KA Pollard,1254088,2021,13,12,108.33
KA Pollard,1254096,2021,19,14,135.71
KA Pollard,1254099,2021,15,7,214.29
KA Pollard,1254104,2021,15,14,107.14
KA Pollard,1254108,2021,7,10,70.0
KA Pollard,1254112,2021,6,9,66.67
KA Pollard,1304048,2022,3,6,50.0
KA Pollard,1304055,2022,22,23,95.65
KA Pollard,1304060,2022,22,5,440.0
KA Pollard,1304064,2022,0,1,0.0
KA Pollard,1304069,2022,10,11,90.91
KA Pollard,1304072,2022,25,14,178.57
KA Pollard,1304079,2022,14,9,155.56
KA Pollard,1304083,2022,19,20,95.0
KA Pollard,1304090,2022,10,14,71.43
KA Pollard,1304097,2022,4,14,28.57
KA Pollard,1304102,2022,15,16,93.75
KAJ Roach,419130,2010,10,9,111.11
KB Arun Karthik,419129,2010,3,5,60.0
KB Arun Karthik,501255,2011,1,2,50.0
KB Arun Karthik,501260,2011,6,6,100.0
KB Arun Karthik,597999,2013,19,19,100.0
KB Arun Karthik,598004,2013,0,1,0.0
KB Arun Karthik,598012,2013,5,5,100.0
KB Arun Karthik,598017,2013,5,5,100.0
KB Arun Karthik,598033,2013,12,8,150.0
KC Cariappa,980955,2016,1,3,33.33
KC Cariappa,980999,2016,12,8,150.0
KC Cariappa,1082605,2017,1,2,50.0
KC Cariappa,1082609,2017,1,5,20.0
KC Cariappa,1178413,2019,9,3,300.0
KC Sangakkara,335983,2008,54,33,163.64
KC Sangakkara,335987,2008,20,8,250.0
KC Sangakkara,335991,2008,94,56,167.86
KC Sangakkara,335995,2008,4,2,200.0
KC Sangakkara,335999,2008,3,4,75.0
KC Sangakkara,336003,2008,27,20,135.0
KC Sangakkara,336031,2008,50,25,200.0
KC Sangakkara,336035,2008,64,45,142.22
KC Sangakkara,336039,2008,3,4,75.0
KC Sangakkara,392183,2009,8,11,72.73
KC Sangakkara,392186,2009,26,24,108.33
KC Sangakkara,392191,2009,26,18,144.44
KC Sangakkara,392195,2009,60,51,117.65
KC Sangakkara,392200,2009,45,44,102.27
KC Sangakkara,392204,2009,17,23,73.91
KC Sangakkara,392207,2009,0,2,0.0
KC Sangakkara,392210,2009,11,15,73.33
KC Sangakkara,392216,2009,25,18,138.89
KC Sangakkara,392222,2009,8,19,42.11
KC Sangakkara,392226,2009,43,46,93.48
KC Sangakkara,392229,2009,56,42,133.33
KC Sangakkara,392234,2009,7,9,77.78
KC Sangakkara,419108,2010,17,9,188.89
KC Sangakkara,419117,2010,0,3,0.0
KC Sangakkara,419121,2010,15,16,93.75
KC Sangakkara,419124,2010,29,13,223.08
KC Sangakkara,419127,2010,30,27,111.11
KC Sangakkara,419136,2010,45,27,166.67
KC Sangakkara,419139,2010,38,22,172.73
KC Sangakkara,419143,2010,9,7,128.57
KC Sangakkara,419146,2010,56,42,133.33
KC Sangakkara,419149,2010,33,30,110.0
KC Sangakkara,419156,2010,52,36,144.44
KC Sangakkara,419159,2010,33,24,137.5
KC Sangakkara,501199,2011,0,3,0.0
KC Sangakkara,501203,2011,16,15,106.67
KC Sangakkara,501208,2011,36,25,144.0
KC Sangakkara,501212,2011,35,28,125.0
KC Sangakkara,501216,2011,49,35,140.0
KC Sangakkara,501224,2011,34,28,121.43
KC Sangakkara,501229,2011,65,45,144.44
KC Sangakkara,501236,2011,15,12,125.0
KC Sangakkara,501239,2011,0,2,0.0
KC Sangakkara,501243,2011,44,36,122.22
KC Sangakkara,501250,2011,12,13,92.31
KC Sangakkara,501256,2011,27,28,96.43
KC Sangakkara,501259,2011,25,21,119.05
KC Sangakkara,548314,2012,14,19,73.68
KC Sangakkara,548321,2012,1,7,14.29
KC Sangakkara,548326,2012,44,32,137.5
KC Sangakkara,548329,2012,4,5,80.0
KC Sangakkara,548335,2012,12,15,80.0
KC Sangakkara,548341,2012,12,14,85.71
KC Sangakkara,548348,2012,76,51,149.02
KC Sangakkara,548352,2012,1,5,20.0
KC Sangakkara,548356,2012,10,3,333.33
KC Sangakkara,548359,2012,4,6,66.67
KC Sangakkara,548366,2012,1,4,25.0
KC Sangakkara,548376,2012,15,22,68.18
KC Sangakkara,598000,2013,15,16,93.75
KC Sangakkara,598004,2013,16,17,94.12
KC Sangakkara,598010,2013,28,28,100.0
KC Sangakkara,598013,2013,2,3,66.67
KC Sangakkara,598032,2013,4,4,100.0
KC Sangakkara,598039,2013,21,21,100.0
KC Sangakkara,598044,2013,8,14,57.14
KC Sangakkara,598048,2013,23,24,95.83
KC Sangakkara,598051,2013,3,9,33.33
KD Karthik,335995,2008,24,14,171.43
KD Karthik,335998,2008,2,4,50.0
KD Karthik,336004,2008,28,23,121.74
KD Karthik,336009,2008,6,3,200.0
KD Karthik,336015,2008,13,15,86.67
KD Karthik,336026,2008,6,4,150.0
KD Karthik,336032,2008,56,32,175.0
KD Karthik,336038,2008,10,12,83.33
KD Karthik,392189,2009,18,16,112.5
KD Karthik,392194,2009,12,9,133.33
KD Karthik,392198,2009,4,5,80.0
KD Karthik,392201,2009,41,30,136.67
KD Karthik,392206,2009,52,31,167.74
KD Karthik,392215,2009,5,3,166.67
KD Karthik,392219,2009,17,22,77.27
KD Karthik,392223,2009,44,23,191.3
KD Karthik,392226,2009,32,29,110.34
KD Karthik,392230,2009,23,11,209.09
KD Karthik,392232,2009,31,29,106.9
KD Karthik,392235,2009,0,1,0.0
KD Karthik,392237,2009,9,8,112.5
KD Karthik,419108,2010,20,18,111.11
KD Karthik,419111,2010,23,26,88.46
KD Karthik,419114,2010,16,6,266.67
KD Karthik,419116,2010,19,14,135.71
KD Karthik,419120,2010,46,27,170.37
KD Karthik,419128,2010,17,19,89.47
KD Karthik,419131,2010,0,1,0.0
KD Karthik,419134,2010,69,37,186.49
KD Karthik,419140,2010,6,4,150.0
KD Karthik,419144,2010,20,17,117.65
KD Karthik,419149,2010,17,35,48.57
KD Karthik,419152,2010,11,14,78.57
KD Karthik,419155,2010,13,16,81.25
KD Karthik,419160,2010,1,2,50.0
KD Karthik,501202,2011,0,7,0.0
KD Karthik,501206,2011,21,11,190.91
KD Karthik,501212,2011,3,5,60.0
KD Karthik,501220,2011,21,16,131.25
KD Karthik,501223,2011,6,5,120.0
KD Karthik,501234,2011,42,42,100.0
KD Karthik,501237,2011,1,2,50.0
KD Karthik,501244,2011,20,15,133.33
KD Karthik,501248,2011,30,27,111.11
KD Karthik,501251,2011,31,24,129.17
KD Karthik,501254,2011,69,33,209.09
KD Karthik,501257,2011,27,19,142.11
KD Karthik,501264,2011,11,14,78.57
KD Karthik,548308,2012,32,32,100.0
KD Karthik,548314,2012,7,6,116.67
KD Karthik,548317,2012,0,1,0.0
KD Karthik,548325,2012,3,4,75.0
KD Karthik,548334,2012,35,20,175.0
KD Karthik,548339,2012,3,6,50.0
KD Karthik,548342,2012,40,28,142.86
KD Karthik,548346,2012,2,6,33.33
KD Karthik,548351,2012,18,21,85.71
KD Karthik,548355,2012,11,5,220.0
KD Karthik,548360,2012,44,39,112.82
KD Karthik,548367,2012,16,14,114.29
KD Karthik,548370,2012,21,26,80.77
KD Karthik,548379,2012,6,4,150.0
KD Karthik,597999,2013,56,36,155.56
KD Karthik,598002,2013,37,25,148.0
KD Karthik,598006,2013,85,47,180.85
KD Karthik,598011,2013,41,29,141.38
KD Karthik,598019,2013,30,32,93.75
KD Karthik,598024,2013,2,6,33.33
KD Karthik,598029,2013,7,6,116.67
KD Karthik,598033,2013,43,33,130.3
KD Karthik,598037,2013,25,19,131.58
KD Karthik,598039,2013,0,2,0.0
KD Karthik,598046,2013,23,23,100.0
KD Karthik,598050,2013,34,18,188.89
KD Karthik,598055,2013,17,25,68.0
KD Karthik,598060,2013,30,23,130.43
KD Karthik,598063,2013,21,21,100.0
KD Karthik,598066,2013,0,3,0.0
KD Karthik,598070,2013,11,18,61.11
KD Karthik,598072,2013,22,17,129.41
KD Karthik,598073,2013,21,26,80.77
KD Karthik,729281,2014,0,1,0.0
KD Karthik,729289,2014,56,40,140.0
KD Karthik,729293,2014,21,22,95.45
KD Karthik,729301,2014,15,14,107.14
KD Karthik,729309,2014,2,3,66.67
KD Karthik,733975,2014,12,16,75.0
KD Karthik,733981,2014,51,36,141.67
KD Karthik,733985,2014,36,22,163.64
KD Karthik,733993,2014,39,30,130.0
KD Karthik,734005,2014,1,2,50.0
KD Karthik,734011,2014,3,8,37.5
KD Karthik,734019,2014,69,44,156.82
KD Karthik,734031,2014,7,13,53.85
KD Karthik,734039,2014,13,7,185.71
KD Karthik,829713,2015,6,8,75.0
KD Karthik,829719,2015,9,11,81.82
KD Karthik,829737,2015,18,11,163.64
KD Karthik,829745,2015,10,11,90.91
KD Karthik,829763,2015,27,18,150.0
KD Karthik,829779,2015,23,20,115.0
KD Karthik,829785,2015,8,3,266.67
KD Karthik,829803,2015,2,4,50.0
KD Karthik,829807,2015,2,2,100.0
KD Karthik,829819,2015,8,3,266.67
KD Karthik,829821,2015,28,26,107.69
KD Karthik,980905,2016,41,26,157.69
KD Karthik,980917,2016,9,11,81.82
KD Karthik,980929,2016,8,9,88.89
KD Karthik,980937,2016,50,39,128.21
KD Karthik,980945,2016,19,17,111.76
KD Karthik,980949,2016,33,20,165.0
KD Karthik,980955,2016,2,4,50.0
KD Karthik,980961,2016,53,43,123.26
KD Karthik,980967,2016,0,3,0.0
KD Karthik,980975,2016,51,29,175.86
KD Karthik,980987,2016,2,4,50.0
KD Karthik,981001,2016,12,8,150.0
KD Karthik,981007,2016,3,4,75.0
KD Karthik,981013,2016,26,30,86.67
KD Karthik,981017,2016,26,19,136.84
KD Karthik,1082593,2017,47,25,188.0
KD Karthik,1082596,2017,30,32,93.75
KD Karthik,1082603,2017,3,5,60.0
KD Karthik,1082606,2017,44,25,176.0
KD Karthik,1082610,2017,1,4,25.0
KD Karthik,1082613,2017,3,3,100.0
KD Karthik,1082616,2017,58,44,131.82
KD Karthik,1082625,2017,2,8,25.0
KD Karthik,1082629,2017,29,26,111.54
KD Karthik,1082632,2017,65,34,191.18
KD Karthik,1082637,2017,35,23,152.17
KD Karthik,1082640,2017,40,28,142.86
KD Karthik,1082643,2017,0,1,0.0
KD Karthik,1136563,2018,35,29,120.69
KD Karthik,1136565,2018,26,25,104.0
KD Karthik,1136570,2018,29,26,111.54
KD Karthik,1136573,2018,19,10,190.0
KD Karthik,1136575,2018,42,23,182.61
KD Karthik,1136578,2018,43,28,153.57
KD Karthik,1136586,2018,18,18,100.0
KD Karthik,1136589,2018,23,10,230.0
KD Karthik,1136593,2018,45,18,250.0
KD Karthik,1136597,2018,36,26,138.46
KD Karthik,1136601,2018,5,3,166.67
KD Karthik,1136604,2018,50,23,217.39
KD Karthik,1136609,2018,41,31,132.26
KD Karthik,1136614,2018,26,22,118.18
KD Karthik,1136618,2018,52,38,136.84
KD Karthik,1136619,2018,8,6,133.33
KD Karthik,1175357,2019,2,4,50.0
KD Karthik,1175361,2019,1,1,100.0
KD Karthik,1175365,2019,51,37,137.84
KD Karthik,1175372,2019,19,15,126.67
KD Karthik,1178398,2019,19,21,90.48
KD Karthik,1178401,2019,2,3,66.67
KD Karthik,1178404,2019,18,14,128.57
KD Karthik,1178413,2019,6,4,150.0
KD Karthik,1178418,2019,97,50,194.0
KD Karthik,1178422,2019,14,6,233.33
KD Karthik,1178427,2019,21,9,233.33
KD Karthik,1178431,2019,3,9,33.33
KD Karthik,1216494,2020,4,14,28.57
KD Karthik,1216497,2020,3,6,50.0
KD Karthik,1216501,2020,12,11,109.09
KD Karthik,1216504,2020,1,3,33.33
KD Karthik,1216508,2020,30,23,130.43
KD Karthik,1216512,2020,29,16,181.25
KD Karthik,1216515,2020,6,8,75.0
KD Karthik,1216520,2020,0,2,0.0
KD Karthik,1216523,2020,58,29,200.0
KD Karthik,1216526,2020,4,8,50.0
KD Karthik,1216530,2020,0,1,0.0
KD Karthik,1216536,2020,21,10,210.0
KD Karthik,1216540,2020,1,2,50.0
KD Karthik,1216545,2020,0,3,0.0
KD Karthik,1254060,2021,22,9,244.44
KD Karthik,1254062,2021,8,11,72.73
KD Karthik,1254067,2021,2,5,40.0
KD Karthik,1254072,2021,40,24,166.67
KD Karthik,1254075,2021,25,24,104.17
KD Karthik,1254078,2021,12,6,200.0
KD Karthik,1254082,2021,14,10,140.0
KD Karthik,1254092,2021,12,14,85.71
KD Karthik,1254098,2021,26,11,236.36
KD Karthik,1254102,2021,11,11,100.0
KD Karthik,1254106,2021,14,11,127.27
KD Karthik,1254109,2021,18,12,150.0
KD Karthik,1254115,2021,10,12,83.33
KD Karthik,1254116,2021,0,3,0.0
KD Karthik,1254117,2021,9,7,128.57
KD Karthik,1304049,2022,32,14,228.57
KD Karthik,1304052,2022,14,7,200.0
KD Karthik,1304059,2022,40,22,181.82
KD Karthik,1304064,2022,7,2,350.0
KD Karthik,1304068,2022,33,13,253.85
KD Karthik,1304073,2022,66,34,194.12
KD Karthik,1304077,2022,13,8,162.5
KD Karthik,1304082,2022,0,3,0.0
KD Karthik,1304085,2022,6,4,150.0
KD Karthik,1304089,2022,2,3,66.67
KD Karthik,1304095,2022,26,17,152.94
KD Karthik,1304100,2022,30,8,375.0
KD Karthik,1304106,2022,11,11,100.0
KD Karthik,1304113,2022,2,2,100.0
KD Karthik,1312198,2022,37,23,160.87
KD Karthik,1312199,2022,6,7,85.71
KD Karthik,1359479,2023,0,3,0.0
KD Karthik,1359483,2023,9,8,112.5
KD Karthik,1359489,2023,1,1,100.0
KD Karthik,1359494,2023,0,1,0.0
KD Karthik,1359498,2023,28,14,200.0
KD Karthik,1359501,2023,7,5,140.0
KD Karthik,1359506,2023,16,13,123.08
KD Karthik,1359510,2023,22,18,122.22
KD Karthik,1359517,2023,16,11,145.45
KD Karthik,1359524,2023,11,9,122.22
KD Karthik,1359528,2023,30,18,166.67
KD Karthik,1359534,2023,0,2,0.0
KD Karthik,1359544,2023,0,1,0.0
KD Karthik,1422119,2024,38,26,146.15
KD Karthik,1422124,2024,28,10,280.0
KD Karthik,1422128,2024,20,8,250.0
KD Karthik,1422133,2024,4,8,50.0
KD Karthik,1426263,2024,53,23,230.43
KD Karthik,1426268,2024,83,35,237.14
KD Karthik,1426274,2024,25,18,138.89
KD Karthik,1426279,2024,11,6,183.33
KD Karthik,1426290,2024,21,12,175.0
KD Karthik,1426296,2024,14,6,233.33
KD Karthik,1426300,2024,0,2,0.0
KD Karthik,1426306,2024,14,6,233.33
KD Karthik,1426310,2024,11,13,84.62
KH Pandya,980917,2016,20,11,181.82
KH Pandya,980923,2016,49,28,175.0
KH Pandya,980933,2016,36,17,211.76
KH Pandya,980947,2016,6,5,120.0
KH Pandya,980973,2016,17,11,154.55
KH Pandya,980985,2016,19,12,158.33
KH Pandya,980993,2016,86,37,232.43
KH Pandya,981007,2016,4,3,133.33
KH Pandya,1082592,2017,3,5,60.0
KH Pandya,1082597,2017,11,6,183.33
KH Pandya,1082600,2017,37,20,185.0
KH Pandya,1082602,2017,37,30,123.33
KH Pandya,1082614,2017,17,16,106.25
KH Pandya,1082625,2017,29,20,145.0
KH Pandya,1082628,2017,2,2,100.0
KH Pandya,1082644,2017,0,1,0.0
KH Pandya,1082647,2017,15,11,136.36
KH Pandya,1082649,2017,45,30,150.0
KH Pandya,1082650,2017,47,38,123.68
KH Pandya,1136561,2018,41,22,186.36
KH Pandya,1136567,2018,15,10,150.0
KH Pandya,1136569,2018,11,10,110.0
KH Pandya,1136574,2018,15,12,125.0
KH Pandya,1136581,2018,7,6,116.67
KH Pandya,1136583,2018,24,20,120.0
KH Pandya,1136591,2018,23,19,121.05
KH Pandya,1136594,2018,31,12,258.33
KH Pandya,1136597,2018,14,11,127.27
KH Pandya,1136601,2018,8,2,400.0
KH Pandya,1136607,2018,3,7,42.86
KH Pandya,1136610,2018,32,23,139.13
KH Pandya,1136615,2018,4,3,133.33
KH Pandya,1175358,2019,32,15,213.33
KH Pandya,1175362,2019,1,2,50.0
KH Pandya,1175364,2019,10,5,200.0
KH Pandya,1175370,2019,42,32,131.25
KH Pandya,1178394,2019,6,13,46.15
KH Pandya,1178399,2019,1,2,50.0
KH Pandya,1178406,2019,11,21,52.38
KH Pandya,1178409,2019,37,26,142.31
KH Pandya,1178411,2019,2,2,100.0
KH Pandya,1178419,2019,1,3,33.33
KH Pandya,1178422,2019,24,18,133.33
KH Pandya,1178426,2019,9,3,300.0
KH Pandya,1181764,2019,0,1,0.0
KH Pandya,1181768,2019,7,7,100.0
KH Pandya,1216492,2020,3,3,100.0
KH Pandya,1216495,2020,0,3,0.0
KH Pandya,1216499,2020,10,10,100.0
KH Pandya,1216508,2020,1,3,33.33
KH Pandya,1216511,2020,12,17,70.59
KH Pandya,1216517,2020,34,30,113.33
KH Pandya,1216529,2020,12,7,171.43
KH Pandya,1216538,2020,20,4,500.0
KH Pandya,1216541,2020,3,4,75.0
KH Pandya,1237177,2020,13,10,130.0
KH Pandya,1237181,2020,1,1,100.0
KH Pandya,1254058,2021,3,6,50.0
KH Pandya,1254062,2021,15,9,166.67
KH Pandya,1254066,2021,3,3,100.0
KH Pandya,1254070,2021,1,5,20.0
KH Pandya,1254074,2021,3,3,100.0
KH Pandya,1254081,2021,39,26,150.0
KH Pandya,1254084,2021,32,23,139.13
KH Pandya,1254088,2021,9,7,128.57
KH Pandya,1254096,2021,12,9,133.33
KH Pandya,1254104,2021,4,5,80.0
KH Pandya,1254108,2021,5,11,45.45
KH Pandya,1254112,2021,13,15,86.67
KH Pandya,1304050,2022,21,13,161.54
KH Pandya,1304058,2022,6,3,200.0
KH Pandya,1304061,2022,19,14,135.71
KH Pandya,1304066,2022,22,15,146.67
KH Pandya,1304072,2022,1,1,100.0
KH Pandya,1304077,2022,42,28,150.0
KH Pandya,1304083,2022,1,2,50.0
KH Pandya,1304088,2022,7,7,100.0
KH Pandya,1304091,2022,9,6,150.0
KH Pandya,1304099,2022,25,27,92.59
KH Pandya,1304103,2022,5,5,100.0
KH Pandya,1304109,2022,25,23,108.7
KH Pandya,1312198,2022,0,1,0.0
KH Pandya,1359477,2023,15,13,115.38
KH Pandya,1359480,2023,9,9,100.0
KH Pandya,1359484,2023,34,23,147.83
KH Pandya,1359489,2023,0,2,0.0
KH Pandya,1359495,2023,18,17,105.88
KH Pandya,1359500,2023,4,2,200.0
KH Pandya,1359504,2023,23,23,100.0
KH Pandya,1359512,2023,5,2,250.0
KH Pandya,1359517,2023,14,11,127.27
KH Pandya,1359519,2023,0,1,0.0
KH Pandya,1359525,2023,0,1,0.0
KH Pandya,1359537,2023,49,42,116.67
KH Pandya,1359542,2023,9,8,112.5
KH Pandya,1370351,2023,8,11,72.73
KH Pandya,1422122,2024,3,5,60.0
KH Pandya,1422129,2024,43,22,195.45
KH Pandya,1422139,2024,2,2,100.0
KH Pandya,1426264,2024,3,4,75.0
KH Pandya,1426266,2024,7,8,87.5
KH Pandya,1426282,2024,15,11,136.36
KH Pandya,1426286,2024,1,1,100.0
KH Pandya,1426292,2024,5,6,83.33
KH Pandya,1426295,2024,24,21,114.29
KH Pandya,1426302,2024,18,18,100.0
KH Pandya,1426305,2024,12,7,171.43
KH Pandya,1473445,2025,0,3,0.0
KH Pandya,1473451,2025,5,5,100.0
KH Pandya,1473461,2025,18,18,100.0
KH Pandya,1473471,2025,1,2,50.0
KH Pandya,1473483,2025,69,46,150.0
KH Pandya,1473503,2025,8,6,133.33
KH Pandya,1473511,2025,4,5,80.0
KH Pandya,1527689,2026,1,6,16.67
KH Pandya,1529269,2026,12,10,120.0
KH Pandya,1529277,2026,23,12,191.67
KH Pandya,1529285,2026,4,4,100.0
KH Pandya,1529293,2026,28,16,175.0
KH Pandya,1529297,2026,73,46,158.7
KH Pandya,1529310,2026,41,31,132.26
KH Pandya,1535462,2026,38,26,146.15
KH Pandya,1535465,2026,1,2,50.0
KJ Abbott,980925,2016,12,6,200.0
KJ Abbott,980999,2016,0,1,0.0
KJ Abbott,981005,2016,1,1,100.0
KK Ahmed,1178405,2019,0,1,0.0
KK Ahmed,1216498,2020,0,2,0.0
KK Ahmed,1254066,2021,1,2,50.0
KK Ahmed,1304056,2022,0,1,0.0
KK Ahmed,1304101,2022,0,1,0.0
KK Ahmed,1473480,2025,1,2,50.0
KK Cooper,548309,2012,11,3,366.67
KK Cooper,548312,2012,4,4,100.0
KK Cooper,548317,2012,14,6,233.33
KK Cooper,548336,2012,8,6,133.33
KK Cooper,598001,2013,2,2,100.0
KK Cooper,598005,2013,0,2,0.0
KK Cooper,598063,2013,7,4,175.0
KK Cooper,598065,2013,26,12,216.67
KK Cooper,598072,2013,4,2,200.0
KK Cooper,734011,2014,32,16,200.0
KK Cooper,734017,2014,5,8,62.5
KK Cooper,734033,2014,2,2,100.0
KK Nair,597999,2013,0,3,0.0
KK Nair,598004,2013,9,9,100.0
KK Nair,729305,2014,8,12,66.67
KK Nair,729315,2014,1,5,20.0
KK Nair,733975,2014,73,50,146.0
KK Nair,733979,2014,44,35,125.71
KK Nair,733989,2014,12,9,133.33
KK Nair,733999,2014,56,39,143.59
KK Nair,734003,2014,8,11,72.73
KK Nair,734011,2014,19,14,135.71
KK Nair,734017,2014,48,24,200.0
KK Nair,734033,2014,11,6,183.33
KK Nair,734041,2014,50,27,185.19
KK Nair,829709,2015,8,11,72.73
KK Nair,829715,2015,20,12,166.67
KK Nair,829727,2015,1,5,20.0
KK Nair,829735,2015,1,1,100.0
KK Nair,829741,2015,25,13,192.31
KK Nair,829749,2015,16,14,114.29
KK Nair,829769,2015,7,6,116.67
KK Nair,829777,2015,61,38,160.53
KK Nair,829787,2015,4,10,40.0
KK Nair,829797,2015,10,12,83.33
KK Nair,829811,2015,16,10,160.0
KK Nair,829819,2015,12,13,92.31
KK Nair,980903,2016,3,8,37.5
KK Nair,980921,2016,53,41,129.27
KK Nair,980933,2016,5,5,100.0
KK Nair,980945,2016,9,7,128.57
KK Nair,980951,2016,68,50,136.0
KK Nair,980965,2016,28,22,127.27
KK Nair,980971,2016,23,25,92.0
KK Nair,980983,2016,20,17,117.65
KK Nair,980993,2016,8,8,100.0
KK Nair,980997,2016,41,43,95.35
KK Nair,981003,2016,83,59,140.68
KK Nair,981011,2016,11,10,110.0
KK Nair,1082595,2017,4,3,133.33
KK Nair,1082605,2017,0,3,0.0
KK Nair,1082608,2017,21,27,77.78
KK Nair,1082611,2017,33,23,143.48
KK Nair,1082614,2017,5,15,33.33
KK Nair,1082622,2017,15,17,88.24
KK Nair,1082626,2017,11,10,110.0
KK Nair,1082630,2017,39,20,195.0
KK Nair,1082632,2017,12,11,109.09
KK Nair,1082635,2017,21,15,140.0
KK Nair,1082640,2017,30,15,200.0
KK Nair,1082642,2017,64,45,142.22
KK Nair,1082646,2017,26,22,118.18
KK Nair,1136562,2018,50,33,151.52
KK Nair,1136568,2018,29,26,111.54
KK Nair,1136572,2018,29,17,170.59
KK Nair,1136576,2018,31,21,147.62
KK Nair,1136582,2018,34,32,106.25
KK Nair,1136585,2018,13,17,76.47
KK Nair,1136594,2018,23,12,191.67
KK Nair,1136598,2018,31,23,134.78
KK Nair,1136600,2018,3,5,60.0
KK Nair,1136604,2018,3,6,50.0
KK Nair,1136608,2018,1,3,33.33
KK Nair,1136616,2018,54,26,207.69
KK Nair,1178399,2019,5,6,83.33
KK Nair,1216493,2020,1,3,33.33
KK Nair,1216503,2020,0,3,0.0
KK Nair,1216510,2020,15,8,187.5
KK Nair,1304076,2022,3,5,60.0
KK Nair,1304093,2022,13,13,100.0
KK Nair,1473466,2025,89,40,222.5
KK Nair,1473469,2025,0,3,0.0
KK Nair,1473472,2025,31,18,172.22
KK Nair,1473477,2025,15,9,166.67
KK Nair,1473483,2025,4,4,100.0
KK Nair,1473485,2025,15,13,115.38
KK Nair,1473492,2025,0,1,0.0
KK Nair,1485779,2025,44,27,162.96
KK Nair,1529269,2026,5,5,100.0
KK Nair,1529291,2026,13,13,100.0
KL Nagarkoti,1216501,2020,0,2,0.0
KL Nagarkoti,1216504,2020,8,5,160.0
KL Nagarkoti,1216515,2020,3,3,100.0
KL Nagarkoti,1216520,2020,6,13,46.15
KL Nagarkoti,1216530,2020,1,1,100.0
KL Nagarkoti,1216540,2020,4,7,57.14
KL Nagarkoti,1254072,2021,0,2,0.0
KL Rahul,598017,2013,12,12,100.0
KL Rahul,598045,2013,8,4,200.0
KL Rahul,729285,2014,20,18,111.11
KL Rahul,729295,2014,27,27,100.0
KL Rahul,729311,2014,25,27,92.59
KL Rahul,729317,2014,46,40,115.0
KL Rahul,733977,2014,6,6,100.0
KL Rahul,733989,2014,18,18,100.0
KL Rahul,734001,2014,10,13,76.92
KL Rahul,734015,2014,14,15,93.33
KL Rahul,829711,2015,5,8,62.5
KL Rahul,829719,2015,43,27,159.26
KL Rahul,829727,2015,2,5,40.0
KL Rahul,829731,2015,24,21,114.29
KL Rahul,829743,2015,0,2,0.0
KL Rahul,829751,2015,25,27,92.59
KL Rahul,829799,2015,17,10,170.0
KL Rahul,829815,2015,25,24,104.17
KL Rahul,980927,2016,23,14,164.29
KL Rahul,980931,2016,7,10,70.0
KL Rahul,980937,2016,51,35,145.71
KL Rahul,980953,2016,51,28,182.14
KL Rahul,980959,2016,52,32,162.5
KL Rahul,980969,2016,38,35,108.57
KL Rahul,980977,2016,42,25,168.0
KL Rahul,980981,2016,68,53,128.3
KL Rahul,980999,2016,16,6,266.67
KL Rahul,981011,2016,38,23,165.22
KL Rahul,981013,2016,0,1,0.0
KL Rahul,981019,2016,11,9,122.22
KL Rahul,1136562,2018,51,16,318.75
KL Rahul,1136568,2018,47,30,156.67
KL Rahul,1136572,2018,37,22,168.18
KL Rahul,1136576,2018,18,21,85.71
KL Rahul,1136578,2018,60,27,222.22
KL Rahul,1136582,2018,23,15,153.33
KL Rahul,1136585,2018,32,26,123.08
KL Rahul,1136594,2018,24,20,120.0
KL Rahul,1136598,2018,84,54,155.56
KL Rahul,1136600,2018,95,69,137.68
KL Rahul,1136604,2018,66,29,227.59
KL Rahul,1136608,2018,21,15,140.0
KL Rahul,1136610,2018,94,60,156.67
KL Rahul,1136616,2018,7,11,63.64
KL Rahul,1175359,2019,4,4,100.0
KL Rahul,1175361,2019,1,5,20.0
KL Rahul,1175364,2019,71,57,124.56
KL Rahul,1175368,2019,15,11,136.36
KL Rahul,1178393,2019,55,47,117.02
KL Rahul,1178397,2019,71,53,133.96
KL Rahul,1178399,2019,100,64,156.25
KL Rahul,1178403,2019,18,15,120.0
KL Rahul,1178407,2019,52,47,110.64
KL Rahul,1178412,2019,12,9,133.33
KL Rahul,1178417,2019,42,27,155.56
KL Rahul,1178423,2019,78,55,141.82
KL Rahul,1178427,2019,2,7,28.57
KL Rahul,1178430,2019,71,36,197.22
KL Rahul,1216493,2020,23,20,115.0
KL Rahul,1216498,2020,27,27,100.0
KL Rahul,1216503,2020,17,19,89.47
KL Rahul,1216506,2020,29,27,107.41
KL Rahul,1216510,2020,132,69,191.3
KL Rahul,1216513,2020,63,52,121.15
KL Rahul,1216517,2020,81,55,147.27
KL Rahul,1216520,2020,28,25,112.0
KL Rahul,1216523,2020,74,58,127.59
KL Rahul,1216527,2020,69,54,127.78
KL Rahul,1216531,2020,61,49,124.49
KL Rahul,1216537,2020,46,41,112.2
KL Rahul,1216542,2020,11,16,68.75
KL Rahul,1216546,2020,15,10,150.0
KL Rahul,1254061,2021,91,49,185.71
KL Rahul,1254065,2021,5,7,71.43
KL Rahul,1254068,2021,61,51,119.61
KL Rahul,1254071,2021,4,6,66.67
KL Rahul,1254074,2021,60,52,115.38
KL Rahul,1254078,2021,19,20,95.0
KL Rahul,1254083,2021,91,57,159.65
KL Rahul,1254090,2021,39,35,111.43
KL Rahul,1254094,2021,98,42,233.33
KL Rahul,1254099,2021,21,22,95.45
KL Rahul,1254102,2021,67,55,121.82
KL Rahul,1254107,2021,21,21,100.0
KL Rahul,1254111,2021,49,33,148.48
KL Rahul,1304050,2022,0,1,0.0
KL Rahul,1304053,2022,40,26,153.85
KL Rahul,1304058,2022,68,50,136.0
KL Rahul,1304061,2022,24,25,96.0
KL Rahul,1304066,2022,0,1,0.0
KL Rahul,1304072,2022,103,60,171.67
KL Rahul,1304077,2022,30,24,125.0
KL Rahul,1304083,2022,103,62,166.13
KL Rahul,1304088,2022,6,11,54.55
KL Rahul,1304091,2022,77,51,150.98
KL Rahul,1304103,2022,8,16,50.0
KL Rahul,1304109,2022,10,19,52.63
KL Rahul,1304112,2022,67,50,134.0
KL Rahul,1312198,2022,79,58,136.21
KL Rahul,1359477,2023,8,12,66.67
KL Rahul,1359480,2023,20,18,111.11
KL Rahul,1359484,2023,35,31,112.9
KL Rahul,1359489,2023,18,20,90.0
KL Rahul,1359495,2023,74,56,132.14
KL Rahul,1359500,2023,39,32,121.88
KL Rahul,1359504,2023,68,61,111.48
KL Rahul,1359512,2023,12,9,133.33
KL Rahul,1359517,2023,0,2,0.0
KL Rahul,1422122,2024,58,44,131.82
KL Rahul,1422129,2024,15,9,166.67
KL Rahul,1422133,2024,20,14,142.86
KL Rahul,1422139,2024,33,31,106.45
KL Rahul,1426264,2024,39,22,177.27
KL Rahul,1426266,2024,39,26,150.0
KL Rahul,1426272,2024,82,53,154.72
KL Rahul,1426277,2024,16,14,114.29
KL Rahul,1426282,2024,70,47,148.94
KL Rahul,1426286,2024,28,22,127.27
KL Rahul,1426292,2024,25,21,119.05
KL Rahul,1426295,2024,29,33,87.88
KL Rahul,1426302,2024,5,3,166.67
KL Rahul,1426305,2024,55,41,134.15
KL Rahul,1473447,2025,15,5,300.0
KL Rahul,1473454,2025,77,51,150.98
KL Rahul,1473461,2025,93,53,175.47
KL Rahul,1473466,2025,15,13,115.38
KL Rahul,1473469,2025,45,35,128.57
KL Rahul,1473472,2025,28,14,200.0
KL Rahul,1473477,2025,57,42,135.71
KL Rahul,1473483,2025,41,39,105.13
KL Rahul,1473485,2025,7,5,140.0
KL Rahul,1473492,2025,10,14,71.43
KL Rahul,1473498,2025,112,65,172.31
KL Rahul,1473501,2025,11,6,183.33
KL Rahul,1485779,2025,35,21,166.67
KL Rahul,1527678,2026,0,1,0.0
KL Rahul,1527681,2026,1,3,33.33
KL Rahul,1527687,2026,92,52,176.92
KL Rahul,1527691,2026,18,10,180.0
KL Rahul,1529269,2026,57,34,167.65
KL Rahul,1529274,2026,37,23,160.87
KL Rahul,1529278,2026,151,66,228.79
KL Rahul,1529282,2026,1,3,33.33
KL Rahul,1529286,2026,75,40,187.5
KL Rahul,1529291,2026,12,13,92.31
KL Rahul,1529294,2026,23,14,164.29
KL Rahul,1529298,2026,9,8,112.5
KL Rahul,1529305,2026,56,42,133.33
KL Rahul,1529313,2026,60,30,200.0
KM Asif,1359534,2023,0,2,0.0
KM Jadhav,419128,2010,50,29,172.41
KM Jadhav,419131,2010,4,1,400.0
KM Jadhav,419134,2010,10,9,111.11
KM Jadhav,419140,2010,7,9,77.78
KM Jadhav,419144,2010,5,8,62.5
KM Jadhav,501219,2011,12,11,109.09
KM Jadhav,501225,2011,5,9,55.56
KM Jadhav,501229,2011,0,2,0.0
KM Jadhav,501261,2011,1,1,100.0
KM Jadhav,598006,2013,1,2,50.0
KM Jadhav,598010,2013,26,19,136.84
KM Jadhav,598017,2013,29,16,181.25
KM Jadhav,598020,2013,31,28,110.71
KM Jadhav,598035,2013,25,19,131.58
KM Jadhav,598044,2013,3,4,75.0
KM Jadhav,598049,2013,23,21,109.52
KM Jadhav,598054,2013,8,8,100.0
KM Jadhav,598059,2013,0,2,0.0
KM Jadhav,598062,2013,2,4,50.0
KM Jadhav,729309,2014,14,10,140.0
KM Jadhav,733975,2014,28,14,200.0
KM Jadhav,733981,2014,29,18,161.11
KM Jadhav,733985,2014,26,15,173.33
KM Jadhav,733993,2014,5,11,45.45
KM Jadhav,734005,2014,34,18,188.89
KM Jadhav,734011,2014,3,3,100.0
KM Jadhav,734019,2014,0,1,0.0
KM Jadhav,734031,2014,7,5,140.0
KM Jadhav,734039,2014,0,4,0.0
KM Jadhav,829707,2015,20,20,100.0
KM Jadhav,829725,2015,3,5,60.0
KM Jadhav,829731,2015,19,12,158.33
KM Jadhav,829739,2015,12,9,133.33
KM Jadhav,829747,2015,1,1,100.0
KM Jadhav,829757,2015,33,29,113.79
KM Jadhav,829761,2015,10,6,166.67
KM Jadhav,829777,2015,11,7,157.14
KM Jadhav,829783,2015,16,15,106.67
KM Jadhav,829793,2015,63,34,185.29
KM Jadhav,829801,2015,1,1,100.0
KM Jadhav,829813,2015,0,1,0.0
KM Jadhav,980907,2016,4,5,80.0
KM Jadhav,980921,2016,9,11,81.82
KM Jadhav,980953,2016,25,15,166.67
KM Jadhav,1082591,2017,30,15,200.0
KM Jadhav,1082595,2017,69,37,186.49
KM Jadhav,1082598,2017,1,4,25.0
KM Jadhav,1082602,2017,8,7,114.29
KM Jadhav,1082607,2017,18,22,81.82
KM Jadhav,1082610,2017,38,16,237.5
KM Jadhav,1082617,2017,9,6,150.0
KM Jadhav,1082621,2017,31,18,172.22
KM Jadhav,1082624,2017,7,12,58.33
KM Jadhav,1082628,2017,28,22,127.27
KM Jadhav,1082633,2017,6,6,100.0
KM Jadhav,1082636,2017,8,9,88.89
KM Jadhav,1082646,2017,12,9,133.33
KM Jadhav,1136561,2018,24,21,114.29
KM Jadhav,1175356,2019,13,19,68.42
KM Jadhav,1175360,2019,27,33,81.82
KM Jadhav,1175367,2019,8,3,266.67
KM Jadhav,1175370,2019,56,53,105.66
KM Jadhav,1178398,2019,7,7,100.0
KM Jadhav,1178400,2019,1,6,16.67
KM Jadhav,1178404,2019,20,12,166.67
KM Jadhav,1178408,2019,1,2,50.0
KM Jadhav,1178414,2019,9,9,100.0
KM Jadhav,1178416,2019,11,10,110.0
KM Jadhav,1178419,2019,6,11,54.55
KM Jadhav,1178430,2019,0,1,0.0
KM Jadhav,1216496,2020,21,15,140.0
KM Jadhav,1216501,2020,7,12,58.33
KM Jadhav,1216516,2020,3,10,30.0
KM Jadhav,1216533,2020,4,7,57.14
KM Jadhav,1216539,2020,26,21,123.81
KM Jadhav,1254077,2021,9,9,100.0
KM Jadhav,1254080,2021,12,4,300.0
KM Jadhav,1254085,2021,19,19,100.0
KM Jadhav,1254105,2021,3,8,37.5
KM Jadhav,1254107,2021,12,12,100.0
KM Jadhav,1359528,2023,12,10,120.0
KMA Paul,1175358,2019,3,5,60.0
KMA Paul,1175360,2019,0,4,0.0
KMA Paul,1178405,2019,7,4,175.0
KMA Paul,1181766,2019,5,4,125.0
KMA Paul,1181767,2019,3,7,42.86
KMDN Kulasekara,548343,2012,5,3,166.67
KP Appanna,392204,2009,0,1,0.0
KP Appanna,419140,2010,1,2,50.0
KP Appanna,419151,2010,1,1,100.0
KP Pietersen,392182,2009,32,30,106.67
KP Pietersen,392185,2009,0,1,0.0
KP Pietersen,392188,2009,11,15,73.33
KP Pietersen,392191,2009,0,2,0.0
KP Pietersen,392194,2009,36,24,150.0
KP Pietersen,392199,2009,13,12,108.33
KP Pietersen,419133,2010,23,14,164.29
KP Pietersen,419136,2010,66,44,150.0
KP Pietersen,419140,2010,16,19,84.21
KP Pietersen,419154,2010,62,29,213.79
KP Pietersen,419157,2010,21,16,131.25
KP Pietersen,419162,2010,19,14,135.71
KP Pietersen,419164,2010,29,21,138.1
KP Pietersen,548316,2012,43,26,165.38
KP Pietersen,548321,2012,103,64,160.94
KP Pietersen,548325,2012,9,8,112.5
KP Pietersen,548333,2012,32,23,139.13
KP Pietersen,548337,2012,27,21,128.57
KP Pietersen,548342,2012,50,26,192.31
KP Pietersen,548345,2012,5,5,100.0
KP Pietersen,548349,2012,36,34,105.88
KP Pietersen,729301,2014,16,17,94.12
KP Pietersen,729309,2014,26,18,144.44
KP Pietersen,733975,2014,14,15,93.33
KP Pietersen,733981,2014,0,1,0.0
KP Pietersen,733985,2014,6,12,50.0
KP Pietersen,733993,2014,35,19,184.21
KP Pietersen,734005,2014,33,29,113.79
KP Pietersen,734011,2014,13,18,72.22
KP Pietersen,734019,2014,49,32,153.12
KP Pietersen,734031,2014,44,31,141.94
KP Pietersen,734039,2014,58,41,141.46
KP Pietersen,980901,2016,21,14,150.0
KP Pietersen,980911,2016,37,31,119.35
KP Pietersen,980919,2016,15,15,100.0
KP Pietersen,980931,2016,0,1,0.0
KR Mayers,1359477,2023,73,38,192.11
KR Mayers,1359480,2023,53,20,265.0
KR Mayers,1359484,2023,13,14,92.86
KR Mayers,1359489,2023,0,3,0.0
KR Mayers,1359495,2023,29,23,126.09
KR Mayers,1359500,2023,51,41,124.39
KR Mayers,1359504,2023,24,19,126.32
KR Mayers,1359512,2023,48,22,218.18
KR Mayers,1359517,2023,0,2,0.0
KR Mayers,1359519,2023,14,17,82.35
KR Mayers,1359525,2023,48,32,150.0
KR Mayers,1359532,2023,2,14,14.29
KR Mayers,1370351,2023,18,13,138.46
KR Sen,1304070,2022,0,3,0.0
KS Bharat,1254087,2021,15,17,88.24
KS Bharat,1254095,2021,12,10,120.0
KS Bharat,1254101,2021,78,52,150.0
KS Bharat,1254103,2021,44,35,125.71
KS Bharat,1254108,2021,32,24,133.33
KS Bharat,1254115,2021,9,16,56.25
KS Bharat,1304101,2022,8,5,160.0
KS Bharat,1304104,2022,0,2,0.0
KS Rathore,1473490,2025,0,5,0.0
KS Sharma,1304103,2022,4,4,100.0
KS Sharma,1359519,2023,9,16,56.25
KS Sharma,1359542,2023,3,5,60.0
KS Williamson,829711,2015,26,18,144.44
KS Williamson,829719,2015,5,9,55.56
KS Williamson,980953,2016,50,38,131.58
KS Williamson,980967,2016,6,9,66.67
KS Williamson,980973,2016,2,5,40.0
KS Williamson,980979,2016,32,37,86.49
KS Williamson,980983,2016,27,24,112.5
KS Williamson,981009,2016,7,9,77.78
KS Williamson,1082611,2017,89,50,178.0
KS Williamson,1082615,2017,21,14,150.0
KS Williamson,1082623,2017,54,27,200.0
KS Williamson,1082627,2017,40,25,160.0
KS Williamson,1082630,2017,24,24,100.0
KS Williamson,1082634,2017,4,2,200.0
KS Williamson,1082648,2017,24,26,92.31
KS Williamson,1136564,2018,36,35,102.86
KS Williamson,1136567,2018,6,4,150.0
KS Williamson,1136570,2018,50,44,113.64
KS Williamson,1136576,2018,54,41,131.71
KS Williamson,1136580,2018,84,51,164.71
KS Williamson,1136583,2018,29,21,138.1
KS Williamson,1136585,2018,0,3,0.0
KS Williamson,1136588,2018,63,43,146.51
KS Williamson,1136596,2018,32,30,106.67
KS Williamson,1136599,2018,56,38,147.37
KS Williamson,1136602,2018,83,53,156.6
KS Williamson,1136606,2018,51,39,130.77
KS Williamson,1136611,2018,81,42,192.86
KS Williamson,1136614,2018,36,17,211.76
KS Williamson,1136617,2018,24,15,160.0
KS Williamson,1136619,2018,3,3,100.0
KS Williamson,1136620,2018,47,36,130.56
KS Williamson,1175363,2019,14,10,140.0
KS Williamson,1178405,2019,3,8,37.5
KS Williamson,1178408,2019,3,5,60.0
KS Williamson,1178413,2019,8,9,88.89
KS Williamson,1178420,2019,13,14,92.86
KS Williamson,1178423,2019,14,7,200.0
KS Williamson,1178426,2019,3,7,42.86
KS Williamson,1178429,2019,68,42,161.9
KS Williamson,1181766,2019,28,27,103.7
KS Williamson,1216502,2020,8,14,57.14
KS Williamson,1216507,2020,21,11,190.91
KS Williamson,1216512,2020,29,19,152.63
KS Williamson,1216516,2020,9,13,69.23
KS Williamson,1216524,2020,11,10,110.0
KS Williamson,1216528,2020,57,39,146.15
KS Williamson,1216532,2020,41,26,157.69
KS Williamson,1216538,2020,3,5,60.0
KS Williamson,1216542,2020,20,10,200.0
KS Williamson,1237178,2020,50,44,113.64
KS Williamson,1237180,2020,67,45,148.89
KS Williamson,1254071,2021,16,19,84.21
KS Williamson,1254077,2021,70,54,129.63
KS Williamson,1254080,2021,26,10,260.0
KS Williamson,1254085,2021,20,21,95.24
KS Williamson,1254091,2021,11,11,100.0
KS Williamson,1254095,2021,31,29,106.9
KS Williamson,1254100,2021,51,41,124.39
KS Williamson,1254105,2021,17,25,68.0
KS Williamson,1254107,2021,1,6,16.67
KS Williamson,1254109,2021,26,21,123.81
KS Williamson,1304051,2022,2,7,28.57
KS Williamson,1304058,2022,16,16,100.0
KS Williamson,1304063,2022,32,40,80.0
KS Williamson,1304067,2022,57,46,123.91
KS Williamson,1304071,2022,17,16,106.25
KS Williamson,1304074,2022,3,9,33.33
KS Williamson,1304082,2022,16,17,94.12
KS Williamson,1304086,2022,5,8,62.5
KS Williamson,1304092,2022,47,37,127.03
KS Williamson,1304096,2022,4,11,36.36
KS Williamson,1304107,2022,9,17,52.94
KS Williamson,1304111,2022,8,7,114.29
KS Williamson,1422135,2024,26,22,118.18
KS Williamson,1422139,2024,1,5,20.0
KT Maphaka,1473497,2025,8,2,400.0
KV Sharma,392188,2009,1,3,33.33
KV Sharma,598013,2013,5,9,55.56
KV Sharma,598018,2013,7,13,53.85
KV Sharma,598032,2013,6,8,75.0
KV Sharma,598051,2013,39,33,118.18
KV Sharma,598056,2013,22,18,122.22
KV Sharma,598065,2013,4,3,133.33
KV Sharma,598071,2013,2,2,100.0
KV Sharma,729285,2014,4,5,80.0
KV Sharma,729295,2014,10,8,125.0
KV Sharma,729311,2014,17,7,242.86
KV Sharma,733977,2014,1,1,100.0
KV Sharma,733989,2014,0,1,0.0
KV Sharma,734007,2014,1,1,100.0
KV Sharma,734015,2014,4,4,100.0
KV Sharma,734037,2014,5,2,250.0
KV Sharma,829711,2015,4,6,66.67
KV Sharma,829731,2015,19,10,190.0
KV Sharma,829751,2015,2,5,40.0
KV Sharma,829759,2015,1,1,100.0
KV Sharma,829773,2015,4,2,200.0
KV Sharma,829781,2015,32,20,160.0
KV Sharma,829793,2015,16,13,123.08
KV Sharma,829799,2015,11,7,157.14
KV Sharma,829815,2015,15,21,71.43
KV Sharma,980907,2016,26,17,152.94
KV Sharma,980915,2016,2,2,100.0
KV Sharma,981009,2016,8,11,72.73
KV Sharma,1082618,2017,11,10,110.0
KV Sharma,1082628,2017,9,8,112.5
KV Sharma,1082638,2017,5,5,100.0
KV Sharma,1082641,2017,19,6,316.67
KV Sharma,1082647,2017,4,7,57.14
KV Sharma,1082650,2017,1,5,20.0
KV Sharma,1359483,2023,1,3,33.33
KV Sharma,1359517,2023,2,2,100.0
KV Sharma,1426274,2024,20,7,285.71
KV Sharma,1426300,2024,6,4,150.0
KV Sharma,1426310,2024,5,4,125.0
KV Sharma,1473493,2025,1,1,100.0
KW Richardson,598038,2013,26,20,130.0
KW Richardson,598055,2013,8,16,50.0
KW Richardson,733989,2014,1,2,50.0
KW Richardson,980927,2016,1,1,100.0
Kamran Akmal,335987,2008,11,9,122.22
Kamran Akmal,335990,2008,12,9,133.33
Kamran Akmal,336019,2008,24,8,300.0
Kamran Akmal,336033,2008,53,28,189.29
Kamran Akmal,336036,2008,18,16,112.5
Kamran Akmal,336040,2008,6,7,85.71
Kamran Khan,392182,2009,3,5,60.0
Karanveer Singh,734043,2014,1,1,100.0
Karanveer Singh,829709,2015,5,4,125.0
Karanveer Singh,829753,2015,2,5,40.0
Karanveer Singh,829785,2015,4,7,57.14
Kartik Sharma,1527676,2026,18,15,120.0
Kartik Sharma,1527680,2026,1,3,33.33
Kartik Sharma,1527684,2026,6,3,200.0
Kartik Sharma,1529276,2026,18,19,94.74
Kartik Sharma,1529280,2026,15,9,166.67
Kartik Sharma,1529287,2026,54,40,135.0
Kartik Sharma,1529291,2026,41,31,132.26
Kartik Sharma,1529296,2026,20,20,100.0
Kartik Sharma,1529302,2026,71,42,169.05
Kartik Sharma,1529306,2026,32,19,168.42
Kartik Sharma,1529309,2026,19,15,126.67
Kartik Tyagi,1216500,2020,2,3,66.67
Kartik Tyagi,1216530,2020,2,3,66.67
Kartik Tyagi,1254103,2021,1,1,100.0
Kartik Tyagi,1254111,2021,1,3,33.33
Kartik Tyagi,1304096,2022,7,5,140.0
Kartik Tyagi,1304100,2022,0,1,0.0
Kartik Tyagi,1527679,2026,5,5,100.0
Kartik Tyagi,1529268,2026,6,4,150.0
Kartik Tyagi,1529313,2026,0,1,0.0
Krish Bhagat,1529276,2026,7,15,46.67
Krish Bhagat,1529287,2026,3,6,50.0
Kuldeep Yadav,1082617,2017,4,7,57.14
Kuldeep Yadav,1082644,2017,16,15,106.67
Kuldeep Yadav,1136586,2018,7,6,116.67
Kuldeep Yadav,1136601,2018,5,15,33.33
Kuldeep Yadav,1136619,2018,0,3,0.0
Kuldeep Yadav,1175365,2019,10,5,200.0
Kuldeep Yadav,1178398,2019,0,1,0.0
Kuldeep Yadav,1178401,2019,2,2,100.0
Kuldeep Yadav,1216494,2020,12,19,63.16
Kuldeep Yadav,1216508,2020,1,2,50.0
Kuldeep Yadav,1304056,2022,14,14,100.0
Kuldeep Yadav,1304073,2022,10,7,142.86
Kuldeep Yadav,1304080,2022,0,3,0.0
Kuldeep Yadav,1304091,2022,16,8,200.0
Kuldeep Yadav,1304101,2022,5,17,29.41
Kuldeep Yadav,1304110,2022,2,2,100.0
Kuldeep Yadav,1304115,2022,1,1,100.0
Kuldeep Yadav,1359477,2023,6,10,60.0
Kuldeep Yadav,1359481,2023,1,1,100.0
Kuldeep Yadav,1359485,2023,3,7,42.86
Kuldeep Yadav,1359490,2023,0,1,0.0
Kuldeep Yadav,1359494,2023,7,6,116.67
Kuldeep Yadav,1359508,2023,4,3,133.33
Kuldeep Yadav,1359518,2023,0,1,0.0
Kuldeep Yadav,1359529,2023,0,1,0.0
Kuldeep Yadav,1359533,2023,10,17,58.82
Kuldeep Yadav,1359541,2023,0,1,0.0
Kuldeep Yadav,1422120,2024,1,2,50.0
Kuldeep Yadav,1426273,2024,0,1,0.0
Kuldeep Yadav,1426285,2024,35,26,134.62
Kuldeep Yadav,1426294,2024,5,2,250.0
Kuldeep Yadav,1426300,2024,6,10,60.0
Kuldeep Yadav,1473441,2025,5,5,100.0
Kuldeep Yadav,1473466,2025,1,1,100.0
Kuldeep Yadav,1473472,2025,4,1,400.0
Kuldeep Yadav,1473485,2025,1,1,100.0
Kuldeep Yadav,1473501,2025,7,8,87.5
Kuldeep Yadav,1527687,2026,1,1,100.0
Kuldeep Yadav,1527691,2026,4,7,57.14
Kuldeep Yadav,1529274,2026,1,2,50.0
Kuldeep Yadav,1529282,2026,3,11,27.27
Kumar Kushagra,1422138,2024,0,1,0.0
Kumar Kushagra,1426285,2024,1,3,33.33
Kumar Kushagra,1426300,2024,2,3,66.67
Kumar Kushagra,1527682,2026,18,14,128.57
L Ablish,501244,2011,0,2,0.0
L Balaji,336029,2008,0,4,0.0
L Balaji,392206,2009,2,3,66.67
L Balaji,392224,2009,0,1,0.0
L Balaji,392234,2009,2,6,33.33
L Balaji,419110,2010,15,10,150.0
L Balaji,419123,2010,0,2,0.0
L Balaji,419155,2010,3,8,37.5
L Balaji,501219,2011,1,1,100.0
L Balaji,501230,2011,3,1,300.0
L Balaji,598022,2013,9,7,128.57
L Balaji,598050,2013,0,3,0.0
L Balaji,729307,2014,0,2,0.0
L Balaji,733991,2014,1,1,100.0
L Ngidi,1473503,2025,0,2,0.0
L Ngidi,1527691,2026,3,4,75.0
L Ngidi,1529274,2026,0,1,0.0
L Ngidi,1529294,2026,1,1,100.0
L Ronchi,335985,2008,8,10,80.0
L Ronchi,335989,2008,2,3,66.67
L Ronchi,335991,2008,11,8,137.5
L Ronchi,335994,2008,13,11,118.18
L Ronchi,392215,2009,0,2,0.0
L Wood,1426281,2024,9,3,300.0
LA Carseldine,392205,2009,39,31,125.81
LA Carseldine,392210,2009,15,8,187.5
LA Carseldine,392213,2009,9,8,112.5
LA Carseldine,392217,2009,9,8,112.5
LA Carseldine,392220,2009,8,11,72.73
LA Pomersbach,336016,2008,34,24,141.67
LA Pomersbach,336019,2008,1,1,100.0
LA Pomersbach,336022,2008,25,12,208.33
LA Pomersbach,336028,2008,79,50,158.0
LA Pomersbach,336031,2008,13,12,108.33
LA Pomersbach,392222,2009,5,7,71.43
LA Pomersbach,392226,2009,8,5,160.0
LA Pomersbach,392229,2009,1,2,50.0
LA Pomersbach,392234,2009,26,32,81.25
LA Pomersbach,501255,2011,16,14,114.29
LA Pomersbach,501268,2011,29,18,161.11
LA Pomersbach,501270,2011,4,4,100.0
LA Pomersbach,501271,2011,2,3,66.67
LA Pomersbach,598041,2013,7,9,77.78
LA Pomersbach,598056,2013,33,40,82.5
LA Pomersbach,598059,2013,18,10,180.0
LB Williams,1426285,2024,1,2,50.0
LE Plunkett,1136582,2018,0,1,0.0
LE Plunkett,1136592,2018,1,2,50.0
LG Pretorius,1529264,2026,0,2,0.0
LG Pretorius,1529307,2026,7,6,116.67
LH Ferguson,1082603,2017,1,1,100.0
LH Ferguson,1216494,2020,19,16,118.75
LH Ferguson,1216520,2020,24,13,184.62
LH Ferguson,1254117,2021,14,10,140.0
LH Ferguson,1304081,2022,0,1,0.0
LH Ferguson,1304094,2022,5,3,166.67
LH Ferguson,1426274,2024,1,1,100.0
LH Ferguson,1473455,2025,4,1,400.0
LJ Wright,598025,2013,34,10,340.0
LJ Wright,598027,2013,7,3,233.33
LJ Wright,598035,2013,19,18,105.56
LJ Wright,598038,2013,2,6,33.33
LJ Wright,598067,2013,40,22,181.82
LMP Simmons,733995,2014,38,38,100.0
LMP Simmons,734001,2014,68,50,136.0
LMP Simmons,734009,2014,12,14,85.71
LMP Simmons,734017,2014,62,50,124.0
LMP Simmons,734025,2014,100,61,163.93
LMP Simmons,734031,2014,35,25,140.0
LMP Simmons,734041,2014,12,8,150.0
LMP Simmons,734045,2014,67,44,152.27
LMP Simmons,829729,2015,5,13,38.46
LMP Simmons,829737,2015,59,44,134.09
LMP Simmons,829747,2015,15,14,107.14
LMP Simmons,829751,2015,51,42,121.43
LMP Simmons,829769,2015,38,31,122.58
LMP Simmons,829775,2015,71,56,126.79
LMP Simmons,829783,2015,0,1,0.0
LMP Simmons,829789,2015,38,31,122.58
LMP Simmons,829795,2015,68,53,128.3
LMP Simmons,829805,2015,14,15,93.33
LMP Simmons,829815,2015,48,44,109.09
LMP Simmons,829817,2015,65,50,130.0
LMP Simmons,829823,2015,68,44,154.55
LMP Simmons,980901,2016,8,8,100.0
LMP Simmons,1082635,2017,66,43,153.49
LMP Simmons,1082638,2017,1,5,20.0
LMP Simmons,1082641,2017,59,32,184.38
LMP Simmons,1082644,2017,0,5,0.0
LMP Simmons,1082647,2017,5,13,38.46
LMP Simmons,1082649,2017,3,6,50.0
LMP Simmons,1082650,2017,3,8,37.5
LPC Silva,336002,2008,0,2,0.0
LPC Silva,336024,2008,17,14,121.43
LPC Silva,336031,2008,23,10,230.0
LR Shukla,335986,2008,4,6,66.67
LR Shukla,335993,2008,42,33,127.27
LR Shukla,335997,2008,40,22,181.82
LR Shukla,336000,2008,2,2,100.0
LR Shukla,336003,2008,7,10,70.0
LR Shukla,336010,2008,11,9,122.22
LR Shukla,336014,2008,14,3,466.67
LR Shukla,336017,2008,10,8,125.0
LR Shukla,336021,2008,0,4,0.0
LR Shukla,336025,2008,13,11,118.18
LR Shukla,336027,2008,15,10,150.0
LR Shukla,336035,2008,5,4,125.0
LR Shukla,392184,2009,8,6,133.33
LR Shukla,392190,2009,13,13,100.0
LR Shukla,392197,2009,6,10,60.0
LR Shukla,392199,2009,2,3,66.67
LR Shukla,392203,2009,6,7,85.71
LR Shukla,392233,2009,48,46,104.35
LR Shukla,419113,2010,19,16,118.75
LR Shukla,419153,2010,17,10,170.0
LR Shukla,501198,2011,14,10,140.0
LR Shukla,548307,2012,26,17,152.94
LR Shukla,548312,2012,8,8,100.0
LR Shukla,548315,2012,5,8,62.5
LR Shukla,548353,2012,0,1,0.0
LR Shukla,548368,2012,9,6,150.0
LR Shukla,548378,2012,24,11,218.18
LR Shukla,548381,2012,3,6,50.0
LR Shukla,598005,2013,2,9,22.22
LR Shukla,598022,2013,1,3,33.33
LR Shukla,733981,2014,0,2,0.0
LR Shukla,733985,2014,10,14,71.43
LR Shukla,733993,2014,21,22,95.45
LRPL Taylor,335985,2008,23,12,191.67
LRPL Taylor,335992,2008,44,20,220.0
LRPL Taylor,335996,2008,53,34,155.88
LRPL Taylor,335998,2008,29,15,193.33
LRPL Taylor,392182,2009,0,1,0.0
LRPL Taylor,392185,2009,1,4,25.0
LRPL Taylor,392191,2009,35,22,159.09
LRPL Taylor,392194,2009,31,34,91.18
LRPL Taylor,392218,2009,16,16,100.0
LRPL Taylor,392221,2009,81,33,245.45
LRPL Taylor,392224,2009,46,50,92.0
LRPL Taylor,392232,2009,25,11,227.27
LRPL Taylor,392236,2009,1,4,25.0
LRPL Taylor,392238,2009,11,11,100.0
LRPL Taylor,392239,2009,27,20,135.0
LRPL Taylor,419140,2010,22,10,220.0
LRPL Taylor,419145,2010,1,2,50.0
LRPL Taylor,419148,2010,14,6,233.33
LRPL Taylor,419151,2010,1,5,20.0
LRPL Taylor,419154,2010,10,11,90.91
LRPL Taylor,419157,2010,9,11,81.82
LRPL Taylor,419162,2010,31,30,103.33
LRPL Taylor,501199,2011,21,13,161.54
LRPL Taylor,501204,2011,18,10,180.0
LRPL Taylor,501209,2011,35,25,140.0
LRPL Taylor,501214,2011,6,9,66.67
LRPL Taylor,501220,2011,0,5,0.0
LRPL Taylor,501225,2011,2,1,200.0
LRPL Taylor,501231,2011,13,18,72.22
LRPL Taylor,501235,2011,47,35,134.29
LRPL Taylor,501240,2011,19,13,146.15
LRPL Taylor,501249,2011,6,8,75.0
LRPL Taylor,501252,2011,13,13,100.0
LRPL Taylor,548321,2012,13,11,118.18
LRPL Taylor,548325,2012,11,10,110.0
LRPL Taylor,548333,2012,12,13,92.31
LRPL Taylor,548337,2012,9,13,69.23
LRPL Taylor,548342,2012,15,7,214.29
LRPL Taylor,548345,2012,25,35,71.43
LRPL Taylor,548349,2012,6,5,120.0
LRPL Taylor,548357,2012,16,27,59.26
LRPL Taylor,548369,2012,0,2,0.0
LRPL Taylor,548372,2012,55,26,211.54
LRPL Taylor,548378,2012,11,8,137.5
LRPL Taylor,548380,2012,24,14,171.43
LRPL Taylor,598000,2013,19,19,100.0
LRPL Taylor,598003,2013,15,19,78.95
LRPL Taylor,598009,2013,17,20,85.0
LRPL Taylor,598011,2013,4,5,80.0
LRPL Taylor,598015,2013,8,13,61.54
LRPL Taylor,729281,2014,43,39,110.26
LRPL Taylor,729289,2014,6,9,66.67
LRPL Taylor,729293,2014,6,6,100.0
LRPL Taylor,734011,2014,4,5,80.0
LS Livingstone,1178402,2019,1,2,50.0
LS Livingstone,1178420,2019,44,26,169.23
LS Livingstone,1178424,2019,11,7,157.14
LS Livingstone,1178428,2019,14,13,107.69
LS Livingstone,1254097,2021,1,3,33.33
LS Livingstone,1254100,2021,4,6,66.67
LS Livingstone,1254103,2021,6,9,66.67
LS Livingstone,1254106,2021,6,6,100.0
LS Livingstone,1254111,2021,25,17,147.06
LS Livingstone,1304049,2022,19,10,190.0
LS Livingstone,1304054,2022,19,15,126.67
LS Livingstone,1304057,2022,60,32,187.5
LS Livingstone,1304062,2022,64,27,237.04
LS Livingstone,1304069,2022,2,3,66.67
LS Livingstone,1304074,2022,60,33,181.82
LS Livingstone,1304078,2022,2,3,66.67
LS Livingstone,1304084,2022,19,7,271.43
LS Livingstone,1304088,2022,18,16,112.5
LS Livingstone,1304094,2022,30,10,300.0
LS Livingstone,1304098,2022,21,13,161.54
LS Livingstone,1304106,2022,70,42,166.67
LS Livingstone,1304110,2022,3,5,60.0
LS Livingstone,1304116,2022,49,22,222.73
LS Livingstone,1359501,2023,2,4,50.0
LS Livingstone,1359505,2023,10,12,83.33
LS Livingstone,1359512,2023,23,14,164.29
LS Livingstone,1359515,2023,40,24,166.67
LS Livingstone,1359520,2023,81,40,202.5
LS Livingstone,1359527,2023,11,8,137.5
LS Livingstone,1359533,2023,4,5,80.0
LS Livingstone,1359538,2023,84,46,182.61
LS Livingstone,1359540,2023,9,13,69.23
LS Livingstone,1422120,2024,38,21,180.95
LS Livingstone,1422124,2024,17,13,130.77
LS Livingstone,1422129,2024,28,17,164.71
LS Livingstone,1426265,2024,21,14,150.0
LS Livingstone,1426271,2024,1,2,50.0
LS Livingstone,1426275,2024,6,9,66.67
LS Livingstone,1426296,2024,0,2,0.0
LS Livingstone,1473438,2025,15,5,300.0
LS Livingstone,1473445,2025,10,9,111.11
LS Livingstone,1473451,2025,54,40,135.0
LS Livingstone,1473458,2025,0,2,0.0
LS Livingstone,1473461,2025,4,6,66.67
LS Livingstone,1473471,2025,4,6,66.67
LS Livingstone,1473507,2025,0,1,0.0
LS Livingstone,1473511,2025,25,15,166.67
LS Livingstone,1527683,2026,14,20,70.0
LS Livingstone,1529270,2026,1,5,20.0
Lalit Yadav,1254064,2021,20,24,83.33
Lalit Yadav,1254068,2021,8,5,160.0
Lalit Yadav,1254070,2021,21,23,91.3
Lalit Yadav,1254092,2021,0,3,0.0
Lalit Yadav,1254097,2021,14,15,93.33
Lalit Yadav,1304048,2022,48,38,126.32
Lalit Yadav,1304056,2022,25,22,113.64
Lalit Yadav,1304065,2022,1,4,25.0
Lalit Yadav,1304073,2022,1,4,25.0
Lalit Yadav,1304080,2022,37,24,154.17
Lalit Yadav,1304087,2022,16,28,57.14
Lalit Yadav,1304091,2022,3,4,75.0
Lalit Yadav,1304110,2022,24,20,120.0
Lalit Yadav,1359485,2023,38,24,158.33
Lalit Yadav,1359490,2023,2,4,50.0
Lalit Yadav,1359494,2023,4,7,57.14
Lalit Yadav,1359502,2023,4,7,57.14
Lalit Yadav,1359529,2023,12,5,240.0
Lalit Yadav,1359541,2023,6,12,50.0
Lalit Yadav,1422138,2024,3,4,75.0
Lalit Yadav,1426273,2024,7,8,87.5
Liton Das,1359502,2023,4,4,100.0
M Ashwin,980931,2016,0,1,0.0
M Ashwin,1136595,2018,1,2,50.0
M Ashwin,1175368,2019,1,2,50.0
M Ashwin,1178417,2019,1,2,50.0
M Ashwin,1178423,2019,1,1,100.0
M Ashwin,1216498,2020,4,4,100.0
M Ashwin,1254065,2021,6,14,42.86
M Ashwin,1254071,2021,9,10,90.0
M Ashwin,1304055,2022,6,8,75.0
M Ashwin,1304069,2022,0,2,0.0
M Ashwin,1304072,2022,6,2,300.0
M Ashwin,1304102,2022,0,2,0.0
M Jansen,1254058,2021,0,2,0.0
M Jansen,1254062,2021,0,1,0.0
M Jansen,1304086,2022,8,5,160.0
M Jansen,1304107,2022,1,2,50.0
M Jansen,1359499,2023,13,6,216.67
M Jansen,1359503,2023,17,22,77.27
M Jansen,1359508,2023,2,3,66.67
M Jansen,1359521,2023,1,4,25.0
M Jansen,1359526,2023,3,2,150.0
M Jansen,1359536,2023,3,6,50.0
M Jansen,1422121,2024,1,1,100.0
M Jansen,1426293,2024,17,12,141.67
M Jansen,1473455,2025,3,6,50.0
M Jansen,1473459,2025,34,19,178.95
M Jansen,1473464,2025,5,5,100.0
M Jansen,1473468,2025,1,2,50.0
M Jansen,1473474,2025,25,20,125.0
M Jansen,1473481,2025,3,7,42.86
M Jansen,1473486,2025,4,2,200.0
M Jansen,1485779,2025,0,2,0.0
M Jansen,1527677,2026,9,10,90.0
M Jansen,1529272,2026,1,1,100.0
M Jansen,1529289,2026,20,11,181.82
M Jansen,1529292,2026,19,16,118.75
M Jansen,1529301,2026,2,7,28.57
M Kaif,335984,2008,9,19,47.37
M Kaif,335987,2008,5,7,71.43
M Kaif,335990,2008,34,16,212.5
M Kaif,335992,2008,4,6,66.67
M Kaif,336000,2008,21,18,116.67
M Kaif,336008,2008,4,7,57.14
M Kaif,336011,2008,17,14,121.43
M Kaif,336015,2008,1,5,20.0
M Kaif,336019,2008,1,5,20.0
M Kaif,336027,2008,34,31,109.68
M Kaif,336033,2008,10,7,142.86
M Kaif,336036,2008,12,15,80.0
M Kaif,336038,2008,12,11,109.09
M Kaif,336040,2008,12,9,133.33
M Kaif,419108,2010,6,6,100.0
M Kaif,419121,2010,14,16,87.5
M Kaif,419124,2010,8,8,100.0
M Kaif,501232,2011,8,5,160.0
M Kaif,501244,2011,3,4,75.0
M Kaif,501255,2011,15,13,115.38
M Kaif,501260,2011,15,11,136.36
M Kaif,548324,2012,14,16,87.5
M Kartik,335993,2008,3,3,100.0
M Kartik,335997,2008,10,11,90.91
M Kartik,336010,2008,17,13,130.77
M Kartik,392184,2009,10,10,100.0
M Kartik,392219,2009,11,10,110.0
M Kartik,419113,2010,21,20,105.0
M Kartik,419131,2010,1,2,50.0
M Kartik,501218,2011,10,12,83.33
M Kartik,501226,2011,1,2,50.0
M Kartik,548308,2012,14,9,155.56
M Kartik,548330,2012,4,3,133.33
M Kartik,548365,2012,8,9,88.89
M Kartik,598004,2013,2,2,100.0
M Kartik,598057,2013,0,1,0.0
M Klinger,501233,2011,2,6,33.33
M Klinger,501238,2011,18,19,94.74
M Klinger,501242,2011,28,25,112.0
M Klinger,501247,2011,24,25,96.0
M Manhas,392194,2009,23,13,176.92
M Manhas,392198,2009,23,16,143.75
M Manhas,392201,2009,3,2,150.0
M Manhas,392206,2009,0,4,0.0
M Manhas,392226,2009,26,25,104.0
M Manhas,392232,2009,0,2,0.0
M Manhas,419108,2010,31,24,129.17
M Manhas,419111,2010,11,10,110.0
M Manhas,419114,2010,1,3,33.33
M Manhas,419116,2010,32,22,145.45
M Manhas,419120,2010,8,8,100.0
M Manhas,419149,2010,26,28,92.86
M Manhas,419155,2010,25,32,78.12
M Manhas,419160,2010,23,22,104.55
M Manhas,501202,2011,35,32,109.38
M Manhas,501207,2011,12,19,63.16
M Manhas,501213,2011,20,18,111.11
M Manhas,501218,2011,0,1,0.0
M Manhas,501226,2011,20,23,86.96
M Manhas,501228,2011,0,4,0.0
M Manhas,501232,2011,3,5,60.0
M Manhas,501235,2011,24,19,126.32
M Manhas,501241,2011,0,1,0.0
M Manhas,501259,2011,0,1,0.0
M Manhas,548319,2012,31,28,110.71
M Manhas,548327,2012,6,4,150.0
M Manhas,548341,2012,22,14,157.14
M Manhas,548348,2012,7,4,175.0
M Manhas,548351,2012,42,34,123.53
M Manhas,548353,2012,1,3,33.33
M Manhas,548358,2012,11,9,122.22
M Manhas,598027,2013,11,13,84.62
M Manhas,598035,2013,2,4,50.0
M Manhas,729293,2014,13,5,260.0
M Manhas,729297,2014,10,10,100.0
M Manhas,729311,2014,3,4,75.0
M Manhas,733987,2014,8,3,266.67
M Manhas,733995,2014,1,1,100.0
M Markande,1136567,2018,6,3,200.0
M Markande,1136569,2018,4,3,133.33
M Markande,1136581,2018,0,1,0.0
M Markande,1136583,2018,1,2,50.0
M Markande,1136610,2018,7,5,140.0
M Markande,1136615,2018,3,10,30.0
M Markande,1175362,2019,6,5,120.0
M Markande,1359499,2023,2,2,100.0
M Markande,1359521,2023,1,2,50.0
M Markande,1359536,2023,18,9,200.0
M Morkel,392220,2009,8,8,100.0
M Morkel,419115,2010,2,9,22.22
M Morkel,419141,2010,7,7,100.0
M Morkel,501201,2011,0,2,0.0
M Morkel,501216,2011,8,3,266.67
M Morkel,501230,2011,6,5,120.0
M Morkel,501246,2011,6,8,75.0
M Morkel,501257,2011,16,6,266.67
M Morkel,548310,2012,2,3,66.67
M Morkel,548333,2012,1,1,100.0
M Morkel,548378,2012,0,1,0.0
M Morkel,598006,2013,23,9,255.56
M Morkel,598010,2013,0,1,0.0
M Morkel,598020,2013,2,4,50.0
M Morkel,598028,2013,13,4,325.0
M Morkel,598054,2013,19,10,190.0
M Morkel,598067,2013,0,1,0.0
M Morkel,729307,2014,4,3,133.33
M Morkel,829811,2015,4,3,133.33
M Morkel,981001,2016,1,1,100.0
M Muralitharan,336005,2008,0,3,0.0
M Muralitharan,392189,2009,0,1,0.0
M Muralitharan,392206,2009,3,4,75.0
M Muralitharan,392224,2009,4,2,200.0
M Muralitharan,392234,2009,1,1,100.0
M Muralitharan,419110,2010,1,2,50.0
M Muralitharan,501225,2011,5,7,71.43
M Muralitharan,548324,2012,6,8,75.0
M Muralitharan,548376,2012,0,1,0.0
M Ntini,336005,2008,11,12,91.67
M Ntini,336029,2008,0,6,0.0
M Prasidh Krishna,1136601,2018,1,5,20.0
M Prasidh Krishna,1178398,2019,0,2,0.0
M Prasidh Krishna,1216520,2020,0,1,0.0
M Prasidh Krishna,1216540,2020,2,3,66.67
M Prasidh Krishna,1254072,2021,0,1,0.0
M Prasidh Krishna,1304070,2022,4,7,57.14
M Prasidh Krishna,1304085,2022,2,5,40.0
M Prasidh Krishna,1535462,2026,6,7,85.71
M Rawat,335984,2008,2,4,50.0
M Rawat,335992,2008,0,2,0.0
M Rawat,336000,2008,1,1,100.0
M Rawat,336008,2008,1,5,20.0
M Rawat,336015,2008,5,4,125.0
M Rawat,336019,2008,23,19,121.05
M Rawat,336038,2008,2,4,50.0
M Rawat,392182,2009,4,7,57.14
M Rawat,392195,2009,4,6,66.67
M Rawat,392202,2009,8,6,133.33
M Rawat,598053,2013,5,11,45.45
M Shahrukh Khan,1254061,2021,6,4,150.0
M Shahrukh Khan,1254065,2021,47,36,130.56
M Shahrukh Khan,1254068,2021,15,5,300.0
M Shahrukh Khan,1254071,2021,22,17,129.41
M Shahrukh Khan,1254078,2021,13,14,92.86
M Shahrukh Khan,1254083,2021,0,3,0.0
M Shahrukh Khan,1254086,2021,4,5,80.0
M Shahrukh Khan,1254090,2021,16,11,145.45
M Shahrukh Khan,1254094,2021,8,10,80.0
M Shahrukh Khan,1254102,2021,22,9,244.44
M Shahrukh Khan,1304049,2022,24,20,120.0
M Shahrukh Khan,1304054,2022,0,5,0.0
M Shahrukh Khan,1304057,2022,6,11,54.55
M Shahrukh Khan,1304062,2022,15,8,187.5
M Shahrukh Khan,1304069,2022,15,6,250.0
M Shahrukh Khan,1304074,2022,26,28,92.86
M Shahrukh Khan,1304078,2022,12,20,60.0
M Shahrukh Khan,1304116,2022,19,10,190.0
M Shahrukh Khan,1359476,2023,11,7,157.14
M Shahrukh Khan,1359482,2023,11,10,110.0
M Shahrukh Khan,1359488,2023,4,3,133.33
M Shahrukh Khan,1359492,2023,22,9,244.44
M Shahrukh Khan,1359495,2023,23,10,230.0
M Shahrukh Khan,1359501,2023,7,5,140.0
M Shahrukh Khan,1359512,2023,6,9,66.67
M Shahrukh Khan,1359515,2023,2,3,66.67
M Shahrukh Khan,1359527,2023,21,8,262.5
M Shahrukh Khan,1359533,2023,2,4,50.0
M Shahrukh Khan,1359538,2023,6,3,200.0
M Shahrukh Khan,1359540,2023,41,23,178.26
M Shahrukh Khan,1426262,2024,14,8,175.0
M Shahrukh Khan,1426270,2024,0,1,0.0
M Shahrukh Khan,1426275,2024,8,4,200.0
M Shahrukh Khan,1426278,2024,8,5,160.0
M Shahrukh Khan,1426283,2024,58,30,193.33
M Shahrukh Khan,1426290,2024,37,24,154.17
M Shahrukh Khan,1426297,2024,2,3,66.67
M Shahrukh Khan,1473442,2025,6,1,600.0
M Shahrukh Khan,1473446,2025,9,7,128.57
M Shahrukh Khan,1473460,2025,36,20,180.0
M Shahrukh Khan,1473463,2025,11,6,183.33
M Shahrukh Khan,1473476,2025,11,5,220.0
M Shahrukh Khan,1473484,2025,5,2,250.0
M Shahrukh Khan,1473488,2025,6,2,300.0
M Shahrukh Khan,1473493,2025,6,6,100.0
M Shahrukh Khan,1473502,2025,57,29,196.55
M Shahrukh Khan,1473504,2025,19,15,126.67
M Shahrukh Khan,1473509,2025,13,7,185.71
M Shahrukh Khan,1527677,2026,4,6,66.67
M Shahrukh Khan,1527682,2026,11,4,275.0
M Shahrukh Khan,1529268,2026,3,2,150.0
M Shahrukh Khan,1529273,2026,17,13,130.77
M Shahrukh Khan,1529285,2026,8,8,100.0
M Theekshana,1304095,2022,7,4,175.0
M Theekshana,1304105,2022,0,3,0.0
M Theekshana,1473443,2025,1,1,100.0
M Theekshana,1473448,2025,2,4,50.0
M Theekshana,1473460,2025,5,13,38.46
M Theekshana,1473487,2025,2,9,22.22
M Tiwari,1473501,2025,3,4,75.0
M Tiwari,1529298,2026,18,8,225.0
M Vijay,392206,2009,14,13,107.69
M Vijay,392209,2009,31,33,93.94
M Vijay,392217,2009,10,12,83.33
M Vijay,392224,2009,5,9,55.56
M Vijay,419110,2010,3,6,50.0
M Vijay,419113,2010,33,26,126.92
M Vijay,419116,2010,14,6,233.33
M Vijay,419121,2010,0,3,0.0
M Vijay,419123,2010,3,7,42.86
M Vijay,419129,2010,42,28,150.0
M Vijay,419133,2010,78,39,200.0
M Vijay,419137,2010,127,56,226.79
M Vijay,419142,2010,14,17,82.35
M Vijay,419147,2010,23,13,176.92
M Vijay,419153,2010,50,40,125.0
M Vijay,419155,2010,17,11,154.55
M Vijay,419159,2010,13,11,118.18
M Vijay,419163,2010,15,10,150.0
M Vijay,419165,2010,26,19,136.84
M Vijay,501198,2011,4,4,100.0
M Vijay,501206,2011,74,43,172.09
M Vijay,501211,2011,31,21,147.62
M Vijay,501215,2011,28,18,155.56
M Vijay,501221,2011,12,9,133.33
M Vijay,501226,2011,31,29,106.9
M Vijay,501228,2011,31,31,100.0
M Vijay,501236,2011,3,14,21.43
M Vijay,501240,2011,5,6,83.33
M Vijay,501245,2011,5,14,35.71
M Vijay,501249,2011,53,40,132.5
M Vijay,501253,2011,35,33,106.06
M Vijay,501261,2011,16,11,145.45
M Vijay,501266,2011,6,9,66.67
M Vijay,501268,2011,5,5,100.0
M Vijay,501271,2011,95,52,182.69
M Vijay,548306,2012,10,17,58.82
M Vijay,548311,2012,2,5,40.0
M Vijay,548318,2012,11,15,73.33
M Vijay,548322,2012,8,11,72.73
M Vijay,548352,2012,14,11,127.27
M Vijay,548355,2012,41,29,141.38
M Vijay,548361,2012,0,5,0.0
M Vijay,548364,2012,48,40,120.0
M Vijay,548368,2012,36,25,144.0
M Vijay,548371,2012,10,14,71.43
M Vijay,548379,2012,1,5,20.0
M Vijay,548380,2012,113,58,194.83
M Vijay,548381,2012,42,30,140.0
M Vijay,598002,2013,5,8,62.5
M Vijay,598007,2013,50,50,100.0
M Vijay,598012,2013,2,5,40.0
M Vijay,598015,2013,24,22,109.09
M Vijay,598020,2013,18,13,138.46
M Vijay,598022,2013,2,5,40.0
M Vijay,598026,2013,3,5,60.0
M Vijay,598030,2013,18,22,81.82
M Vijay,598046,2013,2,4,50.0
M Vijay,598051,2013,29,20,145.0
M Vijay,598058,2013,55,50,110.0
M Vijay,598062,2013,31,23,134.78
M Vijay,598068,2013,32,19,168.42
M Vijay,598070,2013,23,20,115.0
M Vijay,598073,2013,18,20,90.0
M Vijay,729281,2014,18,20,90.0
M Vijay,729289,2014,0,2,0.0
M Vijay,729293,2014,11,12,91.67
M Vijay,729301,2014,52,40,130.0
M Vijay,729309,2014,40,35,114.29
M Vijay,733975,2014,13,11,118.18
M Vijay,733981,2014,35,30,116.67
M Vijay,733985,2014,24,20,120.0
M Vijay,734005,2014,1,3,33.33
M Vijay,734019,2014,5,8,62.5
M Vijay,734031,2014,8,12,66.67
M Vijay,829709,2015,37,32,115.62
M Vijay,829717,2015,35,29,120.69
M Vijay,829725,2015,19,18,105.56
M Vijay,829733,2015,0,4,0.0
M Vijay,829741,2015,21,18,116.67
M Vijay,829753,2015,34,32,106.25
M Vijay,829759,2015,12,16,75.0
M Vijay,829775,2015,39,34,114.71
M Vijay,829785,2015,2,6,33.33
M Vijay,829791,2015,28,21,133.33
M Vijay,829799,2015,24,18,133.33
M Vijay,980905,2016,42,34,123.53
M Vijay,980913,2016,1,5,20.0
M Vijay,980919,2016,53,49,108.16
M Vijay,980925,2016,26,22,118.18
M Vijay,980935,2016,2,3,66.67
M Vijay,980941,2016,19,13,146.15
M Vijay,980955,2016,55,41,134.15
M Vijay,980963,2016,6,11,54.55
M Vijay,980971,2016,25,16,156.25
M Vijay,980977,2016,89,57,156.14
M Vijay,980985,2016,54,52,103.85
M Vijay,980991,2016,6,12,50.0
M Vijay,980999,2016,16,8,200.0
M Vijay,981005,2016,59,41,143.9
M Vijay,1136572,2018,12,10,120.0
M Vijay,1178419,2019,38,35,108.57
M Vijay,1181764,2019,26,26,100.0
M Vijay,1216492,2020,1,7,14.29
M Vijay,1216496,2020,21,21,100.0
M Vijay,1216539,2020,10,15,66.67
M Vohra,598003,2013,43,28,153.57
M Vohra,598007,2013,16,11,145.45
M Vohra,598014,2013,3,6,50.0
M Vohra,598016,2013,17,16,106.25
M Vohra,598021,2013,0,1,0.0
M Vohra,598025,2013,22,13,169.23
M Vohra,598031,2013,31,21,147.62
M Vohra,598037,2013,1,2,50.0
M Vohra,598059,2013,8,11,72.73
M Vohra,598066,2013,20,8,250.0
M Vohra,734007,2014,47,20,235.0
M Vohra,734019,2014,42,19,221.05
M Vohra,734025,2014,36,34,105.88
M Vohra,734033,2014,25,20,125.0
M Vohra,734039,2014,47,38,123.68
M Vohra,734043,2014,26,19,136.84
M Vohra,734047,2014,34,31,109.68
M Vohra,734049,2014,67,51,131.37
M Vohra,829759,2015,5,9,55.56
M Vohra,829767,2015,1,7,14.29
M Vohra,829785,2015,2,3,66.67
M Vohra,829791,2015,39,34,114.71
M Vohra,829799,2015,20,15,133.33
M Vohra,829803,2015,11,6,183.33
M Vohra,829809,2015,4,7,57.14
M Vohra,980905,2016,38,23,165.22
M Vohra,980913,2016,32,24,133.33
M Vohra,980919,2016,51,33,154.55
M Vohra,980925,2016,8,12,66.67
M Vohra,980935,2016,25,23,108.7
M Vohra,980941,2016,7,11,63.64
M Vohra,980963,2016,0,5,0.0
M Vohra,1082594,2017,14,9,155.56
M Vohra,1082598,2017,34,21,161.9
M Vohra,1082601,2017,28,19,147.37
M Vohra,1082605,2017,3,6,50.0
M Vohra,1082609,2017,95,50,190.0
M Vohra,1082616,2017,2,4,50.0
M Vohra,1082623,2017,3,6,50.0
M Vohra,1082633,2017,25,28,89.29
M Vohra,1082639,2017,25,16,156.25
M Vohra,1136579,2018,2,5,40.0
M Vohra,1136589,2018,0,1,0.0
M Vohra,1136591,2018,45,31,145.16
M Vohra,1136599,2018,8,10,80.0
M Vohra,1254061,2021,12,8,150.0
M Vohra,1254064,2021,9,11,81.82
M Vohra,1254069,2021,14,11,127.27
M Vohra,1254073,2021,7,9,77.78
M Vohra,1312198,2022,19,11,172.73
M Vohra,1359519,2023,10,11,90.91
M de Lange,734031,2014,1,2,50.0
MA Agarwal,501200,2011,31,22,140.91
MA Agarwal,501205,2011,0,1,0.0
MA Agarwal,501208,2011,14,12,116.67
MA Agarwal,501211,2011,7,13,53.85
MA Agarwal,501268,2011,34,33,103.03
MA Agarwal,501270,2011,41,31,132.26
MA Agarwal,501271,2011,10,5,200.0
MA Agarwal,548310,2012,16,15,106.67
MA Agarwal,548315,2012,5,6,83.33
MA Agarwal,548318,2012,45,26,173.08
MA Agarwal,548324,2012,34,21,161.9
MA Agarwal,548327,2012,9,9,100.0
MA Agarwal,548331,2012,1,3,33.33
MA Agarwal,548336,2012,15,17,88.24
MA Agarwal,548344,2012,10,13,76.92
MA Agarwal,548350,2012,7,9,77.78
MA Agarwal,548356,2012,18,6,300.0
MA Agarwal,548367,2012,64,30,213.33
MA Agarwal,548376,2012,1,2,50.0
MA Agarwal,597999,2013,1,5,20.0
MA Agarwal,598004,2013,7,8,87.5
MA Agarwal,598008,2013,6,8,75.0
MA Agarwal,598012,2013,24,21,114.29
MA Agarwal,598048,2013,29,20,145.0
MA Agarwal,729281,2014,6,10,60.0
MA Agarwal,729289,2014,26,14,185.71
MA Agarwal,729293,2014,2,7,28.57
MA Agarwal,733993,2014,25,18,138.89
MA Agarwal,734005,2014,31,25,124.0
MA Agarwal,734011,2014,17,10,170.0
MA Agarwal,734019,2014,6,2,300.0
MA Agarwal,734039,2014,2,5,40.0
MA Agarwal,829707,2015,15,12,125.0
MA Agarwal,829715,2015,37,21,176.19
MA Agarwal,829725,2015,68,48,141.67
MA Agarwal,829731,2015,1,3,33.33
MA Agarwal,829739,2015,1,8,12.5
MA Agarwal,829747,2015,1,2,50.0
MA Agarwal,829757,2015,27,34,79.41
MA Agarwal,829767,2015,52,39,133.33
MA Agarwal,829777,2015,11,8,137.5
MA Agarwal,829783,2015,0,1,0.0
MA Agarwal,980903,2016,9,11,81.82
MA Agarwal,980983,2016,10,9,111.11
MA Agarwal,980993,2016,8,5,160.0
MA Agarwal,1082592,2017,6,5,120.0
MA Agarwal,1082594,2017,0,4,0.0
MA Agarwal,1082599,2017,20,18,111.11
MA Agarwal,1136562,2018,7,5,140.0
MA Agarwal,1136568,2018,15,11,136.36
MA Agarwal,1136572,2018,30,19,157.89
MA Agarwal,1136576,2018,18,9,200.0
MA Agarwal,1136578,2018,2,2,100.0
MA Agarwal,1136582,2018,21,16,131.25
MA Agarwal,1136585,2018,12,15,80.0
MA Agarwal,1136594,2018,11,7,157.14
MA Agarwal,1136598,2018,2,3,66.67
MA Agarwal,1136604,2018,0,1,0.0
MA Agarwal,1136608,2018,2,6,33.33
MA Agarwal,1175359,2019,22,24,91.67
MA Agarwal,1175361,2019,58,34,170.59
MA Agarwal,1175364,2019,43,21,204.76
MA Agarwal,1175368,2019,6,9,66.67
MA Agarwal,1178393,2019,0,2,0.0
MA Agarwal,1178397,2019,55,43,127.91
MA Agarwal,1178403,2019,15,9,166.67
MA Agarwal,1178407,2019,26,12,216.67
MA Agarwal,1178412,2019,2,9,22.22
MA Agarwal,1178417,2019,35,21,166.67
MA Agarwal,1178423,2019,27,18,150.0
MA Agarwal,1178427,2019,36,26,138.46
MA Agarwal,1178430,2019,7,6,116.67
MA Agarwal,1216493,2020,89,60,148.33
MA Agarwal,1216503,2020,25,18,138.89
MA Agarwal,1216506,2020,26,15,173.33
MA Agarwal,1216510,2020,26,20,130.0
MA Agarwal,1216513,2020,26,19,136.84
MA Agarwal,1216517,2020,19,12,158.33
MA Agarwal,1216523,2020,56,39,143.59
MA Agarwal,1216527,2020,106,50,212.0
MA Agarwal,1216531,2020,45,25,180.0
MA Agarwal,1216542,2020,9,6,150.0
MA Agarwal,1216546,2020,5,9,55.56
MA Agarwal,1254061,2021,14,9,155.56
MA Agarwal,1254065,2021,0,2,0.0
MA Agarwal,1254068,2021,65,35,185.71
MA Agarwal,1254071,2021,22,25,88.0
MA Agarwal,1254074,2021,21,19,110.53
MA Agarwal,1254078,2021,31,34,91.18
MA Agarwal,1254086,2021,99,58,170.69
MA Agarwal,1254090,2021,56,41,136.59
MA Agarwal,1254094,2021,12,12,100.0
MA Agarwal,1254102,2021,40,26,153.85
MA Agarwal,1254107,2021,5,6,83.33
MA Agarwal,1254111,2021,66,42,157.14
MA Agarwal,1304049,2022,32,24,133.33
MA Agarwal,1304054,2022,1,5,20.0
MA Agarwal,1304057,2022,4,2,200.0
MA Agarwal,1304062,2022,5,9,55.56
MA Agarwal,1304069,2022,52,32,162.5
MA Agarwal,1304078,2022,24,15,160.0
MA Agarwal,1304084,2022,18,21,85.71
MA Agarwal,1304088,2022,25,17,147.06
MA Agarwal,1304098,2022,15,13,115.38
MA Agarwal,1304106,2022,19,16,118.75
MA Agarwal,1304110,2022,0,2,0.0
MA Agarwal,1304116,2022,1,4,25.0
MA Agarwal,1359478,2023,27,23,117.39
MA Agarwal,1359484,2023,8,7,114.29
MA Agarwal,1359488,2023,21,20,105.0
MA Agarwal,1359493,2023,9,13,69.23
MA Agarwal,1359499,2023,48,41,117.07
MA Agarwal,1359503,2023,2,4,50.0
MA Agarwal,1359508,2023,49,38,128.95
MA Agarwal,1359514,2023,5,6,83.33
MA Agarwal,1359521,2023,14,10,140.0
MA Agarwal,1359543,2023,83,46,180.43
MA Agarwal,1422121,2024,32,21,152.38
MA Agarwal,1422126,2024,11,13,84.62
MA Agarwal,1422130,2024,16,17,94.12
MA Agarwal,1426293,2024,5,6,83.33
MA Agarwal,1473503,2025,11,10,110.0
MA Agarwal,1473507,2025,41,23,178.26
MA Agarwal,1473508,2025,19,13,146.15
MA Agarwal,1473511,2025,24,18,133.33
MA Khote,335989,2008,9,5,180.0
MA Khote,335991,2008,8,7,114.29
MA Khote,335994,2008,7,10,70.0
MA Starc,729305,2014,18,16,112.5
MA Starc,729313,2014,8,17,47.06
MA Starc,733977,2014,5,8,62.5
MA Starc,733983,2014,5,4,125.0
MA Starc,733991,2014,29,23,126.09
MA Starc,734021,2014,6,6,100.0
MA Starc,734027,2014,12,8,150.0
MA Starc,734035,2014,2,2,100.0
MA Starc,829745,2015,9,6,150.0
MA Starc,829779,2015,1,7,14.29
MA Starc,829821,2015,1,1,100.0
MA Starc,1422121,2024,6,3,200.0
MA Starc,1422134,2024,1,1,100.0
MA Starc,1426260,2024,0,3,0.0
MA Starc,1426289,2024,0,2,0.0
MA Starc,1426298,2024,2,2,100.0
MA Starc,1473441,2025,2,5,40.0
MA Starc,1473466,2025,1,1,100.0
MA Starc,1473472,2025,2,2,100.0
MA Starc,1473485,2025,0,1,0.0
MA Starc,1473492,2025,1,1,100.0
MA Starc,1529294,2026,0,2,0.0
MA Wood,1136561,2018,1,3,33.33
MA Wood,1359480,2023,10,3,333.33
MA Wood,1359489,2023,1,2,50.0
MC Henriques,392184,2009,6,8,75.0
MC Henriques,392211,2009,30,24,125.0
MC Henriques,392219,2009,2,8,25.0
MC Henriques,419120,2010,11,5,220.0
MC Henriques,598004,2013,44,40,110.0
MC Henriques,598036,2013,22,18,122.22
MC Henriques,598042,2013,27,13,207.69
MC Henriques,598045,2013,0,1,0.0
MC Henriques,598048,2013,7,9,77.78
MC Henriques,598054,2013,26,22,118.18
MC Henriques,598057,2013,11,11,100.0
MC Henriques,598064,2013,16,7,228.57
MC Henriques,598068,2013,12,3,400.0
MC Henriques,733989,2014,9,13,69.23
MC Henriques,734007,2014,0,1,0.0
MC Henriques,829743,2015,7,5,140.0
MC Henriques,829759,2015,30,32,93.75
MC Henriques,829773,2015,19,9,211.11
MC Henriques,829781,2015,41,33,124.24
MC Henriques,829787,2015,20,21,95.24
MC Henriques,829793,2015,74,46,160.87
MC Henriques,829799,2015,28,24,116.67
MC Henriques,829807,2015,53,21,252.38
MC Henriques,829815,2015,11,19,57.89
MC Henriques,980907,2016,19,23,82.61
MC Henriques,980915,2016,6,9,66.67
MC Henriques,980923,2016,20,21,95.24
MC Henriques,980935,2016,5,4,125.0
MC Henriques,980943,2016,1,4,25.0
MC Henriques,980953,2016,31,14,221.43
MC Henriques,980967,2016,14,16,87.5
MC Henriques,980973,2016,1,2,50.0
MC Henriques,980979,2016,10,8,125.0
MC Henriques,980983,2016,0,1,0.0
MC Henriques,981003,2016,18,13,138.46
MC Henriques,981009,2016,11,10,110.0
MC Henriques,981015,2016,31,21,147.62
MC Henriques,981017,2016,11,6,183.33
MC Henriques,981019,2016,4,5,80.0
MC Henriques,1082591,2017,52,37,140.54
MC Henriques,1082596,2017,52,39,133.33
MC Henriques,1082604,2017,13,10,130.0
MC Henriques,1082609,2017,9,16,56.25
MC Henriques,1082611,2017,12,6,200.0
MC Henriques,1082615,2017,55,28,196.43
MC Henriques,1082623,2017,7,6,116.67
MC Henriques,1082630,2017,25,18,138.89
MC Henriques,1082634,2017,4,6,66.67
MC Henriques,1082638,2017,44,35,125.71
MC Henriques,1082643,2017,4,2,200.0
MC Henriques,1254071,2021,14,17,82.35
MC Henriques,1254078,2021,2,3,66.67
MC Henriques,1254090,2021,12,9,133.33
MC Henriques,1254094,2021,3,3,100.0
MC Juneja,597998,2013,8,9,88.89
MC Juneja,598001,2013,20,18,111.11
MC Juneja,598006,2013,49,40,122.5
MC Juneja,598010,2013,15,22,68.18
MC Juneja,598017,2013,17,16,106.25
MC Juneja,598020,2013,2,3,66.67
MC Juneja,598059,2013,14,20,70.0
MD Choudhary,1527678,2026,14,11,127.27
MD Choudhary,1527683,2026,2,5,40.0
MD Choudhary,1527688,2026,54,27,200.0
MD Choudhary,1527692,2026,18,14,128.57
MD Choudhary,1529266,2026,39,28,139.29
MD Choudhary,1529272,2026,21,17,123.53
MD Choudhary,1529275,2026,7,3,233.33
MD Choudhary,1529281,2026,1,2,50.0
MD Choudhary,1529302,2026,13,10,130.0
MD Choudhary,1529311,2026,1,3,33.33
MD Mishra,419120,2010,0,3,0.0
MD Mishra,419130,2010,13,12,108.33
MD Mishra,419135,2010,29,16,181.25
MD Mishra,419138,2010,4,6,66.67
MD Mishra,419145,2010,9,11,81.82
MD Mishra,419147,2010,21,18,116.67
MD Mishra,419151,2010,41,30,136.67
MD Mishra,419156,2010,20,21,95.24
MD Mishra,419160,2010,25,19,131.58
MD Mishra,419163,2010,2,5,40.0
MD Mishra,419164,2010,0,1,0.0
MD Mishra,501207,2011,37,21,176.19
MD Mishra,501213,2011,7,11,63.64
MD Mishra,501218,2011,12,10,120.0
MD Mishra,501226,2011,9,9,100.0
MD Mishra,501228,2011,2,9,22.22
MD Mishra,548362,2012,4,4,100.0
MD Shanaka,1359536,2023,9,7,128.57
MD Shanaka,1359544,2023,0,3,0.0
MD Shanaka,1370350,2023,17,16,106.25
MD Shanaka,1529295,2026,16,11,145.45
MD Shanaka,1529305,2026,10,8,125.0
MD Shanaka,1529312,2026,29,15,193.33
MD Shanaka,1535463,2026,5,3,166.67
MD Shanaka,1535464,2026,3,9,33.33
MDKJ Perera,598001,2013,14,12,116.67
MDKJ Perera,598009,2013,0,1,0.0
MEK Hussey,335983,2008,116,54,214.81
MEK Hussey,335989,2008,5,9,55.56
MEK Hussey,335996,2008,47,37,127.03
MEK Hussey,419142,2010,14,15,93.33
MEK Hussey,419147,2010,8,11,72.73
MEK Hussey,419155,2010,15,18,83.33
MEK Hussey,501211,2011,83,56,148.21
MEK Hussey,501215,2011,8,10,80.0
MEK Hussey,501221,2011,41,33,124.24
MEK Hussey,501226,2011,61,48,127.08
MEK Hussey,501228,2011,9,17,52.94
MEK Hussey,501236,2011,46,41,112.2
MEK Hussey,501240,2011,79,55,143.64
MEK Hussey,501245,2011,15,26,57.69
MEK Hussey,501249,2011,46,30,153.33
MEK Hussey,501253,2011,5,4,125.0
MEK Hussey,501261,2011,32,37,86.49
MEK Hussey,501266,2011,4,7,57.14
MEK Hussey,501268,2011,0,4,0.0
MEK Hussey,501271,2011,63,45,140.0
MEK Hussey,548347,2012,18,19,94.74
MEK Hussey,548361,2012,19,32,59.38
MEK Hussey,548364,2012,38,32,118.75
MEK Hussey,548368,2012,56,39,143.59
MEK Hussey,548371,2012,7,10,70.0
MEK Hussey,548379,2012,49,39,125.64
MEK Hussey,548380,2012,20,22,90.91
MEK Hussey,548381,2012,54,43,125.58
MEK Hussey,598002,2013,20,23,86.96
MEK Hussey,598007,2013,86,54,159.26
MEK Hussey,598012,2013,6,16,37.5
MEK Hussey,598020,2013,65,50,130.0
MEK Hussey,598022,2013,40,51,78.43
MEK Hussey,598026,2013,88,51,172.55
MEK Hussey,598030,2013,45,26,173.08
MEK Hussey,598034,2013,95,59,161.02
MEK Hussey,598038,2013,5,8,62.5
MEK Hussey,598041,2013,35,29,120.69
MEK Hussey,598046,2013,22,26,84.62
MEK Hussey,598051,2013,66,41,160.98
MEK Hussey,598058,2013,40,40,100.0
MEK Hussey,598062,2013,26,26,100.0
MEK Hussey,598068,2013,6,5,120.0
MEK Hussey,598070,2013,86,58,148.28
MEK Hussey,598073,2013,1,2,50.0
MEK Hussey,729279,2014,3,13,23.08
MEK Hussey,729287,2014,16,15,106.67
MEK Hussey,729303,2014,1,7,14.29
MEK Hussey,729309,2014,10,18,55.56
MEK Hussey,734017,2014,56,39,143.59
MEK Hussey,734025,2014,6,13,46.15
MEK Hussey,734031,2014,56,33,169.7
MEK Hussey,734041,2014,22,11,200.0
MEK Hussey,734045,2014,39,33,118.18
MEK Hussey,829809,2015,1,4,25.0
MEK Hussey,829817,2015,16,11,145.45
MEK Hussey,829821,2015,56,46,121.74
MEK Hussey,829823,2015,4,9,44.44
MF Maharoof,335995,2008,18,12,150.0
MF Maharoof,336015,2008,39,16,243.75
MF Maharoof,336017,2008,10,12,83.33
MF Maharoof,336020,2008,19,11,172.73
MF Maharoof,336022,2008,0,1,0.0
MF Maharoof,336026,2008,13,8,162.5
MF Maharoof,336032,2008,20,13,153.85
MF Maharoof,336038,2008,6,6,100.0
MF Maharoof,392226,2009,3,8,37.5
MF Maharoof,392232,2009,18,13,138.46
MF Maharoof,419108,2010,1,1,100.0
MF Maharoof,419114,2010,28,18,155.56
MF Maharoof,419144,2010,2,3,66.67
MF Maharoof,419149,2010,0,1,0.0
MG Bracewell,1359483,2023,19,18,105.56
MG Bracewell,1359534,2023,9,9,100.0
MG Bracewell,1359539,2023,4,4,100.0
MG Bracewell,1359544,2023,26,16,162.5
MG Johnson,598019,2013,11,9,122.22
MG Johnson,598033,2013,9,5,180.0
MG Johnson,598050,2013,10,6,166.67
MG Johnson,598063,2013,2,7,28.57
MG Johnson,598070,2013,6,7,85.71
MG Johnson,598073,2013,1,2,50.0
MG Johnson,729295,2014,4,6,66.67
MG Johnson,729307,2014,0,1,0.0
MG Johnson,733973,2014,0,1,0.0
MG Johnson,733987,2014,11,6,183.33
MG Johnson,733991,2014,16,12,133.33
MG Johnson,733997,2014,14,12,116.67
MG Johnson,734043,2014,10,11,90.91
MG Johnson,734047,2014,1,1,100.0
MG Johnson,829709,2015,0,4,0.0
MG Johnson,829717,2015,3,7,42.86
MG Johnson,829733,2015,1,2,50.0
MG Johnson,829741,2015,13,7,185.71
MG Johnson,829753,2015,1,2,50.0
MG Johnson,829759,2015,4,6,66.67
MG Johnson,829775,2015,8,4,200.0
MG Johnson,829785,2015,1,4,25.0
MG Johnson,980913,2016,4,12,33.33
MG Johnson,980941,2016,1,2,50.0
MG Johnson,1082614,2017,7,3,233.33
MG Johnson,1082650,2017,13,14,92.86
MG Johnson,1136570,2018,3,4,75.0
MG Johnson,1136586,2018,12,6,200.0
MJ Clarke,548348,2012,41,31,132.26
MJ Clarke,548351,2012,14,15,93.33
MJ Clarke,548353,2012,1,2,50.0
MJ Clarke,548358,2012,16,18,88.89
MJ Clarke,548362,2012,13,10,130.0
MJ Clarke,548375,2012,13,18,72.22
MJ Guptill,980923,2016,2,4,50.0
MJ Guptill,980993,2016,48,42,114.29
MJ Guptill,981007,2016,7,9,77.78
MJ Guptill,1082623,2017,23,11,209.09
MJ Guptill,1082626,2017,50,27,185.19
MJ Guptill,1082633,2017,9,10,90.0
MJ Guptill,1082637,2017,2,5,40.0
MJ Guptill,1082639,2017,12,16,75.0
MJ Guptill,1082641,2017,30,17,176.47
MJ Guptill,1082645,2017,0,1,0.0
MJ Guptill,1178426,2019,16,12,133.33
MJ Guptill,1178429,2019,30,23,130.43
MJ Guptill,1181766,2019,36,19,189.47
MJ Henry,1527676,2026,5,7,71.43
MJ Henry,1527684,2026,2,3,66.67
MJ Lumb,419115,2010,10,17,58.82
MJ Lumb,419118,2010,0,1,0.0
MJ Lumb,419124,2010,41,30,136.67
MJ Lumb,419126,2010,45,32,140.62
MJ Lumb,419129,2010,30,16,187.5
MJ Lumb,419134,2010,0,2,0.0
MJ Lumb,419137,2010,37,26,142.31
MJ Lumb,419141,2010,15,10,150.0
MJ Lumb,419143,2010,83,41,202.44
MJ Lumb,419150,2010,8,6,133.33
MJ Lumb,419154,2010,9,8,112.5
MJ Lumb,501256,2011,0,2,0.0
MJ McClenaghan,829747,2015,0,1,0.0
MJ McClenaghan,829751,2015,1,1,100.0
MJ McClenaghan,829795,2015,12,4,300.0
MJ McClenaghan,980901,2016,2,2,100.0
MJ McClenaghan,980909,2016,20,8,250.0
MJ McClenaghan,980973,2016,8,9,88.89
MJ McClenaghan,980985,2016,4,4,100.0
MJ McClenaghan,1082602,2017,0,1,0.0
MJ McClenaghan,1082614,2017,1,1,100.0
MJ McClenaghan,1082625,2017,1,1,100.0
MJ McClenaghan,1082638,2017,2,1,200.0
MJ McClenaghan,1082647,2017,12,11,109.09
MJ McClenaghan,1136581,2018,0,1,0.0
MJ McClenaghan,1136583,2018,0,2,0.0
MJ McClenaghan,1136610,2018,10,6,166.67
MJ McClenaghan,1175358,2019,10,8,125.0
MJ McClenaghan,1175362,2019,1,4,25.0
MJ McClenaghan,1175364,2019,0,2,0.0
MJ McClenaghan,1181768,2019,0,2,0.0
MJ Owen,1473497,2025,0,2,0.0
MJ Santner,1178400,2019,10,3,333.33
MJ Santner,1178419,2019,21,19,110.53
MJ Santner,1304079,2022,11,9,122.22
MJ Santner,1304084,2022,9,15,60.0
MJ Santner,1304108,2022,1,1,100.0
MJ Santner,1304114,2022,1,2,50.0
MJ Santner,1359475,2023,1,3,33.33
MJ Santner,1359480,2023,1,1,100.0
MJ Santner,1426291,2024,11,11,100.0
MJ Santner,1426297,2024,0,2,0.0
MJ Santner,1426306,2024,3,4,75.0
MJ Santner,1473440,2025,11,13,84.62
MJ Santner,1473446,2025,18,9,200.0
MJ Santner,1473453,2025,2,2,100.0
MJ Santner,1473458,2025,8,4,200.0
MJ Santner,1473470,2025,0,1,0.0
MJ Santner,1473506,2025,1,1,100.0
MJ Santner,1473509,2025,0,2,0.0
MJ Santner,1473510,2025,0,1,0.0
MJ Santner,1527681,2026,18,13,138.46
MJ Santner,1527693,2026,8,6,133.33
MJ Suthar,1426290,2024,1,2,50.0
MK Lomror,1136588,2018,11,12,91.67
MK Lomror,1136600,2018,9,9,100.0
MK Lomror,1178428,2019,8,3,266.67
MK Lomror,1216500,2020,1,2,50.0
MK Lomror,1216511,2020,11,13,84.62
MK Lomror,1216514,2020,47,39,120.51
MK Lomror,1254097,2021,19,24,79.17
MK Lomror,1254100,2021,29,28,103.57
MK Lomror,1254103,2021,3,4,75.0
MK Lomror,1254111,2021,43,17,252.94
MK Lomror,1304089,2022,16,8,200.0
MK Lomror,1304095,2022,42,27,155.56
MK Lomror,1304106,2022,6,3,200.0
MK Lomror,1312198,2022,14,9,155.56
MK Lomror,1312199,2022,8,10,80.0
MK Lomror,1359494,2023,25,17,147.06
MK Lomror,1359498,2023,0,5,0.0
MK Lomror,1359501,2023,7,9,77.78
MK Lomror,1359506,2023,8,6,133.33
MK Lomror,1359510,2023,34,18,188.89
MK Lomror,1359517,2023,3,4,75.0
MK Lomror,1359524,2023,54,29,186.21
MK Lomror,1359528,2023,1,3,33.33
MK Lomror,1359534,2023,1,2,50.0
MK Lomror,1359544,2023,1,3,33.33
MK Lomror,1422124,2024,17,8,212.5
MK Lomror,1422133,2024,33,13,253.85
MK Lomror,1426263,2024,0,1,0.0
MK Lomror,1426268,2024,19,11,172.73
MK Lomror,1426274,2024,4,3,133.33
MK Lomror,1426279,2024,7,4,175.0
MK Lomror,1426296,2024,0,2,0.0
MK Lomror,1426300,2024,13,8,162.5
MK Lomror,1426306,2024,0,1,0.0
MK Lomror,1426310,2024,32,17,188.24
MK Pandey,335997,2008,0,3,0.0
MK Pandey,336036,2008,3,6,50.0
MK Pandey,392199,2009,2,2,100.0
MK Pandey,392236,2009,114,73,156.16
MK Pandey,392238,2009,47,34,138.24
MK Pandey,392239,2009,4,8,50.0
MK Pandey,419109,2010,0,7,0.0
MK Pandey,419112,2010,38,26,146.15
MK Pandey,419115,2010,42,30,140.0
MK Pandey,419119,2010,40,27,148.15
MK Pandey,419123,2010,20,28,71.43
MK Pandey,419128,2010,39,29,134.48
MK Pandey,419133,2010,5,7,71.43
MK Pandey,419136,2010,28,24,116.67
MK Pandey,419145,2010,1,6,16.67
MK Pandey,419151,2010,0,1,0.0
MK Pandey,419154,2010,14,13,107.69
MK Pandey,419157,2010,16,18,88.89
MK Pandey,419162,2010,5,9,55.56
MK Pandey,501226,2011,12,9,133.33
MK Pandey,501228,2011,10,13,76.92
MK Pandey,501232,2011,19,23,82.61
MK Pandey,501235,2011,30,31,96.77
MK Pandey,501241,2011,59,47,125.53
MK Pandey,501248,2011,28,30,93.33
MK Pandey,501250,2011,49,42,116.67
MK Pandey,501259,2011,23,20,115.0
MK Pandey,501262,2011,16,12,133.33
MK Pandey,548308,2012,0,5,0.0
MK Pandey,548313,2012,7,2,350.0
MK Pandey,548319,2012,0,3,0.0
MK Pandey,548330,2012,13,6,216.67
MK Pandey,548337,2012,80,56,142.86
MK Pandey,548341,2012,21,20,105.0
MK Pandey,548348,2012,0,1,0.0
MK Pandey,548353,2012,17,15,113.33
MK Pandey,548362,2012,0,2,0.0
MK Pandey,598000,2013,15,29,51.72
MK Pandey,598003,2013,0,4,0.0
MK Pandey,598015,2013,9,8,112.5
MK Pandey,598018,2013,7,6,116.67
MK Pandey,598055,2013,29,29,100.0
MK Pandey,598061,2013,66,47,140.43
MK Pandey,598067,2013,10,14,71.43
MK Pandey,729279,2014,64,53,120.75
MK Pandey,729289,2014,48,42,114.29
MK Pandey,729299,2014,5,3,166.67
MK Pandey,729307,2014,8,10,80.0
MK Pandey,729315,2014,27,14,192.86
MK Pandey,733971,2014,1,2,50.0
MK Pandey,733985,2014,23,14,164.29
MK Pandey,733997,2014,36,35,102.86
MK Pandey,734009,2014,14,21,66.67
MK Pandey,734015,2014,35,32,109.38
MK Pandey,734023,2014,18,28,64.29
MK Pandey,734027,2014,13,12,108.33
MK Pandey,734037,2014,2,7,28.57
MK Pandey,734043,2014,21,20,105.0
MK Pandey,734049,2014,94,50,188.0
MK Pandey,829705,2015,40,24,166.67
MK Pandey,829713,2015,23,15,153.33
MK Pandey,829723,2015,3,10,30.0
MK Pandey,829733,2015,12,6,200.0
MK Pandey,829739,2015,0,3,0.0
MK Pandey,829743,2015,33,24,137.5
MK Pandey,829761,2015,22,19,115.79
MK Pandey,829765,2015,15,20,75.0
MK Pandey,829781,2015,33,26,126.92
MK Pandey,829791,2015,22,15,146.67
MK Pandey,829805,2015,1,1,100.0
MK Pandey,829811,2015,21,21,100.0
MK Pandey,980903,2016,15,12,125.0
MK Pandey,980909,2016,52,29,179.31
MK Pandey,980915,2016,11,11,100.0
MK Pandey,980925,2016,12,11,109.09
MK Pandey,980959,2016,8,12,66.67
MK Pandey,980975,2016,0,2,0.0
MK Pandey,980989,2016,15,10,150.0
MK Pandey,980995,2016,50,35,142.86
MK Pandey,981001,2016,1,3,33.33
MK Pandey,981009,2016,48,30,160.0
MK Pandey,981015,2016,36,28,128.57
MK Pandey,1082597,2017,77,46,167.39
MK Pandey,1082601,2017,25,16,156.25
MK Pandey,1082604,2017,46,35,131.43
MK Pandey,1082608,2017,69,49,140.82
MK Pandey,1082613,2017,24,21,114.29
MK Pandey,1082617,2017,15,16,93.75
MK Pandey,1082622,2017,5,4,125.0
MK Pandey,1082627,2017,39,29,134.48
MK Pandey,1082631,2017,37,32,115.62
MK Pandey,1082636,2017,4,3,133.33
MK Pandey,1082639,2017,18,23,78.26
MK Pandey,1082644,2017,32,32,100.0
MK Pandey,1136567,2018,11,8,137.5
MK Pandey,1136570,2018,4,11,36.36
MK Pandey,1136576,2018,57,42,135.71
MK Pandey,1136580,2018,0,2,0.0
MK Pandey,1136583,2018,16,11,145.45
MK Pandey,1136585,2018,54,51,105.88
MK Pandey,1136588,2018,16,15,106.67
MK Pandey,1136596,2018,21,17,123.53
MK Pandey,1136599,2018,5,7,71.43
MK Pandey,1136606,2018,5,6,83.33
MK Pandey,1136611,2018,62,38,163.16
MK Pandey,1136614,2018,25,22,113.64
MK Pandey,1136617,2018,8,16,50.0
MK Pandey,1175357,2019,8,5,160.0
MK Pandey,1175363,2019,1,4,25.0
MK Pandey,1175371,2019,10,13,76.92
MK Pandey,1178394,2019,16,21,76.19
MK Pandey,1178397,2019,19,15,126.67
MK Pandey,1178416,2019,83,49,169.39
MK Pandey,1178420,2019,61,36,169.44
MK Pandey,1178423,2019,36,25,144.0
MK Pandey,1178426,2019,72,48,150.0
MK Pandey,1178429,2019,9,12,75.0
MK Pandey,1181766,2019,30,36,83.33
MK Pandey,1216498,2020,15,29,51.72
MK Pandey,1216502,2020,26,19,136.84
MK Pandey,1216507,2020,54,44,122.73
MK Pandey,1216512,2020,6,7,85.71
MK Pandey,1216516,2020,29,21,138.1
MK Pandey,1216518,2020,83,47,176.6
MK Pandey,1216524,2020,44,31,141.94
MK Pandey,1216528,2020,4,3,133.33
MK Pandey,1216532,2020,3,5,60.0
MK Pandey,1216534,2020,34,33,103.03
MK Pandey,1216538,2020,30,19,157.89
MK Pandey,1216542,2020,1,2,50.0
MK Pandey,1216545,2020,51,38,134.21
MK Pandey,1237178,2020,24,21,114.29
MK Pandey,1237180,2020,21,14,150.0
MK Pandey,1254060,2021,61,44,138.64
MK Pandey,1254063,2021,38,39,97.44
MK Pandey,1254066,2021,2,7,28.57
MK Pandey,1254080,2021,61,46,132.61
MK Pandey,1254085,2021,31,20,155.0
MK Pandey,1254088,2021,63,40,157.5
MK Pandey,1254105,2021,17,16,106.25
MK Pandey,1254107,2021,13,23,56.52
MK Pandey,1304050,2022,6,5,120.0
MK Pandey,1304053,2022,5,6,83.33
MK Pandey,1304058,2022,11,10,110.0
MK Pandey,1304072,2022,38,29,131.03
MK Pandey,1304077,2022,6,8,75.0
MK Pandey,1304083,2022,22,22,100.0
MK Pandey,1359485,2023,0,1,0.0
MK Pandey,1359490,2023,25,17,147.06
MK Pandey,1359494,2023,50,38,131.58
MK Pandey,1359502,2023,21,23,91.3
MK Pandey,1359508,2023,34,27,125.93
MK Pandey,1359514,2023,1,3,33.33
MK Pandey,1359518,2023,1,4,25.0
MK Pandey,1359529,2023,27,29,93.1
MK Pandey,1359533,2023,0,3,0.0
MK Pandey,1426289,2024,42,30,140.0
MK Pandey,1473449,2025,19,14,135.71
MK Pandey,1473494,2025,36,28,128.57
MK Pandey,1473505,2025,37,23,160.87
MK Pandey,1529308,2026,45,33,136.36
MK Pandey,1529313,2026,25,16,156.25
MK Tiwary,335995,2008,39,34,114.71
MK Tiwary,335998,2008,11,9,122.22
MK Tiwary,336009,2008,5,2,250.0
MK Tiwary,336017,2008,9,7,128.57
MK Tiwary,336020,2008,4,1,400.0
MK Tiwary,336032,2008,36,29,124.14
MK Tiwary,336038,2008,0,3,0.0
MK Tiwary,392189,2009,9,13,69.23
MK Tiwary,419106,2010,0,1,0.0
MK Tiwary,419109,2010,50,29,172.41
MK Tiwary,419113,2010,8,3,266.67
MK Tiwary,419118,2010,11,13,84.62
MK Tiwary,419127,2010,74,46,160.87
MK Tiwary,419131,2010,0,3,0.0
MK Tiwary,419135,2010,5,7,71.43
MK Tiwary,419139,2010,35,32,109.38
MK Tiwary,419144,2010,26,18,144.44
MK Tiwary,419148,2010,0,2,0.0
MK Tiwary,419153,2010,27,31,87.1
MK Tiwary,501198,2011,27,15,180.0
MK Tiwary,501203,2011,30,21,142.86
MK Tiwary,501214,2011,26,25,104.0
MK Tiwary,501219,2011,46,51,90.2
MK Tiwary,501230,2011,61,47,129.79
MK Tiwary,501234,2011,34,41,82.93
MK Tiwary,501239,2011,32,26,123.08
MK Tiwary,501242,2011,1,7,14.29
MK Tiwary,501245,2011,15,12,125.0
MK Tiwary,501255,2011,19,24,79.17
MK Tiwary,501262,2011,24,24,100.0
MK Tiwary,501267,2011,35,22,159.09
MK Tiwary,501269,2011,4,7,57.14
MK Tiwary,548307,2012,0,1,0.0
MK Tiwary,548312,2012,59,49,120.41
MK Tiwary,548315,2012,2,5,40.0
MK Tiwary,548320,2012,24,18,133.33
MK Tiwary,548323,2012,20,27,74.07
MK Tiwary,548335,2012,30,28,107.14
MK Tiwary,548344,2012,1,1,100.0
MK Tiwary,548347,2012,13,13,100.0
MK Tiwary,548353,2012,6,4,150.0
MK Tiwary,548357,2012,8,6,133.33
MK Tiwary,548363,2012,27,25,108.0
MK Tiwary,548368,2012,12,14,85.71
MK Tiwary,548370,2012,41,43,95.35
MK Tiwary,548375,2012,8,9,88.89
MK Tiwary,548381,2012,9,3,300.0
MK Tiwary,597998,2013,23,23,100.0
MK Tiwary,598005,2013,14,13,107.69
MK Tiwary,598008,2013,23,16,143.75
MK Tiwary,598016,2013,1,7,14.29
MK Tiwary,598022,2013,13,18,72.22
MK Tiwary,598029,2013,33,24,137.5
MK Tiwary,598053,2013,15,10,150.0
MK Tiwary,598057,2013,24,27,88.89
MK Tiwary,598061,2013,0,2,0.0
MK Tiwary,729281,2014,1,3,33.33
MK Tiwary,729289,2014,8,6,133.33
MK Tiwary,729293,2014,0,2,0.0
MK Tiwary,729301,2014,23,13,176.92
MK Tiwary,734011,2014,61,44,138.64
MK Tiwary,734019,2014,10,8,125.0
MK Tiwary,734031,2014,41,31,132.26
MK Tiwary,734039,2014,8,11,72.73
MK Tiwary,829739,2015,32,28,114.29
MK Tiwary,829761,2015,25,28,89.29
MK Tiwary,1082594,2017,40,23,173.91
MK Tiwary,1082603,2017,31,27,114.81
MK Tiwary,1082607,2017,27,11,245.45
MK Tiwary,1082615,2017,17,8,212.5
MK Tiwary,1082618,2017,22,13,169.23
MK Tiwary,1082620,2017,1,2,50.0
MK Tiwary,1082624,2017,44,35,125.71
MK Tiwary,1082629,2017,0,2,0.0
MK Tiwary,1082631,2017,8,9,88.89
MK Tiwary,1082634,2017,9,5,180.0
MK Tiwary,1082642,2017,60,45,133.33
MK Tiwary,1082647,2017,54,47,114.89
MK Tiwary,1082650,2017,7,8,87.5
MK Tiwary,1136585,2018,1,5,20.0
MK Tiwary,1136600,2018,7,8,87.5
MK Tiwary,1136610,2018,4,1,400.0
MK Tiwary,1136616,2018,35,30,116.67
ML Hayden,335983,2008,21,16,131.25
ML Hayden,335989,2008,76,44,172.73
ML Hayden,335993,2008,69,48,143.75
ML Hayden,335996,2008,13,19,68.42
ML Hayden,392181,2009,44,35,125.71
ML Hayden,392185,2009,65,35,185.71
ML Hayden,392189,2009,57,27,211.11
ML Hayden,392196,2009,48,33,145.45
ML Hayden,392202,2009,1,2,50.0
ML Hayden,392206,2009,30,19,157.89
ML Hayden,392209,2009,43,26,165.38
ML Hayden,392214,2009,89,58,153.45
ML Hayden,392217,2009,48,44,109.09
ML Hayden,392224,2009,60,38,157.89
ML Hayden,392227,2009,60,57,105.26
ML Hayden,392238,2009,26,19,136.84
ML Hayden,419110,2010,17,11,154.55
ML Hayden,419113,2010,1,8,12.5
ML Hayden,419116,2010,93,43,216.28
ML Hayden,419121,2010,33,24,137.5
ML Hayden,419123,2010,32,28,114.29
ML Hayden,419125,2010,20,12,166.67
ML Hayden,419129,2010,19,14,135.71
ML Hayden,419133,2010,12,14,85.71
ML Hayden,419137,2010,34,21,161.9
ML Hayden,419142,2010,35,31,112.9
ML Hayden,419147,2010,19,18,105.56
ML Hayden,419153,2010,0,2,0.0
ML Hayden,419155,2010,1,5,20.0
ML Hayden,419159,2010,5,8,62.5
ML Hayden,419163,2010,8,9,88.89
ML Hayden,419165,2010,17,31,54.84
MM Ali,1136599,2018,10,7,142.86
MM Ali,1136605,2018,1,3,33.33
MM Ali,1136611,2018,65,34,191.18
MM Ali,1136613,2018,1,2,50.0
MM Ali,1175356,2019,9,8,112.5
MM Ali,1175362,2019,13,7,185.71
MM Ali,1175366,2019,2,8,25.0
MM Ali,1175369,2019,18,9,200.0
MM Ali,1175372,2019,0,2,0.0
MM Ali,1178395,2019,32,18,177.78
MM Ali,1178406,2019,50,32,156.25
MM Ali,1178410,2019,66,28,235.71
MM Ali,1178414,2019,26,16,162.5
MM Ali,1178417,2019,4,5,80.0
MM Ali,1216519,2020,11,13,84.62
MM Ali,1216544,2020,1,2,50.0
MM Ali,1237178,2020,0,1,0.0
MM Ali,1254059,2021,36,24,150.0
MM Ali,1254065,2021,46,31,148.39
MM Ali,1254069,2021,26,20,130.0
MM Ali,1254072,2021,25,12,208.33
MM Ali,1254080,2021,15,8,187.5
MM Ali,1254084,2021,58,36,161.11
MM Ali,1254089,2021,21,17,123.53
MM Ali,1254091,2021,17,17,100.0
MM Ali,1254094,2021,0,6,0.0
MM Ali,1254098,2021,32,28,114.29
MM Ali,1254104,2021,0,3,0.0
MM Ali,1254110,2021,5,8,62.5
MM Ali,1254113,2021,23,18,127.78
MM Ali,1254114,2021,16,12,133.33
MM Ali,1254117,2021,37,20,185.0
MM Ali,1304053,2022,35,22,159.09
MM Ali,1304057,2022,0,2,0.0
MM Ali,1304063,2022,48,35,137.14
MM Ali,1304068,2022,3,8,37.5
MM Ali,1304075,2022,1,3,33.33
MM Ali,1304095,2022,34,27,125.93
MM Ali,1304101,2022,9,4,225.0
MM Ali,1304105,2022,0,2,0.0
MM Ali,1304108,2022,21,17,123.53
MM Ali,1304114,2022,93,57,163.16
MM Ali,1359475,2023,23,16,143.75
MM Ali,1359480,2023,19,13,146.15
MM Ali,1359491,2023,7,10,70.0
MM Ali,1359498,2023,17,7,242.86
MM Ali,1359503,2023,6,6,100.0
MM Ali,1359511,2023,23,12,191.67
MM Ali,1359515,2023,10,6,166.67
MM Ali,1359529,2023,7,12,58.33
MM Ali,1359535,2023,1,2,50.0
MM Ali,1370350,2023,9,4,225.0
MM Ali,1426272,2024,30,20,150.0
MM Ali,1426287,2024,15,9,166.67
MM Ali,1426291,2024,17,20,85.0
MM Ali,1426297,2024,56,36,155.56
MM Ali,1426299,2024,10,13,76.92
MM Ali,1473443,2025,5,12,41.67
MM Ali,1473476,2025,0,2,0.0
MM Patel,336008,2008,0,1,0.0
MM Patel,392182,2009,0,2,0.0
MM Patel,392202,2009,0,1,0.0
MM Patel,392220,2009,5,7,71.43
MM Patel,392230,2009,23,10,230.0
MM Patel,392233,2009,5,6,83.33
MM Patel,419115,2010,0,2,0.0
MM Patel,419118,2010,4,3,133.33
MM Patel,501251,2011,0,1,0.0
MM Patel,548308,2012,1,2,50.0
MM Patel,548325,2012,1,5,20.0
MM Patel,1082643,2017,0,1,0.0
MM Sharma,598046,2013,0,3,0.0
MM Sharma,598073,2013,0,2,0.0
MM Sharma,734047,2014,1,3,33.33
MM Sharma,829707,2015,2,1,200.0
MM Sharma,829723,2015,0,1,0.0
MM Sharma,829745,2015,2,6,33.33
MM Sharma,829817,2015,3,3,100.0
MM Sharma,829823,2015,21,7,300.0
MM Sharma,980913,2016,15,8,187.5
MM Sharma,980925,2016,1,3,33.33
MM Sharma,980955,2016,1,2,50.0
MM Sharma,980963,2016,1,1,100.0
MM Sharma,980999,2016,14,12,116.67
MM Sharma,1082601,2017,10,8,125.0
MM Sharma,1082605,2017,13,14,92.86
MM Sharma,1082609,2017,10,5,200.0
MM Sharma,1082616,2017,4,3,133.33
MM Sharma,1082623,2017,2,4,50.0
MM Sharma,1082633,2017,6,4,150.0
MM Sharma,1082645,2017,6,12,50.0
MM Sharma,1136568,2018,1,2,50.0
MM Sharma,1136604,2018,4,3,133.33
MM Sharma,1136608,2018,3,5,60.0
MM Sharma,1136616,2018,2,3,66.67
MM Sharma,1175370,2019,0,2,0.0
MM Sharma,1359536,2023,0,1,0.0
MM Sharma,1426270,2024,2,14,14.29
MM Sharma,1426290,2024,0,1,0.0
MM Sharma,1473441,2025,1,2,50.0
MM Sharma,1473466,2025,0,1,0.0
MN Samuels,548308,2012,4,4,100.0
MN Samuels,548313,2012,46,39,117.95
MN Samuels,548319,2012,2,12,16.67
MN Samuels,548322,2012,8,15,53.33
MN Samuels,548327,2012,34,20,170.0
MN Samuels,548330,2012,26,24,108.33
MN Samuels,548341,2012,3,8,37.5
MN Samuels,548348,2012,1,1,100.0
MN Samuels,598000,2013,5,9,55.56
MN Samuels,598003,2013,3,9,33.33
MN Samuels,1082635,2017,1,5,20.0
MN Samuels,1082640,2017,1,4,25.0
MN Samuels,1082642,2017,27,21,128.57
MN Samuels,1082646,2017,0,1,0.0
MN van Wyk,392199,2009,43,35,122.86
MN van Wyk,392203,2009,32,35,91.43
MN van Wyk,392207,2009,18,12,150.0
MN van Wyk,392211,2009,70,47,148.94
MN van Wyk,392219,2009,0,2,0.0
MP Breetzke,1473507,2025,14,12,116.67
MP Stoinis,980905,2016,33,22,150.0
MP Stoinis,980955,2016,27,17,158.82
MP Stoinis,980963,2016,0,3,0.0
MP Stoinis,980971,2016,52,44,118.18
MP Stoinis,980977,2016,34,22,154.55
MP Stoinis,1082601,2017,9,12,75.0
MP Stoinis,1082612,2017,1,3,33.33
MP Stoinis,1082616,2017,7,9,77.78
MP Stoinis,1136562,2018,21,14,150.0
MP Stoinis,1136568,2018,11,9,122.22
MP Stoinis,1136594,2018,29,15,193.33
MP Stoinis,1136598,2018,23,16,143.75
MP Stoinis,1136600,2018,11,16,68.75
MP Stoinis,1136608,2018,2,3,66.67
MP Stoinis,1136610,2018,1,2,50.0
MP Stoinis,1175369,2019,31,28,110.71
MP Stoinis,1175372,2019,28,13,215.38
MP Stoinis,1178395,2019,15,17,88.24
MP Stoinis,1178403,2019,28,16,175.0
MP Stoinis,1178406,2019,0,2,0.0
MP Stoinis,1178410,2019,17,8,212.5
MP Stoinis,1178414,2019,14,13,107.69
MP Stoinis,1178417,2019,46,34,135.29
MP Stoinis,1178421,2019,32,24,133.33
MP Stoinis,1178424,2019,0,1,0.0
MP Stoinis,1216493,2020,52,20,260.0
MP Stoinis,1216497,2020,6,6,100.0
MP Stoinis,1216500,2020,39,30,130.0
MP Stoinis,1216505,2020,10,5,200.0
MP Stoinis,1216509,2020,24,14,171.43
MP Stoinis,1216515,2020,1,3,33.33
MP Stoinis,1216519,2020,53,25,212.0
MP Stoinis,1216524,2020,5,6,83.33
MP Stoinis,1216529,2020,13,8,162.5
MP Stoinis,1216532,2020,11,9,122.22
MP Stoinis,1216535,2020,2,3,66.67
MP Stoinis,1216539,2020,5,3,166.67
MP Stoinis,1216543,2020,18,19,94.74
MP Stoinis,1216546,2020,9,10,90.0
MP Stoinis,1237177,2020,65,46,141.3
MP Stoinis,1237180,2020,38,27,140.74
MP Stoinis,1237181,2020,0,1,0.0
MP Stoinis,1254059,2021,14,9,155.56
MP Stoinis,1254064,2021,0,5,0.0
MP Stoinis,1254068,2021,27,12,225.0
MP Stoinis,1254077,2021,2,2,100.0
MP Stoinis,1254079,2021,22,17,129.41
MP Stoinis,1254082,2021,6,3,200.0
MP Stoinis,1254116,2021,18,23,78.26
MP Stoinis,1304066,2022,38,17,223.53
MP Stoinis,1304072,2022,10,9,111.11
MP Stoinis,1304077,2022,24,15,160.0
MP Stoinis,1304083,2022,0,3,0.0
MP Stoinis,1304088,2022,1,4,25.0
MP Stoinis,1304091,2022,17,16,106.25
MP Stoinis,1304099,2022,28,14,200.0
MP Stoinis,1304103,2022,2,2,100.0
MP Stoinis,1304109,2022,27,17,158.82
MP Stoinis,1312198,2022,9,9,100.0
MP Stoinis,1359477,2023,12,10,120.0
MP Stoinis,1359480,2023,21,18,116.67
MP Stoinis,1359484,2023,10,13,76.92
MP Stoinis,1359489,2023,65,30,216.67
MP Stoinis,1359495,2023,15,11,136.36
MP Stoinis,1359500,2023,21,16,131.25
MP Stoinis,1359504,2023,0,1,0.0
MP Stoinis,1359512,2023,72,40,180.0
MP Stoinis,1359517,2023,13,19,68.42
MP Stoinis,1359519,2023,6,4,150.0
MP Stoinis,1359525,2023,4,9,44.44
MP Stoinis,1359532,2023,40,25,160.0
MP Stoinis,1359537,2023,89,47,189.36
MP Stoinis,1359542,2023,0,2,0.0
MP Stoinis,1370351,2023,40,27,148.15
MP Stoinis,1422122,2024,3,4,75.0
MP Stoinis,1422129,2024,19,12,158.33
MP Stoinis,1422133,2024,24,15,160.0
MP Stoinis,1422139,2024,58,43,134.88
MP Stoinis,1426264,2024,8,10,80.0
MP Stoinis,1426266,2024,10,5,200.0
MP Stoinis,1426272,2024,8,7,114.29
MP Stoinis,1426277,2024,116,61,190.16
MP Stoinis,1426282,2024,0,4,0.0
MP Stoinis,1426286,2024,62,45,137.78
MP Stoinis,1426292,2024,36,21,171.43
MP Stoinis,1426295,2024,3,5,60.0
MP Stoinis,1426302,2024,5,7,71.43
MP Stoinis,1426305,2024,28,22,127.27
MP Stoinis,1473442,2025,20,15,133.33
MP Stoinis,1473455,2025,1,7,14.29
MP Stoinis,1473459,2025,4,7,57.14
MP Stoinis,1473464,2025,34,11,309.09
MP Stoinis,1473471,2025,7,2,350.0
MP Stoinis,1473474,2025,1,2,50.0
MP Stoinis,1473491,2025,15,5,300.0
MP Stoinis,1473508,2025,26,17,152.94
MP Stoinis,1473510,2025,2,2,100.0
MP Stoinis,1473511,2025,6,2,300.0
MP Stoinis,1485779,2025,44,15,293.33
MP Stoinis,1527677,2026,0,2,0.0
MP Stoinis,1527680,2026,9,3,300.0
MP Stoinis,1529267,2026,10,5,200.0
MP Stoinis,1529272,2026,29,16,181.25
MP Stoinis,1529283,2026,62,22,281.82
MP Stoinis,1529289,2026,40,31,129.03
MP Stoinis,1529292,2026,24,13,184.62
MP Stoinis,1529298,2026,1,2,50.0
MP Stoinis,1529304,2026,37,25,148.0
MP Yadav,1529275,2026,5,5,100.0
MR Marsh,419156,2010,15,11,136.36
MR Marsh,419160,2010,13,19,68.42
MR Marsh,501228,2011,11,15,73.33
MR Marsh,501248,2011,2,6,33.33
MR Marsh,501259,2011,37,28,132.14
MR Marsh,598000,2013,7,3,233.33
MR Marsh,598003,2013,15,8,187.5
MR Marsh,598011,2013,38,26,146.15
MR Marsh,598015,2013,2,4,50.0
MR Marsh,598018,2013,14,13,107.69
MR Marsh,598027,2013,24,23,104.35
MR Marsh,598047,2013,35,21,166.67
MR Marsh,598053,2013,5,8,62.5
MR Marsh,980911,2016,7,11,63.64
MR Marsh,1216534,2020,0,1,0.0
MR Marsh,1304073,2022,14,24,58.33
MR Marsh,1304087,2022,13,7,185.71
MR Marsh,1304091,2022,37,20,185.0
MR Marsh,1304096,2022,10,7,142.86
MR Marsh,1304101,2022,25,20,125.0
MR Marsh,1304104,2022,89,62,143.55
MR Marsh,1304110,2022,63,48,131.25
MR Marsh,1304115,2022,0,1,0.0
MR Marsh,1359477,2023,0,1,0.0
MR Marsh,1359481,2023,4,4,100.0
MR Marsh,1359494,2023,0,4,0.0
MR Marsh,1359502,2023,2,9,22.22
MR Marsh,1359508,2023,25,15,166.67
MR Marsh,1359514,2023,63,39,161.54
MR Marsh,1359524,2023,26,17,152.94
MR Marsh,1359529,2023,5,4,125.0
MR Marsh,1359533,2023,3,4,75.0
MR Marsh,1422120,2024,20,12,166.67
MR Marsh,1422127,2024,23,12,191.67
MR Marsh,1422131,2024,18,12,150.0
MR Marsh,1422134,2024,0,2,0.0
MR Marsh,1473441,2025,72,36,200.0
MR Marsh,1473444,2025,52,31,167.74
MR Marsh,1473450,2025,0,1,0.0
MR Marsh,1473453,2025,60,31,193.55
MR Marsh,1473456,2025,81,48,168.75
MR Marsh,1473467,2025,30,25,120.0
MR Marsh,1473473,2025,4,6,66.67
MR Marsh,1473477,2025,45,36,125.0
MR Marsh,1473482,2025,34,23,147.83
MR Marsh,1473491,2025,0,5,0.0
MR Marsh,1473499,2025,65,39,166.67
MR Marsh,1473502,2025,117,64,182.81
MR Marsh,1473507,2025,67,36,186.11
MR Marsh,1527678,2026,35,28,125.0
MR Marsh,1527683,2026,14,12,116.67
MR Marsh,1527688,2026,15,11,136.36
MR Marsh,1527692,2026,11,4,275.0
MR Marsh,1529266,2026,40,32,125.0
MR Marsh,1529272,2026,40,28,142.86
MR Marsh,1529275,2026,55,41,134.15
MR Marsh,1529281,2026,2,3,66.67
MR Marsh,1529290,2026,40,24,166.67
MR Marsh,1529293,2026,111,56,198.21
MR Marsh,1529296,2026,10,10,100.0
MR Marsh,1529302,2026,90,38,236.84
MR Marsh,1529307,2026,92,56,164.29
MS Bhandage,1473471,2025,1,4,25.0
MS Bisla,419108,2010,2,6,33.33
MS Bisla,419112,2010,71,50,142.0
MS Bisla,419117,2010,0,7,0.0
MS Bisla,419121,2010,7,9,77.78
MS Bisla,419124,2010,35,18,194.44
MS Bisla,419127,2010,22,24,91.67
MS Bisla,419132,2010,11,10,110.0
MS Bisla,419136,2010,28,26,107.69
MS Bisla,419139,2010,18,13,138.46
MS Bisla,419143,2010,20,14,142.86
MS Bisla,501198,2011,27,29,93.1
MS Bisla,501203,2011,19,21,90.48
MS Bisla,501209,2011,1,3,33.33
MS Bisla,501214,2011,9,22,40.91
MS Bisla,501219,2011,16,14,114.29
MS Bisla,548315,2012,46,29,158.62
MS Bisla,548320,2012,29,29,100.0
MS Bisla,548323,2012,27,25,108.0
MS Bisla,548328,2012,11,14,78.57
MS Bisla,548335,2012,10,13,76.92
MS Bisla,548363,2012,1,2,50.0
MS Bisla,548381,2012,89,48,185.42
MS Bisla,597998,2013,4,9,44.44
MS Bisla,598005,2013,1,4,25.0
MS Bisla,598008,2013,1,5,20.0
MS Bisla,598013,2013,28,24,116.67
MS Bisla,598016,2013,0,1,0.0
MS Bisla,598031,2013,51,44,115.91
MS Bisla,598034,2013,92,60,153.33
MS Bisla,598040,2013,4,7,57.14
MS Bisla,598043,2013,29,25,116.0
MS Bisla,598050,2013,17,19,89.47
MS Bisla,598053,2013,12,13,92.31
MS Bisla,598057,2013,0,2,0.0
MS Bisla,598061,2013,1,4,25.0
MS Bisla,598069,2013,15,18,83.33
MS Bisla,729315,2014,3,9,33.33
MS Bisla,829737,2015,20,16,125.0
MS Bisla,829745,2015,17,14,121.43
MS Dhoni,335983,2008,2,3,66.67
MS Dhoni,335989,2008,30,16,187.5
MS Dhoni,335993,2008,43,27,159.26
MS Dhoni,335996,2008,65,30,216.67
MS Dhoni,336001,2008,32,27,118.52
MS Dhoni,336005,2008,1,7,14.29
MS Dhoni,336007,2008,23,31,74.19
MS Dhoni,336009,2008,33,33,100.0
MS Dhoni,336013,2008,60,43,139.53
MS Dhoni,336018,2008,43,35,122.86
MS Dhoni,336029,2008,4,8,50.0
MS Dhoni,336033,2008,12,8,150.0
MS Dhoni,336037,2008,37,25,148.0
MS Dhoni,336040,2008,29,17,170.59
MS Dhoni,392181,2009,36,26,138.46
MS Dhoni,392185,2009,16,14,114.29
MS Dhoni,392189,2009,5,7,71.43
MS Dhoni,392196,2009,22,22,100.0
MS Dhoni,392202,2009,22,19,115.79
MS Dhoni,392206,2009,6,7,85.71
MS Dhoni,392209,2009,58,37,156.76
MS Dhoni,392214,2009,56,27,207.41
MS Dhoni,392224,2009,18,20,90.0
MS Dhoni,392227,2009,23,22,104.55
MS Dhoni,392231,2009,40,28,142.86
MS Dhoni,392234,2009,2,2,100.0
MS Dhoni,392238,2009,28,30,93.33
MS Dhoni,419110,2010,42,29,144.83
MS Dhoni,419113,2010,66,33,200.0
MS Dhoni,419129,2010,21,19,110.53
MS Dhoni,419133,2010,14,19,73.68
MS Dhoni,419137,2010,0,1,0.0
MS Dhoni,419142,2010,31,18,172.22
MS Dhoni,419147,2010,7,13,53.85
MS Dhoni,419155,2010,0,2,0.0
MS Dhoni,419159,2010,54,29,186.21
MS Dhoni,419163,2010,30,32,93.75
MS Dhoni,419165,2010,22,15,146.67
MS Dhoni,501198,2011,29,21,138.1
MS Dhoni,501206,2011,42,19,221.05
MS Dhoni,501211,2011,22,16,137.5
MS Dhoni,501215,2011,14,13,107.69
MS Dhoni,501221,2011,3,6,50.0
MS Dhoni,501226,2011,26,21,123.81
MS Dhoni,501236,2011,21,21,100.0
MS Dhoni,501249,2011,41,19,215.79
MS Dhoni,501253,2011,63,31,203.23
MS Dhoni,501261,2011,9,6,150.0
MS Dhoni,501266,2011,70,40,175.0
MS Dhoni,501268,2011,29,19,152.63
MS Dhoni,501271,2011,22,13,169.23
MS Dhoni,548306,2012,4,6,66.67
MS Dhoni,548311,2012,7,9,77.78
MS Dhoni,548316,2012,11,18,61.11
MS Dhoni,548318,2012,40,23,173.91
MS Dhoni,548322,2012,25,27,92.59
MS Dhoni,548330,2012,28,12,233.33
MS Dhoni,548332,2012,15,12,125.0
MS Dhoni,548343,2012,1,4,25.0
MS Dhoni,548347,2012,34,30,113.33
MS Dhoni,548352,2012,33,27,122.22
MS Dhoni,548355,2012,25,15,166.67
MS Dhoni,548361,2012,10,16,62.5
MS Dhoni,548368,2012,28,21,133.33
MS Dhoni,548371,2012,6,16,37.5
MS Dhoni,548379,2012,51,20,255.0
MS Dhoni,548380,2012,23,10,230.0
MS Dhoni,548381,2012,14,9,155.56
MS Dhoni,598002,2013,51,26,196.15
MS Dhoni,598012,2013,32,22,145.45
MS Dhoni,598015,2013,10,13,76.92
MS Dhoni,598020,2013,44,23,191.3
MS Dhoni,598022,2013,9,7,128.57
MS Dhoni,598026,2013,21,16,131.25
MS Dhoni,598030,2013,67,36,186.11
MS Dhoni,598034,2013,18,12,150.0
MS Dhoni,598038,2013,45,16,281.25
MS Dhoni,598041,2013,2,2,100.0
MS Dhoni,598046,2013,10,12,83.33
MS Dhoni,598051,2013,2,2,100.0
MS Dhoni,598058,2013,2,3,66.67
MS Dhoni,598062,2013,58,35,165.71
MS Dhoni,598068,2013,24,10,240.0
MS Dhoni,598073,2013,63,45,140.0
MS Dhoni,729283,2014,26,11,236.36
MS Dhoni,729293,2014,32,15,213.33
MS Dhoni,729297,2014,5,8,62.5
MS Dhoni,729303,2014,14,10,140.0
MS Dhoni,729311,2014,13,14,92.86
MS Dhoni,733971,2014,22,17,129.41
MS Dhoni,733981,2014,12,5,240.0
MS Dhoni,733987,2014,23,20,115.0
MS Dhoni,733995,2014,22,12,183.33
MS Dhoni,734003,2014,26,16,162.5
MS Dhoni,734013,2014,7,6,116.67
MS Dhoni,734023,2014,21,14,150.0
MS Dhoni,734029,2014,57,41,139.02
MS Dhoni,734035,2014,49,28,175.0
MS Dhoni,734047,2014,42,30,140.0
MS Dhoni,829707,2015,30,27,111.11
MS Dhoni,829711,2015,53,29,182.76
MS Dhoni,829723,2015,1,4,25.0
MS Dhoni,829729,2015,3,6,50.0
MS Dhoni,829735,2015,31,37,83.78
MS Dhoni,829745,2015,13,13,100.0
MS Dhoni,829753,2015,41,27,151.85
MS Dhoni,829765,2015,3,6,50.0
MS Dhoni,829773,2015,20,16,125.0
MS Dhoni,829779,2015,29,18,161.11
MS Dhoni,829789,2015,39,32,121.88
MS Dhoni,829797,2015,13,7,185.71
MS Dhoni,829801,2015,27,24,112.5
MS Dhoni,829809,2015,25,16,156.25
MS Dhoni,829817,2015,0,1,0.0
MS Dhoni,829821,2015,26,29,89.66
MS Dhoni,829823,2015,18,13,138.46
MS Dhoni,980911,2016,22,10,220.0
MS Dhoni,980919,2016,1,2,50.0
MS Dhoni,980931,2016,41,38,107.89
MS Dhoni,980939,2016,23,12,191.67
MS Dhoni,980943,2016,5,4,125.0
MS Dhoni,980949,2016,30,18,166.67
MS Dhoni,980957,2016,24,24,100.0
MS Dhoni,980965,2016,27,20,135.0
MS Dhoni,980969,2016,9,8,112.5
MS Dhoni,980979,2016,30,20,150.0
MS Dhoni,980989,2016,8,22,36.36
MS Dhoni,981005,2016,64,32,200.0
MS Dhoni,1082592,2017,12,12,100.0
MS Dhoni,1082594,2017,5,11,45.45
MS Dhoni,1082599,2017,11,14,78.57
MS Dhoni,1082603,2017,5,8,62.5
MS Dhoni,1082607,2017,28,25,112.0
MS Dhoni,1082615,2017,61,34,179.41
MS Dhoni,1082618,2017,7,11,63.64
MS Dhoni,1082620,2017,23,11,209.09
MS Dhoni,1082624,2017,21,17,123.53
MS Dhoni,1082629,2017,26,33,78.79
MS Dhoni,1082631,2017,5,9,55.56
MS Dhoni,1082634,2017,31,21,147.62
MS Dhoni,1082642,2017,5,5,100.0
MS Dhoni,1082647,2017,40,26,153.85
MS Dhoni,1082650,2017,10,13,76.92
MS Dhoni,1136561,2018,5,5,100.0
MS Dhoni,1136565,2018,25,28,89.29
MS Dhoni,1136572,2018,79,44,179.55
MS Dhoni,1136577,2018,5,3,166.67
MS Dhoni,1136580,2018,25,12,208.33
MS Dhoni,1136584,2018,70,34,205.88
MS Dhoni,1136587,2018,26,21,123.81
MS Dhoni,1136590,2018,51,22,231.82
MS Dhoni,1136593,2018,43,25,172.0
MS Dhoni,1136595,2018,31,22,140.91
MS Dhoni,1136603,2018,33,23,143.48
MS Dhoni,1136606,2018,20,14,142.86
MS Dhoni,1136612,2018,17,23,73.91
MS Dhoni,1136616,2018,16,7,228.57
MS Dhoni,1136617,2018,9,18,50.0
MS Dhoni,1175360,2019,32,35,91.43
MS Dhoni,1175367,2019,73,45,162.22
MS Dhoni,1175370,2019,12,21,57.14
MS Dhoni,1178393,2019,37,23,160.87
MS Dhoni,1178400,2019,58,43,134.88
MS Dhoni,1178404,2019,16,13,123.08
MS Dhoni,1178414,2019,78,47,165.96
MS Dhoni,1178425,2019,38,21,180.95
MS Dhoni,1178430,2019,10,12,83.33
MS Dhoni,1181764,2019,37,28,132.14
MS Dhoni,1181767,2019,9,9,100.0
MS Dhoni,1181768,2019,2,8,25.0
MS Dhoni,1216492,2020,0,2,0.0
MS Dhoni,1216496,2020,29,17,170.59
MS Dhoni,1216501,2020,11,12,91.67
MS Dhoni,1216509,2020,3,5,60.0
MS Dhoni,1216516,2020,47,36,130.56
MS Dhoni,1216521,2020,16,16,100.0
MS Dhoni,1216525,2020,10,6,166.67
MS Dhoni,1216528,2020,21,13,161.54
MS Dhoni,1216533,2020,28,28,100.0
MS Dhoni,1216536,2020,1,4,25.0
MS Dhoni,1216539,2020,15,12,125.0
MS Dhoni,1216544,2020,19,21,90.48
MS Dhoni,1254059,2021,0,2,0.0
MS Dhoni,1254069,2021,18,17,105.88
MS Dhoni,1254072,2021,17,8,212.5
MS Dhoni,1254076,2021,2,3,66.67
MS Dhoni,1254091,2021,14,11,127.27
MS Dhoni,1254094,2021,12,15,80.0
MS Dhoni,1254098,2021,1,4,25.0
MS Dhoni,1254104,2021,3,5,60.0
MS Dhoni,1254110,2021,18,27,66.67
MS Dhoni,1254113,2021,11,9,122.22
MS Dhoni,1254114,2021,18,6,300.0
MS Dhoni,1304047,2022,44,37,118.92
MS Dhoni,1304053,2022,16,6,266.67
MS Dhoni,1304057,2022,22,27,81.48
MS Dhoni,1304063,2022,3,6,50.0
MS Dhoni,1304079,2022,28,13,215.38
MS Dhoni,1304084,2022,12,8,150.0
MS Dhoni,1304092,2022,8,7,114.29
MS Dhoni,1304095,2022,2,3,66.67
MS Dhoni,1304101,2022,21,8,262.5
MS Dhoni,1304105,2022,36,33,109.09
MS Dhoni,1304108,2022,7,10,70.0
MS Dhoni,1304114,2022,26,28,92.86
MS Dhoni,1359475,2023,14,7,200.0
MS Dhoni,1359480,2023,12,3,400.0
MS Dhoni,1359491,2023,32,17,188.24
MS Dhoni,1359498,2023,1,1,100.0
MS Dhoni,1359507,2023,2,2,100.0
MS Dhoni,1359515,2023,13,4,325.0
MS Dhoni,1359523,2023,2,3,66.67
MS Dhoni,1359529,2023,20,9,222.22
MS Dhoni,1359535,2023,2,2,100.0
MS Dhoni,1359541,2023,3,3,100.0
MS Dhoni,1370350,2023,1,2,50.0
MS Dhoni,1370353,2023,0,1,0.0
MS Dhoni,1422131,2024,37,16,231.25
MS Dhoni,1422136,2024,1,2,50.0
MS Dhoni,1426260,2024,1,3,33.33
MS Dhoni,1426267,2024,20,4,500.0
MS Dhoni,1426272,2024,28,9,311.11
MS Dhoni,1426277,2024,4,1,400.0
MS Dhoni,1426284,2024,5,2,250.0
MS Dhoni,1426287,2024,14,11,127.27
MS Dhoni,1426291,2024,0,1,0.0
MS Dhoni,1426297,2024,26,11,236.36
MS Dhoni,1426306,2024,25,12,208.33
MS Dhoni,1473440,2025,0,2,0.0
MS Dhoni,1473445,2025,30,16,187.5
MS Dhoni,1473448,2025,16,11,145.45
MS Dhoni,1473454,2025,30,26,115.38
MS Dhoni,1473459,2025,27,12,225.0
MS Dhoni,1473462,2025,1,4,25.0
MS Dhoni,1473467,2025,26,11,236.36
MS Dhoni,1473475,2025,4,6,66.67
MS Dhoni,1473480,2025,6,10,60.0
MS Dhoni,1473486,2025,11,4,275.0
MS Dhoni,1473489,2025,12,8,150.0
MS Dhoni,1473494,2025,17,18,94.44
MS Dhoni,1473500,2025,16,17,94.12
MS Gony,336005,2008,1,4,25.0
MS Gony,336007,2008,15,6,250.0
MS Gony,336009,2008,13,5,260.0
MS Gony,336029,2008,4,4,100.0
MS Gony,336033,2008,2,3,66.67
MS Gony,392189,2009,6,2,300.0
MS Gony,392234,2009,7,5,140.0
MS Gony,419121,2010,2,6,33.33
MS Gony,501212,2011,0,1,0.0
MS Gony,501229,2011,0,1,0.0
MS Gony,548311,2012,4,8,50.0
MS Gony,598016,2013,42,18,233.33
MS Gony,598037,2013,0,3,0.0
MS Gony,598041,2013,0,1,0.0
MS Gony,598052,2013,3,3,100.0
MS Wade,501213,2011,3,4,75.0
MS Wade,501227,2011,8,9,88.89
MS Wade,501265,2011,11,20,55.0
MS Wade,1304050,2022,30,29,103.45
MS Wade,1304056,2022,1,2,50.0
MS Wade,1304062,2022,6,7,85.71
MS Wade,1304067,2022,19,19,100.0
MS Wade,1304070,2022,12,6,200.0
MS Wade,1304103,2022,10,7,142.86
MS Wade,1304108,2022,20,15,133.33
MS Wade,1304113,2022,16,13,123.08
MS Wade,1312197,2022,35,30,116.67
MS Wade,1312200,2022,8,10,80.0
MS Wade,1426262,2024,4,6,66.67
MV Boucher,335982,2008,7,9,77.78
MV Boucher,335985,2008,39,19,205.26
MV Boucher,335992,2008,4,10,40.0
MV Boucher,335996,2008,4,6,66.67
MV Boucher,335998,2008,31,17,182.35
MV Boucher,336010,2008,50,40,125.0
MV Boucher,336012,2008,18,15,120.0
MV Boucher,336016,2008,39,32,121.88
MV Boucher,336029,2008,17,15,113.33
MV Boucher,336034,2008,16,14,114.29
MV Boucher,392194,2009,36,28,128.57
MV Boucher,392199,2009,25,13,192.31
MV Boucher,392204,2009,2,4,50.0
MV Boucher,392213,2009,6,8,75.0
MV Boucher,392218,2009,48,33,145.45
MV Boucher,392221,2009,7,9,77.78
MV Boucher,392224,2009,5,5,100.0
MV Boucher,392232,2009,9,8,112.5
MV Boucher,392239,2009,5,6,83.33
MV Boucher,419123,2010,11,7,157.14
MV Boucher,419128,2010,2,3,66.67
MV Boucher,501242,2011,5,4,125.0
MV Boucher,501255,2011,1,2,50.0
MW Short,1359488,2023,1,3,33.33
MW Short,1359492,2023,36,24,150.0
MW Short,1359495,2023,34,22,154.55
MW Short,1359501,2023,8,7,114.29
MW Short,1359505,2023,11,10,110.0
MW Short,1359520,2023,27,26,103.85
MW Short,1527676,2026,2,7,28.57
MW Short,1529270,2026,32,29,110.34
MW Short,1529309,2026,24,14,171.43
Mandeep Singh,419127,2010,4,7,57.14
Mandeep Singh,419131,2010,0,4,0.0
Mandeep Singh,501248,2011,6,11,54.55
Mandeep Singh,501251,2011,8,5,160.0
Mandeep Singh,501254,2011,15,10,150.0
Mandeep Singh,501257,2011,11,7,157.14
Mandeep Singh,501264,2011,7,8,87.5
Mandeep Singh,548309,2012,34,25,136.0
Mandeep Singh,548313,2012,23,22,104.55
Mandeep Singh,548319,2012,10,10,100.0
Mandeep Singh,548323,2012,38,34,111.76
Mandeep Singh,548328,2012,6,10,60.0
Mandeep Singh,548331,2012,20,15,133.33
Mandeep Singh,548334,2012,24,21,114.29
Mandeep Singh,548339,2012,22,16,137.5
Mandeep Singh,548343,2012,56,50,112.0
Mandeep Singh,548350,2012,43,30,143.33
Mandeep Singh,548354,2012,7,6,116.67
Mandeep Singh,548359,2012,75,48,156.25
Mandeep Singh,548366,2012,28,20,140.0
Mandeep Singh,548369,2012,21,12,175.0
Mandeep Singh,548371,2012,24,21,114.29
Mandeep Singh,548374,2012,0,1,0.0
Mandeep Singh,598003,2013,31,26,119.23
Mandeep Singh,598007,2013,9,10,90.0
Mandeep Singh,598014,2013,2,8,25.0
Mandeep Singh,598016,2013,41,30,136.67
Mandeep Singh,598021,2013,10,11,90.91
Mandeep Singh,598025,2013,77,58,132.76
Mandeep Singh,598031,2013,25,20,125.0
Mandeep Singh,598037,2013,9,8,112.5
Mandeep Singh,598041,2013,15,15,100.0
Mandeep Singh,598052,2013,0,3,0.0
Mandeep Singh,598056,2013,0,2,0.0
Mandeep Singh,598059,2013,24,15,160.0
Mandeep Singh,598064,2013,16,12,133.33
Mandeep Singh,598066,2013,1,5,20.0
Mandeep Singh,733987,2014,3,8,37.5
Mandeep Singh,733991,2014,21,14,150.0
Mandeep Singh,733997,2014,0,3,0.0
Mandeep Singh,829713,2015,6,3,200.0
Mandeep Singh,829719,2015,0,1,0.0
Mandeep Singh,829763,2015,27,20,135.0
Mandeep Singh,829771,2015,45,18,250.0
Mandeep Singh,829803,2015,20,14,142.86
Mandeep Singh,829807,2015,1,3,33.33
Mandeep Singh,829819,2015,54,34,158.82
Mandeep Singh,829821,2015,4,7,57.14
Mandeep Singh,1082591,2017,24,16,150.0
Mandeep Singh,1082595,2017,12,10,120.0
Mandeep Singh,1082598,2017,28,34,82.35
Mandeep Singh,1082602,2017,0,1,0.0
Mandeep Singh,1082607,2017,0,3,0.0
Mandeep Singh,1082617,2017,1,3,33.33
Mandeep Singh,1082621,2017,8,14,57.14
Mandeep Singh,1082628,2017,17,13,130.77
Mandeep Singh,1082633,2017,46,40,115.0
Mandeep Singh,1082636,2017,52,43,120.93
Mandeep Singh,1136563,2018,37,18,205.56
Mandeep Singh,1136568,2018,22,19,115.79
Mandeep Singh,1136571,2018,47,25,188.0
Mandeep Singh,1136574,2018,16,14,114.29
Mandeep Singh,1136579,2018,17,9,188.89
Mandeep Singh,1136584,2018,32,17,188.24
Mandeep Singh,1136589,2018,19,14,135.71
Mandeep Singh,1136591,2018,14,10,140.0
Mandeep Singh,1136595,2018,7,13,53.85
Mandeep Singh,1136599,2018,21,23,91.3
Mandeep Singh,1136605,2018,13,14,92.86
Mandeep Singh,1136611,2018,4,6,66.67
Mandeep Singh,1136613,2018,3,4,75.0
Mandeep Singh,1175359,2019,5,2,250.0
Mandeep Singh,1175361,2019,33,15,220.0
Mandeep Singh,1175368,2019,29,21,138.1
Mandeep Singh,1178393,2019,1,1,100.0
Mandeep Singh,1178397,2019,2,3,66.67
Mandeep Singh,1178399,2019,7,3,233.33
Mandeep Singh,1178403,2019,18,16,112.5
Mandeep Singh,1178407,2019,0,2,0.0
Mandeep Singh,1178412,2019,30,27,111.11
Mandeep Singh,1178417,2019,4,4,100.0
Mandeep Singh,1178427,2019,25,17,147.06
Mandeep Singh,1178430,2019,11,9,122.22
Mandeep Singh,1216498,2020,17,14,121.43
Mandeep Singh,1216506,2020,14,15,93.33
Mandeep Singh,1216513,2020,27,16,168.75
Mandeep Singh,1216520,2020,66,56,117.86
Mandeep Singh,1216523,2020,0,1,0.0
Mandeep Singh,1216537,2020,0,1,0.0
Mandeep Singh,1216542,2020,6,6,100.0
Mandeep Singh,1254099,2021,15,13,115.38
Mandeep Singh,1304048,2022,0,2,0.0
Mandeep Singh,1304056,2022,18,16,112.5
Mandeep Singh,1304096,2022,0,5,0.0
Mandeep Singh,1359476,2023,2,4,50.0
Mandeep Singh,1359483,2023,0,1,0.0
Mandeep Singh,1359502,2023,12,11,109.09
Mashrafe Mortaza,392228,2009,2,2,100.0
Mayank Dagar,1422133,2024,0,1,0.0
Misbah-ul-Haq,336002,2008,34,28,121.43
Misbah-ul-Haq,336006,2008,8,7,114.29
Misbah-ul-Haq,336012,2008,0,1,0.0
Misbah-ul-Haq,336016,2008,21,8,262.5
Misbah-ul-Haq,336023,2008,0,1,0.0
Misbah-ul-Haq,336026,2008,47,25,188.0
Misbah-ul-Haq,336029,2008,4,6,66.67
Misbah-ul-Haq,336034,2008,3,5,60.0
Mohammad Ashraful,392235,2009,2,10,20.0
Mohammad Asif,336004,2008,0,1,0.0
Mohammad Asif,336038,2008,3,5,60.0
Mohammad Hafeez,335982,2008,5,3,166.67
Mohammad Hafeez,335986,2008,13,13,100.0
Mohammad Hafeez,335993,2008,16,24,66.67
Mohammad Hafeez,335997,2008,2,6,33.33
Mohammad Hafeez,336003,2008,13,12,108.33
Mohammad Hafeez,336021,2008,5,11,45.45
Mohammad Hafeez,336025,2008,6,6,100.0
Mohammad Hafeez,336027,2008,4,8,50.0
Mohammad Nabi,1082609,2017,2,3,66.67
Mohammad Nabi,1136583,2018,14,10,140.0
Mohammad Nabi,1136585,2018,4,2,200.0
Mohammad Nabi,1175371,2019,17,9,188.89
Mohammad Nabi,1178394,2019,11,14,78.57
Mohammad Nabi,1178397,2019,12,7,171.43
Mohammad Nabi,1178423,2019,20,10,200.0
Mohammad Nabi,1178426,2019,37,22,168.18
Mohammad Nabi,1178429,2019,4,3,133.33
Mohammad Nabi,1181766,2019,14,12,116.67
Mohammad Nabi,1216545,2020,11,8,137.5
Mohammad Nabi,1254060,2021,14,11,127.27
Mohammad Nabi,1254085,2021,17,5,340.0
Mohammad Nabi,1254088,2021,3,4,75.0
Mohammad Nabi,1426267,2024,4,7,57.14
Mohammad Nabi,1426271,2024,0,1,0.0
Mohammad Nabi,1426276,2024,23,17,135.29
Mohammad Nabi,1426281,2024,7,4,175.0
Mohammad Nabi,1426286,2024,1,2,50.0
Mohammed Shami,598005,2013,5,10,50.0
Mohammed Shami,729293,2014,1,3,33.33
Mohammed Shami,734005,2014,1,1,100.0
Mohammed Shami,734019,2014,1,2,50.0
Mohammed Shami,734039,2014,0,1,0.0
Mohammed Shami,980951,2016,0,1,0.0
Mohammed Shami,980965,2016,2,3,66.67
Mohammed Shami,1082608,2017,0,1,0.0
Mohammed Shami,1082626,2017,2,4,50.0
Mohammed Shami,1082635,2017,7,4,175.0
Mohammed Shami,1082640,2017,4,2,200.0
Mohammed Shami,1082642,2017,2,4,50.0
Mohammed Shami,1082646,2017,21,9,233.33
Mohammed Shami,1136573,2018,7,6,116.67
Mohammed Shami,1175368,2019,0,1,0.0
Mohammed Shami,1178423,2019,1,1,100.0
Mohammed Shami,1216503,2020,2,2,100.0
Mohammed Shami,1216542,2020,0,1,0.0
Mohammed Shami,1254065,2021,9,12,75.0
Mohammed Shami,1254071,2021,3,3,100.0
Mohammed Shami,1254078,2021,1,2,50.0
Mohammed Shami,1359536,2023,0,1,0.0
Mohammed Shami,1370350,2023,5,5,100.0
Mohammed Shami,1473444,2025,1,3,33.33
Mohammed Shami,1473447,2025,1,1,100.0
Mohammed Shami,1473452,2025,2,4,50.0
Mohammed Shami,1473457,2025,6,2,300.0
Mohammed Shami,1527678,2026,1,2,50.0
Mohammed Shami,1527688,2026,1,3,33.33
Mohammed Shami,1527692,2026,12,5,240.0
Mohammed Shami,1529266,2026,0,1,0.0
Mohammed Shami,1529275,2026,6,4,150.0
Mohammed Shami,1529281,2026,11,6,183.33
Mohammed Shami,1529296,2026,0,1,0.0
Mohammed Siraj,1136574,2018,8,3,266.67
Mohammed Siraj,1136595,2018,3,7,42.86
Mohammed Siraj,1136613,2018,14,12,116.67
Mohammed Siraj,1175356,2019,0,1,0.0
Mohammed Siraj,1175366,2019,3,7,42.86
Mohammed Siraj,1178395,2019,1,4,25.0
Mohammed Siraj,1216502,2020,2,3,66.67
Mohammed Siraj,1216519,2020,5,4,125.0
Mohammed Siraj,1237178,2020,10,7,142.86
Mohammed Siraj,1254058,2021,0,1,0.0
Mohammed Siraj,1254076,2021,12,14,85.71
Mohammed Siraj,1254083,2021,0,1,0.0
Mohammed Siraj,1254087,2021,8,10,80.0
Mohammed Siraj,1304068,2022,14,11,127.27
Mohammed Siraj,1304082,2022,2,4,50.0
Mohammed Siraj,1304085,2022,5,5,100.0
Mohammed Siraj,1304106,2022,9,13,69.23
Mohammed Siraj,1359506,2023,1,1,100.0
Mohammed Siraj,1359517,2023,0,1,0.0
Mohammed Siraj,1422133,2024,12,8,150.0
Mohammed Siraj,1473504,2025,3,4,75.0
Mohammed Siraj,1529273,2026,0,3,0.0
Mohammed Siraj,1535462,2026,5,13,38.46
Mohit Rathee,1359488,2023,1,2,50.0
Mohsin Khan,1304088,2022,13,6,216.67
Mohsin Khan,1304103,2022,1,3,33.33
Mohsin Khan,1304109,2022,9,7,128.57
Mohsin Khan,1370351,2023,0,7,0.0
Mohsin Khan,1422129,2024,2,1,200.0
Mohsin Khan,1527678,2026,0,1,0.0
Mohsin Khan,1529275,2026,0,3,0.0
Mujeeb Ur Rahman,1136568,2018,0,2,0.0
Mujeeb Ur Rahman,1136585,2018,10,5,200.0
Mujeeb Ur Rahman,1178407,2019,0,1,0.0
Mujeeb Ur Rahman,1178423,2019,0,3,0.0
Mujeeb Ur Rahman,1216542,2020,1,3,33.33
Mujeeb Ur Rahman,1254066,2021,1,1,100.0
Mukesh Choudhary,1304057,2022,2,2,100.0
Mukesh Choudhary,1304105,2022,4,4,100.0
Mukesh Choudhary,1529309,2026,2,2,100.0
Mukesh Kumar,1359477,2023,0,1,0.0
Mukesh Kumar,1359485,2023,1,1,100.0
Mukesh Kumar,1359533,2023,6,7,85.71
Mukesh Kumar,1426273,2024,0,2,0.0
Mukesh Kumar,1426300,2024,3,7,42.86
Musheer Khan,1473508,2025,0,3,0.0
Mustafizur Rahman,1136583,2018,1,3,33.33
Mustafizur Rahman,1254069,2021,0,4,0.0
Mustafizur Rahman,1254093,2021,8,7,114.29
Mustafizur Rahman,1254106,2021,0,3,0.0
Mustafizur Rahman,1304056,2022,3,5,60.0
Mustafizur Rahman,1359490,2023,1,1,100.0
Mustafizur Rahman,1473501,2025,0,1,0.0
N Burger,1529264,2026,3,5,60.0
N Burger,1529312,2026,10,3,333.33
N Burger,1535463,2026,1,1,100.0
N Jagadeesan,1216521,2020,0,1,0.0
N Jagadeesan,1216525,2020,33,28,117.86
N Jagadeesan,1304108,2022,39,33,118.18
N Jagadeesan,1304114,2022,1,4,25.0
N Jagadeesan,1359487,2023,6,8,75.0
N Jagadeesan,1359493,2023,36,21,171.43
N Jagadeesan,1359496,2023,0,5,0.0
N Jagadeesan,1359507,2023,1,3,33.33
N Jagadeesan,1359510,2023,27,29,93.1
N Jagadeesan,1359513,2023,19,15,126.67
N Pooran,1175359,2019,12,14,85.71
N Pooran,1178407,2019,5,6,83.33
N Pooran,1178417,2019,46,28,164.29
N Pooran,1178423,2019,21,10,210.0
N Pooran,1178427,2019,48,27,177.78
N Pooran,1178430,2019,36,22,163.64
N Pooran,1216493,2020,0,4,0.0
N Pooran,1216498,2020,32,28,114.29
N Pooran,1216503,2020,44,27,162.96
N Pooran,1216506,2020,2,6,33.33
N Pooran,1216510,2020,17,18,94.44
N Pooran,1216513,2020,33,17,194.12
N Pooran,1216517,2020,24,13,184.62
N Pooran,1216520,2020,2,3,66.67
N Pooran,1216523,2020,16,10,160.0
N Pooran,1216527,2020,25,8,312.5
N Pooran,1216531,2020,6,1,600.0
N Pooran,1216537,2020,22,9,244.44
N Pooran,1216542,2020,77,37,208.11
N Pooran,1216546,2020,53,28,189.29
N Pooran,1254061,2021,0,1,0.0
N Pooran,1254065,2021,0,2,0.0
N Pooran,1254068,2021,9,8,112.5
N Pooran,1254078,2021,19,19,100.0
N Pooran,1254083,2021,0,3,0.0
N Pooran,1254090,2021,3,7,42.86
N Pooran,1254099,2021,2,3,66.67
N Pooran,1254102,2021,12,7,171.43
N Pooran,1254107,2021,8,4,200.0
N Pooran,1254111,2021,32,22,145.45
N Pooran,1304051,2022,0,9,0.0
N Pooran,1304058,2022,34,24,141.67
N Pooran,1304063,2022,5,2,250.0
N Pooran,1304067,2022,34,18,188.89
N Pooran,1304071,2022,5,8,62.5
N Pooran,1304074,2022,35,30,116.67
N Pooran,1304086,2022,3,5,60.0
N Pooran,1304092,2022,64,33,193.94
N Pooran,1304096,2022,62,34,182.35
N Pooran,1304100,2022,19,14,135.71
N Pooran,1304107,2022,2,3,66.67
N Pooran,1304111,2022,38,22,172.73
N Pooran,1304116,2022,5,10,50.0
N Pooran,1359477,2023,36,21,171.43
N Pooran,1359480,2023,32,18,177.78
N Pooran,1359484,2023,11,6,183.33
N Pooran,1359489,2023,62,19,326.32
N Pooran,1359495,2023,0,1,0.0
N Pooran,1359500,2023,29,20,145.0
N Pooran,1359504,2023,1,7,14.29
N Pooran,1359512,2023,45,19,236.84
N Pooran,1359517,2023,9,7,128.57
N Pooran,1359519,2023,20,31,64.52
N Pooran,1359525,2023,3,6,50.0
N Pooran,1359532,2023,44,13,338.46
N Pooran,1359537,2023,8,8,100.0
N Pooran,1359542,2023,58,30,193.33
N Pooran,1370351,2023,0,1,0.0
N Pooran,1422122,2024,64,41,156.1
N Pooran,1422129,2024,42,21,200.0
N Pooran,1422133,2024,40,21,190.48
N Pooran,1422139,2024,32,22,145.45
N Pooran,1426264,2024,0,1,0.0
N Pooran,1426266,2024,45,32,140.62
N Pooran,1426272,2024,23,11,209.09
N Pooran,1426277,2024,34,15,226.67
N Pooran,1426282,2024,11,11,100.0
N Pooran,1426286,2024,14,14,100.0
N Pooran,1426292,2024,10,8,125.0
N Pooran,1426295,2024,48,26,184.62
N Pooran,1426302,2024,61,27,225.93
N Pooran,1426305,2024,75,29,258.62
N Pooran,1473441,2025,75,30,250.0
N Pooran,1473444,2025,70,26,269.23
N Pooran,1473450,2025,44,30,146.67
N Pooran,1473453,2025,12,6,200.0
N Pooran,1473456,2025,87,36,241.67
N Pooran,1473463,2025,61,34,179.41
N Pooran,1473467,2025,8,9,88.89
N Pooran,1473473,2025,11,8,137.5
N Pooran,1473477,2025,9,5,180.0
N Pooran,1473482,2025,27,15,180.0
N Pooran,1473491,2025,6,5,120.0
N Pooran,1473499,2025,41,25,164.0
N Pooran,1473502,2025,55,26,211.54
N Pooran,1473507,2025,13,10,130.0
N Pooran,1527678,2026,8,8,100.0
N Pooran,1527683,2026,1,4,25.0
N Pooran,1527688,2026,13,14,92.86
N Pooran,1527692,2026,19,21,90.48
N Pooran,1529266,2026,1,7,14.29
N Pooran,1529272,2026,9,9,100.0
N Pooran,1529275,2026,22,25,88.0
N Pooran,1529281,2026,9,13,69.23
N Pooran,1529290,2026,63,21,300.0
N Pooran,1529293,2026,38,23,165.22
N Pooran,1529296,2026,1,3,33.33
N Pooran,1529302,2026,32,17,188.24
N Pooran,1529307,2026,16,11,145.45
N Pooran,1529311,2026,2,7,28.57
N Rana,980981,2016,9,11,81.82
N Rana,980985,2016,25,28,89.29
N Rana,981007,2016,66,35,188.57
N Rana,1082592,2017,34,28,121.43
N Rana,1082597,2017,50,29,172.41
N Rana,1082600,2017,45,36,125.0
N Rana,1082602,2017,11,16,68.75
N Rana,1082606,2017,53,36,147.22
N Rana,1082612,2017,62,34,182.35
N Rana,1082614,2017,8,9,88.89
N Rana,1082618,2017,3,9,33.33
N Rana,1082625,2017,19,16,118.75
N Rana,1082628,2017,27,28,96.43
N Rana,1082638,2017,9,11,81.82
N Rana,1082641,2017,12,11,109.09
N Rana,1136563,2018,34,25,136.0
N Rana,1136565,2018,16,14,114.29
N Rana,1136570,2018,18,16,112.5
N Rana,1136573,2018,59,35,168.57
N Rana,1136575,2018,35,27,129.63
N Rana,1136578,2018,3,5,60.0
N Rana,1136586,2018,8,7,114.29
N Rana,1136589,2018,15,10,150.0
N Rana,1136597,2018,31,27,114.81
N Rana,1136601,2018,21,19,110.53
N Rana,1136604,2018,11,4,275.0
N Rana,1136609,2018,21,17,123.53
N Rana,1136614,2018,7,5,140.0
N Rana,1136618,2018,3,5,60.0
N Rana,1136619,2018,22,16,137.5
N Rana,1175357,2019,68,47,144.68
N Rana,1175361,2019,63,34,185.29
N Rana,1175365,2019,1,2,50.0
N Rana,1175372,2019,37,23,160.87
N Rana,1178398,2019,0,3,0.0
N Rana,1178401,2019,11,12,91.67
N Rana,1178404,2019,21,18,116.67
N Rana,1178410,2019,85,46,184.78
N Rana,1178413,2019,11,11,100.0
N Rana,1178418,2019,21,26,80.77
N Rana,1178431,2019,26,13,200.0
N Rana,1216494,2020,0,1,0.0
N Rana,1216497,2020,81,53,152.83
N Rana,1216501,2020,9,10,90.0
N Rana,1216504,2020,22,17,129.41
N Rana,1216508,2020,24,18,133.33
N Rana,1216512,2020,29,20,145.0
N Rana,1216515,2020,58,35,165.71
N Rana,1216520,2020,0,1,0.0
N Rana,1216523,2020,2,4,50.0
N Rana,1216526,2020,5,6,83.33
N Rana,1216530,2020,0,1,0.0
N Rana,1216536,2020,87,61,142.62
N Rana,1216540,2020,9,14,64.29
N Rana,1216545,2020,26,13,200.0
N Rana,1254060,2021,80,56,142.86
N Rana,1254062,2021,57,47,121.28
N Rana,1254067,2021,18,11,163.64
N Rana,1254072,2021,9,12,75.0
N Rana,1254075,2021,22,25,88.0
N Rana,1254078,2021,0,1,0.0
N Rana,1254082,2021,15,12,125.0
N Rana,1254092,2021,35,26,134.62
N Rana,1254096,2021,5,2,250.0
N Rana,1254098,2021,37,27,137.04
N Rana,1254102,2021,31,18,172.22
N Rana,1254106,2021,12,5,240.0
N Rana,1254109,2021,25,33,75.76
N Rana,1254115,2021,23,25,92.0
N Rana,1254116,2021,13,12,108.33
N Rana,1254117,2021,0,1,0.0
N Rana,1304047,2022,21,17,123.53
N Rana,1304052,2022,10,4,250.0
N Rana,1304054,2022,0,2,0.0
N Rana,1304060,2022,8,7,114.29
N Rana,1304065,2022,30,20,150.0
N Rana,1304071,2022,54,36,150.0
N Rana,1304076,2022,18,11,163.64
N Rana,1304081,2022,2,7,28.57
N Rana,1304087,2022,51,33,154.55
N Rana,1304093,2022,48,37,129.73
N Rana,1304099,2022,2,11,18.18
N Rana,1304102,2022,43,26,165.38
N Rana,1304107,2022,26,16,162.5
N Rana,1304112,2022,42,22,190.91
N Rana,1359476,2023,24,17,141.18
N Rana,1359483,2023,1,5,20.0
N Rana,1359487,2023,45,29,155.17
N Rana,1359493,2023,75,41,182.93
N Rana,1359496,2023,5,10,50.0
N Rana,1359502,2023,4,7,57.14
N Rana,1359507,2023,27,20,135.0
N Rana,1359510,2023,48,21,228.57
N Rana,1359513,2023,4,3,133.33
N Rana,1359521,2023,38,30,126.67
N Rana,1359527,2023,51,38,134.21
N Rana,1359530,2023,22,17,129.41
N Rana,1359535,2023,57,44,129.55
N Rana,1359542,2023,8,10,80.0
N Rana,1422121,2024,9,11,81.82
N Rana,1426298,2024,33,23,143.48
N Rana,1473439,2025,11,8,137.5
N Rana,1473443,2025,8,9,88.89
N Rana,1473448,2025,81,36,225.0
N Rana,1473455,2025,12,7,171.43
N Rana,1473460,2025,1,3,33.33
N Rana,1473465,2025,4,1,400.0
N Rana,1473469,2025,51,28,182.14
N Rana,1473473,2025,8,7,114.29
N Rana,1473479,2025,28,22,127.27
N Rana,1473484,2025,4,2,200.0
N Rana,1473487,2025,9,11,81.82
N Rana,1527678,2026,15,17,88.24
N Rana,1527681,2026,0,3,0.0
N Rana,1527687,2026,5,6,83.33
N Rana,1529274,2026,57,30,190.0
N Rana,1529278,2026,91,44,206.82
N Rana,1529282,2026,1,9,11.11
N Rana,1529286,2026,33,17,194.12
N Rana,1529291,2026,15,13,115.38
N Rana,1529294,2026,8,10,80.0
N Saini,548331,2012,14,12,116.67
N Saini,548334,2012,30,25,120.0
N Saini,548339,2012,17,21,80.95
N Saini,548343,2012,6,4,150.0
N Saini,548350,2012,50,36,138.89
N Saini,548354,2012,2,9,22.22
N Saini,548359,2012,2,4,50.0
N Saini,548366,2012,3,10,30.0
N Saini,548369,2012,15,15,100.0
N Saini,548371,2012,1,4,25.0
N Sindhu,1529289,2026,15,11,136.36
N Sindhu,1529299,2026,22,14,157.14
N Sindhu,1529303,2026,1,4,25.0
N Sindhu,1535462,2026,5,3,166.67
N Sindhu,1535465,2026,20,18,111.11
N Wadhera,1359479,2023,21,13,161.54
N Wadhera,1359496,2023,6,4,150.0
N Wadhera,1359505,2023,0,1,0.0
N Wadhera,1359509,2023,40,21,190.48
N Wadhera,1359523,2023,64,51,125.49
N Wadhera,1359528,2023,52,34,152.94
N Wadhera,1359531,2023,15,7,214.29
N Wadhera,1359537,2023,16,20,80.0
N Wadhera,1370351,2023,23,12,191.67
N Wadhera,1370352,2023,4,3,133.33
N Wadhera,1426276,2024,49,24,204.17
N Wadhera,1426281,2024,4,2,200.0
N Wadhera,1426286,2024,46,41,112.2
N Wadhera,1426289,2024,6,11,54.55
N Wadhera,1426298,2024,3,3,100.0
N Wadhera,1426305,2024,1,3,33.33
N Wadhera,1473450,2025,43,25,172.0
N Wadhera,1473455,2025,62,41,151.22
N Wadhera,1473459,2025,8,6,133.33
N Wadhera,1473464,2025,27,22,122.73
N Wadhera,1473468,2025,10,9,111.11
N Wadhera,1473471,2025,33,19,173.68
N Wadhera,1473474,2025,5,6,83.33
N Wadhera,1473486,2025,5,3,166.67
N Wadhera,1473491,2025,16,9,177.78
N Wadhera,1473497,2025,70,37,189.19
N Wadhera,1473506,2025,2,2,100.0
N Wadhera,1473508,2025,8,9,88.89
N Wadhera,1473510,2025,48,29,165.52
N Wadhera,1473511,2025,15,18,83.33
N Wadhera,1485779,2025,16,16,100.0
N Wadhera,1527677,2026,3,6,50.0
N Wadhera,1527680,2026,10,9,111.11
N Wadhera,1527690,2026,14,14,100.0
N Wadhera,1529272,2026,13,7,185.71
N Wadhera,1529278,2026,25,15,166.67
N Wadhera,1529289,2026,0,6,0.0
ND Doshi,501258,2011,0,13,0.0
NJ Maddinson,729281,2014,4,6,66.67
NJ Maddinson,729287,2014,12,8,150.0
NJ Maddinson,829779,2015,4,7,57.14
NJ Rimmington,501202,2011,1,1,100.0
NK Patel,336015,2008,4,2,200.0
NK Patel,336019,2008,57,39,146.15
NK Patel,336036,2008,40,29,137.93
NK Patel,336040,2008,2,11,18.18
NK Patel,392182,2009,4,16,25.0
NK Patel,392233,2009,14,22,63.64
NL McCullum,501226,2011,15,16,93.75
NL McCullum,501235,2011,11,6,183.33
NLTC Perera,501225,2011,1,4,25.0
NLTC Perera,501229,2011,22,23,95.65
NLTC Perera,548334,2012,4,5,80.0
NLTC Perera,548351,2012,0,4,0.0
NLTC Perera,598000,2013,30,18,166.67
NLTC Perera,598004,2013,8,9,88.89
NLTC Perera,598010,2013,2,3,66.67
NLTC Perera,598013,2013,36,25,144.0
NLTC Perera,598018,2013,2,4,50.0
NLTC Perera,598021,2013,23,11,209.09
NLTC Perera,598032,2013,4,4,100.0
NLTC Perera,598048,2013,39,23,169.57
NLTC Perera,598051,2013,23,13,176.92
NLTC Perera,598056,2013,32,19,168.42
NLTC Perera,598060,2013,2,5,40.0
NLTC Perera,598065,2013,17,13,130.77
NLTC Perera,598069,2013,4,10,40.0
NLTC Perera,598071,2013,11,6,183.33
NLTC Perera,829733,2015,9,8,112.5
NLTC Perera,829767,2015,3,7,42.86
NLTC Perera,980919,2016,8,9,88.89
NLTC Perera,980931,2016,34,13,261.54
NLTC Perera,980939,2016,12,9,133.33
NLTC Perera,980949,2016,3,2,150.0
NLTC Perera,980957,2016,12,9,133.33
NLTC Perera,980965,2016,13,4,325.0
NLTC Perera,980969,2016,14,8,175.0
NLTC Perera,980979,2016,17,13,130.77
NLTC Perera,980989,2016,13,11,118.18
NLTC Perera,981005,2016,23,14,164.29
NM Coulter-Nile,598066,2013,9,6,150.0
NM Coulter-Nile,829707,2015,5,4,125.0
NM Coulter-Nile,829739,2015,2,2,100.0
NM Coulter-Nile,829757,2015,4,8,50.0
NM Coulter-Nile,829777,2015,6,2,300.0
NM Coulter-Nile,829783,2015,3,2,150.0
NM Coulter-Nile,980903,2016,7,11,63.64
NM Coulter-Nile,980997,2016,2,3,66.67
NM Coulter-Nile,1082617,2017,2,3,66.67
NM Coulter-Nile,1082631,2017,6,5,120.0
NM Coulter-Nile,1082649,2017,6,4,150.0
NM Coulter-Nile,1216495,2020,1,3,33.33
NM Coulter-Nile,1216517,2020,24,12,200.0
NM Coulter-Nile,1254088,2021,3,3,100.0
NM Coulter-Nile,1254112,2021,1,2,50.0
NM Coulter-Nile,1304051,2022,1,2,50.0
NS Naik,980935,2016,22,28,78.57
NS Naik,980941,2016,1,3,33.33
NS Naik,1175365,2019,7,16,43.75
NS Naik,1216508,2020,1,3,33.33
NT Ellis,1254099,2021,6,4,150.0
NT Ellis,1254107,2021,12,12,100.0
NT Ellis,1304078,2022,0,2,0.0
NT Ellis,1359488,2023,0,5,0.0
NT Ellis,1359501,2023,1,2,50.0
NV Ojha,392205,2009,0,6,0.0
NV Ojha,392210,2009,68,51,133.33
NV Ojha,392213,2009,52,38,136.84
NV Ojha,392217,2009,0,2,0.0
NV Ojha,392220,2009,16,14,114.29
NV Ojha,392225,2009,1,4,25.0
NV Ojha,392230,2009,9,17,52.94
NV Ojha,392233,2009,22,12,183.33
NV Ojha,419107,2010,12,12,100.0
NV Ojha,419111,2010,24,14,171.43
NV Ojha,419115,2010,16,18,88.89
NV Ojha,419118,2010,27,18,150.0
NV Ojha,419124,2010,13,9,144.44
NV Ojha,419126,2010,14,17,82.35
NV Ojha,419129,2010,80,49,163.27
NV Ojha,419134,2010,27,14,192.86
NV Ojha,419137,2010,93,54,172.22
NV Ojha,419141,2010,1,5,20.0
NV Ojha,419143,2010,44,37,118.92
NV Ojha,419150,2010,0,5,0.0
NV Ojha,419154,2010,7,9,77.78
NV Ojha,419158,2010,18,22,81.82
NV Ojha,501201,2011,29,30,96.67
NV Ojha,501204,2011,0,2,0.0
NV Ojha,501213,2011,11,9,122.22
NV Ojha,501216,2011,2,4,50.0
NV Ojha,501223,2011,19,8,237.5
NV Ojha,501227,2011,16,11,145.45
NV Ojha,501230,2011,1,2,50.0
NV Ojha,501233,2011,0,3,0.0
NV Ojha,501238,2011,13,14,92.86
NV Ojha,501243,2011,7,10,70.0
NV Ojha,501246,2011,1,7,14.29
NV Ojha,501253,2011,25,14,178.57
NV Ojha,501257,2011,28,28,100.0
NV Ojha,501265,2011,8,19,42.11
NV Ojha,548310,2012,33,26,126.92
NV Ojha,548316,2012,14,12,116.67
NV Ojha,548321,2012,1,4,25.0
NV Ojha,548325,2012,13,15,86.67
NV Ojha,548329,2012,60,45,133.33
NV Ojha,548333,2012,11,6,183.33
NV Ojha,548342,2012,5,4,125.0
NV Ojha,548345,2012,11,11,100.0
NV Ojha,548349,2012,11,3,366.67
NV Ojha,548357,2012,2,6,33.33
NV Ojha,548364,2012,3,11,27.27
NV Ojha,548369,2012,34,29,117.24
NV Ojha,548372,2012,13,12,108.33
NV Ojha,548374,2012,5,6,83.33
NV Ojha,548378,2012,28,28,100.0
NV Ojha,548380,2012,7,5,140.0
NV Ojha,597998,2013,9,9,100.0
NV Ojha,598001,2013,0,1,0.0
NV Ojha,729317,2014,10,4,250.0
NV Ojha,733977,2014,15,11,136.36
NV Ojha,733989,2014,17,19,89.47
NV Ojha,733993,2014,13,3,433.33
NV Ojha,734001,2014,7,3,233.33
NV Ojha,734007,2014,73,35,208.57
NV Ojha,734015,2014,22,24,91.67
NV Ojha,734021,2014,24,20,120.0
NV Ojha,734029,2014,19,18,105.56
NV Ojha,734037,2014,26,23,113.04
NV Ojha,829711,2015,15,11,136.36
NV Ojha,829727,2015,25,31,80.65
NV Ojha,829731,2015,12,10,120.0
NV Ojha,829743,2015,18,8,225.0
NV Ojha,829751,2015,9,9,100.0
NV Ojha,829759,2015,28,26,107.69
NV Ojha,829773,2015,20,12,166.67
NV Ojha,829781,2015,0,3,0.0
NV Ojha,829787,2015,8,6,133.33
NV Ojha,829799,2015,2,3,66.67
NV Ojha,829815,2015,0,1,0.0
NV Ojha,980907,2016,0,4,0.0
NV Ojha,980915,2016,37,28,132.14
NV Ojha,980935,2016,2,2,100.0
NV Ojha,980943,2016,18,21,85.71
NV Ojha,980953,2016,1,3,33.33
NV Ojha,980967,2016,9,6,150.0
NV Ojha,980979,2016,7,5,140.0
NV Ojha,980983,2016,7,9,77.78
NV Ojha,981003,2016,16,14,114.29
NV Ojha,981009,2016,15,25,60.0
NV Ojha,981015,2016,7,9,77.78
NV Ojha,981017,2016,10,8,125.0
NV Ojha,981019,2016,7,4,175.0
NV Ojha,1082600,2017,9,9,100.0
NV Ojha,1082604,2017,11,11,100.0
NV Ojha,1082609,2017,34,20,170.0
NV Ojha,1082634,2017,9,9,100.0
NV Ojha,1082648,2017,16,16,100.0
NV Ojha,1136596,2018,1,4,25.0
Naman Dhir,1422123,2024,20,10,200.0
Naman Dhir,1422126,2024,30,14,214.29
Naman Dhir,1422132,2024,0,1,0.0
Naman Dhir,1426289,2024,11,11,100.0
Naman Dhir,1426293,2024,0,9,0.0
Naman Dhir,1426298,2024,17,6,283.33
Naman Dhir,1426305,2024,62,27,229.63
Naman Dhir,1473440,2025,17,12,141.67
Naman Dhir,1473446,2025,18,11,163.64
Naman Dhir,1473453,2025,46,24,191.67
Naman Dhir,1473458,2025,11,6,183.33
Naman Dhir,1473466,2025,38,17,223.53
Naman Dhir,1473470,2025,0,3,0.0
Naman Dhir,1473482,2025,25,11,227.27
Naman Dhir,1473493,2025,7,10,70.0
Naman Dhir,1473501,2025,24,8,300.0
Naman Dhir,1473506,2025,20,12,166.67
Naman Dhir,1473509,2025,9,6,150.0
Naman Dhir,1473510,2025,37,18,205.56
Naman Dhir,1527675,2026,5,2,250.0
Naman Dhir,1527681,2026,28,21,133.33
Naman Dhir,1527686,2026,25,13,192.31
Naman Dhir,1527693,2026,1,2,50.0
Naman Dhir,1529267,2026,50,31,161.29
Naman Dhir,1529273,2026,45,32,140.62
Naman Dhir,1529276,2026,0,3,0.0
Naman Dhir,1529284,2026,22,17,129.41
Naman Dhir,1529287,2026,57,37,154.05
Naman Dhir,1529290,2026,23,12,191.67
Naman Dhir,1529297,2026,47,32,146.88
Naman Dhir,1529301,2026,9,6,150.0
Naman Dhir,1529308,2026,0,3,0.0
Naman Dhir,1529312,2026,6,5,120.0
Navdeep Saini,1175356,2019,2,3,66.67
Navdeep Saini,1178424,2019,0,1,0.0
Navdeep Saini,1216510,2020,6,7,85.71
Navdeep Saini,1216519,2020,12,12,100.0
Navdeep Saini,1237178,2020,9,8,112.5
Navdeep Saini,1254076,2021,2,4,50.0
Navdeep Saini,1304055,2022,2,2,100.0
Naveen-ul-Haq,1359517,2023,13,12,108.33
Naveen-ul-Haq,1359542,2023,2,3,66.67
Naveen-ul-Haq,1370351,2023,1,5,20.0
Naveen-ul-Haq,1426302,2024,2,4,50.0
Nithish Kumar Reddy,1422136,2024,14,8,175.0
Nithish Kumar Reddy,1426261,2024,64,37,172.97
Nithish Kumar Reddy,1426273,2024,37,27,137.04
Nithish Kumar Reddy,1426279,2024,13,13,100.0
Nithish Kumar Reddy,1426284,2024,15,15,100.0
Nithish Kumar Reddy,1426288,2024,76,42,180.95
Nithish Kumar Reddy,1426293,2024,20,15,133.33
Nithish Kumar Reddy,1426307,2024,37,25,148.0
Nithish Kumar Reddy,1426309,2024,9,10,90.0
Nithish Kumar Reddy,1426311,2024,5,10,50.0
Nithish Kumar Reddy,1426312,2024,13,10,130.0
Nithish Kumar Reddy,1473439,2025,30,15,200.0
Nithish Kumar Reddy,1473444,2025,32,28,114.29
Nithish Kumar Reddy,1473447,2025,0,2,0.0
Nithish Kumar Reddy,1473452,2025,19,15,126.67
Nithish Kumar Reddy,1473457,2025,31,34,91.18
Nithish Kumar Reddy,1473470,2025,19,21,90.48
Nithish Kumar Reddy,1473478,2025,2,6,33.33
Nithish Kumar Reddy,1473480,2025,18,12,150.0
Nithish Kumar Reddy,1473488,2025,21,10,210.0
Nithish Kumar Reddy,1473499,2025,5,2,250.0
Nithish Kumar Reddy,1473503,2025,4,7,57.14
Nithish Kumar Reddy,1527674,2026,1,6,16.67
Nithish Kumar Reddy,1527679,2026,39,24,162.5
Nithish Kumar Reddy,1527683,2026,56,33,169.7
Nithish Kumar Reddy,1527690,2026,0,1,0.0
Nithish Kumar Reddy,1529264,2026,28,13,215.38
Nithish Kumar Reddy,1529270,2026,12,8,150.0
Nithish Kumar Reddy,1529279,2026,36,18,200.0
Nithish Kumar Reddy,1529284,2026,21,17,123.53
Nithish Kumar Reddy,1529292,2026,29,13,223.08
Nithish Kumar Reddy,1529299,2026,2,4,50.0
Nithish Kumar Reddy,1529306,2026,11,7,157.14
Nithish Kumar Reddy,1529310,2026,29,12,241.67
Nithish Kumar Reddy,1535463,2026,38,20,190.0
Noor Ahmad,1359531,2023,1,3,33.33
Noor Ahmad,1359536,2023,0,1,0.0
Noor Ahmad,1370350,2023,7,5,140.0
Noor Ahmad,1422139,2024,4,2,200.0
Noor Ahmad,1426270,2024,1,7,14.29
Noor Ahmad,1473445,2025,0,2,0.0
Noor Ahmad,1473462,2025,1,8,12.5
Noor Ahmad,1473480,2025,2,3,66.67
Noor Ahmad,1473486,2025,0,1,0.0
Noor Ahmad,1473494,2025,2,2,100.0
Noor Ahmad,1473500,2025,2,1,200.0
Noor Ahmad,1527676,2026,1,9,11.11
Noor Ahmad,1527684,2026,8,8,100.0
Noor Ahmad,1529270,2026,1,1,100.0
Noor Ahmad,1529309,2026,1,5,20.0
OA Shah,419106,2010,58,46,126.09
OA Shah,419109,2010,2,5,40.0
OA Shah,419113,2010,5,4,125.0
OA Shah,419118,2010,19,17,111.76
OA Shah,419122,2010,31,23,134.78
OA Shah,501254,2011,23,12,191.67
OA Shah,501261,2011,3,3,100.0
OA Shah,548309,2012,14,8,175.0
OA Shah,548312,2012,23,11,209.09
OA Shah,548317,2012,76,42,180.95
OA Shah,548320,2012,31,33,93.94
OA Shah,548324,2012,60,26,230.77
OA Shah,548326,2012,12,11,109.09
OA Shah,548332,2012,52,43,120.93
OA Shah,548336,2012,10,15,66.67
OA Shah,548345,2012,1,1,100.0
OA Shah,548349,2012,1,3,33.33
OA Shah,548358,2012,4,7,57.14
OA Shah,548373,2012,27,31,87.1
OA Shah,548377,2012,28,24,116.67
OA Shah,598036,2013,1,1,100.0
OA Shah,598043,2013,24,22,109.09
OC McCoy,1312200,2022,8,5,160.0
OF Smith,1304049,2022,25,8,312.5
OF Smith,1304054,2022,9,12,75.0
OF Smith,1304057,2022,3,7,42.86
OF Smith,1304062,2022,0,1,0.0
OF Smith,1304069,2022,1,1,100.0
OF Smith,1304074,2022,13,15,86.67
P Awana,548369,2012,4,5,80.0
P Awana,598007,2013,1,5,20.0
P Awana,598014,2013,0,1,0.0
P Awana,598037,2013,0,2,0.0
P Awana,598056,2013,0,1,0.0
P Chopra,1136603,2018,8,6,133.33
P Dogra,419107,2010,41,29,141.38
P Dogra,419111,2010,29,26,111.54
P Dogra,419115,2010,3,9,33.33
P Dogra,419118,2010,0,1,0.0
P Dogra,419124,2010,1,1,100.0
P Dogra,419129,2010,5,3,166.67
P Dogra,419134,2010,20,25,80.0
P Dogra,419158,2010,8,12,66.67
P Dogra,548323,2012,6,11,54.55
P Dogra,548328,2012,6,8,75.0
P Dogra,548350,2012,3,5,60.0
P Dogra,598069,2013,5,8,62.5
P Dubey,1216535,2020,7,13,53.85
P Dubey,1359533,2023,16,20,80.0
P Kumar,335982,2008,18,15,120.0
P Kumar,335992,2008,34,30,113.33
P Kumar,335996,2008,6,5,120.0
P Kumar,335998,2008,6,5,120.0
P Kumar,336006,2008,0,2,0.0
P Kumar,336010,2008,4,2,200.0
P Kumar,336012,2008,8,11,72.73
P Kumar,336016,2008,5,7,71.43
P Kumar,336023,2008,0,1,0.0
P Kumar,336026,2008,2,5,40.0
P Kumar,336029,2008,21,11,190.91
P Kumar,336034,2008,8,4,200.0
P Kumar,392182,2009,8,10,80.0
P Kumar,392185,2009,0,3,0.0
P Kumar,392188,2009,14,6,233.33
P Kumar,392191,2009,13,7,185.71
P Kumar,392204,2009,9,7,128.57
P Kumar,392213,2009,7,4,175.0
P Kumar,392224,2009,12,6,200.0
P Kumar,392239,2009,2,3,66.67
P Kumar,419109,2010,3,5,60.0
P Kumar,419128,2010,0,1,0.0
P Kumar,419162,2010,1,2,50.0
P Kumar,501202,2011,3,5,60.0
P Kumar,501234,2011,2,2,100.0
P Kumar,501237,2011,2,3,66.67
P Kumar,501244,2011,15,7,214.29
P Kumar,501248,2011,3,5,60.0
P Kumar,501251,2011,2,2,100.0
P Kumar,501264,2011,0,7,0.0
P Kumar,548309,2012,10,6,166.67
P Kumar,548313,2012,1,2,50.0
P Kumar,548323,2012,0,1,0.0
P Kumar,548343,2012,6,6,100.0
P Kumar,548354,2012,7,7,100.0
P Kumar,548369,2012,8,5,160.0
P Kumar,548374,2012,3,2,150.0
P Kumar,598007,2013,3,5,60.0
P Kumar,598014,2013,15,7,214.29
P Kumar,598016,2013,1,2,50.0
P Kumar,598021,2013,3,6,50.0
P Kumar,598037,2013,22,14,157.14
P Kumar,598056,2013,1,3,33.33
P Kumar,598066,2013,0,1,0.0
P Kumar,734045,2014,1,2,50.0
P Kumar,829731,2015,1,1,100.0
P Kumar,829751,2015,0,2,0.0
P Kumar,829781,2015,12,16,75.0
P Kumar,829815,2015,4,6,66.67
P Kumar,980917,2016,0,2,0.0
P Kumar,980929,2016,1,1,100.0
P Kumar,980955,2016,15,13,115.38
P Kumar,980967,2016,6,4,150.0
P Kumar,980987,2016,1,4,25.0
P Kumar,981013,2016,1,2,50.0
P Kumar,1082596,2017,7,7,100.0
P Kumar,1082643,2017,1,2,50.0
P Negi,548333,2012,8,8,100.0
P Negi,548372,2012,6,4,150.0
P Negi,548378,2012,14,11,127.27
P Negi,548380,2012,8,6,133.33
P Negi,829723,2015,27,13,207.69
P Negi,829773,2015,15,11,136.36
P Negi,829779,2015,13,7,185.71
P Negi,829789,2015,36,17,211.76
P Negi,829797,2015,2,3,66.67
P Negi,829801,2015,5,8,62.5
P Negi,829817,2015,3,3,100.0
P Negi,829821,2015,12,6,200.0
P Negi,829823,2015,2,4,50.0
P Negi,980903,2016,11,19,57.89
P Negi,980913,2016,8,2,400.0
P Negi,980933,2016,10,10,100.0
P Negi,980945,2016,3,4,75.0
P Negi,980965,2016,19,12,158.33
P Negi,981011,2016,6,12,50.0
P Negi,1082595,2017,10,8,125.0
P Negi,1082602,2017,13,13,100.0
P Negi,1082607,2017,10,7,142.86
P Negi,1082617,2017,2,3,66.67
P Negi,1082621,2017,32,19,168.42
P Negi,1082624,2017,3,7,42.86
P Negi,1082628,2017,35,23,152.17
P Negi,1082633,2017,21,23,91.3
P Negi,1082636,2017,5,3,166.67
P Negi,1082646,2017,13,5,260.0
P Negi,1136571,2018,3,4,75.0
P Negi,1136584,2018,0,1,0.0
P Negi,1178395,2019,0,1,0.0
P Negi,1178406,2019,0,2,0.0
P Negi,1178414,2019,5,6,83.33
P Negi,1178424,2019,4,3,133.33
P Nissanka,1527678,2026,1,5,20.0
P Nissanka,1527681,2026,44,30,146.67
P Nissanka,1527687,2026,41,24,170.83
P Nissanka,1527691,2026,40,22,181.82
P Nissanka,1529269,2026,1,2,50.0
P Nissanka,1529274,2026,8,6,133.33
P Nissanka,1529278,2026,11,7,157.14
P Nissanka,1529286,2026,62,33,187.88
P Nissanka,1529291,2026,19,15,126.67
P Nissanka,1529294,2026,50,29,172.41
P Parameswaran,501247,2011,1,1,100.0
P Parameswaran,548376,2012,0,1,0.0
P Ray Barman,1175366,2019,19,24,79.17
P Sahu,980913,2016,18,12,150.0
P Sahu,980925,2016,1,1,100.0
P Simran Singh,1178423,2019,16,17,94.12
P Simran Singh,1216523,2020,4,7,57.14
P Simran Singh,1216542,2020,11,8,137.5
P Simran Singh,1254083,2021,7,7,100.0
P Simran Singh,1254086,2021,12,16,75.0
P Simran Singh,1304074,2022,14,11,127.27
P Simran Singh,1359476,2023,23,12,191.67
P Simran Singh,1359482,2023,60,34,176.47
P Simran Singh,1359488,2023,0,1,0.0
P Simran Singh,1359492,2023,0,2,0.0
P Simran Singh,1359495,2023,4,4,100.0
P Simran Singh,1359501,2023,46,30,153.33
P Simran Singh,1359505,2023,26,17,152.94
P Simran Singh,1359512,2023,9,13,69.23
P Simran Singh,1359515,2023,42,24,175.0
P Simran Singh,1359520,2023,9,7,128.57
P Simran Singh,1359527,2023,12,8,150.0
P Simran Singh,1359533,2023,103,65,158.46
P Simran Singh,1359538,2023,22,19,115.79
P Simran Singh,1359540,2023,2,2,100.0
P Simran Singh,1422120,2024,26,17,152.94
P Simran Singh,1422124,2024,25,17,147.06
P Simran Singh,1422129,2024,19,7,271.43
P Simran Singh,1422135,2024,35,24,145.83
P Simran Singh,1426261,2024,4,6,66.67
P Simran Singh,1426265,2024,10,14,71.43
P Simran Singh,1426271,2024,0,1,0.0
P Simran Singh,1426275,2024,29,20,145.0
P Simran Singh,1426280,2024,54,20,270.0
P Simran Singh,1426287,2024,13,10,130.0
P Simran Singh,1426291,2024,30,23,130.43
P Simran Singh,1426296,2024,6,4,150.0
P Simran Singh,1426303,2024,6,4,150.0
P Simran Singh,1426307,2024,71,45,157.78
P Simran Singh,1473442,2025,5,8,62.5
P Simran Singh,1473450,2025,69,34,202.94
P Simran Singh,1473455,2025,17,16,106.25
P Simran Singh,1473459,2025,0,2,0.0
P Simran Singh,1473464,2025,42,23,182.61
P Simran Singh,1473468,2025,30,15,200.0
P Simran Singh,1473471,2025,13,9,144.44
P Simran Singh,1473474,2025,33,17,194.12
P Simran Singh,1473481,2025,83,48,172.92
P Simran Singh,1473486,2025,54,36,150.0
P Simran Singh,1473491,2025,91,48,189.58
P Simran Singh,1473495,2025,49,27,181.48
P Simran Singh,1473497,2025,21,10,210.0
P Simran Singh,1473506,2025,13,16,81.25
P Simran Singh,1473508,2025,18,10,180.0
P Simran Singh,1473510,2025,6,9,66.67
P Simran Singh,1473511,2025,26,22,118.18
P Simran Singh,1485779,2025,28,18,155.56
P Simran Singh,1527677,2026,37,24,154.17
P Simran Singh,1527680,2026,43,34,126.47
P Simran Singh,1527690,2026,51,25,204.0
P Simran Singh,1529267,2026,80,39,205.13
P Simran Singh,1529272,2026,0,1,0.0
P Simran Singh,1529278,2026,70,25,280.0
P Simran Singh,1529283,2026,59,44,134.09
P Simran Singh,1529289,2026,15,14,107.14
P Simran Singh,1529292,2026,3,4,75.0
P Simran Singh,1529298,2026,14,14,100.0
P Simran Singh,1529301,2026,57,32,178.12
P Simran Singh,1529304,2026,2,5,40.0
P Simran Singh,1529311,2026,69,39,176.92
PA Patel,335983,2008,15,10,150.0
PA Patel,335989,2008,14,11,127.27
PA Patel,335993,2008,21,27,77.78
PA Patel,335996,2008,21,17,123.53
PA Patel,336001,2008,21,20,105.0
PA Patel,336005,2008,0,1,0.0
PA Patel,336007,2008,4,6,66.67
PA Patel,336025,2008,19,28,67.86
PA Patel,336029,2008,20,28,71.43
PA Patel,336033,2008,53,39,135.9
PA Patel,336037,2008,20,27,74.07
PA Patel,336039,2008,51,48,106.25
PA Patel,336040,2008,38,33,115.15
PA Patel,392181,2009,0,2,0.0
PA Patel,392185,2009,30,26,115.38
PA Patel,392189,2009,16,15,106.67
PA Patel,392196,2009,0,2,0.0
PA Patel,392202,2009,3,11,27.27
PA Patel,392227,2009,0,1,0.0
PA Patel,392231,2009,25,19,131.58
PA Patel,392234,2009,32,23,139.13
PA Patel,392238,2009,36,27,133.33
PA Patel,419116,2010,6,6,100.0
PA Patel,419121,2010,57,58,98.28
PA Patel,419123,2010,1,3,33.33
PA Patel,419125,2010,8,12,66.67
PA Patel,501200,2011,1,4,25.0
PA Patel,501207,2011,21,19,110.53
PA Patel,501215,2011,34,26,130.77
PA Patel,501219,2011,9,11,81.82
PA Patel,501225,2011,32,34,94.12
PA Patel,501229,2011,0,3,0.0
PA Patel,501233,2011,1,3,33.33
PA Patel,501238,2011,37,31,119.35
PA Patel,501242,2011,21,16,131.25
PA Patel,501247,2011,19,13,146.15
PA Patel,501254,2011,0,1,0.0
PA Patel,501258,2011,21,14,150.0
PA Patel,501261,2011,6,7,85.71
PA Patel,548311,2012,20,17,117.65
PA Patel,548314,2012,1,5,20.0
PA Patel,548321,2012,44,26,169.23
PA Patel,548335,2012,23,19,121.05
PA Patel,548341,2012,24,18,133.33
PA Patel,548346,2012,19,18,105.56
PA Patel,548348,2012,0,1,0.0
PA Patel,548352,2012,1,5,20.0
PA Patel,548359,2012,17,13,130.77
PA Patel,548366,2012,18,16,112.5
PA Patel,548373,2012,10,5,200.0
PA Patel,548376,2012,16,21,76.19
PA Patel,598000,2013,19,18,105.56
PA Patel,598004,2013,2,4,50.0
PA Patel,598010,2013,19,19,100.0
PA Patel,598013,2013,27,31,87.1
PA Patel,598018,2013,12,9,133.33
PA Patel,598044,2013,14,18,77.78
PA Patel,598048,2013,20,19,105.26
PA Patel,598051,2013,44,30,146.67
PA Patel,598056,2013,61,47,129.79
PA Patel,598060,2013,26,14,185.71
PA Patel,598065,2013,2,6,33.33
PA Patel,598069,2013,47,37,127.03
PA Patel,598071,2013,1,3,33.33
PA Patel,729281,2014,37,28,132.14
PA Patel,729287,2014,57,45,126.67
PA Patel,729299,2014,21,19,110.53
PA Patel,729305,2014,1,1,100.0
PA Patel,729313,2014,2,7,28.57
PA Patel,733977,2014,3,5,60.0
PA Patel,733983,2014,26,19,136.84
PA Patel,733991,2014,13,14,92.86
PA Patel,733999,2014,2,1,200.0
PA Patel,734005,2014,29,28,103.57
PA Patel,734013,2014,10,14,71.43
PA Patel,734021,2014,4,4,100.0
PA Patel,829721,2015,16,11,145.45
PA Patel,829729,2015,0,1,0.0
PA Patel,829737,2015,12,13,92.31
PA Patel,829747,2015,28,19,147.37
PA Patel,829751,2015,17,17,100.0
PA Patel,829769,2015,23,14,164.29
PA Patel,829775,2015,59,36,163.89
PA Patel,829783,2015,13,13,100.0
PA Patel,829789,2015,45,32,140.62
PA Patel,829795,2015,19,11,172.73
PA Patel,829805,2015,21,14,150.0
PA Patel,829815,2015,51,37,137.84
PA Patel,829817,2015,35,25,140.0
PA Patel,829823,2015,0,3,0.0
PA Patel,980909,2016,23,20,115.0
PA Patel,980917,2016,34,29,117.24
PA Patel,980923,2016,10,12,83.33
PA Patel,980927,2016,5,6,83.33
PA Patel,980933,2016,1,4,25.0
PA Patel,980941,2016,81,57,142.11
PA Patel,980947,2016,1,2,50.0
PA Patel,980957,2016,21,15,140.0
PA Patel,980973,2016,0,4,0.0
PA Patel,980981,2016,1,2,50.0
PA Patel,1082592,2017,19,14,135.71
PA Patel,1082597,2017,30,27,111.11
PA Patel,1082600,2017,39,24,162.5
PA Patel,1082602,2017,3,8,37.5
PA Patel,1082606,2017,0,2,0.0
PA Patel,1082612,2017,37,18,205.56
PA Patel,1082614,2017,8,11,72.73
PA Patel,1082618,2017,33,27,122.22
PA Patel,1082625,2017,70,44,159.09
PA Patel,1082628,2017,0,1,0.0
PA Patel,1082635,2017,25,22,113.64
PA Patel,1082638,2017,23,17,135.29
PA Patel,1082641,2017,38,23,165.22
PA Patel,1082647,2017,52,40,130.0
PA Patel,1082649,2017,14,9,155.56
PA Patel,1082650,2017,4,6,66.67
PA Patel,1136595,2018,53,41,129.27
PA Patel,1136599,2018,20,13,153.85
PA Patel,1136605,2018,6,8,75.0
PA Patel,1136608,2018,40,22,181.82
PA Patel,1136611,2018,1,4,25.0
PA Patel,1136613,2018,33,21,157.14
PA Patel,1175356,2019,29,35,82.86
PA Patel,1175362,2019,31,22,140.91
PA Patel,1175366,2019,11,8,137.5
PA Patel,1175369,2019,66,40,165.0
PA Patel,1175372,2019,25,24,104.17
PA Patel,1178395,2019,9,9,100.0
PA Patel,1178403,2019,19,9,211.11
PA Patel,1178406,2019,28,20,140.0
PA Patel,1178410,2019,11,11,100.0
PA Patel,1178414,2019,53,37,143.24
PA Patel,1178417,2019,43,22,195.45
PA Patel,1178421,2019,39,20,195.0
PA Patel,1178424,2019,8,5,160.0
PA Patel,1178429,2019,0,3,0.0
PA Reddy,548359,2012,24,13,184.62
PA Reddy,548373,2012,42,35,120.0
PA Reddy,548376,2012,7,11,63.64
PA Reddy,598000,2013,27,30,90.0
PA Reddy,598004,2013,23,21,109.52
PA Reddy,598010,2013,1,8,12.5
PA Reddy,598021,2013,19,17,111.76
PA Reddy,598032,2013,2,5,40.0
PA Reddy,598039,2013,7,9,77.78
PA Reddy,598048,2013,12,11,109.09
PBB Rajapaksa,1304049,2022,43,22,195.45
PBB Rajapaksa,1304054,2022,31,9,344.44
PBB Rajapaksa,1304057,2022,9,5,180.0
PBB Rajapaksa,1304084,2022,42,32,131.25
PBB Rajapaksa,1304088,2022,9,7,128.57
PBB Rajapaksa,1304094,2022,39,27,144.44
PBB Rajapaksa,1304098,2022,27,18,150.0
PBB Rajapaksa,1304106,2022,1,3,33.33
PBB Rajapaksa,1304110,2022,4,5,80.0
PBB Rajapaksa,1359476,2023,50,32,156.25
PBB Rajapaksa,1359482,2023,1,1,100.0
PBB Rajapaksa,1359492,2023,20,26,76.92
PBB Rajapaksa,1359527,2023,0,3,0.0
PC Valthaty,392190,2009,5,7,71.43
PC Valthaty,392198,2009,1,5,20.0
PC Valthaty,501202,2011,6,6,100.0
PC Valthaty,501206,2011,120,63,190.48
PC Valthaty,501212,2011,73,45,162.22
PC Valthaty,501220,2011,42,29,144.83
PC Valthaty,501223,2011,14,10,140.0
PC Valthaty,501234,2011,7,8,87.5
PC Valthaty,501237,2011,33,38,86.84
PC Valthaty,501244,2011,21,16,131.25
PC Valthaty,501248,2011,23,22,104.55
PC Valthaty,501251,2011,14,14,100.0
PC Valthaty,501254,2011,17,10,170.0
PC Valthaty,501257,2011,62,50,124.0
PC Valthaty,501260,2011,20,17,117.65
PC Valthaty,501264,2011,5,6,83.33
PC Valthaty,548309,2012,13,15,86.67
PC Valthaty,548313,2012,1,5,20.0
PC Valthaty,548319,2012,0,1,0.0
PC Valthaty,548328,2012,8,8,100.0
PC Valthaty,548331,2012,6,12,50.0
PC Valthaty,548374,2012,2,10,20.0
PC Valthaty,598021,2013,6,17,35.29
PD Collingwood,419131,2010,53,45,117.78
PD Collingwood,419134,2010,16,8,200.0
PD Collingwood,419140,2010,75,46,163.04
PD Collingwood,419144,2010,2,3,66.67
PD Collingwood,419149,2010,4,7,57.14
PD Collingwood,419152,2010,2,5,40.0
PD Collingwood,419160,2010,51,42,121.43
PD Salt,1359502,2023,5,3,166.67
PD Salt,1359508,2023,0,1,0.0
PD Salt,1359514,2023,59,35,168.57
PD Salt,1359518,2023,0,1,0.0
PD Salt,1359524,2023,87,45,193.33
PD Salt,1359529,2023,17,11,154.55
PD Salt,1359533,2023,21,17,123.53
PD Salt,1359538,2023,26,14,185.71
PD Salt,1359541,2023,3,6,50.0
PD Salt,1422121,2024,54,40,135.0
PD Salt,1422128,2024,30,20,150.0
PD Salt,1422134,2024,18,12,150.0
PD Salt,1426260,2024,0,1,0.0
PD Salt,1426266,2024,88,44,200.0
PD Salt,1426269,2024,10,13,76.92
PD Salt,1426274,2024,48,14,342.86
PD Salt,1426280,2024,75,36,208.33
PD Salt,1426285,2024,68,33,206.06
PD Salt,1426289,2024,5,3,166.67
PD Salt,1426292,2024,32,14,228.57
PD Salt,1426298,2024,6,5,120.0
PD Salt,1473438,2025,56,31,180.65
PD Salt,1473445,2025,32,16,200.0
PD Salt,1473451,2025,14,13,107.69
PD Salt,1473458,2025,4,2,200.0
PD Salt,1473461,2025,33,16,206.25
PD Salt,1473465,2025,65,33,196.97
PD Salt,1473471,2025,4,4,100.0
PD Salt,1473474,2025,1,3,33.33
PD Salt,1473479,2025,26,23,113.04
PD Salt,1473503,2025,62,31,200.0
PD Salt,1473507,2025,30,19,157.89
PD Salt,1473508,2025,56,27,207.41
PD Salt,1473511,2025,16,9,177.78
PD Salt,1527674,2026,8,7,114.29
PD Salt,1527684,2026,46,30,153.33
PD Salt,1527689,2026,0,1,0.0
PD Salt,1527693,2026,78,36,216.67
PD Salt,1529266,2026,7,8,87.5
PD Salt,1529269,2026,63,38,165.79
PHKD Mendis,1473452,2025,27,20,135.0
PHKD Mendis,1473457,2025,1,5,20.0
PHKD Mendis,1473480,2025,31,21,147.62
PHKD Mendis,1473488,2025,0,1,0.0
PHKD Mendis,1473499,2025,32,21,152.38
PJ Cummins,829765,2015,0,2,0.0
PJ Cummins,1082595,2017,6,6,100.0
PJ Cummins,1082605,2017,12,6,200.0
PJ Cummins,1082608,2017,3,4,75.0
PJ Cummins,1082614,2017,4,5,80.0
PJ Cummins,1082635,2017,10,10,100.0
PJ Cummins,1082640,2017,24,13,184.62
PJ Cummins,1082642,2017,11,6,183.33
PJ Cummins,1082646,2017,7,3,233.33
PJ Cummins,1216494,2020,4,17,23.53
PJ Cummins,1216501,2020,17,9,188.89
PJ Cummins,1216504,2020,12,10,120.0
PJ Cummins,1216508,2020,33,12,275.0
PJ Cummins,1216515,2020,5,4,125.0
PJ Cummins,1216520,2020,1,8,12.5
PJ Cummins,1216523,2020,5,4,125.0
PJ Cummins,1216526,2020,53,36,147.22
PJ Cummins,1216530,2020,15,11,136.36
PJ Cummins,1216540,2020,1,3,33.33
PJ Cummins,1254062,2021,0,1,0.0
PJ Cummins,1254067,2021,6,2,300.0
PJ Cummins,1254072,2021,66,34,194.12
PJ Cummins,1254075,2021,10,6,166.67
PJ Cummins,1254082,2021,11,13,84.62
PJ Cummins,1304060,2022,54,14,385.71
PJ Cummins,1304065,2022,4,3,133.33
PJ Cummins,1304071,2022,3,3,100.0
PJ Cummins,1304076,2022,0,1,0.0
PJ Cummins,1304102,2022,0,2,0.0
PJ Cummins,1422121,2024,0,1,0.0
PJ Cummins,1422130,2024,2,2,100.0
PJ Cummins,1426261,2024,3,4,75.0
PJ Cummins,1426273,2024,1,1,100.0
PJ Cummins,1426279,2024,31,15,206.67
PJ Cummins,1426284,2024,5,7,71.43
PJ Cummins,1426293,2024,32,16,200.0
PJ Cummins,1426309,2024,30,24,125.0
PJ Cummins,1426311,2024,5,5,100.0
PJ Cummins,1426312,2024,24,19,126.32
PJ Cummins,1473439,2025,0,1,0.0
PJ Cummins,1473444,2025,18,4,450.0
PJ Cummins,1473447,2025,2,7,28.57
PJ Cummins,1473452,2025,14,15,93.33
PJ Cummins,1473457,2025,22,9,244.44
PJ Cummins,1473470,2025,8,4,200.0
PJ Cummins,1473478,2025,1,2,50.0
PJ Cummins,1473488,2025,19,10,190.0
PJ Cummins,1473503,2025,13,6,216.67
PJ Cummins,1529288,2026,10,8,125.0
PJ Cummins,1529299,2026,19,9,211.11
PJ Cummins,1535463,2026,1,2,50.0
PJ Sangwan,336004,2008,2,4,50.0
PJ Sangwan,336017,2008,0,1,0.0
PJ Sangwan,392198,2009,1,1,100.0
PJ Sangwan,392206,2009,0,3,0.0
PJ Sangwan,392226,2009,5,5,100.0
PJ Sangwan,392237,2009,0,1,0.0
PJ Sangwan,419114,2010,4,9,44.44
PJ Sangwan,419152,2010,6,5,120.0
PJ Sangwan,598008,2013,4,2,200.0
PJ Sangwan,1082629,2017,1,2,50.0
PJ Sangwan,1082632,2017,1,1,100.0
PJ Sangwan,1082643,2017,0,1,0.0
PJ Sangwan,1136567,2018,0,4,0.0
PJ Sangwan,1304094,2022,2,5,40.0
PK Garg,1216498,2020,3,5,60.0
PK Garg,1216507,2020,15,8,187.5
PK Garg,1216512,2020,4,7,57.14
PK Garg,1216516,2020,47,24,195.83
PK Garg,1216528,2020,16,18,88.89
PK Garg,1216534,2020,12,13,92.31
PK Garg,1216538,2020,8,7,114.29
PK Garg,1216542,2020,0,1,0.0
PK Garg,1237178,2020,7,14,50.0
PK Garg,1237180,2020,17,12,141.67
PK Garg,1254088,2021,29,21,138.1
PK Garg,1254091,2021,7,10,70.0
PK Garg,1254095,2021,15,11,136.36
PK Garg,1254100,2021,0,1,0.0
PK Garg,1254109,2021,21,31,67.74
PK Garg,1304111,2022,42,26,161.54
PK Garg,1304116,2022,4,7,57.14
PK Garg,1359514,2023,12,9,133.33
PK Garg,1359518,2023,10,13,76.92
PM Sarvesh Kumar,336020,2008,1,2,50.0
PN Mankad,1304116,2022,4,1,400.0
PN Mankad,1359532,2023,64,45,142.22
PN Mankad,1359537,2023,0,1,0.0
PN Mankad,1359542,2023,26,19,136.84
PN Mankad,1370351,2023,3,6,50.0
PP Chawla,335987,2008,23,10,230.0
PP Chawla,335991,2008,0,1,0.0
PP Chawla,336003,2008,21,7,300.0
PP Chawla,336013,2008,17,15,113.33
PP Chawla,336031,2008,16,9,177.78
PP Chawla,336035,2008,0,1,0.0
PP Chawla,336039,2008,12,15,80.0
PP Chawla,392186,2009,3,6,50.0
PP Chawla,392195,2009,6,6,100.0
PP Chawla,392200,2009,0,2,0.0
PP Chawla,392204,2009,3,4,75.0
PP Chawla,392210,2009,6,7,85.71
PP Chawla,392216,2009,8,6,133.33
PP Chawla,392229,2009,1,1,100.0
PP Chawla,392234,2009,4,4,100.0
PP Chawla,419108,2010,5,7,71.43
PP Chawla,419117,2010,9,13,69.23
PP Chawla,419121,2010,8,4,200.0
PP Chawla,419124,2010,8,8,100.0
PP Chawla,419132,2010,22,12,183.33
PP Chawla,419143,2010,10,15,66.67
PP Chawla,501202,2011,15,28,53.57
PP Chawla,501220,2011,4,3,133.33
PP Chawla,501237,2011,10,10,100.0
PP Chawla,501244,2011,5,6,83.33
PP Chawla,501257,2011,1,1,100.0
PP Chawla,501264,2011,13,7,185.71
PP Chawla,548309,2012,10,8,125.0
PP Chawla,548313,2012,16,8,200.0
PP Chawla,548319,2012,21,24,87.5
PP Chawla,548323,2012,13,8,162.5
PP Chawla,548328,2012,9,10,90.0
PP Chawla,548331,2012,7,3,233.33
PP Chawla,548343,2012,0,2,0.0
PP Chawla,548350,2012,6,2,300.0
PP Chawla,548354,2012,5,4,125.0
PP Chawla,548366,2012,8,3,266.67
PP Chawla,548369,2012,10,14,71.43
PP Chawla,548374,2012,1,2,50.0
PP Chawla,598007,2013,4,5,80.0
PP Chawla,598014,2013,7,9,77.78
PP Chawla,598016,2013,11,8,137.5
PP Chawla,598021,2013,23,15,153.33
PP Chawla,598031,2013,0,2,0.0
PP Chawla,598037,2013,12,10,120.0
PP Chawla,598052,2013,1,1,100.0
PP Chawla,598056,2013,0,2,0.0
PP Chawla,598059,2013,5,3,166.67
PP Chawla,598066,2013,1,2,50.0
PP Chawla,729307,2014,0,2,0.0
PP Chawla,729315,2014,0,1,0.0
PP Chawla,733971,2014,1,2,50.0
PP Chawla,734043,2014,17,9,188.89
PP Chawla,734049,2014,13,5,260.0
PP Chawla,829733,2015,4,1,400.0
PP Chawla,829761,2015,22,19,115.79
PP Chawla,829765,2015,0,2,0.0
PP Chawla,829781,2015,9,6,150.0
PP Chawla,829791,2015,18,11,163.64
PP Chawla,829805,2015,1,7,14.29
PP Chawla,829811,2015,0,1,0.0
PP Chawla,980939,2016,8,5,160.0
PP Chawla,980951,2016,8,5,160.0
PP Chawla,981001,2016,11,16,68.75
PP Chawla,1082649,2017,2,6,33.33
PP Chawla,1136573,2018,0,3,0.0
PP Chawla,1136578,2018,2,2,100.0
PP Chawla,1136586,2018,2,4,50.0
PP Chawla,1136601,2018,11,13,84.62
PP Chawla,1136619,2018,12,12,100.0
PP Chawla,1175365,2019,12,5,240.0
PP Chawla,1178398,2019,8,13,61.54
PP Chawla,1178401,2019,14,6,233.33
PP Chawla,1178404,2019,4,5,80.0
PP Chawla,1178413,2019,4,8,50.0
PP Chawla,1254088,2021,0,2,0.0
PP Chawla,1359486,2023,5,6,83.33
PP Chawla,1359509,2023,18,12,150.0
PP Chawla,1359523,2023,2,2,100.0
PP Chawla,1370352,2023,0,2,0.0
PP Chawla,1422123,2024,0,1,0.0
PP Chawla,1422132,2024,3,6,50.0
PP Chawla,1426276,2024,1,1,100.0
PP Chawla,1426281,2024,10,4,250.0
PP Chawla,1426289,2024,0,1,0.0
PP Chawla,1426298,2024,1,2,50.0
PP Hinge,1529270,2026,0,1,0.0
PP Hinge,1529299,2026,3,8,37.5
PP Ojha,336011,2008,1,2,50.0
PP Ojha,336020,2008,0,1,0.0
PP Ojha,336037,2008,1,1,100.0
PP Ojha,392192,2009,0,2,0.0
PP Ojha,392201,2009,1,1,100.0
PP Ojha,392209,2009,0,2,0.0
PP Ojha,392223,2009,0,2,0.0
PP Ojha,419138,2010,2,2,100.0
PP Ojha,419163,2010,1,4,25.0
PP Ojha,419164,2010,0,2,0.0
PP Ojha,548308,2012,0,1,0.0
PP Ojha,548325,2012,3,11,27.27
PP Ojha,548351,2012,1,1,100.0
PP Ojha,598019,2013,1,1,100.0
PP Ojha,598070,2013,0,2,0.0
PP Ojha,598073,2013,1,1,100.0
PP Ojha,729287,2014,1,5,20.0
PP Ojha,734031,2014,2,2,100.0
PP Ojha,734045,2014,1,1,100.0
PP Shaw,1136582,2018,22,10,220.0
PP Shaw,1136586,2018,62,44,140.91
PP Shaw,1136590,2018,9,5,180.0
PP Shaw,1136592,2018,47,25,188.0
PP Shaw,1136596,2018,65,36,180.56
PP Shaw,1136602,2018,9,11,81.82
PP Shaw,1136605,2018,2,4,50.0
PP Shaw,1136612,2018,17,17,100.0
PP Shaw,1136615,2018,12,8,150.0
PP Shaw,1175358,2019,6,5,120.0
PP Shaw,1175360,2019,24,16,150.0
PP Shaw,1175365,2019,99,55,180.0
PP Shaw,1175368,2019,0,1,0.0
PP Shaw,1175371,2019,11,11,100.0
PP Shaw,1178395,2019,28,22,127.27
PP Shaw,1178401,2019,14,7,200.0
PP Shaw,1178405,2019,4,5,80.0
PP Shaw,1178409,2019,20,24,83.33
PP Shaw,1178412,2019,13,11,118.18
PP Shaw,1178415,2019,42,39,107.69
PP Shaw,1178421,2019,18,10,180.0
PP Shaw,1178425,2019,4,5,80.0
PP Shaw,1178428,2019,8,8,100.0
PP Shaw,1181766,2019,56,38,147.37
PP Shaw,1181767,2019,5,6,83.33
PP Shaw,1216493,2020,5,9,55.56
PP Shaw,1216500,2020,19,10,190.0
PP Shaw,1216505,2020,9,6,150.0
PP Shaw,1216509,2020,0,2,0.0
PP Shaw,1216515,2020,66,41,160.98
PP Shaw,1216519,2020,42,23,182.61
PP Shaw,1216529,2020,4,3,133.33
PP Shaw,1216532,2020,2,5,40.0
PP Shaw,1216535,2020,10,11,90.91
PP Shaw,1216539,2020,64,43,148.84
PP Shaw,1216543,2020,0,1,0.0
PP Shaw,1216546,2020,7,11,63.64
PP Shaw,1237177,2020,0,2,0.0
PP Shaw,1254059,2021,72,38,189.47
PP Shaw,1254064,2021,2,5,40.0
PP Shaw,1254068,2021,32,17,188.24
PP Shaw,1254070,2021,7,5,140.0
PP Shaw,1254077,2021,53,39,135.9
PP Shaw,1254079,2021,21,18,116.67
PP Shaw,1254082,2021,82,40,205.0
PP Shaw,1254086,2021,39,22,177.27
PP Shaw,1254097,2021,10,12,83.33
PP Shaw,1254101,2021,48,31,154.84
PP Shaw,1254105,2021,11,8,137.5
PP Shaw,1254110,2021,18,12,150.0
PP Shaw,1254112,2021,6,7,85.71
PP Shaw,1254114,2021,60,34,176.47
PP Shaw,1254116,2021,18,12,150.0
PP Shaw,1304048,2022,38,24,158.33
PP Shaw,1304056,2022,10,7,142.86
PP Shaw,1304061,2022,61,34,179.41
PP Shaw,1304065,2022,51,29,175.86
PP Shaw,1304073,2022,16,13,123.08
PP Shaw,1304078,2022,41,20,205.0
PP Shaw,1304080,2022,37,27,137.04
PP Shaw,1304087,2022,0,1,0.0
PP Shaw,1304091,2022,5,7,71.43
PP Shaw,1304115,2022,24,23,104.35
PP Shaw,1359477,2023,12,9,133.33
PP Shaw,1359481,2023,7,5,140.0
PP Shaw,1359485,2023,0,3,0.0
PP Shaw,1359490,2023,15,10,150.0
PP Shaw,1359494,2023,0,2,0.0
PP Shaw,1359502,2023,12,10,120.0
PP Shaw,1359538,2023,54,38,142.11
PP Shaw,1359541,2023,5,7,71.43
PP Shaw,1422131,2024,43,27,159.26
PP Shaw,1422134,2024,10,7,142.86
PP Shaw,1422138,2024,66,40,165.0
PP Shaw,1426264,2024,32,22,145.45
PP Shaw,1426270,2024,7,6,116.67
PP Shaw,1426273,2024,16,5,320.0
PP Shaw,1426278,2024,11,7,157.14
PP Shaw,1426285,2024,13,7,185.71
PR Shah,335985,2008,19,23,82.61
PR Shah,336024,2008,9,5,180.0
PR Shah,336028,2008,5,5,100.0
PR Shah,336032,2008,0,1,0.0
PR Shah,392192,2009,1,1,100.0
PR Shah,392212,2009,29,19,152.63
PR Shah,392215,2009,11,20,55.0
PR Shah,392235,2009,12,11,109.09
PR Shah,501258,2011,5,5,100.0
PR Veer,1527680,2026,6,7,85.71
PR Veer,1527684,2026,43,29,148.28
PR Veer,1529296,2026,17,12,141.67
PR Veer,1529302,2026,13,10,130.0
PR Veer,1529306,2026,11,9,122.22
PSP Handscomb,980957,2016,6,12,50.0
PV Tambe,598065,2013,3,6,50.0
PV Tambe,729297,2014,2,2,100.0
PV Tambe,733989,2014,3,7,42.86
PV Tambe,829749,2015,2,4,50.0
PV Tambe,829797,2015,1,1,100.0
PV Tambe,980987,2016,7,18,38.89
PVD Chameera,1304050,2022,1,1,100.0
PVD Chameera,1304066,2022,13,7,185.71
PVD Chameera,1304077,2022,1,3,33.33
PVD Chameera,1304088,2022,17,10,170.0
PVD Chameera,1304099,2022,0,1,0.0
PVD Chameera,1304109,2022,0,2,0.0
PVD Chameera,1312198,2022,11,4,275.0
PVD Chameera,1473483,2025,0,1,0.0
PVD Chameera,1473485,2025,2,3,66.67
PVD Chameera,1473501,2025,8,10,80.0
PVD Chameera,1529282,2026,0,3,0.0
PVSN Raju,1473440,2025,1,1,100.0
PWA Mulder,1473447,2025,9,11,81.82
PWH de Silva,1254087,2021,0,1,0.0
PWH de Silva,1254113,2021,1,1,100.0
PWH de Silva,1304052,2022,4,3,133.33
PWH de Silva,1304068,2022,7,3,233.33
PWH de Silva,1304082,2022,8,19,42.11
PWH de Silva,1304085,2022,18,13,138.46
PWH de Silva,1304095,2022,0,1,0.0
PWH de Silva,1304106,2022,1,3,33.33
PWH de Silva,1312199,2022,0,1,0.0
PWH de Silva,1359498,2023,2,2,100.0
PWH de Silva,1359506,2023,6,7,85.71
PWH de Silva,1359510,2023,5,4,125.0
PWH de Silva,1359517,2023,8,7,114.29
PWH de Silva,1359528,2023,12,8,150.0
PWH de Silva,1473443,2025,4,4,100.0
PWH de Silva,1473448,2025,4,5,80.0
PWH de Silva,1473479,2025,1,3,33.33
PWH de Silva,1473490,2025,0,2,0.0
PWH de Silva,1473497,2025,0,1,0.0
Pankaj Singh,335990,2008,4,3,133.33
Pankaj Singh,336019,2008,1,5,20.0
Pankaj Singh,392191,2009,0,1,0.0
Pankaj Singh,392194,2009,1,1,100.0
Pankaj Singh,419157,2010,1,2,50.0
Parvez Rasool,598053,2013,1,4,25.0
Parvez Rasool,598055,2013,4,5,80.0
Parvez Rasool,829711,2015,2,2,100.0
Parvez Rasool,980953,2016,10,9,111.11
Prince Yadav,1473482,2025,4,9,44.44
Prince Yadav,1473491,2025,1,1,100.0
Prince Yadav,1529281,2026,0,1,0.0
Priyansh Arya,1473442,2025,47,23,204.35
Priyansh Arya,1473450,2025,8,9,88.89
Priyansh Arya,1473455,2025,0,1,0.0
Priyansh Arya,1473459,2025,103,41,251.22
Priyansh Arya,1473464,2025,36,13,276.92
Priyansh Arya,1473468,2025,22,12,183.33
Priyansh Arya,1473471,2025,16,11,145.45
Priyansh Arya,1473474,2025,22,15,146.67
Priyansh Arya,1473481,2025,69,35,197.14
Priyansh Arya,1473486,2025,23,15,153.33
Priyansh Arya,1473491,2025,1,4,25.0
Priyansh Arya,1473495,2025,70,34,205.88
Priyansh Arya,1473497,2025,9,7,128.57
Priyansh Arya,1473506,2025,62,35,177.14
Priyansh Arya,1473508,2025,7,5,140.0
Priyansh Arya,1473510,2025,20,10,200.0
Priyansh Arya,1473511,2025,24,19,126.32
Priyansh Arya,1485779,2025,6,9,66.67
Priyansh Arya,1527677,2026,7,8,87.5
Priyansh Arya,1527680,2026,39,11,354.55
Priyansh Arya,1527690,2026,57,20,285.0
Priyansh Arya,1529267,2026,15,9,166.67
Priyansh Arya,1529272,2026,93,37,251.35
Priyansh Arya,1529278,2026,43,17,252.94
Priyansh Arya,1529283,2026,29,11,263.64
Priyansh Arya,1529289,2026,2,2,100.0
Priyansh Arya,1529292,2026,1,3,33.33
Priyansh Arya,1529298,2026,56,32,175.0
Priyansh Arya,1529301,2026,22,17,129.41
Priyansh Arya,1529304,2026,0,3,0.0
Priyansh Arya,1529311,2026,0,1,0.0
Q de Kock,598018,2013,2,8,25.0
Q de Kock,598021,2013,0,4,0.0
Q de Kock,598030,2013,4,3,133.33
Q de Kock,729301,2014,48,30,160.0
Q de Kock,729309,2014,16,24,66.67
Q de Kock,733975,2014,42,33,127.27
Q de Kock,733981,2014,24,16,150.0
Q de Kock,733985,2014,10,9,111.11
Q de Kock,733993,2014,7,12,58.33
Q de Kock,734005,2014,6,6,100.0
Q de Kock,829793,2015,50,31,161.29
Q de Kock,829801,2015,3,7,42.86
Q de Kock,829813,2015,69,39,176.92
Q de Kock,980903,2016,17,10,170.0
Q de Kock,980913,2016,59,42,140.48
Q de Kock,980921,2016,108,51,211.76
Q de Kock,980933,2016,9,7,128.57
Q de Kock,980945,2016,5,11,45.45
Q de Kock,980951,2016,1,3,33.33
Q de Kock,980961,2016,46,45,102.22
Q de Kock,980971,2016,52,30,173.33
Q de Kock,980983,2016,44,31,141.94
Q de Kock,980993,2016,40,28,142.86
Q de Kock,980997,2016,2,8,25.0
Q de Kock,981003,2016,2,9,22.22
Q de Kock,981011,2016,59,51,115.69
Q de Kock,1136563,2018,4,4,100.0
Q de Kock,1136568,2018,45,34,132.35
Q de Kock,1136571,2018,26,19,136.84
Q de Kock,1136574,2018,19,12,158.33
Q de Kock,1136579,2018,18,16,112.5
Q de Kock,1136584,2018,53,37,143.24
Q de Kock,1136589,2018,29,27,107.41
Q de Kock,1136591,2018,7,13,53.85
Q de Kock,1175358,2019,27,16,168.75
Q de Kock,1175362,2019,23,20,115.0
Q de Kock,1175364,2019,60,39,153.85
Q de Kock,1175370,2019,4,7,57.14
Q de Kock,1178394,2019,19,18,105.56
Q de Kock,1178399,2019,24,23,104.35
Q de Kock,1178402,2019,81,52,155.77
Q de Kock,1178406,2019,40,26,153.85
Q de Kock,1178409,2019,35,27,129.63
Q de Kock,1178411,2019,65,47,138.3
Q de Kock,1178419,2019,15,9,166.67
Q de Kock,1178422,2019,0,4,0.0
Q de Kock,1178426,2019,69,57,121.05
Q de Kock,1178431,2019,30,22,136.36
Q de Kock,1181764,2019,8,12,66.67
Q de Kock,1181768,2019,29,17,170.59
Q de Kock,1216492,2020,33,20,165.0
Q de Kock,1216495,2020,25,13,192.31
Q de Kock,1216499,2020,18,19,94.74
Q de Kock,1216503,2020,0,5,0.0
Q de Kock,1216508,2020,1,3,33.33
Q de Kock,1216511,2020,23,15,153.33
Q de Kock,1216517,2020,56,46,121.74
Q de Kock,1216521,2020,46,37,124.32
Q de Kock,1216526,2020,78,44,177.27
Q de Kock,1216529,2020,53,36,147.22
Q de Kock,1216535,2020,26,28,92.86
Q de Kock,1216538,2020,67,39,171.79
Q de Kock,1216541,2020,6,4,150.0
Q de Kock,1216547,2020,14,15,93.33
Q de Kock,1237177,2020,40,25,160.0
Q de Kock,1237181,2020,20,12,166.67
Q de Kock,1254062,2021,2,6,33.33
Q de Kock,1254066,2021,39,38,102.63
Q de Kock,1254070,2021,2,4,50.0
Q de Kock,1254074,2021,3,5,60.0
Q de Kock,1254081,2021,70,50,140.0
Q de Kock,1254084,2021,38,28,135.71
Q de Kock,1254096,2021,55,42,130.95
Q de Kock,1254099,2021,27,29,93.1
Q de Kock,1254104,2021,17,12,141.67
Q de Kock,1254108,2021,24,23,104.35
Q de Kock,1254112,2021,19,18,105.56
Q de Kock,1304050,2022,7,9,77.78
Q de Kock,1304053,2022,61,45,135.56
Q de Kock,1304058,2022,1,4,25.0
Q de Kock,1304061,2022,74,51,145.1
Q de Kock,1304066,2022,39,32,121.88
Q de Kock,1304072,2022,24,13,184.62
Q de Kock,1304077,2022,3,5,60.0
Q de Kock,1304083,2022,10,9,111.11
Q de Kock,1304088,2022,46,37,124.32
Q de Kock,1304091,2022,23,13,176.92
Q de Kock,1304099,2022,50,29,172.41
Q de Kock,1304103,2022,11,10,110.0
Q de Kock,1304109,2022,7,8,87.5
Q de Kock,1304112,2022,140,70,200.0
Q de Kock,1312198,2022,6,5,120.0
Q de Kock,1359525,2023,70,41,170.73
Q de Kock,1359532,2023,29,19,152.63
Q de Kock,1359537,2023,16,15,106.67
Q de Kock,1359542,2023,28,26,107.69
Q de Kock,1422122,2024,4,5,80.0
Q de Kock,1422129,2024,54,38,142.11
Q de Kock,1422133,2024,81,56,144.64
Q de Kock,1422139,2024,6,4,150.0
Q de Kock,1426264,2024,19,13,146.15
Q de Kock,1426266,2024,10,8,125.0
Q de Kock,1426272,2024,54,43,125.58
Q de Kock,1426277,2024,0,3,0.0
Q de Kock,1426282,2024,8,3,266.67
Q de Kock,1426295,2024,2,5,40.0
Q de Kock,1426302,2024,12,8,150.0
Q de Kock,1473438,2025,4,5,80.0
Q de Kock,1473443,2025,97,61,159.02
Q de Kock,1473449,2025,1,3,33.33
Q de Kock,1473452,2025,1,6,16.67
Q de Kock,1473456,2025,15,9,166.67
Q de Kock,1473462,2025,23,15,153.33
Q de Kock,1473468,2025,2,4,50.0
Q de Kock,1473505,2025,9,13,69.23
Q de Kock,1529267,2026,112,60,186.67
Q de Kock,1529273,2026,13,11,118.18
Q de Kock,1529276,2026,7,10,70.0
R Ashwin,392234,2009,8,15,53.33
R Ashwin,419110,2010,0,1,0.0
R Ashwin,419121,2010,2,5,40.0
R Ashwin,419123,2010,11,10,110.0
R Ashwin,419147,2010,5,6,83.33
R Ashwin,419155,2010,6,13,46.15
R Ashwin,419163,2010,6,5,120.0
R Ashwin,501221,2011,0,2,0.0
R Ashwin,501266,2011,2,4,50.0
R Ashwin,548306,2012,3,5,60.0
R Ashwin,548316,2012,8,5,160.0
R Ashwin,548343,2012,7,3,233.33
R Ashwin,548355,2012,0,1,0.0
R Ashwin,548371,2012,0,1,0.0
R Ashwin,598002,2013,2,5,40.0
R Ashwin,598015,2013,11,5,220.0
R Ashwin,598022,2013,11,13,84.62
R Ashwin,598046,2013,2,8,25.0
R Ashwin,598073,2013,9,18,50.0
R Ashwin,729293,2014,1,1,100.0
R Ashwin,729297,2014,9,13,69.23
R Ashwin,733987,2014,11,4,275.0
R Ashwin,734003,2014,14,16,87.5
R Ashwin,734047,2014,10,11,90.91
R Ashwin,829707,2015,12,8,150.0
R Ashwin,829745,2015,5,3,166.67
R Ashwin,829765,2015,9,4,225.0
R Ashwin,829817,2015,23,12,191.67
R Ashwin,829821,2015,1,1,100.0
R Ashwin,829823,2015,2,4,50.0
R Ashwin,980919,2016,1,2,50.0
R Ashwin,980931,2016,0,1,0.0
R Ashwin,980969,2016,10,5,200.0
R Ashwin,980979,2016,29,25,116.0
R Ashwin,980989,2016,0,4,0.0
R Ashwin,981005,2016,1,1,100.0
R Ashwin,1136568,2018,33,21,157.14
R Ashwin,1136572,2018,14,11,127.27
R Ashwin,1136582,2018,6,7,85.71
R Ashwin,1136585,2018,4,6,66.67
R Ashwin,1136600,2018,0,2,0.0
R Ashwin,1136604,2018,45,22,204.55
R Ashwin,1136608,2018,0,1,0.0
R Ashwin,1136616,2018,0,1,0.0
R Ashwin,1175368,2019,3,4,75.0
R Ashwin,1178407,2019,17,4,425.0
R Ashwin,1178412,2019,16,14,114.29
R Ashwin,1178417,2019,6,2,300.0
R Ashwin,1178423,2019,0,1,0.0
R Ashwin,1178427,2019,0,3,0.0
R Ashwin,1216493,2020,4,6,66.67
R Ashwin,1216497,2020,14,13,107.69
R Ashwin,1216500,2020,0,1,0.0
R Ashwin,1216524,2020,7,5,140.0
R Ashwin,1216535,2020,12,9,133.33
R Ashwin,1254064,2021,7,4,175.0
R Ashwin,1254092,2021,9,8,112.5
R Ashwin,1254097,2021,6,6,100.0
R Ashwin,1254110,2021,2,3,66.67
R Ashwin,1254112,2021,20,21,95.24
R Ashwin,1304055,2022,1,1,100.0
R Ashwin,1304066,2022,28,23,121.74
R Ashwin,1304070,2022,8,8,100.0
R Ashwin,1304076,2022,2,2,100.0
R Ashwin,1304085,2022,17,9,188.89
R Ashwin,1304090,2022,21,9,233.33
R Ashwin,1304093,2022,5,4,125.0
R Ashwin,1304104,2022,50,38,131.58
R Ashwin,1304109,2022,10,7,142.86
R Ashwin,1304114,2022,40,23,173.91
R Ashwin,1312197,2022,2,1,200.0
R Ashwin,1312200,2022,6,9,66.67
R Ashwin,1359478,2023,1,2,50.0
R Ashwin,1359482,2023,0,4,0.0
R Ashwin,1359491,2023,30,22,136.36
R Ashwin,1359497,2023,10,3,333.33
R Ashwin,1359500,2023,3,2,150.0
R Ashwin,1359506,2023,12,6,200.0
R Ashwin,1359511,2023,1,1,100.0
R Ashwin,1359516,2023,8,5,160.0
R Ashwin,1359522,2023,2,6,33.33
R Ashwin,1422127,2024,29,19,152.63
R Ashwin,1422132,2024,16,16,100.0
R Ashwin,1426269,2024,8,11,72.73
R Ashwin,1426288,2024,2,2,100.0
R Ashwin,1426294,2024,2,3,66.67
R Ashwin,1426299,2024,1,1,100.0
R Ashwin,1426303,2024,28,19,147.37
R Ashwin,1426311,2024,0,3,0.0
R Ashwin,1473445,2025,11,8,137.5
R Ashwin,1473462,2025,1,7,14.29
R Ashwin,1473494,2025,8,7,114.29
R Ashwin,1473500,2025,13,8,162.5
R Bhatia,335995,2008,17,15,113.33
R Bhatia,335998,2008,8,5,160.0
R Bhatia,336004,2008,9,8,112.5
R Bhatia,392206,2009,2,7,28.57
R Bhatia,392223,2009,0,1,0.0
R Bhatia,392226,2009,0,1,0.0
R Bhatia,392235,2009,2,7,28.57
R Bhatia,392237,2009,4,2,200.0
R Bhatia,419116,2010,21,9,233.33
R Bhatia,419144,2010,2,3,66.67
R Bhatia,419149,2010,1,5,20.0
R Bhatia,501198,2011,0,1,0.0
R Bhatia,501219,2011,10,8,125.0
R Bhatia,501242,2011,1,1,100.0
R Bhatia,501262,2011,1,3,33.33
R Bhatia,501267,2011,11,6,183.33
R Bhatia,501269,2011,2,3,66.67
R Bhatia,548307,2012,7,9,77.78
R Bhatia,548312,2012,8,8,100.0
R Bhatia,548315,2012,4,1,400.0
R Bhatia,548323,2012,3,2,150.0
R Bhatia,548368,2012,1,1,100.0
R Bhatia,548370,2012,12,7,171.43
R Bhatia,598005,2013,12,7,171.43
R Bhatia,598008,2013,13,7,185.71
R Bhatia,598016,2013,16,6,266.67
R Bhatia,598022,2013,1,10,10.0
R Bhatia,598029,2013,1,1,100.0
R Bhatia,598040,2013,26,26,100.0
R Bhatia,598050,2013,4,5,80.0
R Bhatia,598053,2013,13,5,260.0
R Bhatia,598057,2013,3,4,75.0
R Bhatia,598061,2013,10,9,111.11
R Bhatia,729285,2014,4,3,133.33
R Bhatia,729297,2014,23,20,115.0
R Bhatia,733975,2014,17,13,130.77
R Bhatia,733979,2014,6,1,600.0
R Bhatia,733989,2014,4,8,50.0
R Bhatia,734003,2014,7,4,175.0
R Bhatia,734017,2014,6,4,150.0
R Bhatia,829797,2015,0,1,0.0
R Bhatia,980911,2016,0,2,0.0
R Bhatia,980931,2016,21,11,190.91
R Bhatia,980939,2016,1,1,100.0
R Bhatia,980957,2016,3,2,150.0
R Bhatia,980969,2016,9,4,225.0
R Bhatia,1082599,2017,16,17,94.12
R Bishnoi,392185,2009,0,1,0.0
R Bishnoi,392188,2009,1,2,50.0
R Bishnoi,392204,2009,18,14,128.57
R Dhawan,598019,2013,0,1,0.0
R Dhawan,598066,2013,14,15,93.33
R Dhawan,598072,2013,4,2,200.0
R Dhawan,598073,2013,3,3,100.0
R Dhawan,729307,2014,19,18,105.56
R Dhawan,729313,2014,23,22,104.55
R Dhawan,733997,2014,4,6,66.67
R Dhawan,734019,2014,8,5,160.0
R Dhawan,734025,2014,14,9,155.56
R Dhawan,734043,2014,14,15,93.33
R Dhawan,829717,2015,6,6,100.0
R Dhawan,829759,2015,4,6,66.67
R Dhawan,829803,2015,1,1,100.0
R Dhawan,829809,2015,25,20,125.0
R Dhawan,980935,2016,3,2,150.0
R Dhawan,981005,2016,11,4,275.0
R Dhawan,1304088,2022,21,22,95.45
R Dhawan,1304098,2022,5,2,250.0
R Dhawan,1304106,2022,7,3,233.33
R Dhawan,1304110,2022,4,13,30.77
R Dhawan,1359492,2023,1,1,100.0
R Dhawan,1359527,2023,19,11,172.73
R Dravid,335982,2008,2,3,66.67
R Dravid,335985,2008,32,33,96.97
R Dravid,335992,2008,0,1,0.0
R Dravid,335996,2008,0,1,0.0
R Dravid,335998,2008,37,29,127.59
R Dravid,336002,2008,31,21,147.62
R Dravid,336006,2008,66,51,129.41
R Dravid,336010,2008,5,11,45.45
R Dravid,336012,2008,11,16,68.75
R Dravid,336016,2008,29,26,111.54
R Dravid,336023,2008,75,36,208.33
R Dravid,336026,2008,9,11,81.82
R Dravid,336029,2008,47,39,120.51
R Dravid,336034,2008,26,19,136.84
R Dravid,392182,2009,66,48,137.5
R Dravid,392185,2009,20,18,111.11
R Dravid,392188,2009,48,27,177.78
R Dravid,392191,2009,10,13,76.92
R Dravid,392213,2009,0,2,0.0
R Dravid,392218,2009,10,12,83.33
R Dravid,392221,2009,12,12,100.0
R Dravid,392224,2009,8,7,114.29
R Dravid,392232,2009,38,34,111.76
R Dravid,392236,2009,6,9,66.67
R Dravid,392238,2009,44,39,112.82
R Dravid,392239,2009,9,13,69.23
R Dravid,419109,2010,21,16,131.25
R Dravid,419123,2010,14,11,127.27
R Dravid,419128,2010,1,1,100.0
R Dravid,419140,2010,14,9,155.56
R Dravid,419145,2010,26,25,104.0
R Dravid,419148,2010,52,35,148.57
R Dravid,419151,2010,49,35,140.0
R Dravid,419154,2010,5,4,125.0
R Dravid,419157,2010,16,11,145.45
R Dravid,419162,2010,23,22,104.55
R Dravid,419164,2010,35,30,116.67
R Dravid,501199,2011,28,35,80.0
R Dravid,501204,2011,38,30,126.67
R Dravid,501209,2011,35,34,102.94
R Dravid,501220,2011,8,7,114.29
R Dravid,501225,2011,44,37,118.92
R Dravid,501231,2011,5,16,31.25
R Dravid,501235,2011,18,20,90.0
R Dravid,501240,2011,66,51,129.41
R Dravid,501249,2011,20,16,125.0
R Dravid,501252,2011,37,30,123.33
R Dravid,501258,2011,1,4,25.0
R Dravid,501263,2011,43,32,134.38
R Dravid,548309,2012,28,24,116.67
R Dravid,548312,2012,26,24,108.33
R Dravid,548317,2012,3,5,60.0
R Dravid,548320,2012,28,27,103.7
R Dravid,548324,2012,25,32,78.12
R Dravid,548326,2012,42,24,175.0
R Dravid,548332,2012,26,28,92.86
R Dravid,548336,2012,58,42,138.1
R Dravid,548345,2012,40,38,105.26
R Dravid,548349,2012,57,43,132.56
R Dravid,548354,2012,46,39,117.95
R Dravid,548358,2012,14,16,87.5
R Dravid,548361,2012,4,9,44.44
R Dravid,548365,2012,21,20,105.0
R Dravid,548373,2012,39,36,108.33
R Dravid,548377,2012,5,5,100.0
R Dravid,598001,2013,65,51,127.45
R Dravid,598005,2013,17,20,85.0
R Dravid,598009,2013,54,47,114.89
R Dravid,598014,2013,9,12,75.0
R Dravid,598023,2013,35,31,112.9
R Dravid,598026,2013,6,9,66.67
R Dravid,598032,2013,36,35,102.86
R Dravid,598036,2013,22,17,129.41
R Dravid,598043,2013,6,3,200.0
R Dravid,598047,2013,58,40,145.0
R Dravid,598049,2013,53,48,110.42
R Dravid,598052,2013,4,7,57.14
R Dravid,598058,2013,22,28,78.57
R Dravid,598063,2013,4,5,80.0
R Dravid,598065,2013,25,24,104.17
R Dravid,598071,2013,12,10,120.0
R Dravid,598072,2013,43,37,116.22
R McLaren,419107,2010,11,5,220.0
R McLaren,419125,2010,1,1,100.0
R McLaren,419130,2010,13,15,86.67
R McLaren,419142,2010,1,3,33.33
R McLaren,419146,2010,0,1,0.0
R McLaren,419157,2010,40,42,95.24
R McLaren,419161,2010,0,2,0.0
R McLaren,501202,2011,51,43,118.6
R McLaren,501220,2011,2,7,28.57
R McLaren,501244,2011,28,32,87.5
R McLaren,501264,2011,9,14,64.29
R McLaren,598008,2013,2,3,66.67
R McLaren,598050,2013,1,3,33.33
R Minz,1473440,2025,3,9,33.33
R Minz,1473446,2025,3,6,50.0
R Minz,1529284,2026,1,1,100.0
R Minz,1529287,2026,5,3,166.67
R Ninan,501208,2011,3,5,60.0
R Parag,1178400,2019,16,14,114.29
R Parag,1178411,2019,43,29,148.28
R Parag,1178415,2019,4,3,133.33
R Parag,1178418,2019,47,31,151.61
R Parag,1178428,2019,50,49,102.04
R Parag,1216496,2020,6,4,150.0
R Parag,1216504,2020,1,6,16.67
R Parag,1216507,2020,42,26,161.54
R Parag,1216514,2020,16,18,88.89
R Parag,1216518,2020,20,12,166.67
R Parag,1216527,2020,0,2,0.0
R Parag,1216530,2020,0,7,0.0
R Parag,1216543,2020,1,2,50.0
R Parag,1254061,2021,25,11,227.27
R Parag,1254064,2021,2,5,40.0
R Parag,1254069,2021,3,7,42.86
R Parag,1254073,2021,25,16,156.25
R Parag,1254081,2021,8,6,133.33
R Parag,1254085,2021,15,8,187.5
R Parag,1254097,2021,2,7,28.57
R Parag,1254100,2021,0,1,0.0
R Parag,1254103,2021,9,16,56.25
R Parag,1254111,2021,4,5,80.0
R Parag,1304051,2022,12,9,133.33
R Parag,1304055,2022,5,4,125.0
R Parag,1304066,2022,8,4,200.0
R Parag,1304070,2022,18,16,112.5
R Parag,1304076,2022,5,3,166.67
R Parag,1304085,2022,56,31,180.65
R Parag,1304090,2022,3,3,100.0
R Parag,1304093,2022,19,12,158.33
R Parag,1304098,2022,0,1,0.0
R Parag,1304104,2022,9,5,180.0
R Parag,1304109,2022,19,16,118.75
R Parag,1304114,2022,10,10,100.0
R Parag,1312197,2022,4,3,133.33
R Parag,1312200,2022,15,15,100.0
R Parag,1359478,2023,7,6,116.67
R Parag,1359482,2023,20,12,166.67
R Parag,1359485,2023,7,11,63.64
R Parag,1359497,2023,5,7,71.43
R Parag,1359500,2023,15,12,125.0
R Parag,1359522,2023,4,6,66.67
R Parag,1359540,2023,20,11,181.82
R Parag,1422122,2024,43,29,148.28
R Parag,1422127,2024,84,45,186.67
R Parag,1422132,2024,54,39,138.46
R Parag,1422137,2024,4,4,100.0
R Parag,1426262,2024,76,48,158.33
R Parag,1426265,2024,23,18,127.78
R Parag,1426269,2024,34,14,242.86
R Parag,1426282,2024,14,11,127.27
R Parag,1426288,2024,77,48,160.42
R Parag,1426294,2024,27,22,122.73
R Parag,1426299,2024,47,35,134.29
R Parag,1426303,2024,48,34,141.18
R Parag,1426310,2024,36,26,138.46
R Parag,1426311,2024,6,10,60.0
R Parag,1473439,2025,4,2,200.0
R Parag,1473443,2025,25,15,166.67
R Parag,1473448,2025,37,28,132.14
R Parag,1473455,2025,43,25,172.0
R Parag,1473460,2025,26,14,185.71
R Parag,1473465,2025,30,22,136.36
R Parag,1473469,2025,8,12,66.67
R Parag,1473473,2025,39,26,150.0
R Parag,1473479,2025,22,10,220.0
R Parag,1473484,2025,32,15,213.33
R Parag,1473487,2025,16,8,200.0
R Parag,1473490,2025,94,44,213.64
R Parag,1473497,2025,13,11,118.18
R Parag,1473500,2025,3,4,75.0
R Parag,1527676,2026,14,11,127.27
R Parag,1527682,2026,8,4,200.0
R Parag,1527686,2026,20,10,200.0
R Parag,1527689,2026,3,5,60.0
R Parag,1529264,2026,4,6,66.67
R Parag,1529271,2026,12,14,85.71
R Parag,1529275,2026,20,19,105.26
R Parag,1529279,2026,7,9,77.78
R Parag,1529283,2026,28,15,186.67
R Parag,1529286,2026,90,50,180.0
R Parag,1529305,2026,51,26,196.15
R Parag,1529312,2026,14,8,175.0
R Parag,1535463,2026,26,12,216.67
R Parag,1535464,2026,11,6,183.33
R Powell,1304048,2022,0,2,0.0
R Powell,1304056,2022,20,12,166.67
R Powell,1304061,2022,3,10,30.0
R Powell,1304065,2022,8,6,133.33
R Powell,1304073,2022,0,1,0.0
R Powell,1304080,2022,36,15,240.0
R Powell,1304087,2022,33,16,206.25
R Powell,1304091,2022,35,21,166.67
R Powell,1304096,2022,67,35,191.43
R Powell,1304101,2022,3,9,33.33
R Powell,1304110,2022,2,6,33.33
R Powell,1304115,2022,43,34,126.47
R Powell,1359477,2023,1,3,33.33
R Powell,1359485,2023,2,2,100.0
R Powell,1359490,2023,4,4,100.0
R Powell,1426265,2024,11,5,220.0
R Powell,1426269,2024,26,13,200.0
R Powell,1426288,2024,27,15,180.0
R Powell,1426294,2024,13,10,130.0
R Powell,1426303,2024,4,5,80.0
R Powell,1426310,2024,16,8,200.0
R Powell,1426311,2024,6,12,50.0
R Powell,1473485,2025,5,5,100.0
R Powell,1527688,2026,39,24,162.5
R Powell,1529265,2026,31,22,140.91
R Powell,1529268,2026,27,20,135.0
R Powell,1529271,2026,23,20,115.0
R Powell,1529281,2026,1,4,25.0
R Powell,1529308,2026,40,29,137.93
R Powell,1529313,2026,29,21,138.1
R Rampaul,598012,2013,0,4,0.0
R Rampaul,598017,2013,12,7,171.43
R Rampaul,598027,2013,0,1,0.0
R Rampaul,598033,2013,22,17,129.41
R Rampaul,598036,2013,3,4,75.0
R Rampaul,598057,2013,0,3,0.0
R Rampaul,729305,2014,13,13,100.0
R Ravindra,1422119,2024,37,15,246.67
R Ravindra,1422125,2024,46,20,230.0
R Ravindra,1422131,2024,2,12,16.67
R Ravindra,1422136,2024,12,9,133.33
R Ravindra,1426260,2024,15,8,187.5
R Ravindra,1426267,2024,21,16,131.25
R Ravindra,1426272,2024,0,1,0.0
R Ravindra,1426297,2024,1,2,50.0
R Ravindra,1426299,2024,27,18,150.0
R Ravindra,1426306,2024,57,36,158.33
R Ravindra,1473440,2025,65,45,144.44
R Ravindra,1473445,2025,41,31,132.26
R Ravindra,1473448,2025,0,4,0.0
R Ravindra,1473454,2025,2,5,40.0
R Ravindra,1473459,2025,36,22,163.64
R Ravindra,1473462,2025,4,9,44.44
R Ravindra,1473467,2025,37,22,168.18
R Ravindra,1473475,2025,5,9,55.56
R Sai Kishore,1426278,2024,13,6,216.67
R Sai Kishore,1473446,2025,1,1,100.0
R Sai Kishore,1473502,2025,1,2,50.0
R Sai Kishore,1473504,2025,3,7,42.86
R Sanjay Yadav,1304111,2022,0,2,0.0
R Sathish,419107,2010,6,5,120.0
R Sathish,419119,2010,24,22,109.09
R Sathish,419122,2010,21,11,190.91
R Sathish,419125,2010,5,9,55.56
R Sathish,419130,2010,3,5,60.0
R Sathish,419132,2010,17,9,188.89
R Sathish,419142,2010,4,5,80.0
R Sathish,419146,2010,20,17,117.65
R Sathish,419150,2010,1,2,50.0
R Sathish,419161,2010,11,11,100.0
R Sathish,501221,2011,0,7,0.0
R Sathish,501231,2011,7,6,116.67
R Sathish,501270,2011,18,21,85.71
R Sathish,598007,2013,8,6,133.33
R Sathish,598014,2013,10,11,90.91
R Sathish,598028,2013,22,13,169.23
R Sathish,598041,2013,0,1,0.0
R Sathish,598045,2013,12,6,200.0
R Sathish,598052,2013,4,3,133.33
R Sathish,598056,2013,25,18,138.89
R Sathish,598064,2013,27,18,150.0
R Sathish,980939,2016,10,8,125.0
R Sathish,980951,2016,6,7,85.71
R Sathish,981015,2016,8,9,88.89
R Sharma,419126,2010,10,5,200.0
R Sharma,419138,2010,5,7,71.43
R Sharma,419160,2010,14,8,175.0
R Sharma,419164,2010,0,6,0.0
R Sharma,501207,2011,10,9,111.11
R Sharma,501218,2011,13,9,144.44
R Sharma,501226,2011,1,1,100.0
R Sharma,501235,2011,0,1,0.0
R Sharma,501241,2011,0,1,0.0
R Sharma,548313,2012,0,2,0.0
R Sharma,548319,2012,2,4,50.0
R Sharma,548362,2012,0,2,0.0
R Sharma,548365,2012,0,3,0.0
R Sharma,598000,2013,0,1,0.0
R Sharma,598003,2013,1,1,100.0
R Sharma,598011,2013,10,12,83.33
R Sharma,598018,2013,0,1,0.0
R Sharma,598038,2013,0,1,0.0
R Sharma,598042,2013,0,1,0.0
R Shepherd,1304051,2022,24,18,133.33
R Shepherd,1304058,2022,8,8,100.0
R Shepherd,1304116,2022,26,14,185.71
R Shepherd,1359484,2023,0,1,0.0
R Shepherd,1422126,2024,15,6,250.0
R Shepherd,1422138,2024,39,10,390.0
R Shepherd,1426267,2024,1,2,50.0
R Shepherd,1426271,2024,1,2,50.0
R Shepherd,1426305,2024,1,1,100.0
R Shepherd,1473489,2025,47,13,361.54
R Shepherd,1473503,2025,0,1,0.0
R Shepherd,1473511,2025,17,9,188.89
R Shepherd,1527689,2026,22,11,200.0
R Shepherd,1527693,2026,2,2,100.0
R Shepherd,1529266,2026,14,8,175.0
R Shepherd,1529269,2026,1,4,25.0
R Shepherd,1529285,2026,17,15,113.33
R Shepherd,1529293,2026,23,15,153.33
R Shepherd,1529297,2026,4,10,40.0
R Shukla,598001,2013,1,2,50.0
R Shukla,733993,2014,2,3,66.67
R Shukla,734005,2014,2,6,33.33
R Shukla,734011,2014,14,12,116.67
R Smaran,1529288,2026,4,4,100.0
R Smaran,1529299,2026,9,15,60.0
R Smaran,1529306,2026,5,2,250.0
R Smaran,1535463,2026,1,4,25.0
R Tewatia,734033,2014,16,13,123.08
R Tewatia,1082639,2017,15,8,187.5
R Tewatia,1082645,2017,4,3,133.33
R Tewatia,1136562,2018,9,7,128.57
R Tewatia,1136573,2018,1,2,50.0
R Tewatia,1136579,2018,13,9,144.44
R Tewatia,1136582,2018,24,21,114.29
R Tewatia,1136590,2018,3,4,75.0
R Tewatia,1175358,2019,9,4,225.0
R Tewatia,1175360,2019,11,9,122.22
R Tewatia,1175371,2019,5,7,71.43
R Tewatia,1178395,2019,1,2,50.0
R Tewatia,1216496,2020,10,8,125.0
R Tewatia,1216500,2020,38,29,131.03
R Tewatia,1216504,2020,14,10,140.0
R Tewatia,1216507,2020,45,28,160.71
R Tewatia,1216511,2020,5,6,83.33
R Tewatia,1216514,2020,24,11,218.18
R Tewatia,1216518,2020,2,3,66.67
R Tewatia,1216522,2020,19,11,172.73
R Tewatia,1216527,2020,53,31,170.97
R Tewatia,1216530,2020,31,27,114.81
R Tewatia,1216543,2020,14,18,77.78
R Tewatia,1254061,2021,2,4,50.0
R Tewatia,1254064,2021,19,17,111.76
R Tewatia,1254069,2021,20,15,133.33
R Tewatia,1254073,2021,40,23,173.91
R Tewatia,1254075,2021,5,8,62.5
R Tewatia,1254093,2021,12,20,60.0
R Tewatia,1254097,2021,9,15,60.0
R Tewatia,1254100,2021,0,1,0.0
R Tewatia,1254103,2021,2,3,66.67
R Tewatia,1254106,2021,44,36,122.22
R Tewatia,1254111,2021,2,5,40.0
R Tewatia,1304050,2022,40,24,166.67
R Tewatia,1304056,2022,14,8,175.0
R Tewatia,1304062,2022,13,3,433.33
R Tewatia,1304067,2022,6,4,150.0
R Tewatia,1304075,2022,6,14,42.86
R Tewatia,1304081,2022,17,12,141.67
R Tewatia,1304086,2022,40,21,190.48
R Tewatia,1304089,2022,43,25,172.0
R Tewatia,1304094,2022,11,13,84.62
R Tewatia,1304097,2022,3,4,75.0
R Tewatia,1304103,2022,22,16,137.5
R Tewatia,1304113,2022,2,3,66.67
R Tewatia,1359475,2023,15,14,107.14
R Tewatia,1359492,2023,5,2,250.0
R Tewatia,1359497,2023,1,1,100.0
R Tewatia,1359504,2023,2,2,100.0
R Tewatia,1359509,2023,20,5,400.0
R Tewatia,1359518,2023,20,7,285.71
R Tewatia,1359531,2023,14,13,107.69
R Tewatia,1359536,2023,3,3,100.0
R Tewatia,1359544,2023,4,5,80.0
R Tewatia,1370350,2023,3,5,60.0
R Tewatia,1422123,2024,22,14,157.14
R Tewatia,1422125,2024,6,11,54.55
R Tewatia,1422135,2024,23,8,287.5
R Tewatia,1422139,2024,28,24,116.67
R Tewatia,1426262,2024,22,11,200.0
R Tewatia,1426270,2024,10,14,71.43
R Tewatia,1426275,2024,36,18,200.0
R Tewatia,1426278,2024,4,5,80.0
R Tewatia,1426290,2024,35,21,166.67
R Tewatia,1473442,2025,6,2,300.0
R Tewatia,1473460,2025,24,12,200.0
R Tewatia,1473463,2025,0,1,0.0
R Tewatia,1473472,2025,11,3,366.67
R Tewatia,1473476,2025,0,2,0.0
R Tewatia,1473484,2025,9,4,225.0
R Tewatia,1473488,2025,6,3,200.0
R Tewatia,1473493,2025,11,8,137.5
R Tewatia,1473502,2025,2,3,66.67
R Tewatia,1473504,2025,14,10,140.0
R Tewatia,1473509,2025,16,11,145.45
R Tewatia,1527677,2026,10,9,111.11
R Tewatia,1527682,2026,12,6,200.0
R Tewatia,1527687,2026,1,1,100.0
R Tewatia,1527692,2026,10,8,125.0
R Tewatia,1529268,2026,7,6,116.67
R Tewatia,1529273,2026,8,11,72.73
R Tewatia,1529285,2026,27,17,158.82
R Tewatia,1529289,2026,2,6,33.33
R Tewatia,1529295,2026,14,4,350.0
R Tewatia,1529299,2026,4,1,400.0
R Tewatia,1529303,2026,2,4,50.0
R Tewatia,1529309,2026,0,1,0.0
R Tewatia,1535462,2026,68,43,158.14
R Tewatia,1535464,2026,17,9,188.89
R Tewatia,1535465,2026,7,5,140.0
R Vinay Kumar,335992,2008,1,1,100.0
R Vinay Kumar,336012,2008,23,17,135.29
R Vinay Kumar,336016,2008,1,3,33.33
R Vinay Kumar,336029,2008,0,1,0.0
R Vinay Kumar,392182,2009,8,2,400.0
R Vinay Kumar,392185,2009,5,6,83.33
R Vinay Kumar,392191,2009,1,1,100.0
R Vinay Kumar,392213,2009,12,13,92.31
R Vinay Kumar,392218,2009,7,12,58.33
R Vinay Kumar,392224,2009,6,2,300.0
R Vinay Kumar,392239,2009,8,8,100.0
R Vinay Kumar,419128,2010,2,2,100.0
R Vinay Kumar,419140,2010,3,3,100.0
R Vinay Kumar,419151,2010,4,7,57.14
R Vinay Kumar,419157,2010,10,12,83.33
R Vinay Kumar,419162,2010,8,8,100.0
R Vinay Kumar,501207,2011,1,1,100.0
R Vinay Kumar,501219,2011,11,10,110.0
R Vinay Kumar,501225,2011,5,4,125.0
R Vinay Kumar,501229,2011,18,19,94.74
R Vinay Kumar,501233,2011,11,9,122.22
R Vinay Kumar,501247,2011,3,3,100.0
R Vinay Kumar,501254,2011,1,1,100.0
R Vinay Kumar,548310,2012,18,16,112.5
R Vinay Kumar,548315,2012,25,26,96.15
R Vinay Kumar,548318,2012,6,1,600.0
R Vinay Kumar,548324,2012,11,9,122.22
R Vinay Kumar,548344,2012,0,1,0.0
R Vinay Kumar,548367,2012,1,2,50.0
R Vinay Kumar,548376,2012,7,7,100.0
R Vinay Kumar,598004,2013,7,4,175.0
R Vinay Kumar,598017,2013,1,1,100.0
R Vinay Kumar,598033,2013,26,20,130.0
R Vinay Kumar,598036,2013,22,6,366.67
R Vinay Kumar,598057,2013,14,13,107.69
R Vinay Kumar,729299,2014,4,5,80.0
R Vinay Kumar,729315,2014,0,1,0.0
R Vinay Kumar,829729,2015,0,1,0.0
R Vinay Kumar,829751,2015,0,1,0.0
R Vinay Kumar,980901,2016,12,11,109.09
R Vinay Kumar,981007,2016,1,1,100.0
R Vinay Kumar,1136563,2018,6,3,200.0
RA Bawa,1304049,2022,0,1,0.0
RA Bawa,1304054,2022,11,13,84.62
RA Bawa,1473510,2025,8,4,200.0
RA Bawa,1529297,2026,16,14,114.29
RA Jadeja,335984,2008,29,23,126.09
RA Jadeja,335987,2008,36,24,150.0
RA Jadeja,335990,2008,1,3,33.33
RA Jadeja,336000,2008,33,18,183.33
RA Jadeja,336008,2008,0,1,0.0
RA Jadeja,336015,2008,6,6,100.0
RA Jadeja,336036,2008,22,19,115.79
RA Jadeja,336038,2008,7,5,140.0
RA Jadeja,336040,2008,0,1,0.0
RA Jadeja,392182,2009,11,10,110.0
RA Jadeja,392190,2009,22,26,84.62
RA Jadeja,392195,2009,37,44,84.09
RA Jadeja,392198,2009,16,13,123.08
RA Jadeja,392202,2009,37,33,112.12
RA Jadeja,392205,2009,12,17,70.59
RA Jadeja,392210,2009,31,11,281.82
RA Jadeja,392213,2009,1,3,33.33
RA Jadeja,392217,2009,27,19,142.11
RA Jadeja,392220,2009,19,20,95.0
RA Jadeja,392225,2009,42,32,131.25
RA Jadeja,392230,2009,24,18,133.33
RA Jadeja,392233,2009,14,19,73.68
RA Jadeja,501200,2011,23,16,143.75
RA Jadeja,501207,2011,46,32,143.75
RA Jadeja,501210,2011,25,11,227.27
RA Jadeja,501215,2011,16,6,266.67
RA Jadeja,501219,2011,29,18,161.11
RA Jadeja,501225,2011,22,23,95.65
RA Jadeja,501229,2011,23,35,65.71
RA Jadeja,501233,2011,31,22,140.91
RA Jadeja,501242,2011,8,11,72.73
RA Jadeja,501247,2011,23,22,104.55
RA Jadeja,501254,2011,17,18,94.44
RA Jadeja,501261,2011,19,13,146.15
RA Jadeja,548306,2012,3,5,60.0
RA Jadeja,548311,2012,48,29,165.52
RA Jadeja,548316,2012,13,17,76.47
RA Jadeja,548318,2012,4,1,400.0
RA Jadeja,548322,2012,44,26,169.23
RA Jadeja,548330,2012,7,3,233.33
RA Jadeja,548343,2012,17,11,154.55
RA Jadeja,548347,2012,9,13,69.23
RA Jadeja,548352,2012,4,9,44.44
RA Jadeja,548355,2012,9,6,150.0
RA Jadeja,548361,2012,16,13,123.08
RA Jadeja,548368,2012,3,2,150.0
RA Jadeja,548371,2012,13,14,92.86
RA Jadeja,548379,2012,1,2,50.0
RA Jadeja,598002,2013,16,11,145.45
RA Jadeja,598012,2013,37,19,194.74
RA Jadeja,598015,2013,27,22,122.73
RA Jadeja,598022,2013,36,14,257.14
RA Jadeja,598026,2013,0,2,0.0
RA Jadeja,598030,2013,1,4,25.0
RA Jadeja,598034,2013,1,1,100.0
RA Jadeja,598041,2013,5,2,250.0
RA Jadeja,598046,2013,20,16,125.0
RA Jadeja,598051,2013,14,6,233.33
RA Jadeja,598058,2013,12,14,85.71
RA Jadeja,598062,2013,24,17,141.18
RA Jadeja,598068,2013,7,4,175.0
RA Jadeja,598073,2013,0,2,0.0
RA Jadeja,729293,2014,7,3,233.33
RA Jadeja,729297,2014,36,33,109.09
RA Jadeja,729311,2014,6,9,66.67
RA Jadeja,733971,2014,17,9,188.89
RA Jadeja,733987,2014,17,8,212.5
RA Jadeja,733995,2014,6,7,85.71
RA Jadeja,734003,2014,11,6,183.33
RA Jadeja,734013,2014,10,9,111.11
RA Jadeja,734023,2014,9,4,225.0
RA Jadeja,734047,2014,27,21,128.57
RA Jadeja,829707,2015,17,18,94.44
RA Jadeja,829711,2015,0,1,0.0
RA Jadeja,829723,2015,24,30,80.0
RA Jadeja,829745,2015,8,8,100.0
RA Jadeja,829753,2015,18,11,163.64
RA Jadeja,829765,2015,15,20,75.0
RA Jadeja,829773,2015,14,12,116.67
RA Jadeja,829779,2015,3,4,75.0
RA Jadeja,829801,2015,3,4,75.0
RA Jadeja,829817,2015,19,10,190.0
RA Jadeja,829823,2015,11,8,137.5
RA Jadeja,980905,2016,8,12,66.67
RA Jadeja,980911,2016,3,7,42.86
RA Jadeja,980929,2016,14,14,100.0
RA Jadeja,980937,2016,11,9,122.22
RA Jadeja,980945,2016,4,7,57.14
RA Jadeja,980949,2016,0,1,0.0
RA Jadeja,980955,2016,11,11,100.0
RA Jadeja,980961,2016,36,26,138.46
RA Jadeja,980967,2016,18,13,138.46
RA Jadeja,980975,2016,9,9,100.0
RA Jadeja,980987,2016,21,19,110.53
RA Jadeja,981001,2016,11,10,110.0
RA Jadeja,981007,2016,21,15,140.0
RA Jadeja,981013,2016,3,7,42.86
RA Jadeja,981017,2016,19,15,126.67
RA Jadeja,1082610,2017,23,22,104.55
RA Jadeja,1082613,2017,19,13,146.15
RA Jadeja,1082616,2017,9,7,128.57
RA Jadeja,1082621,2017,2,4,50.0
RA Jadeja,1082625,2017,28,21,133.33
RA Jadeja,1082629,2017,19,12,158.33
RA Jadeja,1082632,2017,18,7,257.14
RA Jadeja,1082637,2017,7,6,116.67
RA Jadeja,1082640,2017,13,7,185.71
RA Jadeja,1082643,2017,20,14,142.86
RA Jadeja,1136561,2018,12,13,92.31
RA Jadeja,1136565,2018,11,7,157.14
RA Jadeja,1136572,2018,19,13,146.15
RA Jadeja,1136577,2018,2,1,200.0
RA Jadeja,1136584,2018,3,5,60.0
RA Jadeja,1136593,2018,12,12,100.0
RA Jadeja,1136612,2018,27,18,150.0
RA Jadeja,1136617,2018,3,5,60.0
RA Jadeja,1175356,2019,6,15,40.0
RA Jadeja,1175367,2019,8,3,266.67
RA Jadeja,1175370,2019,1,2,50.0
RA Jadeja,1178400,2019,8,3,266.67
RA Jadeja,1178404,2019,31,17,182.35
RA Jadeja,1178408,2019,10,20,50.0
RA Jadeja,1178414,2019,11,12,91.67
RA Jadeja,1178425,2019,25,10,250.0
RA Jadeja,1181768,2019,5,5,100.0
RA Jadeja,1216492,2020,10,5,200.0
RA Jadeja,1216496,2020,1,2,50.0
RA Jadeja,1216501,2020,21,8,262.5
RA Jadeja,1216509,2020,33,13,253.85
RA Jadeja,1216516,2020,50,35,142.86
RA Jadeja,1216521,2020,7,6,116.67
RA Jadeja,1216525,2020,7,6,116.67
RA Jadeja,1216528,2020,25,10,250.0
RA Jadeja,1216533,2020,35,30,116.67
RA Jadeja,1216536,2020,29,10,290.0
RA Jadeja,1216539,2020,12,9,133.33
RA Jadeja,1254059,2021,26,17,152.94
RA Jadeja,1254069,2021,8,7,114.29
RA Jadeja,1254072,2021,6,1,600.0
RA Jadeja,1254076,2021,56,27,207.41
RA Jadeja,1254080,2021,7,6,116.67
RA Jadeja,1254084,2021,22,22,100.0
RA Jadeja,1254089,2021,32,15,213.33
RA Jadeja,1254094,2021,15,17,88.24
RA Jadeja,1254098,2021,22,8,275.0
RA Jadeja,1254104,2021,26,33,78.79
RA Jadeja,1254110,2021,1,2,50.0
RA Jadeja,1304047,2022,26,28,92.86
RA Jadeja,1304053,2022,17,9,188.89
RA Jadeja,1304057,2022,0,3,0.0
RA Jadeja,1304063,2022,23,15,153.33
RA Jadeja,1304068,2022,0,1,0.0
RA Jadeja,1304075,2022,22,12,183.33
RA Jadeja,1304079,2022,3,8,37.5
RA Jadeja,1304084,2022,21,16,131.25
RA Jadeja,1304092,2022,1,1,100.0
RA Jadeja,1304095,2022,3,5,60.0
RA Jadeja,1359475,2023,1,2,50.0
RA Jadeja,1359480,2023,3,6,50.0
RA Jadeja,1359491,2023,25,15,166.67
RA Jadeja,1359498,2023,10,8,125.0
RA Jadeja,1359507,2023,18,8,225.0
RA Jadeja,1359511,2023,23,15,153.33
RA Jadeja,1359515,2023,12,10,120.0
RA Jadeja,1359529,2023,21,16,131.25
RA Jadeja,1359535,2023,19,23,82.61
RA Jadeja,1359541,2023,20,7,285.71
RA Jadeja,1370350,2023,22,16,137.5
RA Jadeja,1370353,2023,15,6,250.0
RA Jadeja,1422119,2024,25,17,147.06
RA Jadeja,1422125,2024,7,3,233.33
RA Jadeja,1422131,2024,21,17,123.53
RA Jadeja,1422136,2024,31,23,134.78
RA Jadeja,1426272,2024,57,40,142.5
RA Jadeja,1426277,2024,16,19,84.21
RA Jadeja,1426287,2024,2,4,50.0
RA Jadeja,1426291,2024,43,26,165.38
RA Jadeja,1426297,2024,18,10,180.0
RA Jadeja,1426299,2024,5,6,83.33
RA Jadeja,1426306,2024,42,22,190.91
RA Jadeja,1473440,2025,17,18,94.44
RA Jadeja,1473445,2025,25,19,131.58
RA Jadeja,1473448,2025,32,22,145.45
RA Jadeja,1473454,2025,2,3,66.67
RA Jadeja,1473459,2025,9,5,180.0
RA Jadeja,1473462,2025,0,2,0.0
RA Jadeja,1473467,2025,7,11,63.64
RA Jadeja,1473475,2025,53,35,151.43
RA Jadeja,1473480,2025,21,17,123.53
RA Jadeja,1473486,2025,17,12,141.67
RA Jadeja,1473489,2025,77,45,171.11
RA Jadeja,1473494,2025,19,10,190.0
RA Jadeja,1473500,2025,1,5,20.0
RA Jadeja,1473504,2025,21,18,116.67
RA Jadeja,1527682,2026,7,7,100.0
RA Jadeja,1527689,2026,24,25,96.0
RA Jadeja,1529264,2026,45,32,140.62
RA Jadeja,1529271,2026,9,7,128.57
RA Jadeja,1529275,2026,43,29,148.28
RA Jadeja,1529279,2026,4,3,133.33
RA Jadeja,1529286,2026,20,14,142.86
RA Jadeja,1529295,2026,38,25,152.0
RA Jadeja,1529312,2026,19,10,190.0
RA Jadeja,1535463,2026,12,9,133.33
RA Jadeja,1535464,2026,45,35,128.57
RA Tripathi,1082599,2017,10,5,200.0
RA Tripathi,1082603,2017,33,17,194.12
RA Tripathi,1082607,2017,31,23,134.78
RA Tripathi,1082615,2017,59,41,143.9
RA Tripathi,1082618,2017,45,31,145.16
RA Tripathi,1082620,2017,38,23,165.22
RA Tripathi,1082624,2017,37,28,132.14
RA Tripathi,1082629,2017,6,7,85.71
RA Tripathi,1082631,2017,93,52,178.85
RA Tripathi,1082634,2017,1,4,25.0
RA Tripathi,1082642,2017,7,6,116.67
RA Tripathi,1082645,2017,28,20,140.0
RA Tripathi,1082647,2017,0,2,0.0
RA Tripathi,1082650,2017,3,8,37.5
RA Tripathi,1136564,2018,17,15,113.33
RA Tripathi,1136566,2018,15,11,136.36
RA Tripathi,1136571,2018,13,4,325.0
RA Tripathi,1136575,2018,15,11,136.36
RA Tripathi,1136577,2018,5,5,100.0
RA Tripathi,1136581,2018,9,8,112.5
RA Tripathi,1136588,2018,4,5,80.0
RA Tripathi,1136592,2018,9,8,112.5
RA Tripathi,1136598,2018,11,13,84.62
RA Tripathi,1136609,2018,27,15,180.0
RA Tripathi,1136613,2018,80,58,137.93
RA Tripathi,1136618,2018,20,13,153.85
RA Tripathi,1175359,2019,1,4,25.0
RA Tripathi,1175367,2019,35,23,152.17
RA Tripathi,1175369,2019,34,23,147.83
RA Tripathi,1178396,2019,6,8,75.0
RA Tripathi,1178400,2019,10,12,83.33
RA Tripathi,1178402,2019,1,2,50.0
RA Tripathi,1178407,2019,50,45,111.11
RA Tripathi,1216494,2020,1,5,20.0
RA Tripathi,1216497,2020,13,12,108.33
RA Tripathi,1216501,2020,81,51,158.82
RA Tripathi,1216512,2020,23,16,143.75
RA Tripathi,1216515,2020,36,16,225.0
RA Tripathi,1216520,2020,7,4,175.0
RA Tripathi,1216523,2020,4,10,40.0
RA Tripathi,1216526,2020,7,9,77.78
RA Tripathi,1216530,2020,39,34,114.71
RA Tripathi,1216536,2020,3,2,150.0
RA Tripathi,1216540,2020,16,22,72.73
RA Tripathi,1254060,2021,53,29,182.76
RA Tripathi,1254062,2021,5,5,100.0
RA Tripathi,1254067,2021,25,20,125.0
RA Tripathi,1254072,2021,8,9,88.89
RA Tripathi,1254075,2021,36,26,138.46
RA Tripathi,1254078,2021,41,32,128.12
RA Tripathi,1254082,2021,19,17,111.76
RA Tripathi,1254092,2021,9,5,180.0
RA Tripathi,1254096,2021,74,42,176.19
RA Tripathi,1254098,2021,45,32,140.62
RA Tripathi,1254102,2021,34,26,130.77
RA Tripathi,1254106,2021,21,14,150.0
RA Tripathi,1254109,2021,7,6,116.67
RA Tripathi,1254115,2021,6,5,120.0
RA Tripathi,1254116,2021,12,11,109.09
RA Tripathi,1254117,2021,2,3,66.67
RA Tripathi,1304051,2022,0,3,0.0
RA Tripathi,1304058,2022,44,30,146.67
RA Tripathi,1304063,2022,35,14,250.0
RA Tripathi,1304067,2022,17,11,154.55
RA Tripathi,1304071,2022,71,37,191.89
RA Tripathi,1304074,2022,34,22,154.55
RA Tripathi,1304082,2022,7,3,233.33
RA Tripathi,1304086,2022,16,10,160.0
RA Tripathi,1304092,2022,0,1,0.0
RA Tripathi,1304096,2022,22,18,122.22
RA Tripathi,1304100,2022,58,37,156.76
RA Tripathi,1304107,2022,9,12,75.0
RA Tripathi,1304111,2022,76,44,172.73
RA Tripathi,1304116,2022,20,18,111.11
RA Tripathi,1359478,2023,0,2,0.0
RA Tripathi,1359484,2023,34,41,82.93
RA Tripathi,1359488,2023,74,48,154.17
RA Tripathi,1359493,2023,9,4,225.0
RA Tripathi,1359499,2023,7,5,140.0
RA Tripathi,1359503,2023,21,21,100.0
RA Tripathi,1359508,2023,15,21,71.43
RA Tripathi,1359514,2023,10,6,166.67
RA Tripathi,1359521,2023,16,8,200.0
RA Tripathi,1359526,2023,47,29,162.07
RA Tripathi,1359532,2023,20,13,153.85
RA Tripathi,1359536,2023,1,2,50.0
RA Tripathi,1359539,2023,15,12,125.0
RA Tripathi,1422121,2024,20,20,100.0
RA Tripathi,1426261,2024,11,14,78.57
RA Tripathi,1426307,2024,27,17,158.82
RA Tripathi,1426309,2024,51,34,150.0
RA Tripathi,1426311,2024,37,15,246.67
RA Tripathi,1426312,2024,9,13,69.23
RA Tripathi,1473440,2025,2,3,66.67
RA Tripathi,1473445,2025,5,3,166.67
RA Tripathi,1473448,2025,23,19,121.05
RA Tripathi,1473462,2025,16,22,72.73
RA Tripathi,1473467,2025,9,10,90.0
RD Chahar,1082603,2017,3,2,150.0
RD Chahar,1178394,2019,10,7,142.86
RD Chahar,1178399,2019,1,1,100.0
RD Chahar,1178422,2019,1,1,100.0
RD Chahar,1181768,2019,0,2,0.0
RD Chahar,1216492,2020,2,4,50.0
RD Chahar,1254062,2021,8,7,114.29
RD Chahar,1254070,2021,6,6,100.0
RD Chahar,1254104,2021,0,1,0.0
RD Chahar,1254108,2021,0,1,0.0
RD Chahar,1304054,2022,0,2,0.0
RD Chahar,1304057,2022,12,8,150.0
RD Chahar,1304062,2022,22,14,157.14
RD Chahar,1304074,2022,0,2,0.0
RD Chahar,1304078,2022,12,12,100.0
RD Chahar,1304088,2022,4,4,100.0
RD Chahar,1304106,2022,2,2,100.0
RD Chahar,1304110,2022,25,24,104.17
RD Chahar,1359488,2023,0,8,0.0
RD Chahar,1359512,2023,0,1,0.0
RD Chahar,1426291,2024,16,10,160.0
RD Chahar,1426296,2024,5,5,100.0
RD Gaikwad,1216496,2020,0,1,0.0
RD Gaikwad,1216506,2020,62,49,126.53
RD Gaikwad,1216521,2020,0,5,0.0
RD Gaikwad,1216536,2020,72,53,135.85
RD Gaikwad,1216539,2020,5,10,50.0
RD Gaikwad,1216544,2020,65,51,127.45
RD Gaikwad,1254059,2021,5,8,62.5
RD Gaikwad,1254065,2021,5,16,31.25
RD Gaikwad,1254069,2021,10,13,76.92
RD Gaikwad,1254072,2021,62,40,155.0
RD Gaikwad,1254076,2021,32,24,133.33
RD Gaikwad,1254080,2021,75,44,170.45
RD Gaikwad,1254084,2021,4,4,100.0
RD Gaikwad,1254089,2021,101,60,168.33
RD Gaikwad,1254091,2021,45,38,118.42
RD Gaikwad,1254094,2021,12,14,85.71
RD Gaikwad,1254098,2021,40,28,142.86
RD Gaikwad,1254104,2021,88,58,151.72
RD Gaikwad,1254110,2021,13,13,100.0
RD Gaikwad,1254113,2021,38,25,152.0
RD Gaikwad,1254114,2021,70,50,140.0
RD Gaikwad,1254117,2021,32,27,118.52
RD Gaikwad,1304047,2022,0,3,0.0
RD Gaikwad,1304053,2022,1,4,25.0
RD Gaikwad,1304057,2022,1,4,25.0
RD Gaikwad,1304063,2022,16,13,123.08
RD Gaikwad,1304068,2022,17,16,106.25
RD Gaikwad,1304075,2022,73,48,152.08
RD Gaikwad,1304079,2022,0,1,0.0
RD Gaikwad,1304084,2022,30,27,111.11
RD Gaikwad,1304092,2022,99,57,173.68
RD Gaikwad,1304095,2022,28,23,121.74
RD Gaikwad,1304101,2022,40,32,125.0
RD Gaikwad,1304105,2022,7,6,116.67
RD Gaikwad,1304108,2022,53,49,108.16
RD Gaikwad,1304114,2022,2,6,33.33
RD Gaikwad,1359475,2023,92,50,184.0
RD Gaikwad,1359480,2023,57,31,183.87
RD Gaikwad,1359486,2023,40,36,111.11
RD Gaikwad,1359491,2023,8,10,80.0
RD Gaikwad,1359498,2023,3,6,50.0
RD Gaikwad,1359503,2023,35,30,116.67
RD Gaikwad,1359507,2023,35,20,175.0
RD Gaikwad,1359511,2023,47,29,162.07
RD Gaikwad,1359515,2023,37,31,119.35
RD Gaikwad,1359523,2023,30,15,200.0
RD Gaikwad,1359529,2023,24,18,133.33
RD Gaikwad,1359535,2023,17,13,130.77
RD Gaikwad,1359541,2023,79,50,158.0
RD Gaikwad,1370350,2023,60,43,139.53
RD Gaikwad,1370353,2023,26,16,162.5
RD Gaikwad,1422119,2024,15,15,100.0
RD Gaikwad,1422125,2024,46,36,127.78
RD Gaikwad,1422131,2024,1,2,50.0
RD Gaikwad,1422136,2024,26,21,123.81
RD Gaikwad,1426260,2024,67,58,115.52
RD Gaikwad,1426267,2024,69,40,172.5
RD Gaikwad,1426272,2024,17,13,130.77
RD Gaikwad,1426277,2024,108,60,180.0
RD Gaikwad,1426284,2024,98,54,181.48
RD Gaikwad,1426287,2024,58,47,123.4
RD Gaikwad,1426291,2024,32,21,152.38
RD Gaikwad,1426297,2024,0,3,0.0
RD Gaikwad,1426299,2024,42,41,102.44
RD Gaikwad,1426306,2024,0,1,0.0
RD Gaikwad,1473440,2025,53,26,203.85
RD Gaikwad,1473445,2025,0,4,0.0
RD Gaikwad,1473448,2025,63,44,143.18
RD Gaikwad,1473454,2025,5,4,125.0
RD Gaikwad,1473459,2025,1,3,33.33
RD Gaikwad,1527676,2026,6,11,54.55
RD Gaikwad,1527680,2026,28,22,127.27
RD Gaikwad,1527684,2026,7,3,233.33
RD Gaikwad,1527691,2026,15,18,83.33
RD Gaikwad,1529265,2026,7,6,116.67
RD Gaikwad,1529270,2026,19,13,146.15
RD Gaikwad,1529276,2026,18,13,138.46
RD Gaikwad,1529280,2026,74,60,123.33
RD Gaikwad,1529287,2026,67,48,139.58
RD Gaikwad,1529291,2026,6,13,46.15
RD Gaikwad,1529296,2026,42,28,150.0
RD Gaikwad,1529302,2026,13,9,144.44
RD Gaikwad,1529306,2026,15,21,71.43
RD Gaikwad,1529309,2026,16,7,228.57
RD Rickelton,1473440,2025,13,7,185.71
RD Rickelton,1473446,2025,6,9,66.67
RD Rickelton,1473449,2025,62,40,155.0
RD Rickelton,1473453,2025,10,5,200.0
RD Rickelton,1473458,2025,17,10,170.0
RD Rickelton,1473466,2025,41,25,164.0
RD Rickelton,1473470,2025,31,22,140.91
RD Rickelton,1473475,2025,24,19,126.32
RD Rickelton,1473478,2025,11,8,137.5
RD Rickelton,1473482,2025,58,32,181.25
RD Rickelton,1473487,2025,61,38,160.53
RD Rickelton,1473493,2025,2,2,100.0
RD Rickelton,1473501,2025,25,18,138.89
RD Rickelton,1473506,2025,27,20,135.0
RD Rickelton,1527675,2026,81,43,188.37
RD Rickelton,1527681,2026,9,11,81.82
RD Rickelton,1527686,2026,8,4,200.0
RD Rickelton,1527693,2026,37,22,168.18
RD Rickelton,1529267,2026,2,8,25.0
RD Rickelton,1529284,2026,123,55,223.64
RD Rickelton,1529287,2026,37,24,154.17
RD Rickelton,1529290,2026,83,32,259.38
RD Rickelton,1529297,2026,2,4,50.0
RD Rickelton,1529301,2026,48,23,208.7
RD Rickelton,1529308,2026,6,7,85.71
RD Rickelton,1529312,2026,12,7,171.43
RE Levi,548306,2012,50,35,142.86
RE Levi,548308,2012,0,2,0.0
RE Levi,548314,2012,3,9,33.33
RE Levi,548317,2012,29,22,131.82
RE Levi,548325,2012,1,4,25.0
RE Levi,548346,2012,0,1,0.0
RE van der Merwe,392199,2009,9,9,100.0
RE van der Merwe,392204,2009,35,19,184.21
RE van der Merwe,392213,2009,15,16,93.75
RE van der Merwe,392218,2009,3,4,75.0
RE van der Merwe,392224,2009,3,6,50.0
RE van der Merwe,392236,2009,23,18,127.78
RE van der Merwe,392238,2009,2,5,40.0
RE van der Merwe,392239,2009,32,21,152.38
RE van der Merwe,419109,2010,1,2,50.0
RE van der Merwe,501201,2011,8,6,133.33
RE van der Merwe,501204,2011,2,3,66.67
RE van der Merwe,501233,2011,2,4,50.0
RE van der Merwe,501238,2011,2,3,66.67
RE van der Merwe,598059,2013,8,9,88.89
RE van der Merwe,598062,2013,14,16,87.5
RG More,829723,2015,2,2,100.0
RG Sharma,335986,2008,0,3,0.0
RG Sharma,335988,2008,66,36,183.33
RG Sharma,335990,2008,36,30,120.0
RG Sharma,335999,2008,76,42,180.95
RG Sharma,336002,2008,16,15,106.67
RG Sharma,336007,2008,23,17,135.29
RG Sharma,336011,2008,5,8,62.5
RG Sharma,336014,2008,29,22,131.82
RG Sharma,336020,2008,35,18,194.44
RG Sharma,336024,2008,6,10,60.0
RG Sharma,336031,2008,50,27,185.19
RG Sharma,336034,2008,57,42,135.71
RG Sharma,392184,2009,36,32,112.5
RG Sharma,392188,2009,52,30,173.33
RG Sharma,392192,2009,3,5,60.0
RG Sharma,392196,2009,18,19,94.74
RG Sharma,392201,2009,17,20,85.0
RG Sharma,392205,2009,38,32,118.75
RG Sharma,392209,2009,21,20,105.0
RG Sharma,392212,2009,38,36,105.56
RG Sharma,392216,2009,9,15,60.0
RG Sharma,392220,2009,9,14,64.29
RG Sharma,392223,2009,6,7,85.71
RG Sharma,392228,2009,28,12,233.33
RG Sharma,392229,2009,38,25,152.0
RG Sharma,392236,2009,12,12,100.0
RG Sharma,392237,2009,5,11,45.45
RG Sharma,392239,2009,24,23,104.35
RG Sharma,419106,2010,13,12,108.33
RG Sharma,419110,2010,19,9,211.11
RG Sharma,419117,2010,1,2,50.0
RG Sharma,419120,2010,45,30,150.0
RG Sharma,419126,2010,49,35,140.0
RG Sharma,419130,2010,45,28,160.71
RG Sharma,419135,2010,2,6,33.33
RG Sharma,419138,2010,11,13,84.62
RG Sharma,419141,2010,73,44,165.91
RG Sharma,419145,2010,6,5,120.0
RG Sharma,419147,2010,8,15,53.33
RG Sharma,419151,2010,50,45,111.11
RG Sharma,419156,2010,68,38,178.95
RG Sharma,419160,2010,11,9,122.22
RG Sharma,419163,2010,2,5,40.0
RG Sharma,419164,2010,0,4,0.0
RG Sharma,501201,2011,27,30,90.0
RG Sharma,501218,2011,20,18,111.11
RG Sharma,501221,2011,87,48,181.25
RG Sharma,501224,2011,56,34,164.71
RG Sharma,501231,2011,13,22,59.09
RG Sharma,501237,2011,18,11,163.64
RG Sharma,501241,2011,12,20,60.0
RG Sharma,501246,2011,49,32,153.12
RG Sharma,501251,2011,5,5,100.0
RG Sharma,501256,2011,4,6,66.67
RG Sharma,501263,2011,58,47,123.4
RG Sharma,501267,2011,10,9,111.11
RG Sharma,501270,2011,13,15,86.67
RG Sharma,548306,2012,0,3,0.0
RG Sharma,548308,2012,1,6,16.67
RG Sharma,548314,2012,73,50,146.0
RG Sharma,548317,2012,21,13,161.54
RG Sharma,548325,2012,29,27,107.41
RG Sharma,548334,2012,2,5,40.0
RG Sharma,548339,2012,49,29,168.97
RG Sharma,548342,2012,12,6,200.0
RG Sharma,548346,2012,42,48,87.5
RG Sharma,548351,2012,3,5,60.0
RG Sharma,548355,2012,60,46,130.43
RG Sharma,548360,2012,0,3,0.0
RG Sharma,548363,2012,109,60,181.67
RG Sharma,548367,2012,5,7,71.43
RG Sharma,548370,2012,12,14,85.71
RG Sharma,548379,2012,14,19,73.68
RG Sharma,597999,2013,11,11,100.0
RG Sharma,598002,2013,8,10,80.0
RG Sharma,598006,2013,74,50,148.0
RG Sharma,598011,2013,56,31,180.65
RG Sharma,598019,2013,2,7,28.57
RG Sharma,598024,2013,73,43,169.77
RG Sharma,598029,2013,34,28,121.43
RG Sharma,598033,2013,10,8,125.0
RG Sharma,598037,2013,79,39,202.56
RG Sharma,598039,2013,22,22,100.0
RG Sharma,598046,2013,39,30,130.0
RG Sharma,598050,2013,16,11,145.45
RG Sharma,598055,2013,37,41,90.24
RG Sharma,598060,2013,20,15,133.33
RG Sharma,598063,2013,14,9,155.56
RG Sharma,598066,2013,25,25,100.0
RG Sharma,598070,2013,8,15,53.33
RG Sharma,598072,2013,2,8,25.0
RG Sharma,598073,2013,2,5,40.0
RG Sharma,729279,2014,27,20,135.0
RG Sharma,729287,2014,2,5,40.0
RG Sharma,729303,2014,50,41,121.95
RG Sharma,729309,2014,4,5,80.0
RG Sharma,729317,2014,1,5,20.0
RG Sharma,733973,2014,39,34,114.71
RG Sharma,733983,2014,59,35,168.57
RG Sharma,733995,2014,19,19,100.0
RG Sharma,734001,2014,14,6,233.33
RG Sharma,734009,2014,51,45,113.33
RG Sharma,734017,2014,40,19,210.53
RG Sharma,734025,2014,18,20,90.0
RG Sharma,734031,2014,30,21,142.86
RG Sharma,734041,2014,16,11,145.45
RG Sharma,734045,2014,20,16,125.0
RG Sharma,829705,2015,98,65,150.77
RG Sharma,829717,2015,0,2,0.0
RG Sharma,829721,2015,0,5,0.0
RG Sharma,829729,2015,50,31,161.29
RG Sharma,829737,2015,42,15,280.0
RG Sharma,829747,2015,30,24,125.0
RG Sharma,829751,2015,24,15,160.0
RG Sharma,829769,2015,27,21,128.57
RG Sharma,829775,2015,26,20,130.0
RG Sharma,829783,2015,46,37,124.32
RG Sharma,829789,2015,18,22,81.82
RG Sharma,829795,2015,15,13,115.38
RG Sharma,829805,2015,30,21,142.86
RG Sharma,829815,2015,7,2,350.0
RG Sharma,829817,2015,19,14,135.71
RG Sharma,829823,2015,50,26,192.31
RG Sharma,980901,2016,7,5,140.0
RG Sharma,980909,2016,84,54,155.56
RG Sharma,980917,2016,7,9,77.78
RG Sharma,980923,2016,5,8,62.5
RG Sharma,980927,2016,61,43,141.86
RG Sharma,980933,2016,65,48,135.42
RG Sharma,980941,2016,0,2,0.0
RG Sharma,980947,2016,68,49,138.78
RG Sharma,980957,2016,85,60,141.67
RG Sharma,980973,2016,5,3,166.67
RG Sharma,980981,2016,24,23,104.35
RG Sharma,980985,2016,15,24,62.5
RG Sharma,980993,2016,31,21,147.62
RG Sharma,981007,2016,30,17,176.47
RG Sharma,1082592,2017,3,7,42.86
RG Sharma,1082597,2017,2,6,33.33
RG Sharma,1082600,2017,4,4,100.0
RG Sharma,1082602,2017,0,2,0.0
RG Sharma,1082606,2017,40,29,137.93
RG Sharma,1082614,2017,5,9,55.56
RG Sharma,1082618,2017,58,39,148.72
RG Sharma,1082625,2017,5,13,38.46
RG Sharma,1082628,2017,56,37,151.35
RG Sharma,1082635,2017,10,6,166.67
RG Sharma,1082638,2017,67,45,148.89
RG Sharma,1082641,2017,5,7,71.43
RG Sharma,1082644,2017,27,21,128.57
RG Sharma,1082647,2017,1,2,50.0
RG Sharma,1082649,2017,26,24,108.33
RG Sharma,1082650,2017,24,22,109.09
RG Sharma,1136561,2018,15,18,83.33
RG Sharma,1136567,2018,11,10,110.0
RG Sharma,1136569,2018,18,15,120.0
RG Sharma,1136574,2018,94,52,180.77
RG Sharma,1136581,2018,0,1,0.0
RG Sharma,1136583,2018,2,6,33.33
RG Sharma,1136587,2018,56,33,169.7
RG Sharma,1136591,2018,0,1,0.0
RG Sharma,1136594,2018,24,15,160.0
RG Sharma,1136597,2018,11,11,100.0
RG Sharma,1136601,2018,35,30,116.67
RG Sharma,1136607,2018,0,1,0.0
RG Sharma,1136610,2018,6,10,60.0
RG Sharma,1136615,2018,13,11,118.18
RG Sharma,1175358,2019,14,13,107.69
RG Sharma,1175362,2019,48,33,145.45
RG Sharma,1175364,2019,32,18,177.78
RG Sharma,1175370,2019,13,18,72.22
RG Sharma,1178394,2019,11,14,78.57
RG Sharma,1178402,2019,47,32,146.88
RG Sharma,1178406,2019,28,19,147.37
RG Sharma,1178409,2019,24,21,114.29
RG Sharma,1178411,2019,5,7,71.43
RG Sharma,1178419,2019,67,48,139.58
RG Sharma,1178422,2019,12,9,133.33
RG Sharma,1178426,2019,24,18,133.33
RG Sharma,1178431,2019,55,48,114.58
RG Sharma,1181764,2019,4,2,200.0
RG Sharma,1181768,2019,15,14,107.14
RG Sharma,1216492,2020,12,10,120.0
RG Sharma,1216495,2020,4,7,57.14
RG Sharma,1216503,2020,70,45,155.56
RG Sharma,1216508,2020,80,54,148.15
RG Sharma,1216511,2020,35,23,152.17
RG Sharma,1216517,2020,11,11,100.0
RG Sharma,1216526,2020,35,36,97.22
RG Sharma,1216529,2020,5,12,41.67
RG Sharma,1216538,2020,6,5,120.0
RG Sharma,1216547,2020,8,8,100.0
RG Sharma,1237177,2020,0,1,0.0
RG Sharma,1237181,2020,68,51,133.33
RG Sharma,1254058,2021,19,15,126.67
RG Sharma,1254062,2021,43,32,134.38
RG Sharma,1254066,2021,32,25,128.0
RG Sharma,1254070,2021,44,30,146.67
RG Sharma,1254074,2021,63,52,121.15
RG Sharma,1254081,2021,14,17,82.35
RG Sharma,1254084,2021,35,24,145.83
RG Sharma,1254088,2021,18,13,138.46
RG Sharma,1254093,2021,22,13,169.23
RG Sharma,1254096,2021,33,30,110.0
RG Sharma,1254099,2021,8,10,80.0
RG Sharma,1254108,2021,41,27,151.85
RG Sharma,1254112,2021,7,10,70.0
RG Sharma,1304048,2022,41,32,128.12
RG Sharma,1304055,2022,10,5,200.0
RG Sharma,1304060,2022,3,12,25.0
RG Sharma,1304064,2022,26,15,173.33
RG Sharma,1304069,2022,28,17,164.71
RG Sharma,1304072,2022,6,7,85.71
RG Sharma,1304079,2022,0,2,0.0
RG Sharma,1304083,2022,39,31,125.81
RG Sharma,1304090,2022,2,5,40.0
RG Sharma,1304097,2022,43,28,153.57
RG Sharma,1304102,2022,2,6,33.33
RG Sharma,1304105,2022,18,14,128.57
RG Sharma,1304111,2022,44,35,125.71
RG Sharma,1304115,2022,2,13,15.38
RG Sharma,1359479,2023,1,10,10.0
RG Sharma,1359486,2023,21,13,161.54
RG Sharma,1359490,2023,65,45,144.44
RG Sharma,1359496,2023,20,13,153.85
RG Sharma,1359499,2023,28,18,155.56
RG Sharma,1359505,2023,44,27,162.96
RG Sharma,1359509,2023,2,8,25.0
RG Sharma,1359516,2023,3,5,60.0
RG Sharma,1359520,2023,0,3,0.0
RG Sharma,1359523,2023,0,3,0.0
RG Sharma,1359528,2023,7,8,87.5
RG Sharma,1359531,2023,29,18,161.11
RG Sharma,1359537,2023,37,25,148.0
RG Sharma,1359543,2023,50,35,142.86
RG Sharma,1370351,2023,11,10,110.0
RG Sharma,1370352,2023,8,7,114.29
RG Sharma,1422123,2024,43,29,148.28
RG Sharma,1422126,2024,26,12,216.67
RG Sharma,1422132,2024,0,1,0.0
RG Sharma,1422138,2024,49,27,181.48
RG Sharma,1426263,2024,38,24,158.33
RG Sharma,1426267,2024,105,63,166.67
RG Sharma,1426271,2024,36,25,144.0
RG Sharma,1426276,2024,6,5,120.0
RG Sharma,1426281,2024,8,7,114.29
RG Sharma,1426286,2024,4,5,80.0
RG Sharma,1426289,2024,11,12,91.67
RG Sharma,1426293,2024,4,5,80.0
RG Sharma,1426298,2024,19,24,79.17
RG Sharma,1426305,2024,68,38,178.95
RG Sharma,1473440,2025,0,4,0.0
RG Sharma,1473446,2025,8,4,200.0
RG Sharma,1473449,2025,11,11,100.0
RG Sharma,1473458,2025,17,9,188.89
RG Sharma,1473466,2025,18,12,150.0
RG Sharma,1473470,2025,26,16,162.5
RG Sharma,1473475,2025,76,45,168.89
RG Sharma,1473478,2025,70,46,152.17
RG Sharma,1473482,2025,12,5,240.0
RG Sharma,1473487,2025,53,36,147.22
RG Sharma,1473493,2025,7,8,87.5
RG Sharma,1473501,2025,5,5,100.0
RG Sharma,1473506,2025,24,21,114.29
RG Sharma,1473509,2025,81,50,162.0
RG Sharma,1473510,2025,8,7,114.29
RG Sharma,1527675,2026,77,37,208.11
RG Sharma,1527681,2026,35,26,134.62
RG Sharma,1527686,2026,5,6,83.33
RG Sharma,1527693,2026,19,13,146.15
RG Sharma,1529290,2026,84,44,190.91
RG Sharma,1529297,2026,22,10,220.0
RG Sharma,1529301,2026,25,26,96.15
RG Sharma,1529308,2026,15,13,115.38
RG Sharma,1529312,2026,0,4,0.0
RJ Gleeson,1426291,2024,2,2,100.0
RJ Harris,392209,2009,1,4,25.0
RJ Harris,392212,2009,5,4,125.0
RJ Harris,392229,2009,2,2,100.0
RJ Harris,392236,2009,4,3,133.33
RJ Harris,392239,2009,9,5,180.0
RJ Harris,419138,2010,13,10,130.0
RJ Harris,419141,2010,1,2,50.0
RJ Harris,419151,2010,13,9,144.44
RJ Harris,419163,2010,15,8,187.5
RJ Harris,419164,2010,3,10,30.0
RJ Harris,501223,2011,1,1,100.0
RJ Harris,501237,2011,1,2,50.0
RJ Harris,501244,2011,16,24,66.67
RJ Harris,501248,2011,4,4,100.0
RJ Harris,501251,2011,6,4,150.0
RJ Harris,501257,2011,2,2,100.0
RJ Harris,501264,2011,0,1,0.0
RJ Harris,548354,2012,3,5,60.0
RJ Harris,548374,2012,15,6,250.0
RJ Harris,598007,2013,0,2,0.0
RJ Harris,598014,2013,2,3,66.67
RJ Peterson,548339,2012,16,7,228.57
RJ Peterson,548342,2012,2,2,100.0
RJ Peterson,548346,2012,1,5,20.0
RJ Peterson,548351,2012,13,14,92.86
RJ Peterson,548355,2012,0,2,0.0
RJ Quiney,392190,2009,6,2,300.0
RJ Quiney,392195,2009,7,8,87.5
RJ Quiney,392198,2009,4,9,44.44
RJ Quiney,392202,2009,28,31,90.32
RJ Quiney,392225,2009,51,40,127.5
RJ Quiney,392230,2009,6,10,60.0
RJ Quiney,392233,2009,1,2,50.0
RJW Topley,1422133,2024,3,6,50.0
RK Bhui,1136580,2018,0,5,0.0
RK Bhui,1178405,2019,7,12,58.33
RK Bhui,1422120,2024,3,7,42.86
RK Bhui,1422127,2024,0,2,0.0
RK Singh,1136563,2018,6,6,100.0
RK Singh,1136565,2018,2,4,50.0
RK Singh,1136593,2018,16,18,88.89
RK Singh,1136601,2018,5,3,166.67
RK Singh,1178413,2019,30,25,120.0
RK Singh,1178418,2019,3,3,100.0
RK Singh,1178431,2019,4,6,66.67
RK Singh,1216536,2020,11,11,100.0
RK Singh,1304081,2022,35,28,125.0
RK Singh,1304087,2022,23,16,143.75
RK Singh,1304093,2022,42,23,182.61
RK Singh,1304099,2022,6,10,60.0
RK Singh,1304102,2022,23,19,121.05
RK Singh,1304107,2022,5,6,83.33
RK Singh,1304112,2022,40,15,266.67
RK Singh,1359476,2023,4,4,100.0
RK Singh,1359483,2023,39,31,125.81
RK Singh,1359487,2023,48,21,228.57
RK Singh,1359493,2023,52,30,173.33
RK Singh,1359496,2023,18,18,100.0
RK Singh,1359502,2023,6,8,75.0
RK Singh,1359507,2023,53,33,160.61
RK Singh,1359510,2023,18,10,180.0
RK Singh,1359513,2023,19,20,95.0
RK Singh,1359521,2023,46,35,131.43
RK Singh,1359527,2023,21,10,210.0
RK Singh,1359530,2023,16,18,88.89
RK Singh,1359535,2023,54,42,128.57
RK Singh,1359542,2023,67,33,203.03
RK Singh,1422121,2024,23,15,153.33
RK Singh,1422128,2024,5,5,100.0
RK Singh,1422134,2024,25,7,357.14
RK Singh,1426260,2024,9,13,69.23
RK Singh,1426269,2024,20,9,222.22
RK Singh,1426274,2024,24,16,150.0
RK Singh,1426280,2024,5,4,125.0
RK Singh,1426285,2024,11,11,100.0
RK Singh,1426289,2024,9,8,112.5
RK Singh,1426292,2024,16,11,145.45
RK Singh,1426298,2024,20,12,166.67
RK Singh,1473438,2025,12,10,120.0
RK Singh,1473449,2025,17,14,121.43
RK Singh,1473452,2025,32,17,188.24
RK Singh,1473456,2025,38,15,253.33
RK Singh,1473462,2025,13,11,118.18
RK Singh,1473468,2025,2,9,22.22
RK Singh,1473476,2025,17,14,121.43
RK Singh,1473485,2025,36,25,144.0
RK Singh,1473490,2025,19,6,316.67
RK Singh,1473494,2025,9,6,150.0
RK Singh,1473505,2025,9,6,150.0
RK Singh,1527675,2026,33,20,165.0
RK Singh,1527679,2026,35,25,140.0
RK Singh,1527688,2026,4,7,57.14
RK Singh,1529265,2026,6,12,50.0
RK Singh,1529268,2026,1,2,50.0
RK Singh,1529271,2026,53,34,155.88
RK Singh,1529281,2026,87,52,167.31
RK Singh,1529288,2026,22,11,200.0
RK Singh,1529300,2026,49,29,168.97
RK Singh,1529308,2026,9,5,180.0
RK Singh,1529313,2026,0,1,0.0
RM Patidar,1254058,2021,8,8,100.0
RM Patidar,1254067,2021,1,2,50.0
RM Patidar,1254079,2021,31,22,140.91
RM Patidar,1254083,2021,31,30,103.33
RM Patidar,1304085,2022,16,16,100.0
RM Patidar,1304089,2022,52,32,162.5
RM Patidar,1304095,2022,21,15,140.0
RM Patidar,1304100,2022,48,38,126.32
RM Patidar,1304106,2022,26,21,123.81
RM Patidar,1312198,2022,111,53,209.43
RM Patidar,1312199,2022,58,42,138.1
RM Patidar,1422119,2024,0,3,0.0
RM Patidar,1422124,2024,18,18,100.0
RM Patidar,1422128,2024,3,4,75.0
RM Patidar,1422133,2024,29,21,138.1
RM Patidar,1426263,2024,50,26,192.31
RM Patidar,1426268,2024,9,5,180.0
RM Patidar,1426274,2024,52,23,226.09
RM Patidar,1426279,2024,50,20,250.0
RM Patidar,1426290,2024,2,3,66.67
RM Patidar,1426296,2024,55,23,239.13
RM Patidar,1426300,2024,52,32,162.5
RM Patidar,1426306,2024,41,23,178.26
RM Patidar,1426310,2024,34,22,154.55
RM Patidar,1473438,2025,34,16,212.5
RM Patidar,1473445,2025,51,32,159.38
RM Patidar,1473451,2025,12,12,100.0
RM Patidar,1473458,2025,64,32,200.0
RM Patidar,1473461,2025,25,23,108.7
RM Patidar,1473471,2025,23,18,127.78
RM Patidar,1473474,2025,12,13,92.31
RM Patidar,1473479,2025,1,3,33.33
RM Patidar,1473483,2025,6,6,100.0
RM Patidar,1473489,2025,11,15,73.33
RM Patidar,1473503,2025,18,16,112.5
RM Patidar,1473507,2025,14,7,200.0
RM Patidar,1473508,2025,15,8,187.5
RM Patidar,1473511,2025,26,16,162.5
RM Patidar,1527674,2026,31,12,258.33
RM Patidar,1527684,2026,48,19,252.63
RM Patidar,1527689,2026,63,40,157.5
RM Patidar,1527693,2026,53,20,265.0
RM Patidar,1529266,2026,27,13,207.69
RM Patidar,1529269,2026,8,4,200.0
RM Patidar,1529277,2026,8,5,160.0
RM Patidar,1529285,2026,19,15,126.67
RM Patidar,1529293,2026,61,31,196.77
RM Patidar,1529297,2026,8,8,100.0
RM Patidar,1529300,2026,11,8,137.5
RM Patidar,1529310,2026,55,38,144.74
RM Patidar,1535462,2026,93,33,281.82
RM Patidar,1535465,2026,15,13,115.38
RN ten Doeschate,501230,2011,19,12,158.33
RN ten Doeschate,501267,2011,18,12,150.0
RN ten Doeschate,501269,2011,70,49,142.86
RN ten Doeschate,548315,2012,3,4,75.0
RN ten Doeschate,548320,2012,7,3,233.33
RN ten Doeschate,548323,2012,11,14,78.57
RN ten Doeschate,598053,2013,31,21,147.62
RN ten Doeschate,598057,2013,11,7,157.14
RN ten Doeschate,598061,2013,42,30,140.0
RN ten Doeschate,598069,2013,1,5,20.0
RN ten Doeschate,733979,2014,0,1,0.0
RN ten Doeschate,734015,2014,25,15,166.67
RN ten Doeschate,734027,2014,6,3,200.0
RN ten Doeschate,734037,2014,0,1,0.0
RN ten Doeschate,734043,2014,17,10,170.0
RN ten Doeschate,734049,2014,4,3,133.33
RN ten Doeschate,829733,2015,0,1,0.0
RN ten Doeschate,829739,2015,3,2,150.0
RN ten Doeschate,829765,2015,38,28,135.71
RN ten Doeschate,829771,2015,12,7,171.43
RN ten Doeschate,829781,2015,8,7,114.29
RP Meredith,1304102,2022,0,1,0.0
RP Meredith,1359509,2023,0,2,0.0
RP Singh,335986,2008,1,2,50.0
RP Singh,335988,2008,1,1,100.0
RP Singh,335999,2008,2,2,100.0
RP Singh,336002,2008,1,3,33.33
RP Singh,336011,2008,2,3,66.67
RP Singh,336014,2008,6,4,150.0
RP Singh,336020,2008,1,2,50.0
RP Singh,336024,2008,3,3,100.0
RP Singh,336037,2008,10,4,250.0
RP Singh,392192,2009,4,4,100.0
RP Singh,392201,2009,2,4,50.0
RP Singh,392209,2009,2,6,33.33
RP Singh,392223,2009,0,1,0.0
RP Singh,392229,2009,0,2,0.0
RP Singh,419117,2010,4,2,200.0
RP Singh,419126,2010,1,4,25.0
RP Singh,419130,2010,1,5,20.0
RP Singh,419141,2010,3,5,60.0
RP Singh,419163,2010,0,3,0.0
RP Singh,501207,2011,0,1,0.0
RP Singh,501225,2011,1,1,100.0
RP Singh,501229,2011,0,1,0.0
RP Singh,501233,2011,1,1,100.0
RP Singh,548325,2012,0,4,0.0
RP Singh,548342,2012,1,1,100.0
RP Singh,548355,2012,1,1,100.0
RP Singh,548370,2012,3,5,60.0
RP Singh,548379,2012,1,1,100.0
RR Bhatkal,548318,2012,0,2,0.0
RR Pant,980945,2016,20,17,117.65
RR Pant,980951,2016,4,4,100.0
RR Pant,980961,2016,69,40,172.5
RR Pant,980965,2016,2,8,25.0
RR Pant,980971,2016,4,3,133.33
RR Pant,980983,2016,39,26,150.0
RR Pant,980993,2016,23,17,135.29
RR Pant,980997,2016,4,9,44.44
RR Pant,981003,2016,32,26,123.08
RR Pant,981011,2016,1,2,50.0
RR Pant,1082595,2017,57,36,158.33
RR Pant,1082599,2017,31,22,140.91
RR Pant,1082605,2017,15,9,166.67
RR Pant,1082608,2017,38,16,237.5
RR Pant,1082611,2017,0,1,0.0
RR Pant,1082614,2017,0,3,0.0
RR Pant,1082622,2017,6,4,150.0
RR Pant,1082626,2017,3,6,50.0
RR Pant,1082630,2017,34,20,170.0
RR Pant,1082632,2017,97,43,225.58
RR Pant,1082635,2017,0,3,0.0
RR Pant,1082640,2017,4,2,200.0
RR Pant,1082642,2017,36,22,163.64
RR Pant,1082646,2017,44,33,133.33
RR Pant,1136562,2018,28,13,215.38
RR Pant,1136566,2018,20,14,142.86
RR Pant,1136569,2018,47,25,188.0
RR Pant,1136573,2018,43,26,165.38
RR Pant,1136579,2018,85,48,177.08
RR Pant,1136582,2018,4,7,57.14
RR Pant,1136586,2018,0,1,0.0
RR Pant,1136590,2018,79,45,175.56
RR Pant,1136592,2018,69,29,237.93
RR Pant,1136596,2018,18,19,94.74
RR Pant,1136602,2018,128,63,203.17
RR Pant,1136605,2018,61,34,179.41
RR Pant,1136612,2018,38,26,146.15
RR Pant,1136615,2018,64,44,145.45
RR Pant,1175358,2019,78,27,288.89
RR Pant,1175360,2019,25,13,192.31
RR Pant,1175365,2019,17,19,89.47
RR Pant,1175368,2019,39,26,150.0
RR Pant,1175371,2019,5,7,71.43
RR Pant,1178395,2019,18,14,128.57
RR Pant,1178401,2019,46,31,148.39
RR Pant,1178405,2019,23,19,121.05
RR Pant,1178409,2019,7,11,63.64
RR Pant,1178412,2019,6,7,85.71
RR Pant,1178415,2019,74,35,211.43
RR Pant,1178421,2019,7,7,100.0
RR Pant,1178425,2019,5,3,166.67
RR Pant,1178428,2019,53,38,139.47
RR Pant,1181766,2019,49,21,233.33
RR Pant,1181767,2019,37,24,154.17
RR Pant,1216493,2020,33,31,106.45
RR Pant,1216497,2020,27,32,84.38
RR Pant,1216500,2020,5,9,55.56
RR Pant,1216505,2020,8,7,114.29
RR Pant,1216515,2020,38,17,223.53
RR Pant,1216519,2020,31,24,129.17
RR Pant,1216524,2020,36,35,102.86
RR Pant,1216532,2020,28,27,103.7
RR Pant,1216535,2020,21,24,87.5
RR Pant,1216539,2020,37,25,148.0
RR Pant,1216546,2020,14,20,70.0
RR Pant,1237177,2020,3,9,33.33
RR Pant,1237180,2020,2,3,66.67
RR Pant,1237181,2020,56,38,147.37
RR Pant,1254059,2021,15,12,125.0
RR Pant,1254064,2021,51,32,159.38
RR Pant,1254068,2021,14,15,93.33
RR Pant,1254070,2021,7,8,87.5
RR Pant,1254077,2021,41,30,136.67
RR Pant,1254079,2021,58,48,120.83
RR Pant,1254082,2021,16,8,200.0
RR Pant,1254086,2021,14,11,127.27
RR Pant,1254092,2021,39,36,108.33
RR Pant,1254097,2021,24,24,100.0
RR Pant,1254101,2021,10,8,125.0
RR Pant,1254105,2021,35,21,166.67
RR Pant,1254110,2021,15,12,125.0
RR Pant,1254112,2021,26,22,118.18
RR Pant,1254114,2021,51,35,145.71
RR Pant,1254116,2021,6,6,100.0
RR Pant,1304048,2022,1,2,50.0
RR Pant,1304056,2022,43,29,148.28
RR Pant,1304061,2022,39,36,108.33
RR Pant,1304065,2022,26,13,200.0
RR Pant,1304073,2022,34,17,200.0
RR Pant,1304080,2022,44,24,183.33
RR Pant,1304087,2022,2,5,40.0
RR Pant,1304091,2022,44,30,146.67
RR Pant,1304096,2022,25,15,166.67
RR Pant,1304101,2022,21,11,190.91
RR Pant,1304104,2022,13,4,325.0
RR Pant,1304110,2022,7,3,233.33
RR Pant,1304115,2022,39,33,118.18
RR Pant,1422120,2024,18,13,138.46
RR Pant,1422127,2024,28,26,107.69
RR Pant,1422131,2024,51,32,159.38
RR Pant,1422134,2024,55,25,220.0
RR Pant,1422138,2024,1,3,33.33
RR Pant,1426264,2024,41,24,170.83
RR Pant,1426270,2024,16,11,145.45
RR Pant,1426273,2024,44,35,125.71
RR Pant,1426278,2024,88,43,204.65
RR Pant,1426281,2024,29,19,152.63
RR Pant,1426285,2024,27,20,135.0
RR Pant,1426294,2024,15,13,115.38
RR Pant,1426302,2024,33,23,143.48
RR Pant,1473441,2025,0,6,0.0
RR Pant,1473444,2025,15,15,100.0
RR Pant,1473450,2025,2,5,40.0
RR Pant,1473453,2025,2,6,33.33
RR Pant,1473463,2025,21,18,116.67
RR Pant,1473467,2025,63,49,128.57
RR Pant,1473473,2025,3,9,33.33
RR Pant,1473477,2025,0,2,0.0
RR Pant,1473482,2025,4,2,200.0
RR Pant,1473491,2025,18,17,105.88
RR Pant,1473499,2025,7,6,116.67
RR Pant,1473502,2025,16,6,266.67
RR Pant,1473507,2025,118,61,193.44
RR Pant,1527678,2026,7,9,77.78
RR Pant,1527683,2026,68,50,136.0
RR Pant,1527688,2026,10,9,111.11
RR Pant,1527692,2026,18,11,163.64
RR Pant,1529266,2026,1,6,16.67
RR Pant,1529272,2026,43,23,186.96
RR Pant,1529275,2026,0,3,0.0
RR Pant,1529281,2026,43,39,110.26
RR Pant,1529290,2026,15,10,150.0
RR Pant,1529293,2026,32,10,320.0
RR Pant,1529296,2026,15,12,125.0
RR Pant,1529307,2026,35,23,152.17
RR Pant,1529311,2026,26,22,118.18
RR Powar,336039,2008,28,21,133.33
RR Powar,392200,2009,10,10,100.0
RR Powar,392210,2009,6,7,85.71
RR Powar,392234,2009,7,5,140.0
RR Powar,419108,2010,3,7,42.86
RR Powar,419121,2010,2,1,200.0
RR Powar,501219,2011,3,6,50.0
RR Powar,501233,2011,0,1,0.0
RR Powar,501247,2011,8,6,133.33
RR Raje,336004,2008,6,5,120.0
RR Raje,336024,2008,1,2,50.0
RR Raje,336036,2008,1,2,50.0
RR Raje,392212,2009,11,7,157.14
RR Raje,392215,2009,1,2,50.0
RR Rossouw,733977,2014,14,23,60.87
RR Rossouw,733983,2014,24,14,171.43
RR Rossouw,734035,2014,1,4,25.0
RR Rossouw,829737,2015,0,1,0.0
RR Rossouw,829745,2015,14,9,155.56
RR Rossouw,1359477,2023,30,20,150.0
RR Rossouw,1359481,2023,0,1,0.0
RR Rossouw,1359485,2023,14,12,116.67
RR Rossouw,1359518,2023,8,6,133.33
RR Rossouw,1359524,2023,33,21,157.14
RR Rossouw,1359529,2023,35,37,94.59
RR Rossouw,1359533,2023,5,5,100.0
RR Rossouw,1359538,2023,82,37,221.62
RR Rossouw,1359541,2023,0,1,0.0
RR Rossouw,1426271,2024,1,3,33.33
RR Rossouw,1426275,2024,9,7,128.57
RR Rossouw,1426280,2024,26,16,162.5
RR Rossouw,1426287,2024,43,23,186.96
RR Rossouw,1426291,2024,0,3,0.0
RR Rossouw,1426296,2024,61,27,225.93
RR Rossouw,1426303,2024,22,13,169.23
RR Rossouw,1426307,2024,49,23,213.04
RR Sarwan,335991,2008,7,9,77.78
RR Sarwan,335999,2008,15,15,100.0
RR Sarwan,336006,2008,31,29,106.9
RR Sarwan,336013,2008,20,22,90.91
RS Bopara,392183,2009,22,16,137.5
RS Bopara,392186,2009,15,15,100.0
RS Bopara,392191,2009,84,59,142.37
RS Bopara,392195,2009,11,15,73.33
RS Bopara,392200,2009,6,14,42.86
RS Bopara,419108,2010,56,48,116.67
RS Bopara,419112,2010,77,50,154.0
RS Bopara,419117,2010,38,32,118.75
RS Bopara,419121,2010,1,8,12.5
RS Bopara,419124,2010,25,26,96.15
RS Bopara,419127,2010,0,2,0.0
RS Bopara,419132,2010,1,4,25.0
RS Bopara,419136,2010,42,33,127.27
RS Bopara,419143,2010,8,11,72.73
RS Bopara,829711,2015,22,15,146.67
RS Bopara,829727,2015,23,19,121.05
RS Bopara,829731,2015,41,30,136.67
RS Bopara,829743,2015,2,4,50.0
RS Bopara,829751,2015,23,27,85.19
RS Bopara,829759,2015,0,2,0.0
RS Bopara,829787,2015,17,12,141.67
RS Bopara,829793,2015,17,11,154.55
RS Gavaskar,419113,2010,2,8,25.0
RS Sodhi,419146,2010,4,2,200.0
RT Ponting,335982,2008,20,20,100.0
RT Ponting,335986,2008,0,1,0.0
RT Ponting,335993,2008,0,1,0.0
RT Ponting,335997,2008,19,31,61.29
RT Ponting,597999,2013,28,33,84.85
RT Ponting,598002,2013,6,10,60.0
RT Ponting,598006,2013,0,6,0.0
RT Ponting,598011,2013,14,17,82.35
RT Ponting,598019,2013,4,9,44.44
RV Gomez,501200,2011,0,1,0.0
RV Gomez,501207,2011,26,18,144.44
RV Gomez,501219,2011,10,10,100.0
RV Gomez,501225,2011,0,1,0.0
RV Gomez,501229,2011,0,1,0.0
RV Gomez,501242,2011,1,1,100.0
RV Gomez,501247,2011,7,15,46.67
RV Gomez,501254,2011,2,3,66.67
RV Gomez,598067,2013,4,1,400.0
RV Patel,1254101,2021,7,7,100.0
RV Patel,1254110,2021,18,20,90.0
RV Patel,1304101,2022,6,3,200.0
RV Patel,1359508,2023,5,6,83.33
RV Patel,1359514,2023,11,8,137.5
RV Patel,1359518,2023,23,13,176.92
RV Patel,1359529,2023,10,16,62.5
RV Uthappa,335985,2008,48,38,126.32
RV Uthappa,335989,2008,42,35,120.0
RV Uthappa,335991,2008,20,17,117.65
RV Uthappa,335994,2008,6,4,150.0
RV Uthappa,335997,2008,37,37,100.0
RV Uthappa,336004,2008,21,20,105.0
RV Uthappa,336008,2008,34,21,161.9
RV Uthappa,336012,2008,19,16,118.75
RV Uthappa,336018,2008,16,19,84.21
RV Uthappa,336021,2008,9,8,112.5
RV Uthappa,336024,2008,7,16,43.75
RV Uthappa,336028,2008,9,13,69.23
RV Uthappa,336032,2008,45,22,204.55
RV Uthappa,336036,2008,3,8,37.5
RV Uthappa,392182,2009,3,10,30.0
RV Uthappa,392185,2009,20,19,105.26
RV Uthappa,392188,2009,12,19,63.16
RV Uthappa,392191,2009,0,1,0.0
RV Uthappa,392194,2009,3,4,75.0
RV Uthappa,392204,2009,19,17,111.76
RV Uthappa,392208,2009,66,42,157.14
RV Uthappa,392213,2009,17,20,85.0
RV Uthappa,392218,2009,4,5,80.0
RV Uthappa,392221,2009,7,9,77.78
RV Uthappa,392224,2009,6,4,150.0
RV Uthappa,392232,2009,1,5,20.0
RV Uthappa,392239,2009,17,15,113.33
RV Uthappa,419109,2010,20,17,117.65
RV Uthappa,419112,2010,51,21,242.86
RV Uthappa,419119,2010,23,15,153.33
RV Uthappa,419123,2010,68,38,178.95
RV Uthappa,419128,2010,15,10,150.0
RV Uthappa,419133,2010,21,13,161.54
RV Uthappa,419136,2010,22,8,275.0
RV Uthappa,419140,2010,12,9,133.33
RV Uthappa,419145,2010,2,5,40.0
RV Uthappa,419148,2010,50,22,227.27
RV Uthappa,419151,2010,34,20,170.0
RV Uthappa,419154,2010,26,21,123.81
RV Uthappa,419157,2010,4,6,66.67
RV Uthappa,419162,2010,26,13,200.0
RV Uthappa,501202,2011,22,14,157.14
RV Uthappa,501207,2011,31,13,238.46
RV Uthappa,501213,2011,4,10,40.0
RV Uthappa,501218,2011,44,34,129.41
RV Uthappa,501226,2011,0,3,0.0
RV Uthappa,501228,2011,31,22,140.91
RV Uthappa,501232,2011,23,17,135.29
RV Uthappa,501235,2011,35,21,166.67
RV Uthappa,501241,2011,34,26,130.77
RV Uthappa,501248,2011,22,18,122.22
RV Uthappa,501250,2011,1,3,33.33
RV Uthappa,501259,2011,4,5,80.0
RV Uthappa,501262,2011,12,19,63.16
RV Uthappa,548308,2012,36,33,109.09
RV Uthappa,548313,2012,40,33,121.21
RV Uthappa,548319,2012,17,16,106.25
RV Uthappa,548322,2012,10,7,142.86
RV Uthappa,548327,2012,69,45,153.33
RV Uthappa,548330,2012,8,5,160.0
RV Uthappa,548333,2012,10,13,76.92
RV Uthappa,548337,2012,60,58,103.45
RV Uthappa,548341,2012,29,27,107.41
RV Uthappa,548348,2012,25,17,147.06
RV Uthappa,548351,2012,18,18,100.0
RV Uthappa,548353,2012,17,14,121.43
RV Uthappa,548358,2012,13,19,68.42
RV Uthappa,548362,2012,38,23,165.22
RV Uthappa,548365,2012,6,6,100.0
RV Uthappa,548375,2012,8,8,100.0
RV Uthappa,598000,2013,24,22,109.09
RV Uthappa,598003,2013,19,23,82.61
RV Uthappa,598009,2013,28,15,186.67
RV Uthappa,598011,2013,7,9,77.78
RV Uthappa,598015,2013,26,33,78.79
RV Uthappa,598018,2013,22,14,157.14
RV Uthappa,598025,2013,37,33,112.12
RV Uthappa,598027,2013,0,2,0.0
RV Uthappa,598035,2013,37,33,112.12
RV Uthappa,598038,2013,10,11,90.91
RV Uthappa,598042,2013,75,45,166.67
RV Uthappa,598047,2013,54,41,131.71
RV Uthappa,598053,2013,31,34,91.18
RV Uthappa,598055,2013,11,12,91.67
RV Uthappa,598061,2013,25,21,119.05
RV Uthappa,598067,2013,24,20,120.0
RV Uthappa,729279,2014,1,2,50.0
RV Uthappa,729289,2014,55,41,134.15
RV Uthappa,729299,2014,22,18,122.22
RV Uthappa,729307,2014,19,27,70.37
RV Uthappa,729315,2014,0,1,0.0
RV Uthappa,733971,2014,47,38,123.68
RV Uthappa,733979,2014,65,52,125.0
RV Uthappa,733985,2014,47,34,138.24
RV Uthappa,733997,2014,46,28,164.29
RV Uthappa,734009,2014,80,52,153.85
RV Uthappa,734015,2014,40,33,121.21
RV Uthappa,734023,2014,67,39,171.79
RV Uthappa,734027,2014,82,50,164.0
RV Uthappa,734037,2014,41,30,136.67
RV Uthappa,734043,2014,42,30,140.0
RV Uthappa,734049,2014,5,3,166.67
RV Uthappa,829705,2015,9,12,75.0
RV Uthappa,829713,2015,35,28,125.0
RV Uthappa,829723,2015,80,58,137.93
RV Uthappa,829733,2015,13,10,130.0
RV Uthappa,829739,2015,13,13,100.0
RV Uthappa,829743,2015,34,21,161.9
RV Uthappa,829761,2015,32,31,103.23
RV Uthappa,829765,2015,39,17,229.41
RV Uthappa,829771,2015,23,21,109.52
RV Uthappa,829781,2015,30,27,111.11
RV Uthappa,829791,2015,17,11,154.55
RV Uthappa,829805,2015,25,20,125.0
RV Uthappa,829811,2015,14,8,175.0
RV Uthappa,980903,2016,35,32,109.38
RV Uthappa,980909,2016,8,10,80.0
RV Uthappa,980915,2016,38,34,111.76
RV Uthappa,980925,2016,53,28,189.29
RV Uthappa,980939,2016,0,1,0.0
RV Uthappa,980947,2016,36,20,180.0
RV Uthappa,980951,2016,72,52,138.46
RV Uthappa,980959,2016,1,4,25.0
RV Uthappa,980963,2016,70,49,142.86
RV Uthappa,980975,2016,14,10,140.0
RV Uthappa,980989,2016,4,1,400.0
RV Uthappa,980995,2016,2,4,50.0
RV Uthappa,981001,2016,25,19,131.58
RV Uthappa,981009,2016,25,17,147.06
RV Uthappa,981015,2016,11,7,157.14
RV Uthappa,1082597,2017,4,3,133.33
RV Uthappa,1082601,2017,26,16,162.5
RV Uthappa,1082604,2017,68,39,174.36
RV Uthappa,1082608,2017,4,2,200.0
RV Uthappa,1082613,2017,72,48,150.0
RV Uthappa,1082617,2017,11,9,122.22
RV Uthappa,1082620,2017,87,47,185.11
RV Uthappa,1082622,2017,59,33,178.79
RV Uthappa,1082627,2017,53,28,189.29
RV Uthappa,1082639,2017,0,1,0.0
RV Uthappa,1082644,2017,2,4,50.0
RV Uthappa,1082648,2017,1,2,50.0
RV Uthappa,1082649,2017,1,3,33.33
RV Uthappa,1136563,2018,13,12,108.33
RV Uthappa,1136565,2018,29,16,181.25
RV Uthappa,1136570,2018,3,8,37.5
RV Uthappa,1136573,2018,35,19,184.21
RV Uthappa,1136575,2018,48,36,133.33
RV Uthappa,1136578,2018,33,22,150.0
RV Uthappa,1136586,2018,1,2,50.0
RV Uthappa,1136589,2018,36,21,171.43
RV Uthappa,1136593,2018,6,8,75.0
RV Uthappa,1136597,2018,54,35,154.29
RV Uthappa,1136601,2018,14,13,107.69
RV Uthappa,1136604,2018,24,17,141.18
RV Uthappa,1136609,2018,4,6,66.67
RV Uthappa,1136614,2018,45,34,132.35
RV Uthappa,1136618,2018,3,7,42.86
RV Uthappa,1136619,2018,2,8,25.0
RV Uthappa,1175357,2019,35,27,129.63
RV Uthappa,1175361,2019,67,50,134.0
RV Uthappa,1175365,2019,13,8,162.5
RV Uthappa,1175372,2019,33,25,132.0
RV Uthappa,1178396,2019,26,16,162.5
RV Uthappa,1178398,2019,11,9,122.22
RV Uthappa,1178401,2019,28,30,93.33
RV Uthappa,1178404,2019,0,1,0.0
RV Uthappa,1178410,2019,9,20,45.0
RV Uthappa,1178427,2019,22,14,157.14
RV Uthappa,1178431,2019,40,47,85.11
RV Uthappa,1216496,2020,5,9,55.56
RV Uthappa,1216504,2020,2,7,28.57
RV Uthappa,1216507,2020,18,15,120.0
RV Uthappa,1216514,2020,17,22,77.27
RV Uthappa,1216518,2020,19,13,146.15
RV Uthappa,1216522,2020,41,22,186.36
RV Uthappa,1216527,2020,9,4,225.0
RV Uthappa,1216530,2020,6,2,300.0
RV Uthappa,1216533,2020,4,9,44.44
RV Uthappa,1216537,2020,30,23,130.43
RV Uthappa,1216541,2020,13,11,118.18
RV Uthappa,1216543,2020,32,27,118.52
RV Uthappa,1254094,2021,2,6,33.33
RV Uthappa,1254110,2021,19,19,100.0
RV Uthappa,1254114,2021,63,44,143.18
RV Uthappa,1254117,2021,31,15,206.67
RV Uthappa,1304047,2022,28,21,133.33
RV Uthappa,1304053,2022,50,27,185.19
RV Uthappa,1304057,2022,13,10,130.0
RV Uthappa,1304063,2022,15,11,136.36
RV Uthappa,1304068,2022,88,49,179.59
RV Uthappa,1304075,2022,3,10,30.0
RV Uthappa,1304079,2022,30,25,120.0
RV Uthappa,1304084,2022,1,7,14.29
RV Uthappa,1304095,2022,1,3,33.33
RV Uthappa,1304101,2022,0,1,0.0
RV Uthappa,1304105,2022,1,6,16.67
Rahmanullah Gurbaz,1359476,2023,22,16,137.5
Rahmanullah Gurbaz,1359483,2023,51,43,118.6
Rahmanullah Gurbaz,1359487,2023,15,12,125.0
Rahmanullah Gurbaz,1359493,2023,0,3,0.0
Rahmanullah Gurbaz,1359496,2023,8,12,66.67
Rahmanullah Gurbaz,1359513,2023,81,39,207.69
Rahmanullah Gurbaz,1359521,2023,0,1,0.0
Rahmanullah Gurbaz,1359527,2023,15,12,125.0
Rahmanullah Gurbaz,1359530,2023,18,12,150.0
Rahmanullah Gurbaz,1359535,2023,1,4,25.0
Rahmanullah Gurbaz,1359542,2023,10,15,66.67
Rahmanullah Gurbaz,1426309,2024,23,14,164.29
Rahmanullah Gurbaz,1426312,2024,39,32,121.88
Rahmanullah Gurbaz,1473476,2025,1,4,25.0
Rahmanullah Gurbaz,1473481,2025,1,3,33.33
Rahmanullah Gurbaz,1473485,2025,26,12,216.67
Rahmanullah Gurbaz,1473490,2025,35,25,140.0
Rahmanullah Gurbaz,1473494,2025,11,9,122.22
Ramandeep Singh,1304064,2022,6,12,50.0
Ramandeep Singh,1304102,2022,12,16,75.0
Ramandeep Singh,1304111,2022,14,6,233.33
Ramandeep Singh,1304115,2022,13,5,260.0
Ramandeep Singh,1422121,2024,29,16,181.25
Ramandeep Singh,1422134,2024,2,2,100.0
Ramandeep Singh,1426260,2024,13,12,108.33
Ramandeep Singh,1426269,2024,1,1,100.0
Ramandeep Singh,1426274,2024,24,9,266.67
Ramandeep Singh,1426280,2024,6,3,200.0
Ramandeep Singh,1426289,2024,2,4,50.0
Ramandeep Singh,1426292,2024,25,6,416.67
Ramandeep Singh,1426298,2024,17,8,212.5
Ramandeep Singh,1473438,2025,6,9,66.67
Ramandeep Singh,1473449,2025,22,12,183.33
Ramandeep Singh,1473456,2025,1,2,50.0
Ramandeep Singh,1473468,2025,0,1,0.0
Ramandeep Singh,1473476,2025,1,2,50.0
Ramandeep Singh,1473494,2025,4,4,100.0
Ramandeep Singh,1473505,2025,13,5,260.0
Ramandeep Singh,1527675,2026,4,4,100.0
Ramandeep Singh,1527679,2026,10,9,111.11
Ramandeep Singh,1529265,2026,35,23,152.17
Ramandeep Singh,1529268,2026,17,8,212.5
Ramandeep Singh,1529271,2026,10,13,76.92
Ramandeep Singh,1529281,2026,6,11,54.55
Rashid Khan,1082600,2017,2,4,50.0
Rashid Khan,1082609,2017,6,1,600.0
Rashid Khan,1082634,2017,3,4,75.0
Rashid Khan,1136567,2018,0,1,0.0
Rashid Khan,1136580,2018,17,4,425.0
Rashid Khan,1136583,2018,6,9,66.67
Rashid Khan,1136588,2018,1,3,33.33
Rashid Khan,1136599,2018,1,3,33.33
Rashid Khan,1136614,2018,0,1,0.0
Rashid Khan,1136619,2018,34,10,340.0
Rashid Khan,1175363,2019,15,8,187.5
Rashid Khan,1178394,2019,0,1,0.0
Rashid Khan,1178405,2019,0,1,0.0
Rashid Khan,1178420,2019,17,8,212.5
Rashid Khan,1178423,2019,1,2,50.0
Rashid Khan,1178429,2019,1,2,50.0
Rashid Khan,1181766,2019,0,1,0.0
Rashid Khan,1216498,2020,0,1,0.0
Rashid Khan,1216512,2020,1,1,100.0
Rashid Khan,1216528,2020,14,8,175.0
Rashid Khan,1216534,2020,6,5,120.0
Rashid Khan,1216538,2020,3,7,42.86
Rashid Khan,1237180,2020,11,7,157.14
Rashid Khan,1254063,2021,13,8,162.5
Rashid Khan,1254066,2021,0,1,0.0
Rashid Khan,1254077,2021,0,1,0.0
Rashid Khan,1254085,2021,0,2,0.0
Rashid Khan,1254088,2021,9,5,180.0
Rashid Khan,1254091,2021,17,13,130.77
Rashid Khan,1254095,2021,7,8,87.5
Rashid Khan,1254105,2021,21,18,116.67
Rashid Khan,1254107,2021,3,4,75.0
Rashid Khan,1254109,2021,8,6,133.33
Rashid Khan,1304056,2022,0,1,0.0
Rashid Khan,1304067,2022,0,1,0.0
Rashid Khan,1304075,2022,40,21,190.48
Rashid Khan,1304081,2022,0,2,0.0
Rashid Khan,1304086,2022,31,11,281.82
Rashid Khan,1304094,2022,0,1,0.0
Rashid Khan,1304097,2022,1,1,100.0
Rashid Khan,1304113,2022,19,6,316.67
Rashid Khan,1359475,2023,10,3,333.33
Rashid Khan,1359497,2023,1,1,100.0
Rashid Khan,1359509,2023,2,1,200.0
Rashid Khan,1359518,2023,3,2,150.0
Rashid Khan,1359531,2023,79,32,246.88
Rashid Khan,1359536,2023,0,1,0.0
Rashid Khan,1370350,2023,30,16,187.5
Rashid Khan,1370352,2023,5,2,250.0
Rashid Khan,1370353,2023,0,2,0.0
Rashid Khan,1422123,2024,4,3,133.33
Rashid Khan,1422125,2024,1,2,50.0
Rashid Khan,1422139,2024,0,3,0.0
Rashid Khan,1426262,2024,20,10,200.0
Rashid Khan,1426270,2024,31,24,129.17
Rashid Khan,1426275,2024,3,3,100.0
Rashid Khan,1426278,2024,21,10,210.0
Rashid Khan,1426290,2024,18,14,128.57
Rashid Khan,1473446,2025,6,4,150.0
Rashid Khan,1473460,2025,12,4,300.0
Rashid Khan,1473463,2025,4,2,200.0
Rashid Khan,1473488,2025,0,1,0.0
Rashid Khan,1473493,2025,2,3,66.67
Rashid Khan,1473502,2025,4,4,100.0
Rashid Khan,1473504,2025,12,8,150.0
Rashid Khan,1473509,2025,0,2,0.0
Rashid Khan,1527677,2026,0,1,0.0
Rashid Khan,1527682,2026,24,16,150.0
Rashid Khan,1529273,2026,4,6,66.67
Rashid Khan,1529285,2026,7,6,116.67
Rashid Khan,1535462,2026,8,9,88.89
Rashid Khan,1535465,2026,7,3,233.33
Rasikh Salam,1175358,2019,5,4,125.0
Rasikh Salam,1304065,2022,7,6,116.67
Rasikh Salam,1422134,2024,1,5,20.0
Rasikh Salam,1426285,2024,8,10,80.0
Rasikh Salam,1426294,2024,9,3,300.0
Rasikh Salam,1426300,2024,10,12,83.33
Rasikh Salam,1529297,2026,3,2,150.0
Ravi Bishnoi,1216503,2020,1,5,20.0
Ravi Bishnoi,1216542,2020,6,7,85.71
Ravi Bishnoi,1254078,2021,1,4,25.0
Ravi Bishnoi,1304077,2022,0,1,0.0
Ravi Bishnoi,1359489,2023,3,2,150.0
Ravi Bishnoi,1359495,2023,3,1,300.0
Ravi Bishnoi,1359504,2023,0,1,0.0
Ravi Bishnoi,1359517,2023,5,10,50.0
Ravi Bishnoi,1359525,2023,4,5,80.0
Ravi Bishnoi,1359542,2023,2,2,100.0
Ravi Bishnoi,1370351,2023,3,6,50.0
Ravi Bishnoi,1422129,2024,0,1,0.0
Ravi Bishnoi,1426292,2024,2,3,66.67
Ravi Bishnoi,1426302,2024,2,2,100.0
Ravi Bishnoi,1473441,2025,0,2,0.0
Ravi Bishnoi,1473482,2025,13,14,92.86
Ravi Bishnoi,1529264,2026,0,1,0.0
Ravi Bishnoi,1529271,2026,0,2,0.0
Ravi Singh,1529305,2026,4,2,200.0
S Anirudha,336007,2008,1,7,14.29
S Anirudha,419163,2010,24,15,160.0
S Anirudha,419165,2010,6,3,200.0
S Anirudha,501198,2011,64,55,116.36
S Anirudha,501206,2011,0,1,0.0
S Anirudha,501221,2011,9,9,100.0
S Anirudha,501226,2011,7,7,100.0
S Anirudha,501236,2011,3,2,150.0
S Anirudha,548361,2012,18,5,360.0
S Anirudha,548371,2012,1,1,100.0
S Anirudha,598015,2013,0,2,0.0
S Anirudha,734037,2014,3,5,60.0
S Aravind,501208,2011,2,3,66.67
S Aravind,501260,2011,11,5,220.0
S Aravind,548324,2012,14,8,175.0
S Aravind,829821,2015,0,1,0.0
S Aravind,1082591,2017,0,2,0.0
S Aravind,1082607,2017,6,7,85.71
S Aravind,1082617,2017,5,4,125.0
S Aravind,1082621,2017,9,16,56.25
S Aravind,1082624,2017,8,5,160.0
S Aravind,1082633,2017,4,6,66.67
S Arora,1527674,2026,9,6,150.0
S Arora,1527679,2026,0,1,0.0
S Arora,1527690,2026,9,8,112.5
S Arora,1529264,2026,24,13,184.62
S Arora,1529270,2026,13,12,108.33
S Arora,1529279,2026,8,3,266.67
S Arora,1529284,2026,30,10,300.0
S Arora,1529288,2026,2,6,33.33
S Arora,1529299,2026,16,13,123.08
S Arora,1529306,2026,10,5,200.0
S Badree,1082607,2017,0,1,0.0
S Badree,1082617,2017,0,3,0.0
S Badree,1082621,2017,3,3,100.0
S Badree,1082624,2017,2,7,28.57
S Badree,1082633,2017,8,9,88.89
S Badrinath,335983,2008,31,14,221.43
S Badrinath,335989,2008,2,1,200.0
S Badrinath,336001,2008,11,5,220.0
S Badrinath,336005,2008,15,14,107.14
S Badrinath,336007,2008,0,4,0.0
S Badrinath,336009,2008,8,5,160.0
S Badrinath,336013,2008,64,47,136.17
S Badrinath,336018,2008,53,33,160.61
S Badrinath,336029,2008,1,3,33.33
S Badrinath,336033,2008,1,2,50.0
S Badrinath,336040,2008,6,2,300.0
S Badrinath,392181,2009,0,2,0.0
S Badrinath,392189,2009,7,8,87.5
S Badrinath,392196,2009,8,9,88.89
S Badrinath,392202,2009,29,27,107.41
S Badrinath,392206,2009,45,34,132.35
S Badrinath,392214,2009,0,1,0.0
S Badrinath,392217,2009,59,41,143.9
S Badrinath,392224,2009,2,9,22.22
S Badrinath,392227,2009,22,23,95.65
S Badrinath,392234,2009,4,9,44.44
S Badrinath,392238,2009,1,1,100.0
S Badrinath,419110,2010,5,12,41.67
S Badrinath,419113,2010,43,33,130.3
S Badrinath,419116,2010,14,15,93.33
S Badrinath,419121,2010,2,2,100.0
S Badrinath,419123,2010,31,17,182.35
S Badrinath,419125,2010,55,45,122.22
S Badrinath,419129,2010,25,27,92.59
S Badrinath,419133,2010,7,6,116.67
S Badrinath,419137,2010,4,1,400.0
S Badrinath,419142,2010,30,21,142.86
S Badrinath,419147,2010,6,6,100.0
S Badrinath,419155,2010,29,28,103.57
S Badrinath,419159,2010,53,36,147.22
S Badrinath,419163,2010,37,41,90.24
S Badrinath,419165,2010,14,11,127.27
S Badrinath,501206,2011,66,56,117.86
S Badrinath,501211,2011,5,3,166.67
S Badrinath,501215,2011,19,17,111.76
S Badrinath,501221,2011,71,48,147.92
S Badrinath,501226,2011,11,7,157.14
S Badrinath,501228,2011,63,44,143.18
S Badrinath,501236,2011,5,2,250.0
S Badrinath,501245,2011,54,41,131.71
S Badrinath,501253,2011,53,42,126.19
S Badrinath,501261,2011,13,10,130.0
S Badrinath,501266,2011,0,10,0.0
S Badrinath,501268,2011,34,32,106.25
S Badrinath,548306,2012,10,16,62.5
S Badrinath,548311,2012,25,20,125.0
S Badrinath,548316,2012,15,16,93.75
S Badrinath,548330,2012,57,48,118.75
S Badrinath,548332,2012,15,22,68.18
S Badrinath,548343,2012,25,18,138.89
S Badrinath,548352,2012,1,1,100.0
S Badrinath,548355,2012,1,1,100.0
S Badrinath,548379,2012,47,39,120.51
S Badrinath,598002,2013,16,16,100.0
S Badrinath,598012,2013,34,28,121.43
S Badrinath,598015,2013,34,26,130.77
S Badrinath,598022,2013,6,13,46.15
S Badrinath,598038,2013,34,31,109.68
S Badrinath,598046,2013,0,3,0.0
S Badrinath,598073,2013,0,3,0.0
S Chanderpaul,335985,2008,16,11,145.45
S Chanderpaul,335992,2008,2,9,22.22
S Chanderpaul,336010,2008,7,11,63.64
S Dhawan,335984,2008,52,41,126.83
S Dhawan,335988,2008,25,28,89.29
S Dhawan,335995,2008,0,3,0.0
S Dhawan,335998,2008,50,33,151.52
S Dhawan,336001,2008,19,17,111.76
S Dhawan,336004,2008,1,3,33.33
S Dhawan,336009,2008,59,46,128.26
S Dhawan,336015,2008,3,3,100.0
S Dhawan,336017,2008,7,10,70.0
S Dhawan,336020,2008,68,52,130.77
S Dhawan,336022,2008,8,5,160.0
S Dhawan,336026,2008,16,13,123.08
S Dhawan,336032,2008,27,29,93.1
S Dhawan,336038,2008,5,12,41.67
S Dhawan,392181,2009,22,21,104.76
S Dhawan,392192,2009,3,7,42.86
S Dhawan,392197,2009,12,10,120.0
S Dhawan,392200,2009,3,7,42.86
S Dhawan,419122,2010,23,21,109.52
S Dhawan,419125,2010,52,33,157.58
S Dhawan,419130,2010,8,12,66.67
S Dhawan,419132,2010,50,40,125.0
S Dhawan,419138,2010,14,13,107.69
S Dhawan,419142,2010,16,18,88.89
S Dhawan,419146,2010,2,4,50.0
S Dhawan,419161,2010,10,11,90.91
S Dhawan,419162,2010,12,9,133.33
S Dhawan,419165,2010,0,8,0.0
S Dhawan,501199,2011,24,15,160.0
S Dhawan,501203,2011,7,7,100.0
S Dhawan,501208,2011,11,8,137.5
S Dhawan,501212,2011,45,36,125.0
S Dhawan,501216,2011,8,5,160.0
S Dhawan,501224,2011,25,22,113.64
S Dhawan,501229,2011,4,9,44.44
S Dhawan,501236,2011,19,27,70.37
S Dhawan,501239,2011,54,45,120.0
S Dhawan,501243,2011,29,18,161.11
S Dhawan,501250,2011,24,17,141.18
S Dhawan,501256,2011,27,18,150.0
S Dhawan,501259,2011,28,25,112.0
S Dhawan,501264,2011,95,57,166.67
S Dhawan,548311,2012,21,18,116.67
S Dhawan,548314,2012,41,24,170.83
S Dhawan,548321,2012,44,29,151.72
S Dhawan,548326,2012,52,43,120.93
S Dhawan,548329,2012,84,49,171.43
S Dhawan,548335,2012,49,49,100.0
S Dhawan,548341,2012,16,11,145.45
S Dhawan,548346,2012,29,32,90.62
S Dhawan,548348,2012,13,18,72.22
S Dhawan,548352,2012,36,29,124.14
S Dhawan,548356,2012,73,52,140.38
S Dhawan,548359,2012,8,6,133.33
S Dhawan,548366,2012,71,50,142.0
S Dhawan,548373,2012,26,24,108.33
S Dhawan,548376,2012,5,4,125.0
S Dhawan,598030,2013,63,45,140.0
S Dhawan,598032,2013,0,2,0.0
S Dhawan,598039,2013,73,55,132.73
S Dhawan,598044,2013,22,16,137.5
S Dhawan,598051,2013,3,3,100.0
S Dhawan,598056,2013,15,14,107.14
S Dhawan,598060,2013,59,41,143.9
S Dhawan,598065,2013,1,3,33.33
S Dhawan,598069,2013,42,35,120.0
S Dhawan,598071,2013,33,39,84.62
S Dhawan,729285,2014,38,34,111.76
S Dhawan,729295,2014,1,3,33.33
S Dhawan,729301,2014,33,22,150.0
S Dhawan,729311,2014,7,9,77.78
S Dhawan,729317,2014,6,6,100.0
S Dhawan,733977,2014,37,36,102.78
S Dhawan,733989,2014,33,20,165.0
S Dhawan,733993,2014,4,7,57.14
S Dhawan,734001,2014,11,11,100.0
S Dhawan,734007,2014,41,36,113.89
S Dhawan,734015,2014,19,14,135.71
S Dhawan,734021,2014,50,39,128.21
S Dhawan,734029,2014,64,49,130.61
S Dhawan,734037,2014,29,31,93.55
S Dhawan,829711,2015,26,18,144.44
S Dhawan,829719,2015,44,41,107.32
S Dhawan,829727,2015,10,12,83.33
S Dhawan,829731,2015,18,18,100.0
S Dhawan,829743,2015,54,46,117.39
S Dhawan,829751,2015,42,29,144.83
S Dhawan,829759,2015,1,2,50.0
S Dhawan,829773,2015,37,32,115.62
S Dhawan,829781,2015,15,15,100.0
S Dhawan,829787,2015,54,35,154.29
S Dhawan,829793,2015,13,10,130.0
S Dhawan,829799,2015,24,18,133.33
S Dhawan,829807,2015,8,7,114.29
S Dhawan,829815,2015,1,2,50.0
S Dhawan,980907,2016,8,9,88.89
S Dhawan,980915,2016,6,7,85.71
S Dhawan,980923,2016,2,4,50.0
S Dhawan,980929,2016,53,41,129.27
S Dhawan,980935,2016,45,44,102.27
S Dhawan,980943,2016,56,53,105.66
S Dhawan,980953,2016,11,11,100.0
S Dhawan,980967,2016,47,40,117.5
S Dhawan,980973,2016,82,57,143.86
S Dhawan,980979,2016,33,27,122.22
S Dhawan,980983,2016,34,37,91.89
S Dhawan,980991,2016,21,21,100.0
S Dhawan,981003,2016,10,8,125.0
S Dhawan,981009,2016,51,29,175.86
S Dhawan,981015,2016,10,10,100.0
S Dhawan,981017,2016,0,4,0.0
S Dhawan,981019,2016,28,25,112.0
S Dhawan,1082591,2017,40,31,129.03
S Dhawan,1082596,2017,9,9,100.0
S Dhawan,1082600,2017,47,42,111.9
S Dhawan,1082604,2017,23,22,104.55
S Dhawan,1082609,2017,15,15,100.0
S Dhawan,1082611,2017,70,50,140.0
S Dhawan,1082615,2017,30,29,103.45
S Dhawan,1082623,2017,77,48,160.42
S Dhawan,1082627,2017,29,30,96.67
S Dhawan,1082630,2017,28,17,164.71
S Dhawan,1082634,2017,19,12,158.33
S Dhawan,1082638,2017,62,46,134.78
S Dhawan,1082643,2017,18,11,163.64
S Dhawan,1082648,2017,11,13,84.62
S Dhawan,1136564,2018,77,56,137.5
S Dhawan,1136567,2018,45,28,160.71
S Dhawan,1136570,2018,7,7,100.0
S Dhawan,1136576,2018,0,1,0.0
S Dhawan,1136583,2018,5,6,83.33
S Dhawan,1136585,2018,11,8,137.5
S Dhawan,1136588,2018,6,4,150.0
S Dhawan,1136596,2018,33,30,110.0
S Dhawan,1136599,2018,13,19,68.42
S Dhawan,1136602,2018,92,50,184.0
S Dhawan,1136606,2018,79,49,161.22
S Dhawan,1136611,2018,18,15,120.0
S Dhawan,1136614,2018,50,39,128.21
S Dhawan,1136617,2018,0,1,0.0
S Dhawan,1136619,2018,34,24,141.67
S Dhawan,1136620,2018,26,25,104.0
S Dhawan,1175358,2019,42,35,120.0
S Dhawan,1175360,2019,51,47,108.51
S Dhawan,1175365,2019,16,8,200.0
S Dhawan,1175368,2019,30,25,120.0
S Dhawan,1175371,2019,12,14,85.71
S Dhawan,1178395,2019,0,1,0.0
S Dhawan,1178401,2019,97,63,153.97
S Dhawan,1178405,2019,7,8,87.5
S Dhawan,1178409,2019,35,22,159.09
S Dhawan,1178412,2019,56,40,140.0
S Dhawan,1178415,2019,54,27,200.0
S Dhawan,1178421,2019,50,37,135.14
S Dhawan,1178425,2019,19,13,146.15
S Dhawan,1178428,2019,16,12,133.33
S Dhawan,1181766,2019,17,16,106.25
S Dhawan,1181767,2019,18,14,128.57
S Dhawan,1216493,2020,0,2,0.0
S Dhawan,1216497,2020,6,6,100.0
S Dhawan,1216500,2020,5,4,125.0
S Dhawan,1216505,2020,54,41,131.71
S Dhawan,1216509,2020,101,58,174.14
S Dhawan,1216515,2020,26,16,162.5
S Dhawan,1216519,2020,32,28,114.29
S Dhawan,1216524,2020,0,1,0.0
S Dhawan,1216529,2020,69,52,132.69
S Dhawan,1216532,2020,34,31,109.68
S Dhawan,1216535,2020,0,2,0.0
S Dhawan,1216539,2020,35,27,129.63
S Dhawan,1216543,2020,56,32,175.0
S Dhawan,1216546,2020,106,61,173.77
S Dhawan,1237177,2020,0,2,0.0
S Dhawan,1237180,2020,74,49,151.02
S Dhawan,1237181,2020,15,13,115.38
S Dhawan,1254059,2021,85,53,160.38
S Dhawan,1254064,2021,9,11,81.82
S Dhawan,1254068,2021,92,49,187.76
S Dhawan,1254070,2021,45,42,107.14
S Dhawan,1254077,2021,28,28,100.0
S Dhawan,1254079,2021,6,7,85.71
S Dhawan,1254082,2021,46,47,97.87
S Dhawan,1254086,2021,69,47,146.81
S Dhawan,1254092,2021,24,20,120.0
S Dhawan,1254097,2021,8,8,100.0
S Dhawan,1254101,2021,43,34,126.47
S Dhawan,1254105,2021,42,37,113.51
S Dhawan,1254110,2021,39,35,111.43
S Dhawan,1254112,2021,8,7,114.29
S Dhawan,1254114,2021,7,7,100.0
S Dhawan,1254116,2021,36,39,92.31
S Dhawan,1304049,2022,43,29,148.28
S Dhawan,1304054,2022,16,15,106.67
S Dhawan,1304057,2022,33,24,137.5
S Dhawan,1304062,2022,35,30,116.67
S Dhawan,1304069,2022,70,50,140.0
S Dhawan,1304074,2022,8,11,72.73
S Dhawan,1304078,2022,9,10,90.0
S Dhawan,1304084,2022,88,57,154.39
S Dhawan,1304088,2022,5,15,33.33
S Dhawan,1304094,2022,62,53,116.98
S Dhawan,1304098,2022,12,16,75.0
S Dhawan,1304106,2022,21,15,140.0
S Dhawan,1304110,2022,18,15,120.0
S Dhawan,1304116,2022,39,32,121.88
S Dhawan,1359476,2023,36,28,128.57
S Dhawan,1359482,2023,86,56,153.57
S Dhawan,1359488,2023,99,66,150.0
S Dhawan,1359492,2023,8,8,100.0
S Dhawan,1359512,2023,1,2,50.0
S Dhawan,1359515,2023,28,15,186.67
S Dhawan,1359520,2023,30,20,150.0
S Dhawan,1359527,2023,56,46,121.74
S Dhawan,1359533,2023,7,5,140.0
S Dhawan,1359538,2023,0,1,0.0
S Dhawan,1359540,2023,17,11,154.55
S Dhawan,1422120,2024,22,16,137.5
S Dhawan,1422124,2024,45,37,121.62
S Dhawan,1422129,2024,70,50,140.0
S Dhawan,1422135,2024,1,2,50.0
S Dhawan,1426261,2024,14,16,87.5
S Dube,1175356,2019,2,5,40.0
S Dube,1175362,2019,9,5,180.0
S Dube,1175366,2019,5,7,71.43
S Dube,1178421,2019,24,16,150.0
S Dube,1216499,2020,2,6,33.33
S Dube,1216505,2020,17,11,154.55
S Dube,1216510,2020,12,12,100.0
S Dube,1216519,2020,11,12,91.67
S Dube,1216525,2020,22,14,157.14
S Dube,1216531,2020,23,19,121.05
S Dube,1216534,2020,7,8,87.5
S Dube,1216547,2020,27,10,270.0
S Dube,1237178,2020,8,13,61.54
S Dube,1254061,2021,23,15,153.33
S Dube,1254064,2021,2,7,28.57
S Dube,1254069,2021,17,20,85.0
S Dube,1254073,2021,46,32,143.75
S Dube,1254075,2021,22,18,122.22
S Dube,1254081,2021,35,31,112.9
S Dube,1254089,2021,64,42,152.38
S Dube,1254093,2021,3,8,37.5
S Dube,1254106,2021,18,20,90.0
S Dube,1304047,2022,3,6,50.0
S Dube,1304053,2022,49,30,163.33
S Dube,1304057,2022,55,29,189.66
S Dube,1304063,2022,3,5,60.0
S Dube,1304068,2022,95,46,206.52
S Dube,1304075,2022,19,17,111.76
S Dube,1304079,2022,13,14,92.86
S Dube,1304084,2022,8,7,114.29
S Dube,1304101,2022,32,19,168.42
S Dube,1304105,2022,10,9,111.11
S Dube,1304108,2022,0,2,0.0
S Dube,1359475,2023,19,18,105.56
S Dube,1359480,2023,27,16,168.75
S Dube,1359486,2023,28,26,107.69
S Dube,1359491,2023,8,9,88.89
S Dube,1359498,2023,52,27,192.59
S Dube,1359507,2023,50,21,238.1
S Dube,1359511,2023,52,33,157.58
S Dube,1359515,2023,28,17,164.71
S Dube,1359523,2023,26,18,144.44
S Dube,1359529,2023,25,12,208.33
S Dube,1359535,2023,48,34,141.18
S Dube,1359541,2023,22,9,244.44
S Dube,1370350,2023,1,3,33.33
S Dube,1370353,2023,32,21,152.38
S Dube,1422119,2024,34,28,121.43
S Dube,1422125,2024,51,23,221.74
S Dube,1422131,2024,17,16,106.25
S Dube,1422136,2024,45,24,187.5
S Dube,1426260,2024,28,18,155.56
S Dube,1426267,2024,66,38,173.68
S Dube,1426272,2024,3,8,37.5
S Dube,1426277,2024,66,27,244.44
S Dube,1426284,2024,39,20,195.0
S Dube,1426287,2024,0,1,0.0
S Dube,1426291,2024,0,1,0.0
S Dube,1426297,2024,21,13,161.54
S Dube,1426299,2024,18,11,163.64
S Dube,1426306,2024,7,15,46.67
S Dube,1473440,2025,9,7,128.57
S Dube,1473445,2025,19,15,126.67
S Dube,1473448,2025,18,10,180.0
S Dube,1473454,2025,18,15,120.0
S Dube,1473459,2025,42,27,155.56
S Dube,1473462,2025,31,29,106.9
S Dube,1473467,2025,37,36,102.78
S Dube,1473475,2025,50,32,156.25
S Dube,1473480,2025,12,9,133.33
S Dube,1473486,2025,6,6,100.0
S Dube,1473489,2025,2,2,100.0
S Dube,1473494,2025,45,40,112.5
S Dube,1473500,2025,39,32,121.88
S Dube,1473504,2025,17,8,212.5
S Dube,1527676,2026,6,4,150.0
S Dube,1527680,2026,45,27,166.67
S Dube,1527684,2026,18,13,138.46
S Dube,1527691,2026,20,10,200.0
S Dube,1529265,2026,13,12,108.33
S Dube,1529270,2026,21,16,131.25
S Dube,1529276,2026,5,8,62.5
S Dube,1529280,2026,22,17,129.41
S Dube,1529296,2026,15,7,214.29
S Dube,1529302,2026,32,16,200.0
S Dube,1529306,2026,26,23,113.04
S Dube,1529309,2026,47,17,276.47
S Gopal,734031,2014,11,10,110.0
S Gopal,829721,2015,1,1,100.0
S Gopal,980901,2016,2,16,12.5
S Gopal,1136564,2018,18,18,100.0
S Gopal,1136575,2018,0,1,0.0
S Gopal,1136577,2018,8,10,80.0
S Gopal,1136598,2018,24,16,150.0
S Gopal,1175359,2019,1,1,100.0
S Gopal,1175367,2019,0,3,0.0
S Gopal,1178400,2019,19,7,271.43
S Gopal,1178402,2019,13,7,185.71
S Gopal,1178407,2019,0,1,0.0
S Gopal,1178418,2019,18,9,200.0
S Gopal,1178428,2019,12,18,66.67
S Gopal,1216500,2020,2,3,66.67
S Gopal,1216504,2020,5,7,71.43
S Gopal,1216511,2020,1,2,50.0
S Gopal,1216530,2020,23,23,100.0
S Gopal,1216543,2020,6,4,150.0
S Gopal,1254073,2021,7,4,175.0
S Gopal,1254093,2021,0,1,0.0
S Gopal,1304096,2022,9,7,128.57
S Kaul,598062,2013,7,9,77.78
S Kaul,734011,2014,2,2,100.0
S Kaul,1082634,2017,0,2,0.0
S Kaul,1136567,2018,0,4,0.0
S Kaul,1136583,2018,2,9,22.22
S Kaul,1136599,2018,1,1,100.0
S Kaul,1178394,2019,0,1,0.0
S Kaul,1254088,2021,1,3,33.33
S Kaul,1254109,2021,7,5,140.0
S Kaushik,980987,2016,0,1,0.0
S Ladda,419114,2010,0,8,0.0
S Ladda,419120,2010,0,1,0.0
S Lamichhane,1175368,2019,0,1,0.0
S Nadeem,501246,2011,0,1,0.0
S Nadeem,548357,2012,0,2,0.0
S Nadeem,597998,2013,4,8,50.0
S Nadeem,598006,2013,2,3,66.67
S Nadeem,598010,2013,0,1,0.0
S Nadeem,598020,2013,2,7,28.57
S Nadeem,598044,2013,0,3,0.0
S Nadeem,598067,2013,6,5,120.0
S Nadeem,729293,2014,3,8,37.5
S Nadeem,734011,2014,1,4,25.0
S Nadeem,734039,2014,3,7,42.86
S Nadeem,829757,2015,2,7,28.57
S Nadeem,980993,2016,1,5,20.0
S Nadeem,1082595,2017,0,2,0.0
S Nadeem,1082626,2017,0,1,0.0
S Nadeem,1082646,2017,2,6,33.33
S Nadeem,1136573,2018,6,8,75.0
S Nadeem,1216528,2020,5,5,100.0
S Nadeem,1237180,2020,2,3,66.67
S Nadeem,1254063,2021,0,1,0.0
S Narwal,419115,2010,0,1,0.0
S Narwal,419129,2010,2,2,100.0
S Narwal,419134,2010,12,9,133.33
S Narwal,598040,2013,23,15,153.33
S Rana,501262,2011,16,15,106.67
S Rana,729305,2014,3,8,37.5
S Rana,733991,2014,18,16,112.5
S Rana,734005,2014,15,14,107.14
S Rana,734013,2014,1,2,50.0
S Rana,734021,2014,12,7,171.43
S Rana,734027,2014,17,11,154.55
S Rana,734035,2014,5,6,83.33
S Randiv,501221,2011,2,4,50.0
S Sohal,335987,2008,4,4,100.0
S Sohal,335991,2008,0,4,0.0
S Sohal,392207,2009,25,17,147.06
S Sohal,392210,2009,0,1,0.0
S Sohal,392214,2009,2,2,100.0
S Sohal,392216,2009,30,17,176.47
S Sohal,392222,2009,43,21,204.76
S Sohal,392226,2009,3,12,25.0
S Sohal,392229,2009,9,12,75.0
S Sohal,392234,2009,3,9,33.33
S Sohal,501208,2011,38,36,105.56
S Sohal,501212,2011,7,5,140.0
S Sohal,501216,2011,62,41,151.22
S Sohal,501224,2011,5,3,166.67
S Sohal,501229,2011,1,4,25.0
S Sohal,501236,2011,56,30,186.67
S Sohal,501239,2011,26,20,130.0
S Sohal,501250,2011,0,1,0.0
S Sohal,501256,2011,20,22,90.91
S Sohal,501259,2011,34,28,121.43
S Sreesanth,335991,2008,0,1,0.0
S Sreesanth,336039,2008,0,2,0.0
S Sreesanth,392210,2009,4,8,50.0
S Sreesanth,392222,2009,1,10,10.0
S Sreesanth,419108,2010,15,14,107.14
S Sreesanth,419117,2010,12,5,240.0
S Sreesanth,419124,2010,0,2,0.0
S Sreesanth,501207,2011,1,6,16.67
S Sreesanth,501229,2011,0,1,0.0
S Sreesanth,501233,2011,0,2,0.0
S Sreesanth,598005,2013,1,2,50.0
S Sreesanth,598023,2013,0,2,0.0
S Sriram,419148,2010,27,29,93.1
S Sriram,501257,2011,4,7,57.14
S Tyagi,419110,2010,3,4,75.0
S Vidyut,336001,2008,54,37,145.95
S Vidyut,336005,2008,5,10,50.0
S Vidyut,336009,2008,40,23,173.91
S Vidyut,336013,2008,8,4,200.0
S Vidyut,336018,2008,16,11,145.45
S Vidyut,336029,2008,0,3,0.0
S Vidyut,336039,2008,6,7,85.71
S Vidyut,336040,2008,16,14,114.29
SA Abbott,829713,2015,1,4,25.0
SA Abbott,829719,2015,14,9,155.56
SA Abbott,1304096,2022,7,5,140.0
SA Asnodkar,336000,2008,60,34,176.47
SA Asnodkar,336005,2008,32,29,110.34
SA Asnodkar,336008,2008,39,36,108.33
SA Asnodkar,336023,2008,50,44,113.64
SA Asnodkar,336027,2008,5,3,166.67
SA Asnodkar,336033,2008,41,26,157.69
SA Asnodkar,336036,2008,17,18,94.44
SA Asnodkar,336038,2008,39,21,185.71
SA Asnodkar,336040,2008,28,20,140.0
SA Asnodkar,392182,2009,0,2,0.0
SA Asnodkar,392195,2009,3,4,75.0
SA Asnodkar,392198,2009,11,8,137.5
SA Asnodkar,392202,2009,10,8,125.0
SA Asnodkar,392205,2009,0,1,0.0
SA Asnodkar,392217,2009,26,25,104.0
SA Asnodkar,392220,2009,44,39,112.82
SA Asnodkar,392233,2009,4,6,66.67
SA Asnodkar,419111,2010,5,4,125.0
SA Asnodkar,501220,2011,9,9,100.0
SA Yadav,548308,2012,0,4,0.0
SA Yadav,729279,2014,13,5,260.0
SA Yadav,729289,2014,4,2,200.0
SA Yadav,729299,2014,24,18,133.33
SA Yadav,729307,2014,34,17,200.0
SA Yadav,729315,2014,31,19,163.16
SA Yadav,733971,2014,8,13,61.54
SA Yadav,733979,2014,9,16,56.25
SA Yadav,734037,2014,12,5,240.0
SA Yadav,734043,2014,20,14,142.86
SA Yadav,734049,2014,5,6,83.33
SA Yadav,829705,2015,46,20,230.0
SA Yadav,829713,2015,11,9,122.22
SA Yadav,829723,2015,2,3,66.67
SA Yadav,829733,2015,23,10,230.0
SA Yadav,829739,2015,24,16,150.0
SA Yadav,829743,2015,2,2,100.0
SA Yadav,829761,2015,7,7,100.0
SA Yadav,829765,2015,16,26,61.54
SA Yadav,829771,2015,0,2,0.0
SA Yadav,829781,2015,6,3,200.0
SA Yadav,829791,2015,9,9,100.0
SA Yadav,829805,2015,11,5,220.0
SA Yadav,829811,2015,0,1,0.0
SA Yadav,980909,2016,4,1,400.0
SA Yadav,980925,2016,11,9,122.22
SA Yadav,980939,2016,60,49,122.45
SA Yadav,980947,2016,21,17,123.53
SA Yadav,980951,2016,19,11,172.73
SA Yadav,980959,2016,10,5,200.0
SA Yadav,980975,2016,4,12,33.33
SA Yadav,980995,2016,5,5,100.0
SA Yadav,981001,2016,17,14,121.43
SA Yadav,981009,2016,6,3,200.0
SA Yadav,981015,2016,23,15,153.33
SA Yadav,1082597,2017,17,15,113.33
SA Yadav,1082604,2017,4,3,133.33
SA Yadav,1082608,2017,7,9,77.78
SA Yadav,1082613,2017,1,1,100.0
SA Yadav,1082617,2017,15,19,78.95
SA Yadav,1082631,2017,30,16,187.5
SA Yadav,1082649,2017,31,25,124.0
SA Yadav,1136561,2018,43,29,148.28
SA Yadav,1136567,2018,28,31,90.32
SA Yadav,1136569,2018,53,32,165.62
SA Yadav,1136574,2018,0,1,0.0
SA Yadav,1136581,2018,72,47,153.19
SA Yadav,1136583,2018,34,38,89.47
SA Yadav,1136587,2018,44,34,129.41
SA Yadav,1136591,2018,9,9,100.0
SA Yadav,1136594,2018,57,42,135.71
SA Yadav,1136597,2018,59,39,151.28
SA Yadav,1136601,2018,36,32,112.5
SA Yadav,1136607,2018,38,31,122.58
SA Yadav,1136610,2018,27,15,180.0
SA Yadav,1136615,2018,12,4,300.0
SA Yadav,1175358,2019,2,6,33.33
SA Yadav,1175362,2019,38,24,158.33
SA Yadav,1175364,2019,11,6,183.33
SA Yadav,1175370,2019,59,43,137.21
SA Yadav,1178394,2019,7,8,87.5
SA Yadav,1178399,2019,21,15,140.0
SA Yadav,1178402,2019,16,10,160.0
SA Yadav,1178406,2019,29,23,126.09
SA Yadav,1178409,2019,26,27,96.3
SA Yadav,1178411,2019,34,33,103.03
SA Yadav,1178422,2019,26,14,185.71
SA Yadav,1178426,2019,23,17,135.29
SA Yadav,1178431,2019,46,27,170.37
SA Yadav,1181764,2019,71,54,131.48
SA Yadav,1181768,2019,15,17,88.24
SA Yadav,1216492,2020,17,16,106.25
SA Yadav,1216495,2020,36,29,124.14
SA Yadav,1216499,2020,79,43,183.72
SA Yadav,1216503,2020,10,7,142.86
SA Yadav,1216508,2020,47,27,174.07
SA Yadav,1216511,2020,79,47,168.09
SA Yadav,1216517,2020,0,4,0.0
SA Yadav,1216526,2020,10,10,100.0
SA Yadav,1216529,2020,53,32,165.62
SA Yadav,1216535,2020,12,11,109.09
SA Yadav,1216538,2020,27,18,150.0
SA Yadav,1216541,2020,40,26,153.85
SA Yadav,1216547,2020,0,2,0.0
SA Yadav,1237177,2020,51,38,134.21
SA Yadav,1237181,2020,19,20,95.0
SA Yadav,1254058,2021,30,22,136.36
SA Yadav,1254062,2021,56,36,155.56
SA Yadav,1254066,2021,10,6,166.67
SA Yadav,1254070,2021,24,15,160.0
SA Yadav,1254074,2021,33,27,122.22
SA Yadav,1254081,2021,16,10,160.0
SA Yadav,1254084,2021,3,3,100.0
SA Yadav,1254088,2021,82,40,205.0
SA Yadav,1254093,2021,13,8,162.5
SA Yadav,1254096,2021,5,10,50.0
SA Yadav,1254099,2021,0,1,0.0
SA Yadav,1254104,2021,3,7,42.86
SA Yadav,1254108,2021,8,9,88.89
SA Yadav,1254112,2021,33,26,126.92
SA Yadav,1304060,2022,52,36,144.44
SA Yadav,1304064,2022,66,36,183.33
SA Yadav,1304069,2022,43,29,148.28
SA Yadav,1304072,2022,37,27,137.04
SA Yadav,1304079,2022,32,21,152.38
SA Yadav,1304083,2022,7,7,100.0
SA Yadav,1304090,2022,51,39,130.77
SA Yadav,1304097,2022,13,11,118.18
SA Yadav,1359479,2023,15,16,93.75
SA Yadav,1359486,2023,1,2,50.0
SA Yadav,1359490,2023,0,1,0.0
SA Yadav,1359496,2023,43,25,172.0
SA Yadav,1359499,2023,7,3,233.33
SA Yadav,1359505,2023,57,26,219.23
SA Yadav,1359509,2023,23,12,191.67
SA Yadav,1359516,2023,51,28,182.14
SA Yadav,1359520,2023,66,31,212.9
SA Yadav,1359523,2023,26,22,118.18
SA Yadav,1359528,2023,77,34,226.47
SA Yadav,1359531,2023,103,49,210.2
SA Yadav,1359537,2023,7,9,77.78
SA Yadav,1359543,2023,25,16,156.25
SA Yadav,1370351,2023,33,20,165.0
SA Yadav,1370352,2023,61,38,160.53
SA Yadav,1422138,2024,0,2,0.0
SA Yadav,1426263,2024,52,19,273.68
SA Yadav,1426267,2024,0,2,0.0
SA Yadav,1426271,2024,78,53,147.17
SA Yadav,1426276,2024,10,8,125.0
SA Yadav,1426281,2024,26,13,200.0
SA Yadav,1426286,2024,10,6,166.67
SA Yadav,1426289,2024,56,34,164.71
SA Yadav,1426293,2024,102,51,200.0
SA Yadav,1426298,2024,11,14,78.57
SA Yadav,1426305,2024,0,3,0.0
SA Yadav,1473440,2025,29,26,111.54
SA Yadav,1473446,2025,48,28,171.43
SA Yadav,1473449,2025,27,9,300.0
SA Yadav,1473453,2025,67,43,155.81
SA Yadav,1473458,2025,28,26,107.69
SA Yadav,1473466,2025,40,28,142.86
SA Yadav,1473470,2025,26,15,173.33
SA Yadav,1473475,2025,68,30,226.67
SA Yadav,1473478,2025,40,19,210.53
SA Yadav,1473482,2025,54,28,192.86
SA Yadav,1473487,2025,48,23,208.7
SA Yadav,1473493,2025,35,24,145.83
SA Yadav,1473501,2025,73,43,169.77
SA Yadav,1473506,2025,57,39,146.15
SA Yadav,1473509,2025,33,20,165.0
SA Yadav,1473510,2025,44,26,169.23
SA Yadav,1527675,2026,16,8,200.0
SA Yadav,1527681,2026,51,36,141.67
SA Yadav,1527686,2026,6,3,200.0
SA Yadav,1527693,2026,33,22,150.0
SA Yadav,1529267,2026,0,1,0.0
SA Yadav,1529273,2026,15,10,150.0
SA Yadav,1529276,2026,36,30,120.0
SA Yadav,1529284,2026,5,5,100.0
SA Yadav,1529287,2026,21,12,175.0
SA Yadav,1529290,2026,12,7,171.43
SA Yadav,1529297,2026,0,1,0.0
SA Yadav,1529308,2026,15,6,250.0
SA Yadav,1529312,2026,60,42,142.86
SB Bangar,335986,2008,14,10,140.0
SB Bangar,335988,2008,8,14,57.14
SB Bangar,335999,2008,3,8,37.5
SB Bangar,336011,2008,3,6,50.0
SB Bangar,336014,2008,2,4,50.0
SB Bangar,336034,2008,17,7,242.86
SB Bangar,392190,2009,2,9,22.22
SB Dubey,1422132,2024,8,6,133.33
SB Dubey,1426294,2024,25,12,208.33
SB Dubey,1426299,2024,0,1,0.0
SB Dubey,1473439,2025,33,10,330.0
SB Dubey,1473443,2025,9,12,75.0
SB Dubey,1473460,2025,1,3,33.33
SB Dubey,1473473,2025,3,3,100.0
SB Dubey,1473479,2025,12,7,171.43
SB Dubey,1473487,2025,15,9,166.67
SB Dubey,1473490,2025,25,14,178.57
SB Dubey,1473497,2025,7,7,100.0
SB Dubey,1529275,2026,19,11,172.73
SB Dubey,1529283,2026,31,12,258.33
SB Dubey,1529286,2026,6,6,100.0
SB Dubey,1529295,2026,15,14,107.14
SB Dubey,1529305,2026,5,9,55.56
SB Dubey,1529312,2026,5,6,83.33
SB Jakati,392206,2009,13,8,162.5
SB Jakati,392224,2009,7,7,100.0
SB Jakati,548306,2012,6,10,60.0
SB Jakati,548316,2012,1,2,50.0
SB Jakati,981013,2016,1,2,50.0
SB Joshi,335982,2008,3,6,50.0
SB Joshi,335992,2008,3,8,37.5
SB Styris,335986,2008,6,7,85.71
SB Styris,336007,2008,36,41,87.8
SB Styris,336011,2008,13,11,118.18
SB Styris,336014,2008,5,10,50.0
SB Styris,336020,2008,29,28,103.57
SB Styris,336031,2008,1,2,50.0
SB Styris,336034,2008,2,3,66.67
SB Styris,336037,2008,20,20,100.0
SB Styris,392188,2009,14,8,175.0
SB Styris,501198,2011,5,2,250.0
SB Wagh,501218,2011,2,2,100.0
SB Wagh,501241,2011,0,1,0.0
SC Ganguly,335982,2008,10,12,83.33
SC Ganguly,335986,2008,14,29,48.28
SC Ganguly,335993,2008,12,19,63.16
SC Ganguly,335997,2008,4,2,200.0
SC Ganguly,336000,2008,51,39,130.77
SC Ganguly,336003,2008,5,7,71.43
SC Ganguly,336010,2008,20,22,90.91
SC Ganguly,336014,2008,91,57,159.65
SC Ganguly,336017,2008,7,3,233.33
SC Ganguly,336021,2008,15,20,75.0
SC Ganguly,336025,2008,2,8,25.0
SC Ganguly,336027,2008,32,34,94.12
SC Ganguly,336035,2008,86,53,162.26
SC Ganguly,392184,2009,1,12,8.33
SC Ganguly,392190,2009,40,29,137.93
SC Ganguly,392197,2009,34,30,113.33
SC Ganguly,392199,2009,1,8,12.5
SC Ganguly,392203,2009,0,1,0.0
SC Ganguly,392207,2009,22,17,129.41
SC Ganguly,392219,2009,44,44,100.0
SC Ganguly,392221,2009,4,6,66.67
SC Ganguly,392228,2009,33,41,80.49
SC Ganguly,392231,2009,4,14,28.57
SC Ganguly,392233,2009,0,3,0.0
SC Ganguly,419106,2010,0,3,0.0
SC Ganguly,419109,2010,23,22,104.55
SC Ganguly,419113,2010,11,20,55.0
SC Ganguly,419118,2010,33,29,113.79
SC Ganguly,419122,2010,31,34,91.18
SC Ganguly,419127,2010,50,40,125.0
SC Ganguly,419131,2010,5,10,50.0
SC Ganguly,419135,2010,88,54,162.96
SC Ganguly,419139,2010,36,30,120.0
SC Ganguly,419144,2010,56,46,121.74
SC Ganguly,419148,2010,33,32,103.12
SC Ganguly,419153,2010,10,12,83.33
SC Ganguly,419158,2010,75,50,150.0
SC Ganguly,419161,2010,42,36,116.67
SC Ganguly,501250,2011,32,31,103.23
SC Ganguly,501259,2011,0,5,0.0
SC Ganguly,501262,2011,18,22,81.82
SC Ganguly,548308,2012,3,6,50.0
SC Ganguly,548313,2012,20,18,111.11
SC Ganguly,548319,2012,16,9,177.78
SC Ganguly,548322,2012,16,16,100.0
SC Ganguly,548327,2012,6,8,75.0
SC Ganguly,548330,2012,24,26,92.31
SC Ganguly,548333,2012,41,35,117.14
SC Ganguly,548337,2012,1,4,25.0
SC Ganguly,548341,2012,23,20,115.0
SC Ganguly,548348,2012,45,40,112.5
SC Ganguly,548351,2012,16,24,66.67
SC Ganguly,548353,2012,36,35,102.86
SC Ganguly,548358,2012,14,18,77.78
SC Ganguly,548365,2012,2,4,50.0
SC Ganguly,548375,2012,5,8,62.5
SD Chitnis,336028,2008,9,5,180.0
SD Chitnis,336032,2008,3,4,75.0
SD Chitnis,392225,2009,6,8,75.0
SD Chitnis,501248,2011,9,9,100.0
SD Chitnis,548359,2012,6,5,120.0
SD Chitnis,548366,2012,11,13,84.62
SD Chitnis,548371,2012,11,12,91.67
SD Chitnis,548374,2012,38,32,118.75
SD Hope,1422120,2024,33,25,132.0
SD Hope,1426264,2024,11,10,110.0
SD Hope,1426270,2024,19,10,190.0
SD Hope,1426278,2024,5,6,83.33
SD Hope,1426281,2024,41,17,241.18
SD Hope,1426285,2024,6,3,200.0
SD Hope,1426294,2024,1,1,100.0
SD Hope,1426300,2024,29,23,126.09
SD Hope,1426302,2024,38,27,140.74
SD Lad,1178399,2019,15,13,115.38
SE Bond,419113,2010,1,2,50.0
SE Marsh,335999,2008,84,62,135.48
SE Marsh,336003,2008,40,32,125.0
SE Marsh,336006,2008,39,34,114.71
SE Marsh,336013,2008,58,38,152.63
SE Marsh,336016,2008,74,51,145.1
SE Marsh,336019,2008,113,68,166.18
SE Marsh,336022,2008,2,5,40.0
SE Marsh,336028,2008,81,56,144.64
SE Marsh,336031,2008,60,46,130.43
SE Marsh,336035,2008,40,31,129.03
SE Marsh,336039,2008,23,17,135.29
SE Marsh,419132,2010,57,47,121.28
SE Marsh,419136,2010,2,9,22.22
SE Marsh,419156,2010,0,1,0.0
SE Marsh,419159,2010,88,57,154.39
SE Marsh,501202,2011,1,3,33.33
SE Marsh,501206,2011,12,14,85.71
SE Marsh,501220,2011,71,42,169.05
SE Marsh,501223,2011,91,45,202.22
SE Marsh,501234,2011,5,7,71.43
SE Marsh,501237,2011,61,47,129.79
SE Marsh,501244,2011,4,8,50.0
SE Marsh,501248,2011,32,28,114.29
SE Marsh,501251,2011,43,34,126.47
SE Marsh,501254,2011,42,30,140.0
SE Marsh,501257,2011,46,28,164.29
SE Marsh,501260,2011,79,49,161.22
SE Marsh,501264,2011,13,8,162.5
SE Marsh,548309,2012,7,6,116.67
SE Marsh,548319,2012,64,54,118.52
SE Marsh,548323,2012,1,6,16.67
SE Marsh,548328,2012,33,30,110.0
SE Marsh,548331,2012,26,17,152.94
SE Marsh,548334,2012,68,40,170.0
SE Marsh,548339,2012,17,26,65.38
SE Marsh,548343,2012,32,22,145.45
SE Marsh,548350,2012,8,10,80.0
SE Marsh,548354,2012,34,27,125.93
SE Marsh,548359,2012,22,20,110.0
SE Marsh,548366,2012,11,7,157.14
SE Marsh,548369,2012,13,15,86.67
SE Marsh,598028,2013,45,44,102.27
SE Marsh,598037,2013,10,12,83.33
SE Marsh,598041,2013,73,51,143.14
SE Marsh,598045,2013,8,4,200.0
SE Marsh,598052,2013,77,64,120.31
SE Marsh,598056,2013,18,20,90.0
SE Marsh,598064,2013,6,7,85.71
SE Marsh,598066,2013,63,47,134.04
SE Marsh,734025,2014,30,17,176.47
SE Marsh,734033,2014,40,35,114.29
SE Marsh,829741,2015,73,44,165.91
SE Marsh,829753,2015,10,10,100.0
SE Marsh,829759,2015,1,4,25.0
SE Marsh,829767,2015,5,4,125.0
SE Marsh,980913,2016,13,16,81.25
SE Marsh,980919,2016,4,6,66.67
SE Marsh,980925,2016,56,41,136.59
SE Marsh,980935,2016,40,34,117.65
SE Marsh,980941,2016,45,34,132.35
SE Marsh,980955,2016,1,3,33.33
SE Marsh,1082612,2017,26,21,123.81
SE Marsh,1082616,2017,30,24,125.0
SE Marsh,1082623,2017,84,49,171.43
SE Marsh,1082633,2017,20,17,117.65
SE Marsh,1082637,2017,58,43,134.88
SE Marsh,1082639,2017,11,10,110.0
SE Marsh,1082641,2017,19,15,126.67
SE Marsh,1082645,2017,10,13,76.92
SE Rutherford,1178412,2019,2,2,100.0
SE Rutherford,1178415,2019,11,5,220.0
SE Rutherford,1178421,2019,28,13,215.38
SE Rutherford,1178425,2019,2,4,50.0
SE Rutherford,1178428,2019,11,6,183.33
SE Rutherford,1181766,2019,9,12,75.0
SE Rutherford,1181767,2019,10,12,83.33
SE Rutherford,1304052,2022,28,40,70.0
SE Rutherford,1304059,2022,5,10,50.0
SE Rutherford,1473442,2025,46,28,164.29
SE Rutherford,1473446,2025,18,11,163.64
SE Rutherford,1473451,2025,30,18,166.67
SE Rutherford,1473457,2025,35,16,218.75
SE Rutherford,1473460,2025,7,3,233.33
SE Rutherford,1473463,2025,22,19,115.79
SE Rutherford,1473472,2025,42,33,127.27
SE Rutherford,1473493,2025,28,15,186.67
SE Rutherford,1473502,2025,38,22,172.73
SE Rutherford,1473504,2025,0,4,0.0
SE Rutherford,1473509,2025,24,15,160.0
SE Rutherford,1527681,2026,5,7,71.43
SE Rutherford,1527686,2026,25,8,312.5
SE Rutherford,1527693,2026,71,30,236.67
SE Rutherford,1529267,2026,1,5,20.0
SE Rutherford,1529273,2026,1,2,50.0
SE Rutherford,1529276,2026,0,1,0.0
SE Rutherford,1529301,2026,20,21,95.24
SH Johnson,1422125,2024,5,5,100.0
SH Johnson,1422139,2024,0,1,0.0
SH Johnson,1426270,2024,1,1,100.0
SH Johnson,1473438,2025,1,1,100.0
SH Johnson,1473449,2025,1,3,33.33
SH Johnson,1529309,2026,0,1,0.0
SJ Srivastava,419124,2010,0,1,0.0
SJ Srivastava,419132,2010,1,1,100.0
SJ Srivastava,501248,2011,1,1,100.0
SJ Srivastava,501251,2011,3,2,150.0
SK Raina,335983,2008,32,13,246.15
SK Raina,335989,2008,53,37,143.24
SK Raina,335996,2008,28,17,164.71
SK Raina,336001,2008,3,4,75.0
SK Raina,336005,2008,27,27,100.0
SK Raina,336007,2008,32,21,152.38
SK Raina,336009,2008,1,2,50.0
SK Raina,336013,2008,25,16,156.25
SK Raina,336018,2008,1,6,16.67
SK Raina,336029,2008,21,20,105.0
SK Raina,336033,2008,45,24,187.5
SK Raina,336037,2008,54,43,125.58
SK Raina,336039,2008,55,34,161.76
SK Raina,336040,2008,43,30,143.33
SK Raina,392181,2009,8,9,88.89
SK Raina,392185,2009,28,29,96.55
SK Raina,392189,2009,41,26,157.69
SK Raina,392196,2009,25,19,131.58
SK Raina,392202,2009,97,54,179.63
SK Raina,392206,2009,32,21,152.38
SK Raina,392209,2009,32,19,168.42
SK Raina,392214,2009,32,20,160.0
SK Raina,392217,2009,13,11,118.18
SK Raina,392224,2009,13,10,130.0
SK Raina,392227,2009,20,12,166.67
SK Raina,392231,2009,52,36,144.44
SK Raina,392234,2009,20,21,95.24
SK Raina,392238,2009,20,19,105.26
SK Raina,419110,2010,6,3,200.0
SK Raina,419113,2010,18,20,90.0
SK Raina,419116,2010,49,34,144.12
SK Raina,419121,2010,23,14,164.29
SK Raina,419123,2010,9,7,128.57
SK Raina,419125,2010,83,51,162.75
SK Raina,419129,2010,14,12,116.67
SK Raina,419133,2010,32,32,100.0
SK Raina,419137,2010,13,7,185.71
SK Raina,419142,2010,23,18,127.78
SK Raina,419147,2010,52,42,123.81
SK Raina,419153,2010,78,39,200.0
SK Raina,419155,2010,15,19,78.95
SK Raina,419159,2010,46,27,170.37
SK Raina,419163,2010,2,4,50.0
SK Raina,419165,2010,57,35,162.86
SK Raina,501198,2011,33,29,113.79
SK Raina,501206,2011,0,1,0.0
SK Raina,501211,2011,29,16,181.25
SK Raina,501215,2011,50,40,125.0
SK Raina,501221,2011,5,4,125.0
SK Raina,501226,2011,2,4,50.0
SK Raina,501228,2011,34,25,136.0
SK Raina,501236,2011,59,35,168.57
SK Raina,501240,2011,61,51,119.61
SK Raina,501245,2011,4,9,44.44
SK Raina,501249,2011,43,27,159.26
SK Raina,501253,2011,14,10,140.0
SK Raina,501261,2011,19,13,146.15
SK Raina,501266,2011,4,6,66.67
SK Raina,501268,2011,72,48,150.0
SK Raina,501271,2011,8,5,160.0
SK Raina,548306,2012,36,26,138.46
SK Raina,548311,2012,16,12,133.33
SK Raina,548316,2012,17,16,106.25
SK Raina,548318,2012,23,14,164.29
SK Raina,548322,2012,19,18,105.56
SK Raina,548330,2012,0,2,0.0
SK Raina,548332,2012,26,24,108.33
SK Raina,548343,2012,15,17,88.24
SK Raina,548347,2012,44,34,129.41
SK Raina,548352,2012,32,24,133.33
SK Raina,548355,2012,36,21,171.43
SK Raina,548361,2012,23,17,135.29
SK Raina,548364,2012,28,20,140.0
SK Raina,548368,2012,8,10,80.0
SK Raina,548371,2012,17,13,130.77
SK Raina,548379,2012,0,1,0.0
SK Raina,548380,2012,27,17,158.82
SK Raina,548381,2012,73,38,192.11
SK Raina,598002,2013,10,7,142.86
SK Raina,598012,2013,30,22,136.36
SK Raina,598015,2013,8,10,80.0
SK Raina,598020,2013,30,32,93.75
SK Raina,598022,2013,7,8,87.5
SK Raina,598026,2013,51,35,145.71
SK Raina,598030,2013,16,13,123.08
SK Raina,598034,2013,44,25,176.0
SK Raina,598038,2013,63,50,126.0
SK Raina,598041,2013,100,53,188.68
SK Raina,598046,2013,0,1,0.0
SK Raina,598051,2013,97,51,190.2
SK Raina,598058,2013,1,2,50.0
SK Raina,598062,2013,7,11,63.64
SK Raina,598068,2013,0,1,0.0
SK Raina,598070,2013,82,42,195.24
SK Raina,598073,2013,0,1,0.0
SK Raina,729283,2014,24,19,126.32
SK Raina,729293,2014,56,41,136.59
SK Raina,729297,2014,4,9,44.44
SK Raina,729303,2014,1,4,25.0
SK Raina,729311,2014,14,10,140.0
SK Raina,733971,2014,31,25,124.0
SK Raina,733981,2014,47,27,174.07
SK Raina,733987,2014,35,27,129.63
SK Raina,733995,2014,19,11,172.73
SK Raina,734003,2014,2,3,66.67
SK Raina,734013,2014,62,48,129.17
SK Raina,734023,2014,65,52,125.0
SK Raina,734029,2014,4,7,57.14
SK Raina,734035,2014,18,18,100.0
SK Raina,734045,2014,54,32,168.75
SK Raina,734047,2014,83,24,345.83
SK Raina,829707,2015,4,7,57.14
SK Raina,829711,2015,14,12,116.67
SK Raina,829723,2015,8,10,80.0
SK Raina,829729,2015,43,28,153.57
SK Raina,829735,2015,4,8,50.0
SK Raina,829745,2015,62,32,193.75
SK Raina,829753,2015,29,25,116.0
SK Raina,829765,2015,17,21,80.95
SK Raina,829773,2015,23,15,153.33
SK Raina,829779,2015,52,46,113.04
SK Raina,829789,2015,10,10,100.0
SK Raina,829797,2015,3,6,50.0
SK Raina,829801,2015,11,8,137.5
SK Raina,829809,2015,41,34,120.59
SK Raina,829817,2015,25,20,125.0
SK Raina,829821,2015,0,2,0.0
SK Raina,829823,2015,28,19,147.37
SK Raina,980905,2016,20,9,222.22
SK Raina,980911,2016,24,24,100.0
SK Raina,980917,2016,27,22,122.73
SK Raina,980929,2016,75,51,147.06
SK Raina,980937,2016,28,24,116.67
SK Raina,980945,2016,2,5,40.0
SK Raina,980949,2016,34,28,121.43
SK Raina,980955,2016,18,15,120.0
SK Raina,980961,2016,24,20,120.0
SK Raina,980967,2016,20,10,200.0
SK Raina,980975,2016,14,18,77.78
SK Raina,981001,2016,53,36,147.22
SK Raina,981007,2016,58,36,161.11
SK Raina,981013,2016,1,9,11.11
SK Raina,981017,2016,1,5,20.0
SK Raina,1082593,2017,68,51,133.33
SK Raina,1082596,2017,5,8,62.5
SK Raina,1082603,2017,35,22,159.09
SK Raina,1082606,2017,24,28,85.71
SK Raina,1082610,2017,23,8,287.5
SK Raina,1082613,2017,84,46,182.61
SK Raina,1082616,2017,32,24,133.33
SK Raina,1082621,2017,34,28,121.43
SK Raina,1082625,2017,1,3,33.33
SK Raina,1082629,2017,8,8,100.0
SK Raina,1082632,2017,77,43,179.07
SK Raina,1082637,2017,39,25,156.0
SK Raina,1082640,2017,6,5,120.0
SK Raina,1082643,2017,2,5,40.0
SK Raina,1136561,2018,4,6,66.67
SK Raina,1136565,2018,14,12,116.67
SK Raina,1136577,2018,46,29,158.62
SK Raina,1136580,2018,54,43,125.58
SK Raina,1136584,2018,11,9,122.22
SK Raina,1136587,2018,75,47,159.57
SK Raina,1136590,2018,1,2,50.0
SK Raina,1136593,2018,31,26,119.23
SK Raina,1136595,2018,25,21,119.05
SK Raina,1136603,2018,52,34,152.94
SK Raina,1136606,2018,2,3,66.67
SK Raina,1136612,2018,15,18,83.33
SK Raina,1136616,2018,61,48,127.08
SK Raina,1136617,2018,22,13,169.23
SK Raina,1136620,2018,32,24,133.33
SK Raina,1175356,2019,18,20,90.0
SK Raina,1175360,2019,30,16,187.5
SK Raina,1175367,2019,36,32,112.5
SK Raina,1175370,2019,16,15,106.67
SK Raina,1178393,2019,17,20,85.0
SK Raina,1178398,2019,14,13,107.69
SK Raina,1178400,2019,4,4,100.0
SK Raina,1178404,2019,58,42,138.1
SK Raina,1178408,2019,13,13,100.0
SK Raina,1178414,2019,0,1,0.0
SK Raina,1178416,2019,38,24,158.33
SK Raina,1178419,2019,2,4,50.0
SK Raina,1178425,2019,59,37,159.46
SK Raina,1178430,2019,53,38,139.47
SK Raina,1181764,2019,5,6,83.33
SK Raina,1181767,2019,11,13,84.62
SK Raina,1181768,2019,8,14,57.14
SK Raina,1254059,2021,54,36,150.0
SK Raina,1254065,2021,8,9,88.89
SK Raina,1254069,2021,18,15,120.0
SK Raina,1254076,2021,24,18,133.33
SK Raina,1254080,2021,17,15,113.33
SK Raina,1254084,2021,2,4,50.0
SK Raina,1254089,2021,3,5,60.0
SK Raina,1254091,2021,2,3,66.67
SK Raina,1254098,2021,11,6,183.33
SK Raina,1254104,2021,4,6,66.67
SK Raina,1254113,2021,17,10,170.0
SK Rasheed,1473467,2025,27,19,142.11
SK Rasheed,1473475,2025,19,20,95.0
SK Rasheed,1473480,2025,0,1,0.0
SK Rasheed,1473486,2025,11,12,91.67
SK Rasheed,1473489,2025,14,11,127.27
SK Trivedi,335984,2008,3,7,42.86
SK Trivedi,336008,2008,1,3,33.33
SK Trivedi,336038,2008,1,2,50.0
SK Trivedi,392202,2009,2,3,66.67
SK Trivedi,392220,2009,1,5,20.0
SK Trivedi,392230,2009,6,9,66.67
SK Trivedi,419115,2010,0,1,0.0
SK Trivedi,419134,2010,7,5,140.0
SK Trivedi,419141,2010,9,6,150.0
SK Trivedi,419158,2010,4,2,200.0
SK Trivedi,501214,2011,0,2,0.0
SK Trivedi,548317,2012,5,6,83.33
SK Trivedi,598023,2013,3,6,50.0
SK Trivedi,598065,2013,0,1,0.0
SK Warne,335984,2008,14,13,107.69
SK Warne,335990,2008,21,8,262.5
SK Warne,336000,2008,7,8,87.5
SK Warne,336008,2008,7,7,100.0
SK Warne,336015,2008,11,12,91.67
SK Warne,336038,2008,0,1,0.0
SK Warne,336040,2008,9,9,100.0
SK Warne,392182,2009,3,9,33.33
SK Warne,392190,2009,2,2,100.0
SK Warne,392195,2009,34,33,103.03
SK Warne,392198,2009,0,2,0.0
SK Warne,392202,2009,3,9,33.33
SK Warne,392205,2009,21,17,123.53
SK Warne,392217,2009,21,11,190.91
SK Warne,392220,2009,0,1,0.0
SK Warne,392230,2009,6,3,200.0
SK Warne,392233,2009,18,29,62.07
SK Warne,419107,2010,1,1,100.0
SK Warne,419115,2010,4,7,57.14
SK Warne,419118,2010,1,2,50.0
SK Warne,419134,2010,0,1,0.0
SK Warne,419141,2010,1,4,25.0
SK Warne,419158,2010,3,4,75.0
SK Warne,501214,2011,3,6,50.0
SK Warne,501220,2011,5,3,166.67
SK Warne,501249,2011,0,2,0.0
SK Warne,501258,2011,2,9,22.22
SL Malinga,392225,2009,0,1,0.0
SL Malinga,419165,2010,1,1,100.0
SL Malinga,501231,2011,1,4,25.0
SL Malinga,501270,2011,7,5,140.0
SL Malinga,548308,2012,5,3,166.67
SL Malinga,548342,2012,11,13,84.62
SL Malinga,548351,2012,14,14,100.0
SL Malinga,548355,2012,0,1,0.0
SL Malinga,548370,2012,8,6,133.33
SL Malinga,548379,2012,17,16,106.25
SL Malinga,598019,2013,7,11,63.64
SL Malinga,598033,2013,0,1,0.0
SL Malinga,598063,2013,1,1,100.0
SL Malinga,598066,2013,1,1,100.0
SL Malinga,598070,2013,0,2,0.0
SL Malinga,598073,2013,0,2,0.0
SL Malinga,729287,2014,2,4,50.0
SL Malinga,829747,2015,6,10,60.0
SL Malinga,1082625,2017,0,1,0.0
SL Malinga,1082647,2017,7,2,350.0
SM Curran,1175368,2019,20,10,200.0
SM Curran,1178393,2019,0,1,0.0
SM Curran,1178397,2019,5,3,166.67
SM Curran,1178399,2019,8,3,266.67
SM Curran,1178403,2019,1,3,33.33
SM Curran,1178412,2019,0,4,0.0
SM Curran,1178427,2019,55,24,229.17
SM Curran,1178430,2019,6,7,85.71
SM Curran,1216492,2020,18,6,300.0
SM Curran,1216496,2020,17,6,283.33
SM Curran,1216501,2020,17,11,154.55
SM Curran,1216509,2020,0,3,0.0
SM Curran,1216516,2020,15,5,300.0
SM Curran,1216521,2020,52,47,110.64
SM Curran,1216525,2020,0,1,0.0
SM Curran,1216528,2020,31,21,147.62
SM Curran,1216533,2020,22,25,88.0
SM Curran,1216536,2020,13,14,92.86
SM Curran,1216539,2020,1,2,50.0
SM Curran,1254059,2021,34,15,226.67
SM Curran,1254065,2021,5,4,125.0
SM Curran,1254069,2021,13,6,216.67
SM Curran,1254098,2021,4,4,100.0
SM Curran,1359476,2023,26,17,152.94
SM Curran,1359482,2023,1,2,50.0
SM Curran,1359488,2023,22,15,146.67
SM Curran,1359492,2023,22,22,100.0
SM Curran,1359495,2023,6,6,100.0
SM Curran,1359501,2023,10,12,83.33
SM Curran,1359505,2023,54,28,192.86
SM Curran,1359512,2023,17,10,170.0
SM Curran,1359515,2023,29,20,145.0
SM Curran,1359527,2023,4,9,44.44
SM Curran,1359533,2023,20,24,83.33
SM Curran,1359538,2023,11,5,220.0
SM Curran,1359540,2023,49,31,158.06
SM Curran,1422120,2024,63,47,134.04
SM Curran,1422124,2024,23,17,135.29
SM Curran,1422129,2024,0,1,0.0
SM Curran,1422135,2024,5,8,62.5
SM Curran,1426261,2024,29,22,131.82
SM Curran,1426265,2024,6,10,60.0
SM Curran,1426271,2024,6,7,85.71
SM Curran,1426275,2024,20,19,105.26
SM Curran,1426287,2024,22,18,122.22
SM Curran,1426291,2024,7,11,63.64
SM Curran,1426296,2024,22,16,137.5
SM Curran,1426303,2024,63,41,153.66
SM Curran,1473440,2025,4,9,44.44
SM Curran,1473445,2025,8,13,61.54
SM Curran,1473480,2025,9,9,100.0
SM Curran,1473486,2025,86,46,186.96
SM Curran,1473489,2025,5,5,100.0
SM Harwood,392205,2009,3,7,42.86
SM Harwood,392217,2009,5,6,83.33
SM Katich,335983,2008,21,17,123.53
SM Katich,335995,2008,74,51,145.1
SM Katich,392204,2009,3,5,60.0
SM Katich,392207,2009,34,28,121.43
SM Katich,392210,2009,10,13,76.92
SM Katich,392214,2009,50,25,200.0
SM Katich,392216,2009,9,11,81.82
SM Katich,392222,2009,0,2,0.0
SM Katich,392226,2009,20,10,200.0
SM Katich,392229,2009,11,10,110.0
SM Katich,392234,2009,8,13,61.54
SM Pollock,335985,2008,28,12,233.33
SM Pollock,335989,2008,17,15,113.33
SM Pollock,335991,2008,22,21,104.76
SM Pollock,335994,2008,31,31,100.0
SM Pollock,336004,2008,33,15,220.0
SM Pollock,336028,2008,0,1,0.0
SM Pollock,336032,2008,16,15,106.67
SM Pollock,336036,2008,0,1,0.0
SMSM Senanayake,598016,2013,1,2,50.0
SMSM Senanayake,598022,2013,7,13,53.85
SMSM Senanayake,598061,2013,2,1,200.0
SN Khan,829745,2015,11,7,157.14
SN Khan,829763,2015,44,20,220.0
SN Khan,829779,2015,8,8,100.0
SN Khan,829785,2015,11,7,157.14
SN Khan,829803,2015,4,6,66.67
SN Khan,829819,2015,1,1,100.0
SN Khan,829821,2015,31,21,147.62
SN Khan,980907,2016,35,10,350.0
SN Khan,980921,2016,1,2,50.0
SN Khan,980927,2016,28,18,155.56
SN Khan,980931,2016,2,1,200.0
SN Khan,1136563,2018,6,10,60.0
SN Khan,1136568,2018,0,1,0.0
SN Khan,1136574,2018,5,6,83.33
SN Khan,1136605,2018,11,8,137.5
SN Khan,1136611,2018,22,8,275.0
SN Khan,1136613,2018,7,8,87.5
SN Khan,1175359,2019,46,29,158.62
SN Khan,1175361,2019,13,13,100.0
SN Khan,1175368,2019,39,29,134.48
SN Khan,1178393,2019,61,57,107.02
SN Khan,1178403,2019,15,13,115.38
SN Khan,1216493,2020,12,12,100.0
SN Khan,1216503,2020,7,8,87.5
SN Khan,1216513,2020,14,9,155.56
SN Khan,1254090,2021,0,1,0.0
SN Khan,1254094,2021,0,3,0.0
SN Khan,1304061,2022,36,28,128.57
SN Khan,1304078,2022,12,13,92.31
SN Khan,1304080,2022,1,3,33.33
SN Khan,1304110,2022,32,16,200.0
SN Khan,1304115,2022,10,7,142.86
SN Khan,1359477,2023,4,8,50.0
SN Khan,1359481,2023,30,34,88.24
SN Khan,1359508,2023,10,9,111.11
SN Khan,1359514,2023,9,10,90.0
SN Khan,1527676,2026,17,12,141.67
SN Khan,1527680,2026,32,12,266.67
SN Khan,1527684,2026,46,24,191.67
SN Khan,1529265,2026,23,18,127.78
SN Khan,1529270,2026,25,19,131.58
SN Khan,1529276,2026,14,8,175.0
SN Khan,1529280,2026,0,1,0.0
SN Thakur,829767,2015,7,6,116.67
SN Thakur,1082603,2017,0,1,0.0
SN Thakur,1082607,2017,0,1,0.0
SN Thakur,1082634,2017,0,1,0.0
SN Thakur,1136617,2018,15,5,300.0
SN Thakur,1175370,2019,12,5,240.0
SN Thakur,1181768,2019,2,2,100.0
SN Thakur,1216521,2020,11,20,55.0
SN Thakur,1216525,2020,1,1,100.0
SN Thakur,1254098,2021,3,2,150.0
SN Thakur,1254104,2021,1,1,100.0
SN Thakur,1254114,2021,0,1,0.0
SN Thakur,1304048,2022,22,11,200.0
SN Thakur,1304056,2022,2,5,40.0
SN Thakur,1304065,2022,29,11,263.64
SN Thakur,1304073,2022,17,9,188.89
SN Thakur,1304080,2022,10,7,142.86
SN Thakur,1304087,2022,8,14,57.14
SN Thakur,1304091,2022,1,2,50.0
SN Thakur,1304101,2022,24,19,126.32
SN Thakur,1304110,2022,3,4,75.0
SN Thakur,1304115,2022,4,5,80.0
SN Thakur,1359476,2023,8,3,266.67
SN Thakur,1359483,2023,68,29,234.48
SN Thakur,1359487,2023,0,1,0.0
SN Thakur,1359493,2023,12,7,171.43
SN Thakur,1359496,2023,13,11,118.18
SN Thakur,1359513,2023,0,4,0.0
SN Thakur,1359521,2023,8,6,133.33
SN Thakur,1359530,2023,1,2,50.0
SN Thakur,1359542,2023,3,7,42.86
SN Thakur,1426291,2024,17,11,154.55
SN Thakur,1426297,2024,3,4,75.0
SN Thakur,1426306,2024,1,2,50.0
SN Thakur,1473441,2025,0,2,0.0
SN Thakur,1473450,2025,3,3,100.0
SN Thakur,1473453,2025,5,2,250.0
SN Thakur,1473467,2025,6,4,150.0
SN Thakur,1473499,2025,4,1,400.0
SN Thakur,1527686,2026,8,7,114.29
SN Thakur,1529276,2026,6,12,50.0
SN Thakur,1529312,2026,10,11,90.91
SO Hetmyer,1175356,2019,0,2,0.0
SO Hetmyer,1175362,2019,5,6,83.33
SO Hetmyer,1175366,2019,9,9,100.0
SO Hetmyer,1175369,2019,1,9,11.11
SO Hetmyer,1178429,2019,75,47,159.57
SO Hetmyer,1216493,2020,7,13,53.85
SO Hetmyer,1216497,2020,10,5,200.0
SO Hetmyer,1216500,2020,45,24,187.5
SO Hetmyer,1216515,2020,7,5,140.0
SO Hetmyer,1216519,2020,11,7,157.14
SO Hetmyer,1216524,2020,16,13,123.08
SO Hetmyer,1216532,2020,21,12,175.0
SO Hetmyer,1216535,2020,11,13,84.62
SO Hetmyer,1216546,2020,10,6,166.67
SO Hetmyer,1237180,2020,40,21,190.48
SO Hetmyer,1237181,2020,5,5,100.0
SO Hetmyer,1254070,2021,14,8,175.0
SO Hetmyer,1254077,2021,1,2,50.0
SO Hetmyer,1254079,2021,53,25,212.0
SO Hetmyer,1254082,2021,0,1,0.0
SO Hetmyer,1254086,2021,16,4,400.0
SO Hetmyer,1254092,2021,4,5,80.0
SO Hetmyer,1254097,2021,28,16,175.0
SO Hetmyer,1254101,2021,29,22,131.82
SO Hetmyer,1254110,2021,28,18,155.56
SO Hetmyer,1254112,2021,15,8,187.5
SO Hetmyer,1254114,2021,37,24,154.17
SO Hetmyer,1254116,2021,17,9,188.89
SO Hetmyer,1304051,2022,32,13,246.15
SO Hetmyer,1304055,2022,35,14,250.0
SO Hetmyer,1304059,2022,42,31,135.48
SO Hetmyer,1304066,2022,59,36,163.89
SO Hetmyer,1304070,2022,29,17,170.59
SO Hetmyer,1304076,2022,26,13,200.0
SO Hetmyer,1304080,2022,1,1,100.0
SO Hetmyer,1304085,2022,3,7,42.86
SO Hetmyer,1304090,2022,6,14,42.86
SO Hetmyer,1304093,2022,27,13,207.69
SO Hetmyer,1304098,2022,31,16,193.75
SO Hetmyer,1304114,2022,6,7,85.71
SO Hetmyer,1312197,2022,4,7,57.14
SO Hetmyer,1312199,2022,2,3,66.67
SO Hetmyer,1312200,2022,11,12,91.67
SO Hetmyer,1359478,2023,22,16,137.5
SO Hetmyer,1359482,2023,36,18,200.0
SO Hetmyer,1359485,2023,39,20,195.0
SO Hetmyer,1359491,2023,30,18,166.67
SO Hetmyer,1359497,2023,56,26,215.38
SO Hetmyer,1359500,2023,2,5,40.0
SO Hetmyer,1359506,2023,3,9,33.33
SO Hetmyer,1359511,2023,8,10,80.0
SO Hetmyer,1359516,2023,8,9,88.89
SO Hetmyer,1359522,2023,7,13,53.85
SO Hetmyer,1359526,2023,7,5,140.0
SO Hetmyer,1359534,2023,35,19,184.21
SO Hetmyer,1359540,2023,46,28,164.29
SO Hetmyer,1422122,2024,5,7,71.43
SO Hetmyer,1422127,2024,14,7,200.0
SO Hetmyer,1422137,2024,11,6,183.33
SO Hetmyer,1426262,2024,13,5,260.0
SO Hetmyer,1426265,2024,27,10,270.0
SO Hetmyer,1426269,2024,0,1,0.0
SO Hetmyer,1426288,2024,13,9,144.44
SO Hetmyer,1426310,2024,26,14,185.71
SO Hetmyer,1426311,2024,4,9,44.44
SO Hetmyer,1473439,2025,42,23,182.61
SO Hetmyer,1473443,2025,7,8,87.5
SO Hetmyer,1473448,2025,19,16,118.75
SO Hetmyer,1473455,2025,20,12,166.67
SO Hetmyer,1473460,2025,52,32,162.5
SO Hetmyer,1473465,2025,9,8,112.5
SO Hetmyer,1473469,2025,21,13,161.54
SO Hetmyer,1473473,2025,12,7,171.43
SO Hetmyer,1473479,2025,11,8,137.5
SO Hetmyer,1473487,2025,0,1,0.0
SO Hetmyer,1473490,2025,29,23,126.09
SO Hetmyer,1473497,2025,11,12,91.67
SO Hetmyer,1473500,2025,12,5,240.0
SO Hetmyer,1527682,2026,18,8,225.0
SO Hetmyer,1527686,2026,6,7,85.71
SO Hetmyer,1527689,2026,0,1,0.0
SO Hetmyer,1529271,2026,15,18,83.33
SO Hetmyer,1529275,2026,22,18,122.22
SO Hetmyer,1529279,2026,11,10,110.0
SO Hetmyer,1529295,2026,6,7,85.71
SP Fleming,336001,2008,9,11,81.82
SP Fleming,336005,2008,0,2,0.0
SP Fleming,336007,2008,14,16,87.5
SP Fleming,336009,2008,44,28,157.14
SP Fleming,336013,2008,1,4,25.0
SP Fleming,336018,2008,26,29,89.66
SP Fleming,336025,2008,32,20,160.0
SP Fleming,336029,2008,45,39,115.38
SP Fleming,336033,2008,7,4,175.0
SP Fleming,336037,2008,14,9,155.56
SP Goswami,336012,2008,20,24,83.33
SP Goswami,336026,2008,52,42,123.81
SP Goswami,336029,2008,10,19,52.63
SP Goswami,392199,2009,43,46,93.48
SP Goswami,392204,2009,10,14,71.43
SP Goswami,419109,2010,8,10,80.0
SP Goswami,501230,2011,22,20,110.0
SP Goswami,501262,2011,6,3,200.0
SP Goswami,501267,2011,1,3,33.33
SP Goswami,501269,2011,0,3,0.0
SP Goswami,548312,2012,23,18,127.78
SP Goswami,548317,2012,0,1,0.0
SP Goswami,548320,2012,24,22,109.09
SP Goswami,548336,2012,1,2,50.0
SP Goswami,548349,2012,18,21,85.71
SP Goswami,548373,2012,3,3,100.0
SP Goswami,1136614,2018,35,25,140.0
SP Goswami,1136617,2018,12,9,133.33
SP Goswami,1136620,2018,4,4,100.0
SP Goswami,1237178,2020,0,3,0.0
SP Goswami,1237180,2020,0,1,0.0
SP Jackson,1082622,2017,12,5,240.0
SP Jackson,1082627,2017,16,17,94.12
SP Jackson,1082631,2017,10,9,111.11
SP Jackson,1304047,2022,3,3,100.0
SP Jackson,1304052,2022,0,1,0.0
SP Jackson,1304071,2022,7,7,100.0
SP Jackson,1304076,2022,8,8,100.0
SP Jackson,1304102,2022,5,7,71.43
SP Narine,548312,2012,0,1,0.0
SP Narine,548370,2012,9,6,150.0
SP Narine,598005,2013,2,2,100.0
SP Narine,598008,2013,1,1,100.0
SP Narine,598016,2013,1,2,50.0
SP Narine,598022,2013,13,6,216.67
SP Narine,598050,2013,3,6,50.0
SP Narine,598069,2013,1,2,50.0
SP Narine,729307,2014,6,8,75.0
SP Narine,729315,2014,1,1,100.0
SP Narine,733971,2014,1,1,100.0
SP Narine,734049,2014,2,4,50.0
SP Narine,829791,2015,0,1,0.0
SP Narine,980951,2016,4,3,133.33
SP Narine,981001,2016,2,7,28.57
SP Narine,981015,2016,1,3,33.33
SP Narine,1082597,2017,1,2,50.0
SP Narine,1082601,2017,37,18,205.56
SP Narine,1082604,2017,6,9,66.67
SP Narine,1082608,2017,1,1,100.0
SP Narine,1082613,2017,42,17,247.06
SP Narine,1082617,2017,34,17,200.0
SP Narine,1082620,2017,16,11,145.45
SP Narine,1082622,2017,4,4,100.0
SP Narine,1082627,2017,1,4,25.0
SP Narine,1082631,2017,0,6,0.0
SP Narine,1082636,2017,54,17,317.65
SP Narine,1082639,2017,18,10,180.0
SP Narine,1082644,2017,0,4,0.0
SP Narine,1082649,2017,10,10,100.0
SP Narine,1136563,2018,50,19,263.16
SP Narine,1136565,2018,12,4,300.0
SP Narine,1136570,2018,9,10,90.0
SP Narine,1136573,2018,1,4,25.0
SP Narine,1136575,2018,35,25,140.0
SP Narine,1136578,2018,1,4,25.0
SP Narine,1136586,2018,26,9,288.89
SP Narine,1136589,2018,27,19,142.11
SP Narine,1136593,2018,32,20,160.0
SP Narine,1136597,2018,5,4,125.0
SP Narine,1136601,2018,4,2,200.0
SP Narine,1136604,2018,75,36,208.33
SP Narine,1136609,2018,21,7,300.0
SP Narine,1136614,2018,29,10,290.0
SP Narine,1136618,2018,4,2,200.0
SP Narine,1136619,2018,26,13,200.0
SP Narine,1175361,2019,24,9,266.67
SP Narine,1175372,2019,8,7,114.29
SP Narine,1178396,2019,47,25,188.0
SP Narine,1178398,2019,6,5,120.0
SP Narine,1178404,2019,2,7,28.57
SP Narine,1178410,2019,18,16,112.5
SP Narine,1178413,2019,25,8,312.5
SP Narine,1178418,2019,11,8,137.5
SP Narine,1216497,2020,64,32,200.0
SP Narine,1216501,2020,17,9,188.89
SP Narine,1216504,2020,15,14,107.14
SP Narine,1216508,2020,9,10,90.0
SP Narine,1216515,2020,3,5,60.0
SP Narine,1216520,2020,6,4,150.0
SP Narine,1216530,2020,0,2,0.0
SP Narine,1216536,2020,7,7,100.0
SP Narine,1216545,2020,0,2,0.0
SP Narine,1254072,2021,4,3,133.33
SP Narine,1254075,2021,6,7,85.71
SP Narine,1254078,2021,0,4,0.0
SP Narine,1254082,2021,0,1,0.0
SP Narine,1254092,2021,21,10,210.0
SP Narine,1254098,2021,0,1,0.0
SP Narine,1254102,2021,3,3,100.0
SP Narine,1254115,2021,26,15,173.33
SP Narine,1254116,2021,0,1,0.0
SP Narine,1254117,2021,2,2,100.0
SP Narine,1304052,2022,12,8,150.0
SP Narine,1304065,2022,4,2,200.0
SP Narine,1304071,2022,6,2,300.0
SP Narine,1304081,2022,5,5,100.0
SP Narine,1304087,2022,0,1,0.0
SP Narine,1304099,2022,22,12,183.33
SP Narine,1304102,2022,0,1,0.0
SP Narine,1304107,2022,1,2,50.0
SP Narine,1304112,2022,21,7,300.0
SP Narine,1359476,2023,7,2,350.0
SP Narine,1359483,2023,0,1,0.0
SP Narine,1359487,2023,0,1,0.0
SP Narine,1359493,2023,0,1,0.0
SP Narine,1359496,2023,2,2,100.0
SP Narine,1359502,2023,4,6,66.67
SP Narine,1359507,2023,0,3,0.0
SP Narine,1359521,2023,1,2,50.0
SP Narine,1359530,2023,6,5,120.0
SP Narine,1359542,2023,1,2,50.0
SP Narine,1422121,2024,2,4,50.0
SP Narine,1422128,2024,47,22,213.64
SP Narine,1422134,2024,85,39,217.95
SP Narine,1426260,2024,27,20,135.0
SP Narine,1426266,2024,6,6,100.0
SP Narine,1426269,2024,109,56,194.64
SP Narine,1426274,2024,10,15,66.67
SP Narine,1426280,2024,71,32,221.88
SP Narine,1426285,2024,15,10,150.0
SP Narine,1426289,2024,8,8,100.0
SP Narine,1426292,2024,81,39,207.69
SP Narine,1426298,2024,0,1,0.0
SP Narine,1426309,2024,21,16,131.25
SP Narine,1426312,2024,6,2,300.0
SP Narine,1473438,2025,44,26,169.23
SP Narine,1473449,2025,0,2,0.0
SP Narine,1473452,2025,7,7,100.0
SP Narine,1473456,2025,30,13,230.77
SP Narine,1473462,2025,44,18,244.44
SP Narine,1473468,2025,5,4,125.0
SP Narine,1473476,2025,17,13,130.77
SP Narine,1473481,2025,4,3,133.33
SP Narine,1473485,2025,27,16,168.75
SP Narine,1473490,2025,11,9,122.22
SP Narine,1473494,2025,26,17,152.94
SP Narine,1473505,2025,31,16,193.75
SP Narine,1527679,2026,12,4,300.0
SP Narine,1529265,2026,24,17,141.18
SP Narine,1529268,2026,0,5,0.0
SP Narine,1529281,2026,4,6,66.67
SPD Smith,548308,2012,39,32,121.88
SPD Smith,548313,2012,25,12,208.33
SPD Smith,548319,2012,13,13,100.0
SPD Smith,548322,2012,44,22,200.0
SPD Smith,548327,2012,16,14,114.29
SPD Smith,548330,2012,22,20,110.0
SPD Smith,548333,2012,34,13,261.54
SPD Smith,548341,2012,20,12,166.67
SPD Smith,548348,2012,43,26,165.38
SPD Smith,548351,2012,2,6,33.33
SPD Smith,548353,2012,14,15,93.33
SPD Smith,548358,2012,18,22,81.82
SPD Smith,548362,2012,24,25,96.0
SPD Smith,548365,2012,36,30,120.0
SPD Smith,598015,2013,39,16,243.75
SPD Smith,598018,2013,17,25,68.0
SPD Smith,598025,2013,6,9,66.67
SPD Smith,598027,2013,41,31,132.26
SPD Smith,598035,2013,17,8,212.5
SPD Smith,598038,2013,35,39,89.74
SPD Smith,598042,2013,4,4,100.0
SPD Smith,729291,2014,27,15,180.0
SPD Smith,729297,2014,19,20,95.0
SPD Smith,729315,2014,24,14,171.43
SPD Smith,733979,2014,3,2,150.0
SPD Smith,733989,2014,22,33,66.67
SPD Smith,733999,2014,42,20,210.0
SPD Smith,734003,2014,9,8,112.5
SPD Smith,829709,2015,33,23,143.48
SPD Smith,829715,2015,10,9,111.11
SPD Smith,829721,2015,77,51,150.98
SPD Smith,829727,2015,13,10,130.0
SPD Smith,829735,2015,6,7,85.71
SPD Smith,829741,2015,1,2,50.0
SPD Smith,829749,2015,31,28,110.71
SPD Smith,829769,2015,23,20,115.0
SPD Smith,829787,2015,68,40,170.0
SPD Smith,829797,2015,4,6,66.67
SPD Smith,829811,2015,14,11,127.27
SPD Smith,829819,2015,12,13,92.31
SPD Smith,980911,2016,5,6,83.33
SPD Smith,980919,2016,38,26,146.15
SPD Smith,980931,2016,4,3,133.33
SPD Smith,980939,2016,31,28,110.71
SPD Smith,980943,2016,46,36,127.78
SPD Smith,980949,2016,101,53,190.57
SPD Smith,980957,2016,45,23,195.65
SPD Smith,1082592,2017,84,54,155.56
SPD Smith,1082594,2017,26,27,96.3
SPD Smith,1082603,2017,43,28,153.57
SPD Smith,1082607,2017,27,24,112.5
SPD Smith,1082615,2017,27,21,128.57
SPD Smith,1082618,2017,17,12,141.67
SPD Smith,1082620,2017,51,37,137.84
SPD Smith,1082624,2017,45,32,140.62
SPD Smith,1082629,2017,4,2,200.0
SPD Smith,1082631,2017,9,9,100.0
SPD Smith,1082634,2017,34,39,87.18
SPD Smith,1082642,2017,38,32,118.75
SPD Smith,1082645,2017,15,18,83.33
SPD Smith,1082647,2017,1,2,50.0
SPD Smith,1082650,2017,51,50,102.0
SPD Smith,1175359,2019,18,14,128.57
SPD Smith,1175367,2019,28,30,93.33
SPD Smith,1175369,2019,38,31,122.58
SPD Smith,1178396,2019,73,59,123.73
SPD Smith,1178400,2019,15,22,68.18
SPD Smith,1178402,2019,12,15,80.0
SPD Smith,1178411,2019,59,48,122.92
SPD Smith,1178415,2019,50,32,156.25
SPD Smith,1178418,2019,2,6,33.33
SPD Smith,1178420,2019,22,16,137.5
SPD Smith,1216496,2020,69,47,146.81
SPD Smith,1216500,2020,24,17,141.18
SPD Smith,1216504,2020,3,7,42.86
SPD Smith,1216507,2020,5,6,83.33
SPD Smith,1216511,2020,6,7,85.71
SPD Smith,1216514,2020,5,5,100.0
SPD Smith,1216518,2020,19,15,126.67
SPD Smith,1216522,2020,49,34,144.12
SPD Smith,1216527,2020,50,27,185.19
SPD Smith,1216530,2020,4,4,100.0
SPD Smith,1216533,2020,26,34,76.47
SPD Smith,1216537,2020,31,20,155.0
SPD Smith,1216541,2020,11,8,137.5
SPD Smith,1216543,2020,1,4,25.0
SPD Smith,1254068,2021,9,12,75.0
SPD Smith,1254070,2021,33,29,113.79
SPD Smith,1254077,2021,34,25,136.0
SPD Smith,1254079,2021,4,5,80.0
SPD Smith,1254086,2021,24,22,109.09
SPD Smith,1254092,2021,39,34,114.71
SPD Smith,1254112,2021,9,8,112.5
SR Dubey,1529313,2026,4,2,200.0
SR Tendulkar,336012,2008,40,43,93.02
SR Tendulkar,336018,2008,12,16,75.0
SR Tendulkar,336021,2008,0,3,0.0
SR Tendulkar,336024,2008,23,19,121.05
SR Tendulkar,336028,2008,65,46,141.3
SR Tendulkar,336032,2008,18,16,112.5
SR Tendulkar,336036,2008,30,34,88.24
SR Tendulkar,392181,2009,59,49,120.41
SR Tendulkar,392192,2009,35,26,134.62
SR Tendulkar,392197,2009,68,45,151.11
SR Tendulkar,392200,2009,1,5,20.0
SR Tendulkar,392203,2009,34,30,113.33
SR Tendulkar,392208,2009,11,11,100.0
SR Tendulkar,392212,2009,2,4,50.0
SR Tendulkar,392215,2009,15,14,107.14
SR Tendulkar,392218,2009,0,3,0.0
SR Tendulkar,392222,2009,41,28,146.43
SR Tendulkar,392225,2009,40,30,133.33
SR Tendulkar,392227,2009,11,14,78.57
SR Tendulkar,392235,2009,46,40,115.0
SR Tendulkar,419107,2010,17,11,154.55
SR Tendulkar,419114,2010,63,32,196.88
SR Tendulkar,419119,2010,25,22,113.64
SR Tendulkar,419122,2010,71,48,147.92
SR Tendulkar,419125,2010,72,52,138.46
SR Tendulkar,419130,2010,53,41,129.27
SR Tendulkar,419132,2010,11,15,73.33
SR Tendulkar,419138,2010,35,25,140.0
SR Tendulkar,419142,2010,45,35,128.57
SR Tendulkar,419146,2010,29,25,116.0
SR Tendulkar,419150,2010,89,59,150.85
SR Tendulkar,419152,2010,30,26,115.38
SR Tendulkar,419157,2010,19,18,105.56
SR Tendulkar,419162,2010,9,9,100.0
SR Tendulkar,419165,2010,48,45,106.67
SR Tendulkar,501201,2011,46,50,92.0
SR Tendulkar,501205,2011,55,46,119.57
SR Tendulkar,501210,2011,100,66,151.52
SR Tendulkar,501218,2011,35,39,89.74
SR Tendulkar,501221,2011,5,8,62.5
SR Tendulkar,501224,2011,28,24,116.67
SR Tendulkar,501231,2011,7,7,100.0
SR Tendulkar,501237,2011,51,45,113.33
SR Tendulkar,501241,2011,24,24,100.0
SR Tendulkar,501246,2011,14,14,100.0
SR Tendulkar,501251,2011,6,9,66.67
SR Tendulkar,501256,2011,37,42,88.1
SR Tendulkar,501263,2011,31,35,88.57
SR Tendulkar,501267,2011,38,27,140.74
SR Tendulkar,501269,2011,36,28,128.57
SR Tendulkar,501270,2011,40,24,166.67
SR Tendulkar,548306,2012,16,15,106.67
SR Tendulkar,548334,2012,23,23,100.0
SR Tendulkar,548339,2012,34,29,117.24
SR Tendulkar,548342,2012,7,7,100.0
SR Tendulkar,548346,2012,14,14,100.0
SR Tendulkar,548351,2012,34,35,97.14
SR Tendulkar,548355,2012,74,44,168.18
SR Tendulkar,548360,2012,24,27,88.89
SR Tendulkar,548363,2012,2,2,100.0
SR Tendulkar,548367,2012,0,1,0.0
SR Tendulkar,548370,2012,27,24,112.5
SR Tendulkar,548377,2012,58,51,113.73
SR Tendulkar,548379,2012,11,11,100.0
SR Tendulkar,597999,2013,23,19,121.05
SR Tendulkar,598002,2013,0,1,0.0
SR Tendulkar,598006,2013,1,1,100.0
SR Tendulkar,598011,2013,44,29,151.72
SR Tendulkar,598019,2013,1,3,33.33
SR Tendulkar,598024,2013,54,47,114.89
SR Tendulkar,598029,2013,2,6,33.33
SR Tendulkar,598033,2013,23,13,176.92
SR Tendulkar,598037,2013,9,10,90.0
SR Tendulkar,598039,2013,14,12,116.67
SR Tendulkar,598046,2013,15,18,83.33
SR Tendulkar,598050,2013,48,28,171.43
SR Tendulkar,598055,2013,15,13,115.38
SR Tendulkar,598060,2013,38,31,122.58
SR Watson,335984,2008,21,15,140.0
SR Watson,335987,2008,75,48,156.25
SR Watson,335990,2008,4,6,66.67
SR Watson,335992,2008,61,41,148.78
SR Watson,336000,2008,0,1,0.0
SR Watson,336005,2008,14,8,175.0
SR Watson,336008,2008,32,20,160.0
SR Watson,336011,2008,5,2,250.0
SR Watson,336015,2008,70,37,189.19
SR Watson,336019,2008,22,19,115.79
SR Watson,336023,2008,46,28,164.29
SR Watson,336027,2008,19,15,126.67
SR Watson,336036,2008,18,19,94.74
SR Watson,336038,2008,52,29,179.31
SR Watson,336040,2008,28,19,147.37
SR Watson,419137,2010,60,25,240.0
SR Watson,419141,2010,58,36,161.11
SR Watson,419150,2010,1,2,50.0
SR Watson,419154,2010,18,24,75.0
SR Watson,419158,2010,44,26,169.23
SR Watson,501209,2011,22,13,169.23
SR Watson,501214,2011,11,13,84.62
SR Watson,501220,2011,24,16,150.0
SR Watson,501225,2011,49,40,122.5
SR Watson,501231,2011,26,32,81.25
SR Watson,501235,2011,11,13,84.62
SR Watson,501240,2011,32,26,123.08
SR Watson,501249,2011,11,10,110.0
SR Watson,501252,2011,34,29,117.24
SR Watson,501258,2011,20,13,153.85
SR Watson,501263,2011,89,47,189.36
SR Watson,548349,2012,8,9,88.89
SR Watson,548354,2012,36,17,211.76
SR Watson,548358,2012,90,51,176.47
SR Watson,548361,2012,5,11,45.45
SR Watson,548365,2012,58,31,187.1
SR Watson,548373,2012,13,13,100.0
SR Watson,548377,2012,45,36,125.0
SR Watson,598005,2013,5,10,50.0
SR Watson,598014,2013,32,19,168.42
SR Watson,598019,2013,31,25,124.0
SR Watson,598023,2013,6,9,66.67
SR Watson,598026,2013,101,60,168.33
SR Watson,598032,2013,98,53,184.91
SR Watson,598036,2013,41,31,132.26
SR Watson,598043,2013,34,34,100.0
SR Watson,598047,2013,5,5,100.0
SR Watson,598049,2013,28,14,200.0
SR Watson,598052,2013,31,25,124.0
SR Watson,598058,2013,70,34,205.88
SR Watson,598063,2013,19,16,118.75
SR Watson,598065,2013,11,20,55.0
SR Watson,598071,2013,24,15,160.0
SR Watson,598072,2013,6,8,75.0
SR Watson,729285,2014,3,7,42.86
SR Watson,729291,2014,50,29,172.41
SR Watson,729297,2014,7,6,116.67
SR Watson,729305,2014,24,24,100.0
SR Watson,729315,2014,39,27,144.44
SR Watson,733975,2014,16,10,160.0
SR Watson,733979,2014,30,19,157.89
SR Watson,733989,2014,11,10,110.0
SR Watson,733999,2014,1,5,20.0
SR Watson,734003,2014,51,36,141.67
SR Watson,734017,2014,5,6,83.33
SR Watson,734033,2014,0,1,0.0
SR Watson,734041,2014,8,18,44.44
SR Watson,829735,2015,73,47,155.32
SR Watson,829741,2015,45,36,125.0
SR Watson,829749,2015,26,22,118.18
SR Watson,829769,2015,28,23,121.74
SR Watson,829777,2015,21,24,87.5
SR Watson,829787,2015,12,12,100.0
SR Watson,829797,2015,28,30,93.33
SR Watson,829811,2015,100,58,172.41
SR Watson,829819,2015,10,5,200.0
SR Watson,980907,2016,19,8,237.5
SR Watson,980921,2016,33,19,173.68
SR Watson,980927,2016,5,10,50.0
SR Watson,980931,2016,1,1,100.0
SR Watson,980937,2016,6,6,100.0
SR Watson,980953,2016,2,3,66.67
SR Watson,980959,2016,34,21,161.9
SR Watson,980969,2016,36,13,276.92
SR Watson,980977,2016,1,3,33.33
SR Watson,980981,2016,15,14,107.14
SR Watson,980987,2016,0,1,0.0
SR Watson,980999,2016,1,2,50.0
SR Watson,981011,2016,14,18,77.78
SR Watson,981013,2016,1,6,16.67
SR Watson,981019,2016,11,9,122.22
SR Watson,1082591,2017,22,17,129.41
SR Watson,1082595,2017,24,24,100.0
SR Watson,1082598,2017,1,4,25.0
SR Watson,1082607,2017,14,18,77.78
SR Watson,1082628,2017,3,5,60.0
SR Watson,1082633,2017,3,6,50.0
SR Watson,1082646,2017,4,4,100.0
SR Watson,1136561,2018,16,14,114.29
SR Watson,1136565,2018,42,19,221.05
SR Watson,1136572,2018,11,9,122.22
SR Watson,1136577,2018,106,56,189.29
SR Watson,1136580,2018,9,15,60.0
SR Watson,1136584,2018,7,4,175.0
SR Watson,1136587,2018,12,11,109.09
SR Watson,1136590,2018,78,40,195.0
SR Watson,1136593,2018,36,25,144.0
SR Watson,1136595,2018,11,14,78.57
SR Watson,1136603,2018,39,31,125.81
SR Watson,1136606,2018,57,35,162.86
SR Watson,1136612,2018,14,23,60.87
SR Watson,1136617,2018,0,5,0.0
SR Watson,1136620,2018,117,57,205.26
SR Watson,1175356,2019,0,10,0.0
SR Watson,1175360,2019,44,26,169.23
SR Watson,1175367,2019,13,13,100.0
SR Watson,1175370,2019,5,5,100.0
SR Watson,1178393,2019,26,24,108.33
SR Watson,1178398,2019,17,9,188.89
SR Watson,1178400,2019,0,4,0.0
SR Watson,1178404,2019,6,7,85.71
SR Watson,1178408,2019,31,29,106.9
SR Watson,1178414,2019,5,3,166.67
SR Watson,1178416,2019,96,53,181.13
SR Watson,1178419,2019,8,4,200.0
SR Watson,1178425,2019,0,9,0.0
SR Watson,1178430,2019,7,11,63.64
SR Watson,1181764,2019,10,13,76.92
SR Watson,1181767,2019,50,32,156.25
SR Watson,1181768,2019,80,59,135.59
SR Watson,1216492,2020,4,5,80.0
SR Watson,1216496,2020,33,21,157.14
SR Watson,1216501,2020,50,40,125.0
SR Watson,1216509,2020,36,28,128.57
SR Watson,1216513,2020,83,53,156.6
SR Watson,1216516,2020,1,6,16.67
SR Watson,1216525,2020,14,18,77.78
SR Watson,1216528,2020,42,38,110.53
SR Watson,1216533,2020,8,3,266.67
SR Watson,1216536,2020,14,19,73.68
SR Watson,1216539,2020,14,16,87.5
SS Cottrell,1216542,2020,0,2,0.0
SS Iyer,829707,2015,7,7,100.0
SS Iyer,829715,2015,40,30,133.33
SS Iyer,829725,2015,6,5,120.0
SS Iyer,829731,2015,60,40,150.0
SS Iyer,829739,2015,31,24,129.17
SS Iyer,829747,2015,83,56,148.21
SS Iyer,829757,2015,0,1,0.0
SS Iyer,829761,2015,40,35,114.29
SS Iyer,829767,2015,54,40,135.0
SS Iyer,829777,2015,9,12,75.0
SS Iyer,829783,2015,19,18,105.56
SS Iyer,829793,2015,0,7,0.0
SS Iyer,829801,2015,70,49,142.86
SS Iyer,829813,2015,20,18,111.11
SS Iyer,980903,2016,0,3,0.0
SS Iyer,980913,2016,3,5,60.0
SS Iyer,980921,2016,0,4,0.0
SS Iyer,980933,2016,19,20,95.0
SS Iyer,980951,2016,0,1,0.0
SS Iyer,980997,2016,8,10,80.0
SS Iyer,1082605,2017,21,16,131.25
SS Iyer,1082608,2017,26,17,152.94
SS Iyer,1082611,2017,50,31,161.29
SS Iyer,1082614,2017,6,7,85.71
SS Iyer,1082622,2017,47,34,138.24
SS Iyer,1082626,2017,6,7,85.71
SS Iyer,1082630,2017,33,25,132.0
SS Iyer,1082632,2017,14,8,175.0
SS Iyer,1082635,2017,3,6,50.0
SS Iyer,1082640,2017,96,57,168.42
SS Iyer,1082642,2017,3,4,75.0
SS Iyer,1082646,2017,32,30,106.67
SS Iyer,1136562,2018,11,11,100.0
SS Iyer,1136569,2018,27,20,135.0
SS Iyer,1136573,2018,4,3,133.33
SS Iyer,1136579,2018,52,31,167.74
SS Iyer,1136582,2018,57,45,126.67
SS Iyer,1136586,2018,92,39,235.9
SS Iyer,1136590,2018,13,14,92.86
SS Iyer,1136592,2018,50,35,142.86
SS Iyer,1136596,2018,44,36,122.22
SS Iyer,1136602,2018,3,8,37.5
SS Iyer,1136605,2018,32,35,91.43
SS Iyer,1136612,2018,19,22,86.36
SS Iyer,1136615,2018,6,10,60.0
SS Iyer,1175358,2019,16,10,160.0
SS Iyer,1175360,2019,18,20,90.0
SS Iyer,1175365,2019,47,34,138.24
SS Iyer,1175368,2019,28,22,127.27
SS Iyer,1175371,2019,43,41,104.88
SS Iyer,1178395,2019,66,49,134.69
SS Iyer,1178401,2019,6,6,100.0
SS Iyer,1178405,2019,45,40,112.5
SS Iyer,1178409,2019,3,6,50.0
SS Iyer,1178412,2019,58,48,120.83
SS Iyer,1178415,2019,4,5,80.0
SS Iyer,1178421,2019,52,37,140.54
SS Iyer,1178425,2019,44,31,141.94
SS Iyer,1178428,2019,15,9,166.67
SS Iyer,1181766,2019,8,10,80.0
SS Iyer,1181767,2019,13,18,72.22
SS Iyer,1216493,2020,39,32,121.88
SS Iyer,1216497,2020,47,38,123.68
SS Iyer,1216500,2020,18,17,105.88
SS Iyer,1216505,2020,7,9,77.78
SS Iyer,1216509,2020,23,23,100.0
SS Iyer,1216515,2020,88,38,231.58
SS Iyer,1216519,2020,11,13,84.62
SS Iyer,1216524,2020,7,12,58.33
SS Iyer,1216529,2020,42,33,127.27
SS Iyer,1216532,2020,17,21,80.95
SS Iyer,1216535,2020,25,29,86.21
SS Iyer,1216539,2020,26,22,118.18
SS Iyer,1216543,2020,52,42,123.81
SS Iyer,1216546,2020,14,12,116.67
SS Iyer,1237177,2020,12,8,150.0
SS Iyer,1237180,2020,21,20,105.0
SS Iyer,1237181,2020,65,50,130.0
SS Iyer,1254092,2021,1,5,20.0
SS Iyer,1254097,2021,43,32,134.38
SS Iyer,1254101,2021,18,18,100.0
SS Iyer,1254105,2021,47,41,114.63
SS Iyer,1254110,2021,2,7,28.57
SS Iyer,1254112,2021,33,33,100.0
SS Iyer,1254114,2021,1,8,12.5
SS Iyer,1254116,2021,30,27,111.11
SS Iyer,1304047,2022,20,19,105.26
SS Iyer,1304052,2022,13,10,130.0
SS Iyer,1304054,2022,26,15,173.33
SS Iyer,1304060,2022,10,6,166.67
SS Iyer,1304065,2022,54,33,163.64
SS Iyer,1304071,2022,28,25,112.0
SS Iyer,1304076,2022,85,51,166.67
SS Iyer,1304081,2022,12,15,80.0
SS Iyer,1304087,2022,42,37,113.51
SS Iyer,1304093,2022,34,32,106.25
SS Iyer,1304099,2022,6,9,66.67
SS Iyer,1304102,2022,6,8,75.0
SS Iyer,1304107,2022,15,9,166.67
SS Iyer,1304112,2022,50,29,172.41
SS Iyer,1422121,2024,0,2,0.0
SS Iyer,1422128,2024,39,24,162.5
SS Iyer,1422134,2024,18,11,163.64
SS Iyer,1426260,2024,34,32,106.25
SS Iyer,1426266,2024,38,38,100.0
SS Iyer,1426269,2024,11,7,157.14
SS Iyer,1426274,2024,50,36,138.89
SS Iyer,1426280,2024,28,10,280.0
SS Iyer,1426285,2024,33,23,143.48
SS Iyer,1426289,2024,6,4,150.0
SS Iyer,1426292,2024,23,15,153.33
SS Iyer,1426298,2024,7,10,70.0
SS Iyer,1426309,2024,58,24,241.67
SS Iyer,1426312,2024,6,3,200.0
SS Iyer,1473442,2025,97,42,230.95
SS Iyer,1473450,2025,52,30,173.33
SS Iyer,1473455,2025,10,5,200.0
SS Iyer,1473459,2025,9,7,128.57
SS Iyer,1473464,2025,82,36,227.78
SS Iyer,1473468,2025,0,2,0.0
SS Iyer,1473471,2025,7,10,70.0
SS Iyer,1473474,2025,6,10,60.0
SS Iyer,1473481,2025,25,16,156.25
SS Iyer,1473486,2025,72,41,175.61
SS Iyer,1473491,2025,45,25,180.0
SS Iyer,1473497,2025,30,25,120.0
SS Iyer,1473506,2025,26,16,162.5
SS Iyer,1473508,2025,2,3,66.67
SS Iyer,1473510,2025,87,40,217.5
SS Iyer,1473511,2025,1,2,50.0
SS Iyer,1485779,2025,52,33,157.58
SS Iyer,1527677,2026,18,11,163.64
SS Iyer,1527680,2026,50,28,178.57
SS Iyer,1527690,2026,69,33,209.09
SS Iyer,1529267,2026,65,34,191.18
SS Iyer,1529272,2026,5,6,83.33
SS Iyer,1529278,2026,71,36,197.22
SS Iyer,1529283,2026,30,27,111.11
SS Iyer,1529289,2026,19,21,90.48
SS Iyer,1529292,2026,5,5,100.0
SS Iyer,1529298,2026,59,36,163.89
SS Iyer,1529301,2026,4,2,200.0
SS Iyer,1529304,2026,1,3,33.33
SS Iyer,1529311,2026,101,51,198.04
SS Mishra,1535463,2026,1,3,33.33
SS Prabhudessai,1304068,2022,34,18,188.89
SS Prabhudessai,1304073,2022,6,5,120.0
SS Prabhudessai,1304077,2022,10,8,125.0
SS Prabhudessai,1304082,2022,15,20,75.0
SS Prabhudessai,1304085,2022,2,7,28.57
SS Prabhudessai,1359498,2023,19,11,172.73
SS Prabhudessai,1359506,2023,0,2,0.0
SS Prabhudessai,1359510,2023,10,9,111.11
SS Prabhudessai,1359517,2023,6,7,85.71
SS Prabhudessai,1426274,2024,24,18,133.33
SS Shaikh,392233,2009,6,7,85.71
SS Tiwary,335991,2008,17,10,170.0
SS Tiwary,336004,2008,9,10,90.0
SS Tiwary,392197,2009,4,3,133.33
SS Tiwary,392200,2009,6,4,150.0
SS Tiwary,392212,2009,3,5,60.0
SS Tiwary,419107,2010,53,33,160.61
SS Tiwary,419114,2010,60,36,166.67
SS Tiwary,419119,2010,25,21,119.05
SS Tiwary,419122,2010,30,24,125.0
SS Tiwary,419125,2010,2,3,66.67
SS Tiwary,419130,2010,4,3,133.33
SS Tiwary,419132,2010,31,23,134.78
SS Tiwary,419138,2010,44,35,125.71
SS Tiwary,419142,2010,13,17,76.47
SS Tiwary,419146,2010,4,5,80.0
SS Tiwary,419150,2010,15,9,166.67
SS Tiwary,419152,2010,38,28,135.71
SS Tiwary,419161,2010,46,37,124.32
SS Tiwary,419162,2010,52,31,167.74
SS Tiwary,419165,2010,0,2,0.0
SS Tiwary,501200,2011,26,24,108.33
SS Tiwary,501205,2011,16,10,160.0
SS Tiwary,501208,2011,7,10,70.0
SS Tiwary,501211,2011,14,13,107.69
SS Tiwary,501227,2011,18,19,94.74
SS Tiwary,501232,2011,14,8,175.0
SS Tiwary,501244,2011,13,9,144.44
SS Tiwary,501255,2011,1,5,20.0
SS Tiwary,501260,2011,6,11,54.55
SS Tiwary,501266,2011,13,26,50.0
SS Tiwary,501268,2011,9,6,150.0
SS Tiwary,501270,2011,8,12,66.67
SS Tiwary,501271,2011,42,33,127.27
SS Tiwary,548310,2012,1,3,33.33
SS Tiwary,548315,2012,18,19,94.74
SS Tiwary,548318,2012,8,6,133.33
SS Tiwary,548324,2012,17,16,106.25
SS Tiwary,548327,2012,35,22,159.09
SS Tiwary,548331,2012,4,7,57.14
SS Tiwary,548344,2012,19,22,86.36
SS Tiwary,548350,2012,1,1,100.0
SS Tiwary,548362,2012,36,30,120.0
SS Tiwary,548367,2012,20,14,142.86
SS Tiwary,548376,2012,30,27,111.11
SS Tiwary,598023,2013,25,29,86.21
SS Tiwary,598027,2013,2,2,100.0
SS Tiwary,598033,2013,21,19,110.53
SS Tiwary,598036,2013,8,8,100.0
SS Tiwary,598042,2013,52,45,115.56
SS Tiwary,598057,2013,1,3,33.33
SS Tiwary,829761,2015,24,15,160.0
SS Tiwary,829767,2015,5,4,125.0
SS Tiwary,829777,2015,28,14,200.0
SS Tiwary,829783,2015,13,11,118.18
SS Tiwary,829793,2015,26,25,104.0
SS Tiwary,829813,2015,13,9,144.44
SS Tiwary,980949,2016,1,2,50.0
SS Tiwary,980957,2016,57,45,126.67
SS Tiwary,980965,2016,20,16,125.0
SS Tiwary,980969,2016,52,39,133.33
SS Tiwary,980979,2016,9,10,90.0
SS Tiwary,980989,2016,13,12,108.33
SS Tiwary,981005,2016,17,15,113.33
SS Tiwary,1082644,2017,52,43,120.93
SS Tiwary,1216492,2020,42,31,135.48
SS Tiwary,1216495,2020,1,3,33.33
SS Tiwary,1216499,2020,5,8,62.5
SS Tiwary,1216508,2020,21,13,161.54
SS Tiwary,1216541,2020,34,25,136.0
SS Tiwary,1254096,2021,5,2,250.0
SS Tiwary,1254099,2021,45,37,121.62
SS Tiwary,1254104,2021,50,40,125.0
SS Tiwary,1254112,2021,15,18,83.33
ST Jayasuriya,335985,2008,29,16,181.25
ST Jayasuriya,335989,2008,20,11,181.82
ST Jayasuriya,335991,2008,1,7,14.29
ST Jayasuriya,335994,2008,18,21,85.71
ST Jayasuriya,335997,2008,18,10,180.0
ST Jayasuriya,336004,2008,34,16,212.5
ST Jayasuriya,336008,2008,18,20,90.0
ST Jayasuriya,336012,2008,54,37,145.95
ST Jayasuriya,336018,2008,114,48,237.5
ST Jayasuriya,336021,2008,42,16,262.5
ST Jayasuriya,336024,2008,36,15,240.0
ST Jayasuriya,336028,2008,20,12,166.67
ST Jayasuriya,336032,2008,66,42,157.14
ST Jayasuriya,336036,2008,38,37,102.7
ST Jayasuriya,392181,2009,26,20,130.0
ST Jayasuriya,392192,2009,1,8,12.5
ST Jayasuriya,392197,2009,52,32,162.5
ST Jayasuriya,392200,2009,0,1,0.0
ST Jayasuriya,392203,2009,6,8,75.0
ST Jayasuriya,392208,2009,52,43,120.93
ST Jayasuriya,392212,2009,5,7,71.43
ST Jayasuriya,392218,2009,29,27,107.41
ST Jayasuriya,392222,2009,4,7,57.14
ST Jayasuriya,392225,2009,15,20,75.0
ST Jayasuriya,392227,2009,29,16,181.25
ST Jayasuriya,392235,2009,0,1,0.0
ST Jayasuriya,419107,2010,23,14,164.29
ST Jayasuriya,419114,2010,7,10,70.0
ST Jayasuriya,419119,2010,2,5,40.0
ST Jayasuriya,419150,2010,1,2,50.0
STR Binny,419161,2010,8,5,160.0
STR Binny,501220,2011,30,24,125.0
STR Binny,501240,2011,7,7,100.0
STR Binny,548336,2012,20,18,111.11
STR Binny,548354,2012,0,1,0.0
STR Binny,548361,2012,27,18,150.0
STR Binny,548365,2012,6,5,120.0
STR Binny,548373,2012,7,8,87.5
STR Binny,548377,2012,30,17,176.47
STR Binny,598001,2013,40,20,200.0
STR Binny,598005,2013,14,11,127.27
STR Binny,598009,2013,1,4,25.0
STR Binny,598014,2013,0,4,0.0
STR Binny,598019,2013,4,4,100.0
STR Binny,598023,2013,33,20,165.0
STR Binny,598026,2013,36,22,163.64
STR Binny,598032,2013,9,10,90.0
STR Binny,598036,2013,6,3,200.0
STR Binny,598043,2013,3,5,60.0
STR Binny,598047,2013,32,13,246.15
STR Binny,598058,2013,41,23,178.26
STR Binny,598063,2013,37,29,127.59
STR Binny,598065,2013,8,8,100.0
STR Binny,598071,2013,2,6,33.33
STR Binny,598072,2013,27,17,158.82
STR Binny,729285,2014,48,32,150.0
STR Binny,729291,2014,12,8,150.0
STR Binny,729297,2014,8,11,72.73
STR Binny,729315,2014,0,1,0.0
STR Binny,733979,2014,11,9,122.22
STR Binny,733989,2014,12,19,63.16
STR Binny,733999,2014,1,2,50.0
STR Binny,734003,2014,22,17,129.41
STR Binny,734011,2014,0,2,0.0
STR Binny,734017,2014,2,10,20.0
STR Binny,734033,2014,7,10,70.0
STR Binny,829709,2015,13,16,81.25
STR Binny,829715,2015,1,2,50.0
STR Binny,829727,2015,16,14,114.29
STR Binny,829741,2015,12,4,300.0
STR Binny,829749,2015,20,20,100.0
STR Binny,829769,2015,8,5,160.0
STR Binny,829787,2015,3,3,100.0
STR Binny,829819,2015,0,1,0.0
STR Binny,980927,2016,1,2,50.0
STR Binny,980959,2016,16,4,400.0
STR Binny,981011,2016,16,11,145.45
STR Binny,981013,2016,21,15,140.0
STR Binny,981019,2016,9,7,128.57
STR Binny,1082591,2017,11,10,110.0
STR Binny,1082595,2017,16,18,88.89
STR Binny,1082598,2017,18,20,90.0
STR Binny,1082602,2017,6,4,150.0
STR Binny,1082607,2017,18,8,225.0
STR Binny,1082617,2017,8,9,88.89
STR Binny,1082624,2017,1,7,14.29
STR Binny,1136577,2018,10,8,125.0
STR Binny,1136600,2018,11,7,157.14
STR Binny,1136603,2018,22,17,129.41
STR Binny,1136609,2018,1,4,25.0
STR Binny,1136618,2018,0,3,0.0
STR Binny,1178407,2019,33,11,300.0
STR Binny,1178411,2019,7,4,175.0
STR Binny,1178415,2019,19,13,146.15
STR Binny,1178418,2019,11,11,100.0
STR Binny,1178428,2019,0,1,0.0
SU Parakh,1529282,2026,0,2,0.0
SU Parakh,1529298,2026,13,6,216.67
SU Parakh,1529305,2026,9,8,112.5
SU Parakh,1529313,2026,24,17,141.18
SV Samson,598014,2013,27,23,117.39
SV Samson,598036,2013,63,41,153.66
SV Samson,598043,2013,40,36,111.11
SV Samson,598047,2013,10,6,166.67
SV Samson,598052,2013,47,33,142.42
SV Samson,598058,2013,0,5,0.0
SV Samson,598063,2013,4,4,100.0
SV Samson,598065,2013,5,7,71.43
SV Samson,598071,2013,10,21,47.62
SV Samson,598072,2013,0,2,0.0
SV Samson,729285,2014,3,9,33.33
SV Samson,729291,2014,52,34,152.94
SV Samson,729297,2014,16,16,100.0
SV Samson,729305,2014,2,6,33.33
SV Samson,729315,2014,20,19,105.26
SV Samson,733975,2014,34,28,121.43
SV Samson,733979,2014,37,31,119.35
SV Samson,733989,2014,16,16,100.0
SV Samson,733999,2014,13,8,162.5
SV Samson,734011,2014,40,25,160.0
SV Samson,734017,2014,2,5,40.0
SV Samson,734033,2014,30,29,103.45
SV Samson,734041,2014,74,47,157.45
SV Samson,829709,2015,5,6,83.33
SV Samson,829715,2015,11,12,91.67
SV Samson,829721,2015,17,15,113.33
SV Samson,829727,2015,26,30,86.67
SV Samson,829741,2015,5,2,250.0
SV Samson,829749,2015,4,7,57.14
SV Samson,829769,2015,76,46,165.22
SV Samson,829787,2015,21,10,210.0
SV Samson,829797,2015,26,17,152.94
SV Samson,829811,2015,8,9,88.89
SV Samson,829819,2015,5,8,62.5
SV Samson,980903,2016,15,13,115.38
SV Samson,980913,2016,33,32,103.12
SV Samson,980921,2016,9,14,64.29
SV Samson,980933,2016,60,48,125.0
SV Samson,980945,2016,1,6,16.67
SV Samson,980951,2016,15,15,100.0
SV Samson,980961,2016,19,12,158.33
SV Samson,980965,2016,20,17,117.65
SV Samson,980971,2016,49,35,140.0
SV Samson,980983,2016,34,26,130.77
SV Samson,980993,2016,6,11,54.55
SV Samson,980997,2016,10,13,76.92
SV Samson,981003,2016,3,4,75.0
SV Samson,981011,2016,17,12,141.67
SV Samson,1082595,2017,13,12,108.33
SV Samson,1082599,2017,102,63,161.9
SV Samson,1082605,2017,19,18,105.56
SV Samson,1082608,2017,39,25,156.0
SV Samson,1082611,2017,42,33,127.27
SV Samson,1082614,2017,9,6,150.0
SV Samson,1082622,2017,60,38,157.89
SV Samson,1082626,2017,5,14,35.71
SV Samson,1082630,2017,24,19,126.32
SV Samson,1082632,2017,61,31,196.77
SV Samson,1082635,2017,0,1,0.0
SV Samson,1082640,2017,10,7,142.86
SV Samson,1082642,2017,2,4,50.0
SV Samson,1082646,2017,0,2,0.0
SV Samson,1136564,2018,49,42,116.67
SV Samson,1136566,2018,37,22,168.18
SV Samson,1136571,2018,92,44,209.09
SV Samson,1136575,2018,7,8,87.5
SV Samson,1136577,2018,2,3,66.67
SV Samson,1136581,2018,52,39,133.33
SV Samson,1136588,2018,40,30,133.33
SV Samson,1136592,2018,3,5,60.0
SV Samson,1136598,2018,28,23,121.74
SV Samson,1136600,2018,22,18,122.22
SV Samson,1136603,2018,21,22,95.45
SV Samson,1136607,2018,26,14,185.71
SV Samson,1136609,2018,12,10,120.0
SV Samson,1136613,2018,0,1,0.0
SV Samson,1136618,2018,50,38,131.58
SV Samson,1175359,2019,30,25,120.0
SV Samson,1175363,2019,101,54,187.04
SV Samson,1175367,2019,8,10,80.0
SV Samson,1178400,2019,6,6,100.0
SV Samson,1178402,2019,31,26,119.23
SV Samson,1178407,2019,27,21,128.57
SV Samson,1178411,2019,35,19,184.21
SV Samson,1178418,2019,22,15,146.67
SV Samson,1178420,2019,48,32,150.0
SV Samson,1178424,2019,28,13,215.38
SV Samson,1178428,2019,5,8,62.5
SV Samson,1216496,2020,73,31,235.48
SV Samson,1216500,2020,5,9,55.56
SV Samson,1216504,2020,8,9,88.89
SV Samson,1216507,2020,26,25,104.0
SV Samson,1216511,2020,0,3,0.0
SV Samson,1216514,2020,4,3,133.33
SV Samson,1216518,2020,36,26,138.46
SV Samson,1216522,2020,9,6,150.0
SV Samson,1216527,2020,85,42,202.38
SV Samson,1216530,2020,1,4,25.0
SV Samson,1216533,2020,0,3,0.0
SV Samson,1216537,2020,48,25,192.0
SV Samson,1216541,2020,54,31,174.19
SV Samson,1216543,2020,24,17,141.18
SV Samson,1254061,2021,118,62,190.32
SV Samson,1254064,2021,4,3,133.33
SV Samson,1254069,2021,1,5,20.0
SV Samson,1254073,2021,21,18,116.67
SV Samson,1254075,2021,41,40,102.5
SV Samson,1254081,2021,42,27,155.56
SV Samson,1254085,2021,48,33,145.45
SV Samson,1254089,2021,27,23,117.39
SV Samson,1254093,2021,3,6,50.0
SV Samson,1254097,2021,70,53,132.08
SV Samson,1254100,2021,82,57,143.86
SV Samson,1254103,2021,19,15,126.67
SV Samson,1254106,2021,1,4,25.0
SV Samson,1254111,2021,4,5,80.0
SV Samson,1304051,2022,55,27,203.7
SV Samson,1304055,2022,30,21,142.86
SV Samson,1304059,2022,8,8,100.0
SV Samson,1304066,2022,13,12,108.33
SV Samson,1304070,2022,11,11,100.0
SV Samson,1304076,2022,38,19,200.0
SV Samson,1304080,2022,46,19,242.11
SV Samson,1304085,2022,27,21,128.57
SV Samson,1304090,2022,16,7,228.57
SV Samson,1304093,2022,54,48,112.5
SV Samson,1304098,2022,23,12,191.67
SV Samson,1304104,2022,6,4,150.0
SV Samson,1304109,2022,32,24,133.33
SV Samson,1304114,2022,15,20,75.0
SV Samson,1312197,2022,47,26,180.77
SV Samson,1312199,2022,23,21,109.52
SV Samson,1312200,2022,14,11,127.27
SV Samson,1359478,2023,55,32,171.88
SV Samson,1359482,2023,42,25,168.0
SV Samson,1359485,2023,0,4,0.0
SV Samson,1359491,2023,0,2,0.0
SV Samson,1359497,2023,60,32,187.5
SV Samson,1359500,2023,2,4,50.0
SV Samson,1359506,2023,22,15,146.67
SV Samson,1359511,2023,17,17,100.0
SV Samson,1359516,2023,14,10,140.0
SV Samson,1359522,2023,30,20,150.0
SV Samson,1359526,2023,66,38,173.68
SV Samson,1359530,2023,48,29,165.52
SV Samson,1359534,2023,4,5,80.0
SV Samson,1359540,2023,2,3,66.67
SV Samson,1422122,2024,82,51,160.78
SV Samson,1422127,2024,15,14,107.14
SV Samson,1422132,2024,12,10,120.0
SV Samson,1422137,2024,69,42,164.29
SV Samson,1426262,2024,68,38,178.95
SV Samson,1426265,2024,18,14,128.57
SV Samson,1426269,2024,12,8,150.0
SV Samson,1426276,2024,37,27,137.04
SV Samson,1426282,2024,71,33,215.15
SV Samson,1426288,2024,0,3,0.0
SV Samson,1426294,2024,86,45,191.11
SV Samson,1426299,2024,15,19,78.95
SV Samson,1426303,2024,18,15,120.0
SV Samson,1426310,2024,17,13,130.77
SV Samson,1426311,2024,10,11,90.91
SV Samson,1473439,2025,65,36,180.56
SV Samson,1473443,2025,13,11,118.18
SV Samson,1473448,2025,20,16,125.0
SV Samson,1473455,2025,38,26,146.15
SV Samson,1473460,2025,41,28,146.43
SV Samson,1473465,2025,15,19,78.95
SV Samson,1473469,2025,31,18,172.22
SV Samson,1473497,2025,20,16,125.0
SV Samson,1473500,2025,41,31,132.26
SV Samson,1527676,2026,6,7,85.71
SV Samson,1527680,2026,7,7,100.0
SV Samson,1527684,2026,9,5,180.0
SV Samson,1527691,2026,115,56,205.36
SV Samson,1529265,2026,48,32,150.0
SV Samson,1529270,2026,7,3,233.33
SV Samson,1529276,2026,97,52,186.54
SV Samson,1529280,2026,11,15,73.33
SV Samson,1529287,2026,11,9,122.22
SV Samson,1529291,2026,87,52,167.31
SV Samson,1529296,2026,28,14,200.0
SV Samson,1529302,2026,20,20,100.0
SV Samson,1529306,2026,27,12,225.0
SV Samson,1529309,2026,0,1,0.0
SW Billings,980951,2016,54,33,163.64
SW Billings,980965,2016,24,15,160.0
SW Billings,980971,2016,6,9,66.67
SW Billings,981011,2016,4,6,66.67
SW Billings,1082595,2017,25,19,131.58
SW Billings,1082599,2017,24,17,141.18
SW Billings,1082605,2017,55,39,141.03
SW Billings,1082608,2017,21,17,123.53
SW Billings,1082611,2017,13,9,144.44
SW Billings,1082626,2017,0,2,0.0
SW Billings,1136565,2018,56,23,243.48
SW Billings,1136572,2018,9,8,112.5
SW Billings,1136577,2018,3,7,42.86
SW Billings,1136584,2018,9,7,128.57
SW Billings,1136587,2018,3,5,60.0
SW Billings,1136603,2018,27,22,122.73
SW Billings,1136612,2018,1,5,20.0
SW Billings,1136616,2018,0,1,0.0
SW Billings,1178408,2019,0,4,0.0
SW Billings,1304047,2022,25,22,113.64
SW Billings,1304052,2022,14,15,93.33
SW Billings,1304054,2022,24,23,104.35
SW Billings,1304060,2022,17,12,141.67
SW Billings,1304065,2022,15,9,166.67
SW Billings,1304081,2022,4,4,100.0
SW Billings,1304107,2022,34,29,117.24
SW Billings,1304112,2022,30,23,130.43
SW Tait,419129,2010,1,1,100.0
SW Tait,419134,2010,11,12,91.67
SW Tait,501214,2011,0,1,0.0
SW Tait,501258,2011,10,9,111.11
SW Tait,598023,2013,1,3,33.33
SZ Mulani,1422123,2024,1,1,100.0
Sachin Baby,598065,2013,3,7,42.86
Sachin Baby,980953,2016,27,16,168.75
Sachin Baby,980959,2016,15,6,250.0
Sachin Baby,980977,2016,33,29,113.79
Sachin Baby,980981,2016,25,13,192.31
Sachin Baby,981013,2016,0,3,0.0
Sachin Baby,981019,2016,18,10,180.0
Sachin Baby,1082591,2017,1,3,33.33
Sachin Baby,1082624,2017,2,4,50.0
Sachin Baby,1082646,2017,12,8,150.0
Sachin Baby,1254087,2021,6,16,37.5
Sakib Hussain,1535463,2026,5,7,71.43
Salil Arora,1535463,2026,35,21,166.67
Salman Butt,336000,2008,7,7,100.0
Salman Butt,336014,2008,4,4,100.0
Salman Butt,336017,2008,48,44,109.09
Salman Butt,336021,2008,13,13,100.0
Salman Butt,336025,2008,72,53,135.85
Salman Butt,336027,2008,24,20,120.0
Salman Butt,336035,2008,24,19,126.32
Sameer Rizvi,1422125,2024,14,6,233.33
Sameer Rizvi,1422131,2024,0,1,0.0
Sameer Rizvi,1426272,2024,1,5,20.0
Sameer Rizvi,1426287,2024,21,23,91.3
Sameer Rizvi,1426299,2024,15,8,187.5
Sameer Rizvi,1473441,2025,4,4,100.0
Sameer Rizvi,1473454,2025,20,15,133.33
Sameer Rizvi,1473501,2025,39,35,111.43
Sameer Rizvi,1485779,2025,58,25,232.0
Sameer Rizvi,1527678,2026,70,47,148.94
Sameer Rizvi,1527681,2026,90,51,176.47
Sameer Rizvi,1527687,2026,0,1,0.0
Sameer Rizvi,1527691,2026,6,9,66.67
Sameer Rizvi,1529269,2026,2,3,66.67
Sameer Rizvi,1529274,2026,41,28,146.43
Sameer Rizvi,1529282,2026,0,1,0.0
Sameer Rizvi,1529291,2026,40,24,166.67
Sameer Rizvi,1529294,2026,3,7,42.86
Sandeep Sharma,598056,2013,0,1,0.0
Sandeep Sharma,729307,2014,2,5,40.0
Sandeep Sharma,829753,2015,1,4,25.0
Sandeep Sharma,829759,2015,1,1,100.0
Sandeep Sharma,829785,2015,7,9,77.78
Sandeep Sharma,980913,2016,1,2,50.0
Sandeep Sharma,980955,2016,1,1,100.0
Sandeep Sharma,980963,2016,1,1,100.0
Sandeep Sharma,980999,2016,5,5,100.0
Sandeep Sharma,1082605,2017,2,2,100.0
Sandeep Sharma,1082609,2017,4,3,133.33
Sandeep Sharma,1136567,2018,0,2,0.0
Sandeep Sharma,1136583,2018,0,1,0.0
Sandeep Sharma,1136599,2018,0,1,0.0
Sandeep Sharma,1178394,2019,5,2,250.0
Sandeep Sharma,1178405,2019,1,1,100.0
Sandeep Sharma,1216498,2020,0,2,0.0
Sandeep Sharma,1216528,2020,1,2,50.0
Sandeep Sharma,1216534,2020,9,6,150.0
Sandeep Sharma,1216538,2020,0,1,0.0
Sandeep Sharma,1237180,2020,2,4,50.0
Sandeep Sharma,1254085,2021,8,6,133.33
Sandeep Sharma,1254105,2021,0,1,0.0
Sandeep Sharma,1359522,2023,2,5,40.0
Sandeep Sharma,1359534,2023,0,1,0.0
Sandeep Sharma,1473460,2025,6,5,120.0
Sanvir Singh,1359536,2023,7,6,116.67
Sanvir Singh,1359543,2023,4,3,133.33
Sanvir Singh,1426293,2024,8,7,114.29
Sanvir Singh,1426307,2024,6,4,150.0
Sanvir Singh,1426309,2024,0,1,0.0
Saurav Chauhan,1422137,2024,9,6,150.0
Saurav Chauhan,1426263,2024,9,8,112.5
Saurav Chauhan,1426268,2024,0,1,0.0
Sediqullah Atal,1485779,2025,22,16,137.5
Shahbaz Ahmed,1216505,2020,1,1,100.0
Shahbaz Ahmed,1254058,2021,1,2,50.0
Shahbaz Ahmed,1254063,2021,14,10,140.0
Shahbaz Ahmed,1254083,2021,8,11,72.73
Shahbaz Ahmed,1254090,2021,8,4,200.0
Shahbaz Ahmed,1254095,2021,14,9,155.56
Shahbaz Ahmed,1254108,2021,1,3,33.33
Shahbaz Ahmed,1254115,2021,13,14,92.86
Shahbaz Ahmed,1304052,2022,26,19,136.84
Shahbaz Ahmed,1304059,2022,45,26,173.08
Shahbaz Ahmed,1304068,2022,41,27,151.85
Shahbaz Ahmed,1304073,2022,32,21,152.38
Shahbaz Ahmed,1304077,2022,26,22,118.18
Shahbaz Ahmed,1304082,2022,7,11,63.64
Shahbaz Ahmed,1304085,2022,17,27,62.96
Shahbaz Ahmed,1304089,2022,2,2,100.0
Shahbaz Ahmed,1304095,2022,1,2,50.0
Shahbaz Ahmed,1304106,2022,9,14,64.29
Shahbaz Ahmed,1312199,2022,12,8,150.0
Shahbaz Ahmed,1359483,2023,1,5,20.0
Shahbaz Ahmed,1359494,2023,20,12,166.67
Shahbaz Ahmed,1359498,2023,12,10,120.0
Shahbaz Ahmed,1359501,2023,5,3,166.67
Shahbaz Ahmed,1359506,2023,2,4,50.0
Shahbaz Ahmed,1359510,2023,2,5,40.0
Shahbaz Ahmed,1422121,2024,16,5,320.0
Shahbaz Ahmed,1422130,2024,22,20,110.0
Shahbaz Ahmed,1422136,2024,18,19,94.74
Shahbaz Ahmed,1426261,2024,14,7,200.0
Shahbaz Ahmed,1426273,2024,59,29,203.45
Shahbaz Ahmed,1426279,2024,40,37,108.11
Shahbaz Ahmed,1426284,2024,7,5,140.0
Shahbaz Ahmed,1426293,2024,10,12,83.33
Shahbaz Ahmed,1426307,2024,3,6,50.0
Shahbaz Ahmed,1426309,2024,0,1,0.0
Shahbaz Ahmed,1426311,2024,18,18,100.0
Shahbaz Ahmed,1426312,2024,8,7,114.29
Shahbaz Ahmed,1473441,2025,9,8,112.5
Shahbaz Ahmed,1527678,2026,15,16,93.75
Shahbaz Ahmed,1529296,2026,43,25,172.0
Shahid Afridi,335988,2008,2,7,28.57
Shahid Afridi,335990,2008,10,4,250.0
Shahid Afridi,335999,2008,13,7,185.71
Shahid Afridi,336007,2008,20,6,333.33
Shahid Afridi,336011,2008,1,3,33.33
Shahid Afridi,336020,2008,33,14,235.71
Shahid Afridi,336024,2008,0,1,0.0
Shahid Afridi,336034,2008,1,2,50.0
Shahid Afridi,336037,2008,1,2,50.0
Shakib Al Hasan,501219,2011,2,5,40.0
Shakib Al Hasan,501267,2011,1,1,100.0
Shakib Al Hasan,501269,2011,26,16,162.5
Shakib Al Hasan,548315,2012,4,4,100.0
Shakib Al Hasan,548320,2012,16,10,160.0
Shakib Al Hasan,548323,2012,4,8,50.0
Shakib Al Hasan,548370,2012,13,12,108.33
Shakib Al Hasan,548375,2012,42,30,140.0
Shakib Al Hasan,548378,2012,1,3,33.33
Shakib Al Hasan,548381,2012,9,6,150.0
Shakib Al Hasan,729279,2014,1,2,50.0
Shakib Al Hasan,729289,2014,30,22,136.36
Shakib Al Hasan,729315,2014,31,20,155.0
Shakib Al Hasan,733971,2014,0,1,0.0
Shakib Al Hasan,733979,2014,20,13,153.85
Shakib Al Hasan,734009,2014,9,8,112.5
Shakib Al Hasan,734023,2014,46,21,219.05
Shakib Al Hasan,734027,2014,60,38,157.89
Shakib Al Hasan,734037,2014,1,5,20.0
Shakib Al Hasan,734043,2014,18,16,112.5
Shakib Al Hasan,734049,2014,12,7,171.43
Shakib Al Hasan,829713,2015,0,1,0.0
Shakib Al Hasan,829805,2015,23,15,153.33
Shakib Al Hasan,829811,2015,13,11,118.18
Shakib Al Hasan,980925,2016,11,15,73.33
Shakib Al Hasan,980939,2016,3,9,33.33
Shakib Al Hasan,980947,2016,6,4,150.0
Shakib Al Hasan,980975,2016,66,49,134.69
Shakib Al Hasan,980995,2016,18,11,163.64
Shakib Al Hasan,981001,2016,3,8,37.5
Shakib Al Hasan,981009,2016,7,10,70.0
Shakib Al Hasan,1082613,2017,1,1,100.0
Shakib Al Hasan,1136567,2018,12,12,100.0
Shakib Al Hasan,1136570,2018,27,21,128.57
Shakib Al Hasan,1136576,2018,20,11,181.82
Shakib Al Hasan,1136580,2018,24,19,126.32
Shakib Al Hasan,1136583,2018,2,4,50.0
Shakib Al Hasan,1136585,2018,28,28,100.0
Shakib Al Hasan,1136588,2018,6,6,100.0
Shakib Al Hasan,1136599,2018,35,32,109.38
Shakib Al Hasan,1136606,2018,8,6,133.33
Shakib Al Hasan,1136614,2018,10,7,142.86
Shakib Al Hasan,1136617,2018,12,10,120.0
Shakib Al Hasan,1136619,2018,28,24,116.67
Shakib Al Hasan,1136620,2018,23,15,153.33
Shakib Al Hasan,1178420,2019,9,10,90.0
Shakib Al Hasan,1254060,2021,3,5,60.0
Shakib Al Hasan,1254062,2021,9,9,100.0
Shakib Al Hasan,1254067,2021,26,25,104.0
Shakib Al Hasan,1254115,2021,9,6,150.0
Shakib Al Hasan,1254116,2021,0,2,0.0
Shakib Al Hasan,1254117,2021,0,1,0.0
Shashank Singh,1304086,2022,25,6,416.67
Shashank Singh,1304092,2022,15,14,107.14
Shashank Singh,1304096,2022,10,6,166.67
Shashank Singh,1304100,2022,8,9,88.89
Shashank Singh,1304107,2022,11,12,91.67
Shashank Singh,1422120,2024,0,1,0.0
Shashank Singh,1422124,2024,21,8,262.5
Shashank Singh,1422129,2024,9,7,128.57
Shashank Singh,1422135,2024,61,29,210.34
Shashank Singh,1426261,2024,46,25,184.0
Shashank Singh,1426265,2024,9,9,100.0
Shashank Singh,1426271,2024,41,25,164.0
Shashank Singh,1426275,2024,8,12,66.67
Shashank Singh,1426280,2024,68,28,242.86
Shashank Singh,1426287,2024,25,26,96.15
Shashank Singh,1426291,2024,27,20,135.0
Shashank Singh,1426296,2024,37,19,194.74
Shashank Singh,1426303,2024,0,2,0.0
Shashank Singh,1426307,2024,2,4,50.0
Shashank Singh,1473442,2025,44,16,275.0
Shashank Singh,1473455,2025,10,13,76.92
Shashank Singh,1473459,2025,52,36,144.44
Shashank Singh,1473464,2025,2,3,66.67
Shashank Singh,1473468,2025,18,17,105.88
Shashank Singh,1473471,2025,1,5,20.0
Shashank Singh,1473474,2025,31,33,93.94
Shashank Singh,1473486,2025,23,12,191.67
Shashank Singh,1473491,2025,33,15,220.0
Shashank Singh,1473497,2025,59,30,196.67
Shashank Singh,1473508,2025,3,5,60.0
Shashank Singh,1473510,2025,2,3,66.67
Shashank Singh,1473511,2025,61,30,203.33
Shashank Singh,1485779,2025,11,10,110.0
Shashank Singh,1527677,2026,4,5,80.0
Shashank Singh,1527680,2026,14,6,233.33
Shashank Singh,1527690,2026,16,9,177.78
Shashank Singh,1529272,2026,17,6,283.33
Shashank Singh,1529278,2026,19,10,190.0
Shashank Singh,1529292,2026,4,3,133.33
Shashank Singh,1529298,2026,0,1,0.0
Shashank Singh,1529301,2026,2,3,66.67
Shashank Singh,1529304,2026,56,27,207.41
Shivam Mavi,1136570,2018,7,8,87.5
Shivam Mavi,1136586,2018,0,3,0.0
Shivam Mavi,1136619,2018,6,4,150.0
Shivam Mavi,1216501,2020,0,1,0.0
Shivam Mavi,1216508,2020,9,10,90.0
Shivam Mavi,1216515,2020,1,3,33.33
Shivam Mavi,1254075,2021,5,7,71.43
Shivam Mavi,1254117,2021,20,13,153.85
Shivam Mavi,1304076,2022,0,1,0.0
Shivam Mavi,1304081,2022,2,4,50.0
Shivam Mavi,1304099,2022,1,2,50.0
Shivam Sharma,733991,2014,4,2,200.0
Shivam Sharma,734025,2014,1,1,100.0
Shivam Singh,1426307,2024,2,3,66.67
Shivang Kumar,1527679,2026,4,2,200.0
Shivang Kumar,1527683,2026,5,4,125.0
Shivang Kumar,1529270,2026,12,8,150.0
Shivang Kumar,1529288,2026,1,2,50.0
Shivang Kumar,1529299,2026,4,6,66.67
Shivang Kumar,1535463,2026,26,23,113.04
Shoaib Ahmed,392201,2009,0,3,0.0
Shoaib Ahmed,392209,2009,1,2,50.0
Shoaib Ahmed,392223,2009,0,1,0.0
Shoaib Akhtar,336021,2008,2,7,28.57
Shoaib Malik,335995,2008,19,17,111.76
Shoaib Malik,335998,2008,6,4,150.0
Shoaib Malik,336004,2008,23,21,109.52
Shoaib Malik,336009,2008,2,3,66.67
Shoaib Malik,336022,2008,1,1,100.0
Shubman Gill,1136570,2018,3,9,33.33
Shubman Gill,1136573,2018,6,5,120.0
Shubman Gill,1136578,2018,14,8,175.0
Shubman Gill,1136586,2018,37,29,127.59
Shubman Gill,1136589,2018,5,2,250.0
Shubman Gill,1136593,2018,57,36,158.33
Shubman Gill,1136597,2018,7,5,140.0
Shubman Gill,1136604,2018,16,8,200.0
Shubman Gill,1136618,2018,28,17,164.71
Shubman Gill,1136619,2018,30,20,150.0
Shubman Gill,1175357,2019,18,10,180.0
Shubman Gill,1175365,2019,4,5,80.0
Shubman Gill,1175372,2019,3,3,100.0
Shubman Gill,1178396,2019,6,10,60.0
Shubman Gill,1178398,2019,9,12,75.0
Shubman Gill,1178401,2019,64,38,168.42
Shubman Gill,1178404,2019,15,20,75.0
Shubman Gill,1178410,2019,9,11,81.82
Shubman Gill,1178413,2019,3,4,75.0
Shubman Gill,1178418,2019,14,14,100.0
Shubman Gill,1178422,2019,76,45,168.89
Shubman Gill,1178427,2019,65,49,132.65
Shubman Gill,1178431,2019,9,16,56.25
Shubman Gill,1216494,2020,1,6,16.67
Shubman Gill,1216497,2020,9,8,112.5
Shubman Gill,1216501,2020,11,12,91.67
Shubman Gill,1216504,2020,47,34,138.24
Shubman Gill,1216508,2020,7,11,63.64
Shubman Gill,1216512,2020,36,37,97.3
Shubman Gill,1216515,2020,28,22,127.27
Shubman Gill,1216520,2020,57,45,126.67
Shubman Gill,1216523,2020,57,47,121.28
Shubman Gill,1216526,2020,21,23,91.3
Shubman Gill,1216530,2020,36,24,150.0
Shubman Gill,1216536,2020,26,17,152.94
Shubman Gill,1216540,2020,34,25,136.0
Shubman Gill,1216545,2020,69,61,113.11
Shubman Gill,1254060,2021,15,13,115.38
Shubman Gill,1254062,2021,33,24,137.5
Shubman Gill,1254067,2021,21,9,233.33
Shubman Gill,1254072,2021,0,1,0.0
Shubman Gill,1254075,2021,11,19,57.89
Shubman Gill,1254078,2021,9,8,112.5
Shubman Gill,1254082,2021,43,38,113.16
Shubman Gill,1254087,2021,48,33,145.45
Shubman Gill,1254092,2021,30,33,90.91
Shubman Gill,1254096,2021,13,9,144.44
Shubman Gill,1254098,2021,9,5,180.0
Shubman Gill,1254102,2021,7,7,100.0
Shubman Gill,1254106,2021,56,44,127.27
Shubman Gill,1254109,2021,57,51,111.76
Shubman Gill,1254115,2021,29,18,161.11
Shubman Gill,1254116,2021,46,46,100.0
Shubman Gill,1254117,2021,51,43,118.6
Shubman Gill,1304050,2022,0,3,0.0
Shubman Gill,1304056,2022,80,45,177.78
Shubman Gill,1304062,2022,96,59,162.71
Shubman Gill,1304067,2022,7,9,77.78
Shubman Gill,1304070,2022,13,13,100.0
Shubman Gill,1304075,2022,0,1,0.0
Shubman Gill,1304081,2022,7,5,140.0
Shubman Gill,1304086,2022,22,24,91.67
Shubman Gill,1304089,2022,31,27,114.81
Shubman Gill,1304094,2022,9,6,150.0
Shubman Gill,1304097,2022,52,36,144.44
Shubman Gill,1304103,2022,63,49,128.57
Shubman Gill,1304108,2022,18,17,105.88
Shubman Gill,1304113,2022,1,4,25.0
Shubman Gill,1312197,2022,35,21,166.67
Shubman Gill,1312200,2022,45,43,104.65
Shubman Gill,1359475,2023,63,36,175.0
Shubman Gill,1359481,2023,10,12,83.33
Shubman Gill,1359487,2023,39,31,125.81
Shubman Gill,1359492,2023,67,49,136.73
Shubman Gill,1359497,2023,45,34,132.35
Shubman Gill,1359504,2023,0,2,0.0
Shubman Gill,1359509,2023,56,34,164.71
Shubman Gill,1359513,2023,49,35,140.0
Shubman Gill,1359518,2023,6,7,85.71
Shubman Gill,1359522,2023,36,34,105.88
Shubman Gill,1359525,2023,94,51,184.31
Shubman Gill,1359531,2023,6,9,66.67
Shubman Gill,1359536,2023,101,58,174.14
Shubman Gill,1359544,2023,104,51,203.92
Shubman Gill,1370350,2023,42,38,110.53
Shubman Gill,1370352,2023,128,59,216.95
Shubman Gill,1370353,2023,39,20,195.0
Shubman Gill,1422123,2024,31,22,140.91
Shubman Gill,1422125,2024,8,5,160.0
Shubman Gill,1422130,2024,36,28,128.57
Shubman Gill,1422135,2024,89,48,185.42
Shubman Gill,1422139,2024,19,21,90.48
Shubman Gill,1426262,2024,72,44,163.64
Shubman Gill,1426270,2024,8,6,133.33
Shubman Gill,1426275,2024,35,29,120.69
Shubman Gill,1426278,2024,6,5,120.0
Shubman Gill,1426283,2024,16,19,84.21
Shubman Gill,1426290,2024,2,7,28.57
Shubman Gill,1426297,2024,104,55,189.09
Shubman Gill,1473442,2025,33,14,235.71
Shubman Gill,1473446,2025,38,27,140.74
Shubman Gill,1473451,2025,14,14,100.0
Shubman Gill,1473457,2025,61,43,141.86
Shubman Gill,1473460,2025,2,3,66.67
Shubman Gill,1473463,2025,60,38,157.89
Shubman Gill,1473472,2025,7,5,140.0
Shubman Gill,1473476,2025,89,54,164.81
Shubman Gill,1473484,2025,84,50,168.0
Shubman Gill,1473488,2025,76,38,200.0
Shubman Gill,1473493,2025,43,44,97.73
Shubman Gill,1473498,2025,93,53,175.47
Shubman Gill,1473502,2025,35,20,175.0
Shubman Gill,1473504,2025,13,9,144.44
Shubman Gill,1473509,2025,1,2,50.0
Shubman Gill,1527677,2026,39,27,144.44
Shubman Gill,1527687,2026,70,45,155.56
Shubman Gill,1527692,2026,56,40,140.0
Shubman Gill,1529268,2026,86,50,172.0
Shubman Gill,1529273,2026,14,13,107.69
Shubman Gill,1529277,2026,32,24,133.33
Shubman Gill,1529280,2026,33,23,143.48
Shubman Gill,1529285,2026,43,18,238.89
Shubman Gill,1529289,2026,5,4,125.0
Shubman Gill,1529295,2026,84,44,190.91
Shubman Gill,1529299,2026,5,7,71.43
Shubman Gill,1529303,2026,85,49,173.47
Shubman Gill,1529309,2026,64,37,172.97
Shubman Gill,1535462,2026,2,7,28.57
Shubman Gill,1535464,2026,104,53,196.23
Shubman Gill,1535465,2026,10,8,125.0
Sikandar Raza,1359476,2023,16,13,123.08
Sikandar Raza,1359482,2023,1,2,50.0
Sikandar Raza,1359488,2023,5,6,83.33
Sikandar Raza,1359495,2023,57,41,139.02
Sikandar Raza,1359512,2023,36,22,163.64
Sikandar Raza,1359515,2023,13,7,185.71
Sikandar Raza,1359533,2023,11,7,157.14
Sikandar Raza,1422135,2024,15,16,93.75
Sikandar Raza,1426261,2024,28,22,127.27
Simarjeet Singh,1304095,2022,2,2,100.0
Simarjeet Singh,1304105,2022,2,3,66.67
Simarjeet Singh,1304114,2022,3,3,100.0
Simarjeet Singh,1473444,2025,3,4,75.0
Simarjeet Singh,1473452,2025,0,1,0.0
Simarjeet Singh,1473457,2025,0,2,0.0
Sohail Tanvir,336000,2008,2,2,100.0
Sohail Tanvir,336008,2008,6,6,100.0
Sohail Tanvir,336027,2008,13,8,162.5
Sohail Tanvir,336038,2008,5,5,100.0
Sohail Tanvir,336040,2008,9,7,128.57
Sumit Kumar,1422120,2024,2,9,22.22
Sumit Kumar,1422134,2024,7,6,116.67
Sumit Kumar,1426270,2024,9,9,100.0
Sunny Gupta,548380,2012,0,1,0.0
Sunny Singh,501202,2011,12,6,200.0
Sunny Singh,501206,2011,20,11,181.82
Sunny Singh,501220,2011,5,5,100.0
Sunny Singh,501223,2011,2,4,50.0
Sunny Singh,501244,2011,4,5,80.0
Suryansh Shedge,1473455,2025,2,4,50.0
Suryansh Shedge,1473468,2025,4,4,100.0
Suryansh Shedge,1473486,2025,1,3,33.33
Suryansh Shedge,1529283,2026,3,2,150.0
Suryansh Shedge,1529289,2026,57,29,196.55
Suryansh Shedge,1529292,2026,25,17,147.06
Suryansh Shedge,1529298,2026,21,8,262.5
Suryansh Shedge,1529301,2026,8,5,160.0
Suryansh Shedge,1529304,2026,35,22,159.09
Suryansh Shedge,1529311,2026,9,7,128.57
Swapnil Singh,980963,2016,0,1,0.0
Swapnil Singh,1082639,2017,2,2,100.0
Swapnil Singh,1082645,2017,10,17,58.82
Swapnil Singh,1359525,2023,2,4,50.0
Swapnil Singh,1426279,2024,12,6,200.0
Swapnil Singh,1426290,2024,15,9,166.67
Swapnil Singh,1426296,2024,1,1,100.0
Swapnil Singh,1426300,2024,0,1,0.0
Swapnil Singh,1426310,2024,9,4,225.0
T Banton,1216494,2020,10,8,125.0
T Banton,1216540,2020,8,12,66.67
T Dahiya,1529308,2026,11,12,91.67
T Dahiya,1529313,2026,1,3,33.33
T Henderson,392182,2009,11,14,78.57
T Henderson,392233,2009,0,1,0.0
T Kohler-Cadmore,1426303,2024,18,23,78.26
T Kohler-Cadmore,1426310,2024,20,15,133.33
T Kohler-Cadmore,1426311,2024,10,16,62.5
T Kohli,335984,2008,7,12,58.33
T Kohli,336033,2008,3,3,100.0
T Kohli,392186,2009,1,4,25.0
T Natarajan,1216528,2020,0,1,0.0
T Natarajan,1216534,2020,3,4,75.0
T Natarajan,1527691,2026,1,2,50.0
T Shamsi,1254097,2021,2,4,50.0
T Stubbs,1304105,2022,0,2,0.0
T Stubbs,1304111,2022,2,2,100.0
T Stubbs,1359486,2023,5,10,50.0
T Stubbs,1359523,2023,20,21,95.24
T Stubbs,1422120,2024,5,8,62.5
T Stubbs,1422127,2024,44,23,191.3
T Stubbs,1422131,2024,0,2,0.0
T Stubbs,1422134,2024,54,32,168.75
T Stubbs,1422138,2024,65,24,270.83
T Stubbs,1426264,2024,15,9,166.67
T Stubbs,1426273,2024,10,11,90.91
T Stubbs,1426278,2024,26,7,371.43
T Stubbs,1426281,2024,48,25,192.0
T Stubbs,1426285,2024,4,7,57.14
T Stubbs,1426294,2024,41,20,205.0
T Stubbs,1426300,2024,3,4,75.0
T Stubbs,1426302,2024,57,25,228.0
T Stubbs,1473441,2025,34,22,154.55
T Stubbs,1473447,2025,21,14,150.0
T Stubbs,1473454,2025,24,12,200.0
T Stubbs,1473461,2025,38,23,165.22
T Stubbs,1473466,2025,1,4,25.0
T Stubbs,1473469,2025,40,19,210.53
T Stubbs,1473472,2025,31,21,147.62
T Stubbs,1473483,2025,34,18,188.89
T Stubbs,1473485,2025,1,3,33.33
T Stubbs,1473492,2025,41,36,113.89
T Stubbs,1473498,2025,21,10,210.0
T Stubbs,1473501,2025,2,4,50.0
T Stubbs,1485779,2025,18,14,128.57
T Stubbs,1527678,2026,39,32,121.88
T Stubbs,1527681,2026,3,4,75.0
T Stubbs,1527687,2026,7,6,116.67
T Stubbs,1527691,2026,60,38,157.89
T Stubbs,1529269,2026,60,47,127.66
T Stubbs,1529274,2026,27,16,168.75
T Stubbs,1529282,2026,5,3,166.67
T Stubbs,1529286,2026,18,11,163.64
T Stubbs,1529291,2026,38,31,122.58
T Stubbs,1529294,2026,2,4,50.0
T Stubbs,1529298,2026,12,17,70.59
T Stubbs,1529305,2026,4,6,66.67
T Stubbs,1529313,2026,0,1,0.0
T Taibu,336010,2008,15,12,125.0
T Taibu,336014,2008,9,5,180.0
T Taibu,336017,2008,7,9,77.78
T Thushara,392181,2009,1,2,50.0
T Thushara,392234,2009,1,5,20.0
T Thushara,419129,2010,2,3,66.67
T Thushara,419147,2010,8,8,100.0
TA Boult,1082644,2017,5,8,62.5
TA Boult,1136573,2018,0,2,0.0
TA Boult,1178425,2019,1,1,100.0
TA Boult,1181767,2019,6,3,200.0
TA Boult,1216492,2020,0,1,0.0
TA Boult,1254070,2021,1,1,100.0
TA Boult,1254108,2021,0,3,0.0
TA Boult,1304055,2022,1,1,100.0
TA Boult,1304066,2022,2,1,200.0
TA Boult,1304085,2022,5,7,71.43
TA Boult,1304090,2022,1,1,100.0
TA Boult,1304104,2022,3,3,100.0
TA Boult,1304109,2022,17,9,188.89
TA Boult,1312200,2022,11,7,157.14
TA Boult,1359497,2023,0,1,0.0
TA Boult,1359522,2023,15,11,136.36
TA Boult,1359540,2023,1,2,50.0
TA Boult,1426269,2024,0,1,0.0
TA Boult,1426294,2024,2,3,66.67
TA Boult,1426303,2024,12,9,133.33
TA Boult,1426311,2024,0,3,0.0
TA Boult,1473440,2025,1,2,50.0
TA Boult,1473458,2025,1,1,100.0
TA Boult,1527686,2026,1,2,50.0
TA Boult,1529287,2026,7,2,350.0
TD Paine,501218,2011,2,9,22.22
TD Paine,501232,2011,8,17,47.06
TG Southee,729297,2014,4,4,100.0
TG Southee,829715,2015,7,4,175.0
TG Southee,829769,2015,6,5,120.0
TG Southee,980917,2016,25,10,250.0
TG Southee,980933,2016,1,1,100.0
TG Southee,980973,2016,3,4,75.0
TG Southee,980985,2016,1,3,33.33
TG Southee,1082592,2017,7,3,233.33
TG Southee,1136591,2018,1,2,50.0
TG Southee,1136595,2018,36,26,138.46
TG Southee,1136611,2018,1,1,100.0
TG Southee,1136613,2018,14,17,82.35
TG Southee,1178395,2019,9,9,100.0
TG Southee,1254092,2021,3,5,60.0
TG Southee,1304052,2022,1,5,20.0
TG Southee,1304081,2022,1,1,100.0
TG Southee,1304087,2022,0,1,0.0
TG Southee,1304099,2022,0,1,0.0
TG Southee,1304102,2022,0,4,0.0
TH David,1254113,2021,1,3,33.33
TH David,1304048,2022,12,8,150.0
TH David,1304055,2022,1,3,33.33
TH David,1304090,2022,20,9,222.22
TH David,1304097,2022,44,21,209.52
TH David,1304102,2022,13,9,144.44
TH David,1304105,2022,16,7,228.57
TH David,1304111,2022,46,18,255.56
TH David,1304115,2022,34,11,309.09
TH David,1359479,2023,4,7,57.14
TH David,1359486,2023,31,22,140.91
TH David,1359490,2023,13,11,118.18
TH David,1359496,2023,24,13,184.62
TH David,1359499,2023,16,11,145.45
TH David,1359505,2023,25,13,192.31
TH David,1359509,2023,0,2,0.0
TH David,1359516,2023,45,14,321.43
TH David,1359520,2023,19,10,190.0
TH David,1359523,2023,2,4,50.0
TH David,1359528,2023,0,1,0.0
TH David,1359531,2023,5,3,166.67
TH David,1359537,2023,32,19,168.42
TH David,1370351,2023,13,13,100.0
TH David,1370352,2023,2,3,66.67
TH David,1422123,2024,11,10,110.0
TH David,1422126,2024,42,22,190.91
TH David,1422132,2024,17,24,70.83
TH David,1422138,2024,39,20,195.0
TH David,1426267,2024,13,5,260.0
TH David,1426271,2024,14,7,200.0
TH David,1426276,2024,3,5,60.0
TH David,1426281,2024,37,17,217.65
TH David,1426286,2024,34,17,200.0
TH David,1426289,2024,24,20,120.0
TH David,1426298,2024,0,3,0.0
TH David,1473445,2025,22,8,275.0
TH David,1473451,2025,32,18,177.78
TH David,1473458,2025,1,1,100.0
TH David,1473461,2025,37,20,185.0
TH David,1473471,2025,44,25,176.0
TH David,1473479,2025,23,15,153.33
TH David,1473483,2025,15,4,375.0
TH David,1473489,2025,2,3,66.67
TH David,1473503,2025,1,5,20.0
TH David,1527674,2026,16,10,160.0
TH David,1527684,2026,70,24,291.67
TH David,1527689,2026,13,9,144.44
TH David,1527693,2026,34,15,226.67
TH David,1529266,2026,14,8,175.0
TH David,1529269,2026,25,16,156.25
TH David,1529277,2026,10,9,111.11
TH David,1529285,2026,9,6,150.0
TH David,1529293,2026,40,17,235.29
TH David,1529297,2026,0,1,0.0
TH David,1529300,2026,2,3,66.67
TH David,1529304,2026,28,12,233.33
TH David,1529310,2026,15,7,214.29
TH David,1535462,2026,4,5,80.0
TH David,1535465,2026,24,17,141.18
TK Curran,1136565,2018,2,5,40.0
TK Curran,1136573,2018,2,3,66.67
TK Curran,1136578,2018,1,3,33.33
TK Curran,1136601,2018,18,17,105.88
TK Curran,1216496,2020,10,9,111.11
TK Curran,1216504,2020,54,36,150.0
TK Curran,1216511,2020,15,16,93.75
TK Curran,1216527,2020,4,1,400.0
TK Curran,1254064,2021,21,16,131.25
TK Curran,1254114,2021,0,1,0.0
TL Seifert,1254102,2021,2,4,50.0
TL Seifert,1304048,2022,21,14,150.0
TL Seifert,1304056,2022,3,5,60.0
TL Seifert,1529268,2026,19,14,135.71
TL Seifert,1529271,2026,0,1,0.0
TL Seifert,1529281,2026,0,3,0.0
TL Suman,392201,2009,23,14,164.29
TL Suman,392205,2009,41,30,136.67
TL Suman,392209,2009,17,17,100.0
TL Suman,392212,2009,20,13,153.85
TL Suman,392216,2009,27,17,158.82
TL Suman,392220,2009,29,19,152.63
TL Suman,392223,2009,3,7,42.86
TL Suman,392228,2009,31,24,129.17
TL Suman,392229,2009,0,1,0.0
TL Suman,392236,2009,12,12,100.0
TL Suman,392237,2009,24,25,96.0
TL Suman,392239,2009,10,11,90.91
TL Suman,419106,2010,7,8,87.5
TL Suman,419110,2010,10,4,250.0
TL Suman,419117,2010,26,22,118.18
TL Suman,419120,2010,29,19,152.63
TL Suman,419126,2010,9,15,60.0
TL Suman,419130,2010,15,17,88.24
TL Suman,419135,2010,15,11,136.36
TL Suman,419138,2010,11,16,68.75
TL Suman,419145,2010,78,57,136.84
TL Suman,419147,2010,55,44,125.0
TL Suman,419151,2010,0,1,0.0
TL Suman,419156,2010,43,31,138.71
TL Suman,419160,2010,5,6,83.33
TL Suman,419163,2010,4,4,100.0
TL Suman,501241,2011,36,16,225.0
TL Suman,501251,2011,4,5,80.0
TL Suman,501256,2011,14,13,107.69
TL Suman,501263,2011,5,6,83.33
TL Suman,501267,2011,4,4,100.0
TL Suman,501269,2011,2,7,28.57
TL Suman,548314,2012,5,9,55.56
TL Suman,548317,2012,10,10,100.0
TL Suman,598003,2013,6,14,42.86
TL Suman,598011,2013,23,15,153.33
TL Suman,598018,2013,12,14,85.71
TL Suman,598038,2013,0,1,0.0
TL Suman,598042,2013,11,14,78.57
TM Dilshan,336015,2008,18,15,120.0
TM Dilshan,336017,2008,25,19,131.58
TM Dilshan,336020,2008,16,6,266.67
TM Dilshan,336022,2008,6,5,120.0
TM Dilshan,336026,2008,4,10,40.0
TM Dilshan,336032,2008,0,1,0.0
TM Dilshan,336038,2008,33,22,150.0
TM Dilshan,392189,2009,50,27,185.19
TM Dilshan,392194,2009,67,47,142.55
TM Dilshan,392198,2009,7,10,70.0
TM Dilshan,392201,2009,48,45,106.67
TM Dilshan,392206,2009,13,13,100.0
TM Dilshan,392211,2009,42,34,123.53
TM Dilshan,392215,2009,17,19,89.47
TM Dilshan,392219,2009,1,2,50.0
TM Dilshan,392223,2009,37,18,205.56
TM Dilshan,392226,2009,10,19,52.63
TM Dilshan,392230,2009,33,41,80.49
TM Dilshan,392235,2009,24,13,184.62
TM Dilshan,392237,2009,65,51,127.45
TM Dilshan,419108,2010,0,3,0.0
TM Dilshan,419111,2010,0,1,0.0
TM Dilshan,419114,2010,17,12,141.67
TM Dilshan,419116,2010,15,24,62.5
TM Dilshan,419155,2010,1,2,50.0
TM Dilshan,419160,2010,11,11,100.0
TM Dilshan,501200,2011,1,4,25.0
TM Dilshan,501205,2011,59,52,113.46
TM Dilshan,501208,2011,7,8,87.5
TM Dilshan,501211,2011,0,1,0.0
TM Dilshan,501222,2011,38,31,122.58
TM Dilshan,501227,2011,0,1,0.0
TM Dilshan,501232,2011,15,19,78.95
TM Dilshan,501244,2011,16,9,177.78
TM Dilshan,501247,2011,52,31,167.74
TM Dilshan,501252,2011,38,24,158.33
TM Dilshan,548327,2012,4,8,50.0
TM Dilshan,548336,2012,72,57,126.32
TM Dilshan,548344,2012,1,3,33.33
TM Dilshan,548356,2012,71,54,131.48
TM Dilshan,548360,2012,19,25,76.0
TM Dilshan,548362,2012,53,44,120.45
TM Dilshan,548367,2012,43,49,87.76
TM Dilshan,548372,2012,10,7,142.86
TM Dilshan,548376,2012,4,12,33.33
TM Dilshan,597999,2013,0,8,0.0
TM Dilshan,598004,2013,5,9,55.56
TM Dilshan,598023,2013,25,22,113.64
TM Dilshan,598027,2013,32,35,91.43
TM Dilshan,598033,2013,13,18,72.22
TM Head,980927,2016,37,24,154.17
TM Head,980969,2016,5,8,62.5
TM Head,980977,2016,11,7,157.14
TM Head,1082591,2017,30,22,136.36
TM Head,1082610,2017,30,16,187.5
TM Head,1082621,2017,0,1,0.0
TM Head,1082624,2017,2,5,40.0
TM Head,1082628,2017,12,15,80.0
TM Head,1082636,2017,75,47,159.57
TM Head,1082646,2017,2,2,100.0
TM Head,1422126,2024,62,24,258.33
TM Head,1422130,2024,19,14,135.71
TM Head,1422136,2024,31,24,129.17
TM Head,1426261,2024,21,15,140.0
TM Head,1426268,2024,102,41,248.78
TM Head,1426273,2024,89,32,278.12
TM Head,1426279,2024,1,3,33.33
TM Head,1426284,2024,13,7,185.71
TM Head,1426288,2024,58,44,131.82
TM Head,1426293,2024,44,28,157.14
TM Head,1426295,2024,89,30,296.67
TM Head,1426307,2024,0,1,0.0
TM Head,1426309,2024,0,2,0.0
TM Head,1426311,2024,34,28,121.43
TM Head,1426312,2024,0,1,0.0
TM Head,1473439,2025,67,29,231.03
TM Head,1473444,2025,46,27,170.37
TM Head,1473447,2025,22,12,183.33
TM Head,1473452,2025,4,2,200.0
TM Head,1473457,2025,8,5,160.0
TM Head,1473464,2025,66,37,178.38
TM Head,1473470,2025,28,28,100.0
TM Head,1473478,2025,0,4,0.0
TM Head,1473480,2025,19,16,118.75
TM Head,1473488,2025,20,16,125.0
TM Head,1473503,2025,17,10,170.0
TM Head,1473505,2025,76,40,190.0
TM Head,1527674,2026,11,9,122.22
TM Head,1527679,2026,46,21,219.05
TM Head,1527683,2026,7,8,87.5
TM Head,1527690,2026,38,22,172.73
TM Head,1529264,2026,18,18,100.0
TM Head,1529270,2026,23,20,115.0
TM Head,1529274,2026,37,26,142.31
TM Head,1529279,2026,6,5,120.0
TM Head,1529284,2026,76,30,253.33
TM Head,1529288,2026,61,28,217.86
TM Head,1529292,2026,38,19,200.0
TM Head,1529299,2026,0,4,0.0
TM Head,1529306,2026,6,6,100.0
TM Head,1529310,2026,26,16,162.5
TM Head,1535463,2026,17,8,212.5
TM Srivastava,335995,2008,7,9,77.78
TM Srivastava,336035,2008,1,1,100.0
TM Srivastava,392204,2009,0,1,0.0
TR Birt,501230,2011,8,11,72.73
TR Birt,501233,2011,20,12,166.67
TR Birt,501238,2011,27,15,180.0
TR Birt,501243,2011,4,8,50.0
TR Birt,501257,2011,16,11,145.45
TS Mills,1082591,2017,6,3,200.0
TS Mills,1082595,2017,0,3,0.0
TS Mills,1082617,2017,2,5,40.0
TS Mills,1304069,2022,0,2,0.0
TS Mills,1304072,2022,0,1,0.0
TU Deshpande,1216497,2020,1,3,33.33
TU Deshpande,1216524,2020,20,9,222.22
TU Deshpande,1359529,2023,0,1,0.0
TU Deshpande,1426291,2024,0,1,0.0
TU Deshpande,1473443,2025,2,1,200.0
TU Deshpande,1473448,2025,1,2,50.0
TU Deshpande,1473460,2025,3,3,100.0
TU Deshpande,1473479,2025,1,2,50.0
TU Deshpande,1529264,2026,25,11,227.27
TU Deshpande,1529295,2026,1,3,33.33
Tanush Kotian,1426265,2024,24,31,77.42
Tilak Varma,1304048,2022,22,15,146.67
Tilak Varma,1304055,2022,61,33,184.85
Tilak Varma,1304060,2022,38,27,140.74
Tilak Varma,1304064,2022,0,3,0.0
Tilak Varma,1304069,2022,36,20,180.0
Tilak Varma,1304072,2022,26,26,100.0
Tilak Varma,1304079,2022,51,43,118.6
Tilak Varma,1304083,2022,38,27,140.74
Tilak Varma,1304090,2022,35,30,116.67
Tilak Varma,1304097,2022,21,15,140.0
Tilak Varma,1304102,2022,6,5,120.0
Tilak Varma,1304105,2022,34,32,106.25
Tilak Varma,1304111,2022,8,9,88.89
Tilak Varma,1304115,2022,21,17,123.53
Tilak Varma,1359479,2023,83,45,184.44
Tilak Varma,1359486,2023,22,18,122.22
Tilak Varma,1359490,2023,41,29,141.38
Tilak Varma,1359496,2023,30,25,120.0
Tilak Varma,1359499,2023,37,17,217.65
Tilak Varma,1359505,2023,3,4,75.0
Tilak Varma,1359509,2023,2,3,66.67
Tilak Varma,1359516,2023,29,21,138.1
Tilak Varma,1359520,2023,26,10,260.0
Tilak Varma,1370351,2023,26,22,118.18
Tilak Varma,1370352,2023,43,14,307.14
Tilak Varma,1422123,2024,25,19,131.58
Tilak Varma,1422126,2024,63,33,190.91
Tilak Varma,1422132,2024,32,29,110.34
Tilak Varma,1422138,2024,6,5,120.0
Tilak Varma,1426263,2024,16,10,160.0
Tilak Varma,1426267,2024,31,20,155.0
Tilak Varma,1426271,2024,34,18,188.89
Tilak Varma,1426276,2024,65,45,144.44
Tilak Varma,1426281,2024,63,32,196.88
Tilak Varma,1426286,2024,7,11,63.64
Tilak Varma,1426289,2024,4,6,66.67
Tilak Varma,1426293,2024,37,32,115.62
Tilak Varma,1426298,2024,32,17,188.24
Tilak Varma,1473440,2025,31,24,129.17
Tilak Varma,1473446,2025,39,36,108.33
Tilak Varma,1473453,2025,25,23,108.7
Tilak Varma,1473458,2025,56,29,193.1
Tilak Varma,1473466,2025,59,33,178.79
Tilak Varma,1473470,2025,21,17,123.53
Tilak Varma,1473478,2025,2,2,100.0
Tilak Varma,1473482,2025,6,5,120.0
Tilak Varma,1473493,2025,7,7,100.0
Tilak Varma,1473501,2025,27,27,100.0
Tilak Varma,1473506,2025,1,4,25.0
Tilak Varma,1473509,2025,25,11,227.27
Tilak Varma,1473510,2025,37,27,137.04
Tilak Varma,1527675,2026,20,14,142.86
Tilak Varma,1527681,2026,0,2,0.0
Tilak Varma,1527686,2026,14,10,140.0
Tilak Varma,1527693,2026,1,3,33.33
Tilak Varma,1529267,2026,8,3,266.67
Tilak Varma,1529273,2026,101,45,224.44
Tilak Varma,1529276,2026,37,29,127.59
Tilak Varma,1529284,2026,7,5,140.0
Tilak Varma,1529287,2026,5,8,62.5
Tilak Varma,1529290,2026,11,13,84.62
Tilak Varma,1529297,2026,57,42,135.71
Tilak Varma,1529301,2026,75,33,227.27
Tilak Varma,1529308,2026,20,32,62.5
Tilak Varma,1529312,2026,3,7,42.86
U Kaul,336013,2008,0,1,0.0
UA Birla,598053,2013,7,14,50.0
UBT Chand,501201,2011,0,2,0.0
UBT Chand,501204,2011,2,10,20.0
UBT Chand,548372,2012,18,10,180.0
UBT Chand,548374,2012,18,24,75.0
UBT Chand,597998,2013,0,1,0.0
UBT Chand,598001,2013,23,19,121.05
UBT Chand,598006,2013,0,1,0.0
UBT Chand,598028,2013,7,8,87.5
UBT Chand,598035,2013,17,19,89.47
UBT Chand,598040,2013,37,39,94.87
UBT Chand,598044,2013,17,23,73.91
UBT Chand,598054,2013,41,35,117.14
UBT Chand,598062,2013,16,12,133.33
UBT Chand,734017,2014,2,9,22.22
UBT Chand,829721,2015,12,17,70.59
UBT Chand,829737,2015,58,37,156.76
UBT Chand,829747,2015,14,11,127.27
UBT Chand,829751,2015,5,4,125.0
UBT Chand,829769,2015,13,14,92.86
UBT Chand,980985,2016,0,4,0.0
UT Khawaja,980965,2016,30,27,111.11
UT Khawaja,980969,2016,16,6,266.67
UT Khawaja,980979,2016,11,8,137.5
UT Khawaja,980989,2016,21,16,131.25
UT Khawaja,980997,2016,19,13,146.15
UT Khawaja,981005,2016,30,29,103.45
UT Yadav,419120,2010,3,4,75.0
UT Yadav,501201,2011,0,4,0.0
UT Yadav,501230,2011,1,1,100.0
UT Yadav,548372,2012,0,2,0.0
UT Yadav,548378,2012,1,1,100.0
UT Yadav,548380,2012,1,4,25.0
UT Yadav,598006,2013,5,4,125.0
UT Yadav,598010,2013,6,5,120.0
UT Yadav,598020,2013,1,5,20.0
UT Yadav,598044,2013,2,5,40.0
UT Yadav,598054,2013,4,1,400.0
UT Yadav,598062,2013,12,9,133.33
UT Yadav,598067,2013,8,9,88.89
UT Yadav,729307,2014,2,4,50.0
UT Yadav,829765,2015,0,1,0.0
UT Yadav,829805,2015,5,2,250.0
UT Yadav,829811,2015,24,11,218.18
UT Yadav,980939,2016,7,2,350.0
UT Yadav,980951,2016,2,3,66.67
UT Yadav,1082617,2017,2,4,50.0
UT Yadav,1082631,2017,2,2,100.0
UT Yadav,1082644,2017,4,4,100.0
UT Yadav,1082649,2017,2,3,66.67
UT Yadav,1136574,2018,1,2,50.0
UT Yadav,1136584,2018,0,1,0.0
UT Yadav,1136591,2018,1,2,50.0
UT Yadav,1136595,2018,1,5,20.0
UT Yadav,1136613,2018,0,1,0.0
UT Yadav,1175356,2019,1,10,10.0
UT Yadav,1175366,2019,14,9,155.56
UT Yadav,1178406,2019,0,1,0.0
UT Yadav,1178414,2019,1,1,100.0
UT Yadav,1178429,2019,9,4,225.0
UT Yadav,1216510,2020,0,2,0.0
UT Yadav,1304052,2022,18,12,150.0
UT Yadav,1304065,2022,0,1,0.0
UT Yadav,1304071,2022,1,1,100.0
UT Yadav,1304076,2022,21,9,233.33
UT Yadav,1304081,2022,15,15,100.0
UT Yadav,1304087,2022,0,1,0.0
UT Yadav,1304112,2022,0,1,0.0
UT Yadav,1359483,2023,6,2,300.0
UT Yadav,1359487,2023,5,6,83.33
UT Yadav,1359493,2023,1,1,100.0
UT Yadav,1359502,2023,3,5,60.0
UT Yadav,1359507,2023,4,4,100.0
UT Yadav,1422125,2024,10,11,90.91
UT Yadav,1422139,2024,2,4,50.0
Umar Gul,336000,2008,2,2,100.0
Umar Gul,336010,2008,6,2,300.0
Umar Gul,336027,2008,7,4,175.0
Umar Gul,336035,2008,24,11,218.18
Umran Malik,1304058,2022,1,1,100.0
Umran Malik,1304100,2022,0,1,0.0
Umran Malik,1304107,2022,3,5,60.0
Umran Malik,1304116,2022,0,1,0.0
Umran Malik,1359478,2023,13,7,185.71
Urvil Patel,1473494,2025,31,11,281.82
Urvil Patel,1473500,2025,0,2,0.0
Urvil Patel,1473504,2025,37,19,194.74
Urvil Patel,1529280,2026,4,3,133.33
Urvil Patel,1529287,2026,24,12,200.0
Urvil Patel,1529291,2026,17,9,188.89
Urvil Patel,1529296,2026,65,23,282.61
Urvil Patel,1529302,2026,6,7,85.71
Urvil Patel,1529306,2026,13,8,162.5
Urvil Patel,1529309,2026,0,2,0.0
V Kohli,335982,2008,1,5,20.0
V Kohli,335985,2008,23,14,164.29
V Kohli,335992,2008,13,14,92.86
V Kohli,335996,2008,12,7,171.43
V Kohli,335998,2008,1,1,100.0
V Kohli,336002,2008,9,5,180.0
V Kohli,336006,2008,34,36,94.44
V Kohli,336012,2008,0,1,0.0
V Kohli,336016,2008,21,22,95.45
V Kohli,336023,2008,3,7,42.86
V Kohli,336029,2008,10,16,62.5
V Kohli,336034,2008,38,29,131.03
V Kohli,392182,2009,3,8,37.5
V Kohli,392185,2009,11,13,84.62
V Kohli,392188,2009,50,32,156.25
V Kohli,392191,2009,2,3,66.67
V Kohli,392194,2009,22,24,91.67
V Kohli,392199,2009,19,12,158.33
V Kohli,392204,2009,16,14,114.29
V Kohli,392213,2009,15,22,68.18
V Kohli,392218,2009,20,22,90.91
V Kohli,392224,2009,38,35,108.57
V Kohli,392236,2009,19,9,211.11
V Kohli,392238,2009,24,17,141.18
V Kohli,392239,2009,7,8,87.5
V Kohli,419109,2010,2,5,40.0
V Kohli,419112,2010,16,12,133.33
V Kohli,419119,2010,17,12,141.67
V Kohli,419123,2010,24,16,150.0
V Kohli,419128,2010,38,23,165.22
V Kohli,419133,2010,34,24,141.67
V Kohli,419136,2010,42,26,161.54
V Kohli,419140,2010,13,11,118.18
V Kohli,419145,2010,58,35,165.71
V Kohli,419151,2010,3,4,75.0
V Kohli,419154,2010,14,13,107.69
V Kohli,419157,2010,37,24,154.17
V Kohli,419162,2010,8,6,133.33
V Kohli,501200,2011,23,18,127.78
V Kohli,501205,2011,12,19,63.16
V Kohli,501208,2011,71,50,142.0
V Kohli,501211,2011,35,28,125.0
V Kohli,501222,2011,30,23,130.43
V Kohli,501227,2011,56,38,147.37
V Kohli,501232,2011,67,42,159.52
V Kohli,501244,2011,27,31,87.1
V Kohli,501247,2011,27,33,81.82
V Kohli,501252,2011,39,34,114.71
V Kohli,501255,2011,15,15,100.0
V Kohli,501260,2011,11,11,100.0
V Kohli,501266,2011,31,29,106.9
V Kohli,501268,2011,70,44,159.09
V Kohli,501270,2011,8,12,66.67
V Kohli,501271,2011,35,32,109.38
V Kohli,548310,2012,8,8,100.0
V Kohli,548315,2012,6,14,42.86
V Kohli,548318,2012,57,46,123.91
V Kohli,548324,2012,22,18,122.22
V Kohli,548327,2012,16,19,84.21
V Kohli,548331,2012,4,4,100.0
V Kohli,548336,2012,16,16,100.0
V Kohli,548344,2012,18,19,94.74
V Kohli,548350,2012,45,42,107.14
V Kohli,548356,2012,9,9,100.0
V Kohli,548360,2012,36,25,144.0
V Kohli,548362,2012,9,12,75.0
V Kohli,548367,2012,3,1,300.0
V Kohli,548372,2012,73,52,140.38
V Kohli,548376,2012,42,40,105.0
V Kohli,597999,2013,24,14,171.43
V Kohli,598004,2013,51,46,110.87
V Kohli,598008,2013,34,26,130.77
V Kohli,598012,2013,57,46,123.91
V Kohli,598017,2013,65,50,130.0
V Kohli,598023,2013,1,4,25.0
V Kohli,598027,2013,11,9,122.22
V Kohli,598033,2013,1,4,25.0
V Kohli,598036,2013,32,35,91.43
V Kohli,598042,2013,25,18,138.89
V Kohli,598045,2013,56,41,136.59
V Kohli,598048,2013,93,47,197.87
V Kohli,598054,2013,99,57,173.68
V Kohli,598057,2013,17,14,121.43
V Kohli,598064,2013,14,14,100.0
V Kohli,598068,2013,56,29,193.1
V Kohli,729281,2014,49,38,128.95
V Kohli,729287,2014,0,2,0.0
V Kohli,729299,2014,31,23,134.78
V Kohli,729305,2014,21,25,84.0
V Kohli,729313,2014,4,2,200.0
V Kohli,733977,2014,0,5,0.0
V Kohli,733983,2014,35,28,125.0
V Kohli,733991,2014,0,1,0.0
V Kohli,733999,2014,4,9,44.44
V Kohli,734005,2014,10,11,90.91
V Kohli,734013,2014,27,29,93.1
V Kohli,734021,2014,67,41,163.41
V Kohli,734027,2014,38,31,122.58
V Kohli,734035,2014,73,49,148.98
V Kohli,829713,2015,13,15,86.67
V Kohli,829719,2015,41,37,110.81
V Kohli,829737,2015,18,18,100.0
V Kohli,829745,2015,51,42,121.43
V Kohli,829749,2015,62,46,134.78
V Kohli,829757,2015,35,23,152.17
V Kohli,829763,2015,1,4,25.0
V Kohli,829771,2015,34,20,170.0
V Kohli,829779,2015,48,44,109.09
V Kohli,829785,2015,32,30,106.67
V Kohli,829795,2015,82,50,164.0
V Kohli,829803,2015,19,9,211.11
V Kohli,829807,2015,44,19,231.58
V Kohli,829813,2015,1,2,50.0
V Kohli,829819,2015,12,18,66.67
V Kohli,829821,2015,12,9,133.33
V Kohli,980907,2016,75,51,147.06
V Kohli,980921,2016,79,48,164.58
V Kohli,980927,2016,33,30,110.0
V Kohli,980931,2016,80,62,129.03
V Kohli,980937,2016,100,63,158.73
V Kohli,980953,2016,14,17,82.35
V Kohli,980959,2016,52,44,118.18
V Kohli,980969,2016,108,58,186.21
V Kohli,980977,2016,20,21,95.24
V Kohli,980981,2016,7,7,100.0
V Kohli,980987,2016,109,55,198.18
V Kohli,980995,2016,75,51,147.06
V Kohli,980999,2016,106,48,220.83
V Kohli,981011,2016,54,45,120.0
V Kohli,981013,2016,0,2,0.0
V Kohli,981019,2016,54,35,154.29
V Kohli,1082602,2017,62,47,131.91
V Kohli,1082607,2017,28,19,147.37
V Kohli,1082610,2017,64,50,128.0
V Kohli,1082617,2017,0,1,0.0
V Kohli,1082621,2017,10,13,76.92
V Kohli,1082624,2017,55,48,114.58
V Kohli,1082628,2017,20,14,142.86
V Kohli,1082633,2017,6,6,100.0
V Kohli,1082636,2017,5,9,55.56
V Kohli,1082646,2017,58,45,128.89
V Kohli,1136563,2018,31,33,93.94
V Kohli,1136568,2018,21,16,131.25
V Kohli,1136571,2018,57,30,190.0
V Kohli,1136574,2018,91,61,149.18
V Kohli,1136579,2018,30,26,115.38
V Kohli,1136584,2018,18,15,120.0
V Kohli,1136589,2018,68,44,154.55
V Kohli,1136591,2018,32,26,123.08
V Kohli,1136595,2018,8,11,72.73
V Kohli,1136599,2018,39,30,130.0
V Kohli,1136605,2018,70,40,175.0
V Kohli,1136608,2018,48,27,177.78
V Kohli,1136611,2018,12,11,109.09
V Kohli,1136613,2018,4,9,44.44
V Kohli,1175356,2019,6,11,54.55
V Kohli,1175362,2019,46,32,143.75
V Kohli,1175366,2019,3,10,30.0
V Kohli,1175369,2019,23,25,92.0
V Kohli,1175372,2019,84,49,171.43
V Kohli,1178395,2019,41,33,124.24
V Kohli,1178403,2019,67,53,126.42
V Kohli,1178406,2019,8,9,88.89
V Kohli,1178410,2019,100,58,172.41
V Kohli,1178414,2019,9,8,112.5
V Kohli,1178417,2019,13,8,162.5
V Kohli,1178421,2019,23,17,135.29
V Kohli,1178424,2019,25,7,357.14
V Kohli,1178429,2019,16,7,228.57
V Kohli,1216494,2020,18,17,105.88
V Kohli,1216499,2020,9,14,64.29
V Kohli,1216502,2020,7,7,100.0
V Kohli,1216505,2020,29,24,120.83
V Kohli,1216510,2020,1,5,20.0
V Kohli,1216514,2020,72,53,135.85
V Kohli,1216519,2020,43,39,110.26
V Kohli,1216522,2020,43,32,134.38
V Kohli,1216525,2020,88,51,172.55
V Kohli,1216531,2020,48,39,123.08
V Kohli,1216534,2020,14,13,107.69
V Kohli,1216540,2020,33,28,117.86
V Kohli,1216544,2020,49,42,116.67
V Kohli,1216547,2020,8,13,61.54
V Kohli,1237178,2020,6,7,85.71
V Kohli,1254058,2021,33,29,113.79
V Kohli,1254063,2021,33,29,113.79
V Kohli,1254067,2021,5,5,100.0
V Kohli,1254073,2021,72,47,153.19
V Kohli,1254076,2021,8,7,114.29
V Kohli,1254079,2021,12,11,109.09
V Kohli,1254083,2021,35,34,102.94
V Kohli,1254087,2021,5,4,125.0
V Kohli,1254090,2021,25,24,104.17
V Kohli,1254095,2021,5,4,125.0
V Kohli,1254101,2021,4,8,50.0
V Kohli,1254103,2021,25,20,125.0
V Kohli,1254108,2021,51,42,121.43
V Kohli,1254113,2021,53,41,129.27
V Kohli,1254115,2021,35,32,109.38
V Kohli,1304049,2022,41,29,141.38
V Kohli,1304052,2022,12,7,171.43
V Kohli,1304059,2022,5,6,83.33
V Kohli,1304064,2022,48,36,133.33
V Kohli,1304068,2022,1,3,33.33
V Kohli,1304073,2022,12,14,85.71
V Kohli,1304077,2022,0,1,0.0
V Kohli,1304082,2022,0,1,0.0
V Kohli,1304085,2022,9,10,90.0
V Kohli,1304089,2022,58,53,109.43
V Kohli,1304095,2022,30,33,90.91
V Kohli,1304100,2022,0,1,0.0
V Kohli,1304106,2022,20,14,142.86
V Kohli,1304113,2022,73,54,135.19
V Kohli,1312198,2022,25,24,104.17
V Kohli,1312199,2022,7,8,87.5
V Kohli,1359479,2023,82,49,167.35
V Kohli,1359483,2023,21,18,116.67
V Kohli,1359489,2023,61,44,138.64
V Kohli,1359494,2023,50,34,147.06
V Kohli,1359498,2023,6,4,150.0
V Kohli,1359501,2023,59,47,125.53
V Kohli,1359506,2023,0,1,0.0
V Kohli,1359510,2023,54,37,145.95
V Kohli,1359517,2023,31,30,103.33
V Kohli,1359524,2023,55,46,119.57
V Kohli,1359528,2023,1,4,25.0
V Kohli,1359534,2023,18,19,94.74
V Kohli,1359539,2023,100,63,158.73
V Kohli,1359544,2023,101,61,165.57
V Kohli,1422119,2024,21,20,105.0
V Kohli,1422124,2024,77,49,157.14
V Kohli,1422128,2024,83,59,140.68
V Kohli,1422133,2024,22,16,137.5
V Kohli,1422137,2024,113,72,156.94
V Kohli,1426263,2024,3,9,33.33
V Kohli,1426268,2024,42,20,210.0
V Kohli,1426274,2024,18,7,257.14
V Kohli,1426279,2024,51,43,118.6
V Kohli,1426283,2024,70,44,159.09
V Kohli,1426290,2024,42,27,155.56
V Kohli,1426296,2024,92,47,195.74
V Kohli,1426300,2024,27,13,207.69
V Kohli,1426306,2024,47,29,162.07
V Kohli,1426310,2024,33,24,137.5
V Kohli,1473438,2025,59,36,163.89
V Kohli,1473445,2025,31,30,103.33
V Kohli,1473451,2025,7,6,116.67
V Kohli,1473458,2025,67,42,159.52
V Kohli,1473461,2025,22,14,157.14
V Kohli,1473465,2025,62,45,137.78
V Kohli,1473471,2025,1,3,33.33
V Kohli,1473474,2025,73,54,135.19
V Kohli,1473479,2025,70,42,166.67
V Kohli,1473483,2025,51,47,108.51
V Kohli,1473489,2025,62,33,187.88
V Kohli,1473503,2025,43,25,172.0
V Kohli,1473507,2025,54,30,180.0
V Kohli,1473508,2025,12,12,100.0
V Kohli,1473511,2025,43,35,122.86
V Kohli,1527674,2026,69,38,181.58
V Kohli,1527684,2026,28,18,155.56
V Kohli,1527689,2026,32,16,200.0
V Kohli,1527693,2026,50,38,131.58
V Kohli,1529266,2026,49,34,144.12
V Kohli,1529269,2026,19,13,146.15
V Kohli,1529277,2026,81,44,184.09
V Kohli,1529282,2026,23,15,153.33
V Kohli,1529285,2026,28,13,215.38
V Kohli,1529293,2026,0,2,0.0
V Kohli,1529297,2026,0,1,0.0
V Kohli,1529300,2026,105,60,175.0
V Kohli,1529304,2026,57,36,158.33
V Kohli,1529310,2026,15,11,136.36
V Kohli,1535462,2026,43,25,172.0
V Kohli,1535465,2026,75,42,178.57
V Nigam,1473441,2025,39,15,260.0
V Nigam,1473454,2025,1,2,50.0
V Nigam,1473466,2025,14,8,175.0
V Nigam,1473472,2025,0,1,0.0
V Nigam,1473483,2025,12,6,200.0
V Nigam,1473485,2025,38,19,200.0
V Nigam,1473492,2025,18,17,105.88
V Nigam,1473501,2025,20,10,200.0
V Nigam,1527687,2026,12,7,171.43
V Nigam,1529294,2026,3,3,100.0
V Pratap Singh,548346,2012,0,1,0.0
V Sehwag,335984,2008,12,4,300.0
V Sehwag,335988,2008,94,41,229.27
V Sehwag,335995,2008,6,6,100.0
V Sehwag,335998,2008,24,12,200.0
V Sehwag,336001,2008,64,39,164.1
V Sehwag,336004,2008,40,20,200.0
V Sehwag,336009,2008,23,16,143.75
V Sehwag,336015,2008,17,20,85.0
V Sehwag,336017,2008,0,1,0.0
V Sehwag,336020,2008,0,2,0.0
V Sehwag,336022,2008,51,26,196.15
V Sehwag,336026,2008,47,19,247.37
V Sehwag,336032,2008,18,6,300.0
V Sehwag,336038,2008,3,4,75.0
V Sehwag,392183,2009,38,16,237.5
V Sehwag,392189,2009,6,9,66.67
V Sehwag,392194,2009,7,5,140.0
V Sehwag,392198,2009,16,11,145.45
V Sehwag,392201,2009,20,11,181.82
V Sehwag,392223,2009,10,9,111.11
V Sehwag,392226,2009,9,8,112.5
V Sehwag,392230,2009,2,6,33.33
V Sehwag,392232,2009,0,2,0.0
V Sehwag,392235,2009,50,27,185.19
V Sehwag,392237,2009,37,30,123.33
V Sehwag,419108,2010,8,6,133.33
V Sehwag,419111,2010,75,34,220.59
V Sehwag,419114,2010,26,16,162.5
V Sehwag,419116,2010,70,37,189.19
V Sehwag,419120,2010,3,7,42.86
V Sehwag,419128,2010,12,11,109.09
V Sehwag,419131,2010,8,3,266.67
V Sehwag,419134,2010,19,12,158.33
V Sehwag,419140,2010,35,22,159.09
V Sehwag,419144,2010,64,40,160.0
V Sehwag,419149,2010,0,1,0.0
V Sehwag,419152,2010,20,18,111.11
V Sehwag,419155,2010,4,4,100.0
V Sehwag,419160,2010,8,6,133.33
V Sehwag,501201,2011,19,16,118.75
V Sehwag,501204,2011,4,2,200.0
V Sehwag,501213,2011,37,23,160.87
V Sehwag,501216,2011,12,7,171.43
V Sehwag,501223,2011,77,35,220.0
V Sehwag,501227,2011,25,18,138.89
V Sehwag,501230,2011,34,23,147.83
V Sehwag,501233,2011,80,47,170.21
V Sehwag,501238,2011,15,9,166.67
V Sehwag,501243,2011,119,55,216.36
V Sehwag,501246,2011,2,4,50.0
V Sehwag,548307,2012,20,13,153.85
V Sehwag,548310,2012,0,1,0.0
V Sehwag,548316,2012,33,21,157.14
V Sehwag,548321,2012,7,5,140.0
V Sehwag,548325,2012,32,36,88.89
V Sehwag,548329,2012,4,2,200.0
V Sehwag,548333,2012,57,32,178.12
V Sehwag,548337,2012,87,48,181.25
V Sehwag,548342,2012,73,39,187.18
V Sehwag,548345,2012,63,39,161.54
V Sehwag,548349,2012,73,38,192.11
V Sehwag,548357,2012,23,9,255.56
V Sehwag,548364,2012,4,2,200.0
V Sehwag,548369,2012,8,9,88.89
V Sehwag,548378,2012,10,7,142.86
V Sehwag,548380,2012,1,6,16.67
V Sehwag,598010,2013,12,10,120.0
V Sehwag,598017,2013,24,22,109.09
V Sehwag,598020,2013,17,13,130.77
V Sehwag,598024,2013,95,54,175.93
V Sehwag,598028,2013,30,22,136.36
V Sehwag,598035,2013,28,26,107.69
V Sehwag,598040,2013,17,15,113.33
V Sehwag,598044,2013,8,17,47.06
V Sehwag,598049,2013,11,7,157.14
V Sehwag,598054,2013,18,10,180.0
V Sehwag,598059,2013,23,21,109.52
V Sehwag,598062,2013,0,2,0.0
V Sehwag,598067,2013,11,10,110.0
V Sehwag,729283,2014,19,10,190.0
V Sehwag,729291,2014,2,7,28.57
V Sehwag,729295,2014,30,22,136.36
V Sehwag,729307,2014,37,30,123.33
V Sehwag,729313,2014,32,26,123.08
V Sehwag,733973,2014,1,2,50.0
V Sehwag,733987,2014,30,23,130.43
V Sehwag,733991,2014,30,24,125.0
V Sehwag,733997,2014,72,50,144.0
V Sehwag,734007,2014,4,2,200.0
V Sehwag,734019,2014,23,22,104.55
V Sehwag,734025,2014,17,11,154.55
V Sehwag,734033,2014,18,8,225.0
V Sehwag,734039,2014,9,7,128.57
V Sehwag,734043,2014,2,3,66.67
V Sehwag,734047,2014,122,57,214.04
V Sehwag,734049,2014,7,10,70.0
V Sehwag,829709,2015,0,1,0.0
V Sehwag,829717,2015,36,19,189.47
V Sehwag,829725,2015,47,41,114.63
V Sehwag,829733,2015,11,10,110.0
V Sehwag,829741,2015,1,4,25.0
V Sehwag,829753,2015,1,2,50.0
V Sehwag,829767,2015,1,2,50.0
V Sehwag,829775,2015,2,5,40.0
V Shankar,1082600,2017,1,2,50.0
V Shankar,1082638,2017,15,12,125.0
V Shankar,1082643,2017,63,44,143.18
V Shankar,1082648,2017,22,17,129.41
V Shankar,1136562,2018,13,13,100.0
V Shankar,1136566,2018,3,3,100.0
V Shankar,1136573,2018,2,4,50.0
V Shankar,1136590,2018,54,31,174.19
V Shankar,1136592,2018,17,6,283.33
V Shankar,1136596,2018,23,13,176.92
V Shankar,1136605,2018,20,19,105.26
V Shankar,1136612,2018,36,28,128.57
V Shankar,1136615,2018,43,30,143.33
V Shankar,1175357,2019,40,24,166.67
V Shankar,1175363,2019,35,15,233.33
V Shankar,1175366,2019,9,3,300.0
V Shankar,1175371,2019,16,21,76.19
V Shankar,1178394,2019,5,10,50.0
V Shankar,1178397,2019,26,27,96.3
V Shankar,1178405,2019,1,2,50.0
V Shankar,1178408,2019,7,11,63.64
V Shankar,1178416,2019,26,20,130.0
V Shankar,1178420,2019,8,10,80.0
V Shankar,1178423,2019,7,4,175.0
V Shankar,1178426,2019,12,17,70.59
V Shankar,1178429,2019,27,18,150.0
V Shankar,1181766,2019,25,11,227.27
V Shankar,1216498,2020,26,27,96.3
V Shankar,1216512,2020,7,10,70.0
V Shankar,1216518,2020,52,51,101.96
V Shankar,1216528,2020,12,7,171.43
V Shankar,1216534,2020,0,1,0.0
V Shankar,1254060,2021,11,7,157.14
V Shankar,1254063,2021,3,5,60.0
V Shankar,1254066,2021,28,25,112.0
V Shankar,1254077,2021,8,7,114.29
V Shankar,1254085,2021,8,8,100.0
V Shankar,1304050,2022,4,6,66.67
V Shankar,1304056,2022,13,20,65.0
V Shankar,1304070,2022,2,7,28.57
V Shankar,1304075,2022,0,2,0.0
V Shankar,1359475,2023,27,21,128.57
V Shankar,1359481,2023,29,23,126.09
V Shankar,1359487,2023,59,23,256.52
V Shankar,1359504,2023,10,12,83.33
V Shankar,1359509,2023,19,16,118.75
V Shankar,1359513,2023,51,24,212.5
V Shankar,1359518,2023,6,9,66.67
V Shankar,1359531,2023,29,14,207.14
V Shankar,1359544,2023,53,35,151.43
V Shankar,1370350,2023,14,10,140.0
V Shankar,1422123,2024,6,5,120.0
V Shankar,1422125,2024,12,12,100.0
V Shankar,1422130,2024,14,11,127.27
V Shankar,1422135,2024,8,10,80.0
V Shankar,1422139,2024,17,17,100.0
V Shankar,1426262,2024,16,10,160.0
V Shankar,1426290,2024,10,7,142.86
V Shankar,1473448,2025,9,6,150.0
V Shankar,1473454,2025,68,53,128.3
V Shankar,1473459,2025,2,2,100.0
V Shankar,1473462,2025,29,21,138.1
V Shankar,1473467,2025,9,8,112.5
V Suryavanshi,1473473,2025,34,20,170.0
V Suryavanshi,1473479,2025,16,12,133.33
V Suryavanshi,1473484,2025,101,38,265.79
V Suryavanshi,1473487,2025,0,2,0.0
V Suryavanshi,1473490,2025,4,2,200.0
V Suryavanshi,1473497,2025,40,15,266.67
V Suryavanshi,1473500,2025,57,32,178.12
V Suryavanshi,1527676,2026,52,17,305.88
V Suryavanshi,1527682,2026,31,18,172.22
V Suryavanshi,1527686,2026,39,14,278.57
V Suryavanshi,1527689,2026,78,26,300.0
V Suryavanshi,1529264,2026,0,1,0.0
V Suryavanshi,1529271,2026,46,28,164.29
V Suryavanshi,1529275,2026,8,11,72.73
V Suryavanshi,1529279,2026,103,37,278.38
V Suryavanshi,1529283,2026,43,16,268.75
V Suryavanshi,1529286,2026,4,2,200.0
V Suryavanshi,1529295,2026,36,16,225.0
V Suryavanshi,1529305,2026,46,21,219.05
V Suryavanshi,1529307,2026,93,38,244.74
V Suryavanshi,1529312,2026,4,6,66.67
V Suryavanshi,1535463,2026,93,28,332.14
V Suryavanshi,1535464,2026,96,47,204.26
V Viyaskanth,1426309,2024,7,5,140.0
VG Arora,1304057,2022,1,2,50.0
VG Arora,1304062,2022,2,6,33.33
VG Arora,1304074,2022,0,1,0.0
VG Arora,1304078,2022,2,4,50.0
VG Arora,1359521,2023,2,1,200.0
VG Arora,1359542,2023,1,1,100.0
VG Arora,1426260,2024,1,1,100.0
VG Arora,1473468,2025,0,7,0.0
VG Arora,1473505,2025,0,1,0.0
VG Arora,1527679,2026,1,2,50.0
VG Arora,1529268,2026,0,1,0.0
VH Zol,733999,2014,16,14,114.29
VH Zol,734035,2014,13,12,108.33
VR Aaron,501257,2011,0,5,0.0
VR Aaron,548357,2012,1,1,100.0
VR Aaron,548380,2012,0,2,0.0
VR Aaron,729313,2014,10,14,71.43
VR Aaron,733983,2014,7,8,87.5
VR Aaron,733991,2014,17,11,154.55
VR Aaron,829719,2015,6,3,200.0
VR Aaron,1082601,2017,4,5,80.0
VR Aaron,1082633,2017,0,5,0.0
VR Aaron,1178428,2019,3,7,42.86
VR Aaron,1216500,2020,1,2,50.0
VR Aaron,1216530,2020,0,8,0.0
VR Iyer,1254087,2021,41,27,151.85
VR Iyer,1254092,2021,14,15,93.33
VR Iyer,1254096,2021,53,30,176.67
VR Iyer,1254098,2021,18,15,120.0
VR Iyer,1254102,2021,67,49,136.73
VR Iyer,1254106,2021,38,35,108.57
VR Iyer,1254109,2021,8,14,57.14
VR Iyer,1254115,2021,26,30,86.67
VR Iyer,1254116,2021,55,41,134.15
VR Iyer,1254117,2021,50,32,156.25
VR Iyer,1304047,2022,16,16,100.0
VR Iyer,1304052,2022,10,14,71.43
VR Iyer,1304054,2022,3,7,42.86
VR Iyer,1304060,2022,50,41,121.95
VR Iyer,1304065,2022,18,8,225.0
VR Iyer,1304071,2022,6,13,46.15
VR Iyer,1304076,2022,6,7,85.71
VR Iyer,1304081,2022,17,17,100.0
VR Iyer,1304087,2022,6,12,50.0
VR Iyer,1304102,2022,43,24,179.17
VR Iyer,1304107,2022,7,6,116.67
VR Iyer,1304112,2022,0,4,0.0
VR Iyer,1359476,2023,28,27,103.7
VR Iyer,1359483,2023,3,7,42.86
VR Iyer,1359487,2023,83,40,207.5
VR Iyer,1359493,2023,10,11,90.91
VR Iyer,1359496,2023,104,51,203.92
VR Iyer,1359502,2023,0,2,0.0
VR Iyer,1359507,2023,20,20,100.0
VR Iyer,1359510,2023,31,26,119.23
VR Iyer,1359513,2023,11,14,78.57
VR Iyer,1359521,2023,7,4,175.0
VR Iyer,1359527,2023,11,13,84.62
VR Iyer,1359530,2023,57,42,135.71
VR Iyer,1359535,2023,9,4,225.0
VR Iyer,1359542,2023,24,15,160.0
VR Iyer,1422121,2024,7,5,140.0
VR Iyer,1422128,2024,50,30,166.67
VR Iyer,1422134,2024,5,2,250.0
VR Iyer,1426260,2024,3,8,37.5
VR Iyer,1426269,2024,8,6,133.33
VR Iyer,1426274,2024,16,8,200.0
VR Iyer,1426280,2024,39,23,169.57
VR Iyer,1426285,2024,26,23,113.04
VR Iyer,1426289,2024,70,52,134.62
VR Iyer,1426292,2024,1,1,100.0
VR Iyer,1426298,2024,42,21,200.0
VR Iyer,1426309,2024,51,28,182.14
VR Iyer,1426312,2024,52,26,200.0
VR Iyer,1473438,2025,6,7,85.71
VR Iyer,1473449,2025,3,9,33.33
VR Iyer,1473452,2025,60,29,206.9
VR Iyer,1473456,2025,45,29,155.17
VR Iyer,1473468,2025,7,4,175.0
VR Iyer,1473476,2025,14,19,73.68
VR Iyer,1473485,2025,7,5,140.0
VR Iyer,1527689,2026,29,15,193.33
VR Iyer,1529285,2026,12,15,80.0
VR Iyer,1529304,2026,73,40,182.5
VR Iyer,1529310,2026,44,19,231.58
VR Iyer,1535462,2026,19,7,271.43
VR Iyer,1535465,2026,32,16,200.0
VRV Singh,335991,2008,4,2,200.0
VRV Singh,336013,2008,0,1,0.0
VS Malik,419132,2010,6,5,120.0
VS Malik,734033,2014,1,2,50.0
VS Yeligati,336028,2008,2,2,100.0
VVS Laxman,335986,2008,0,6,0.0
VVS Laxman,335988,2008,2,6,33.33
VVS Laxman,335990,2008,16,16,100.0
VVS Laxman,335994,2008,37,26,142.31
VVS Laxman,335999,2008,48,34,141.18
VVS Laxman,336034,2008,52,44,118.18
VVS Laxman,392184,2009,10,10,100.0
VVS Laxman,392188,2009,5,10,50.0
VVS Laxman,392192,2009,0,1,0.0
VVS Laxman,392196,2009,4,5,80.0
VVS Laxman,392209,2009,0,7,0.0
VVS Laxman,419106,2010,22,14,157.14
VVS Laxman,419110,2010,12,11,109.09
VVS Laxman,419117,2010,10,7,142.86
VVS Laxman,419126,2010,10,12,83.33
VVS Laxman,419138,2010,4,7,57.14
VVS Laxman,419141,2010,6,9,66.67
VVS Laxman,501200,2011,30,28,107.14
VVS Laxman,501207,2011,0,3,0.0
VVS Laxman,501225,2011,8,10,80.0
VY Mahesh,335995,2008,6,5,120.0
VY Mahesh,336004,2008,3,5,60.0
VY Mahesh,336015,2008,0,1,0.0
VY Mahesh,336017,2008,3,6,50.0
VY Mahesh,336038,2008,3,10,30.0
Vijaykumar Vyshak,1359506,2023,0,1,0.0
Vijaykumar Vyshak,1359510,2023,13,8,162.5
Vijaykumar Vyshak,1426263,2024,0,1,0.0
Vijaykumar Vyshak,1426268,2024,1,2,50.0
Vijaykumar Vyshak,1529289,2026,1,3,33.33
Vijaykumar Vyshak,1529292,2026,1,1,100.0
Virat Singh,1254066,2021,11,12,91.67
Virat Singh,1254077,2021,4,14,28.57
Vishnu Vinod,1082595,2017,9,5,180.0
Vishnu Vinod,1082598,2017,7,12,58.33
Vishnu Vinod,1082646,2017,3,9,33.33
Vishnu Vinod,1359531,2023,30,20,150.0
Vishnu Vinod,1359537,2023,1,3,33.33
Vishnu Vinod,1370352,2023,5,7,71.43
Vishnu Vinod,1529301,2026,15,8,187.5
Vivrant Sharma,1359543,2023,69,47,146.81
W Jaffer,335982,2008,6,16,37.5
W Jaffer,335996,2008,50,33,151.52
W Jaffer,335998,2008,10,9,111.11
W Jaffer,336002,2008,5,5,100.0
W Jaffer,336006,2008,0,4,0.0
W Jaffer,336034,2008,44,37,118.92
W Jaffer,392208,2009,7,8,87.5
W Jaffer,392213,2009,8,9,88.89
WA Mota,335987,2008,1,1,100.0
WA Mota,336039,2008,25,26,96.15
WA Mota,392195,2009,1,2,50.0
WA Mota,392200,2009,5,6,83.33
WA Mota,392216,2009,3,4,75.0
WA Mota,392222,2009,4,7,57.14
WA Mota,392229,2009,12,19,63.16
WA Mota,392234,2009,5,10,50.0
WD Parnell,501207,2011,1,5,20.0
WD Parnell,501213,2011,10,9,111.11
WD Parnell,501218,2011,9,8,112.5
WD Parnell,501259,2011,16,16,100.0
WD Parnell,501262,2011,1,1,100.0
WD Parnell,548308,2012,11,14,78.57
WD Parnell,548351,2012,2,4,50.0
WD Parnell,548353,2012,1,2,50.0
WD Parnell,548358,2012,2,2,100.0
WD Parnell,548375,2012,3,5,60.0
WD Parnell,598053,2013,5,7,71.43
WD Parnell,734019,2014,2,2,100.0
WD Parnell,1359498,2023,2,5,40.0
WG Jacks,1426263,2024,8,6,133.33
WG Jacks,1426268,2024,7,4,175.0
WG Jacks,1426274,2024,55,32,171.88
WG Jacks,1426279,2024,6,9,66.67
WG Jacks,1426283,2024,94,40,235.0
WG Jacks,1426290,2024,1,3,33.33
WG Jacks,1426296,2024,12,7,171.43
WG Jacks,1426300,2024,41,29,141.38
WG Jacks,1473440,2025,11,7,157.14
WG Jacks,1473449,2025,16,17,94.12
WG Jacks,1473453,2025,5,7,71.43
WG Jacks,1473458,2025,22,18,122.22
WG Jacks,1473466,2025,1,1,100.0
WG Jacks,1473470,2025,36,26,138.46
WG Jacks,1473478,2025,22,19,115.79
WG Jacks,1473482,2025,29,21,138.1
WG Jacks,1473493,2025,53,35,151.43
WG Jacks,1473501,2025,21,13,161.54
WG Jacks,1473506,2025,17,8,212.5
WG Jacks,1529284,2026,46,22,209.09
WG Jacks,1529287,2026,1,5,20.0
WG Jacks,1529290,2026,10,4,250.0
WG Jacks,1529297,2026,10,10,100.0
WG Jacks,1529301,2026,25,10,250.0
WG Jacks,1529308,2026,14,7,200.0
WG Jacks,1529312,2026,32,17,188.24
WP Saha,335986,2008,10,17,58.82
WP Saha,335993,2008,27,16,168.75
WP Saha,336000,2008,1,2,50.0
WP Saha,336003,2008,59,32,184.38
WP Saha,336010,2008,17,10,170.0
WP Saha,336017,2008,5,6,83.33
WP Saha,336021,2008,1,6,16.67
WP Saha,336025,2008,15,9,166.67
WP Saha,336027,2008,11,6,183.33
WP Saha,336035,2008,13,15,86.67
WP Saha,392199,2009,21,14,150.0
WP Saha,392203,2009,8,4,200.0
WP Saha,392211,2009,1,1,100.0
WP Saha,392219,2009,0,1,0.0
WP Saha,392221,2009,10,5,200.0
WP Saha,392228,2009,7,3,233.33
WP Saha,392231,2009,25,13,192.31
WP Saha,419113,2010,22,13,169.23
WP Saha,419118,2010,1,2,50.0
WP Saha,419131,2010,20,17,117.65
WP Saha,419135,2010,10,4,250.0
WP Saha,419148,2010,13,15,86.67
WP Saha,419153,2010,1,2,50.0
WP Saha,501261,2011,46,33,139.39
WP Saha,501266,2011,22,30,73.33
WP Saha,548343,2012,6,14,42.86
WP Saha,598034,2013,39,23,169.57
WP Saha,598038,2013,13,15,86.67
WP Saha,598041,2013,18,18,100.0
WP Saha,729291,2014,2,3,66.67
WP Saha,729307,2014,14,10,140.0
WP Saha,729313,2014,2,6,33.33
WP Saha,733973,2014,59,47,125.53
WP Saha,733991,2014,17,17,100.0
WP Saha,733997,2014,15,9,166.67
WP Saha,734007,2014,54,26,207.69
WP Saha,734019,2014,13,13,100.0
WP Saha,734025,2014,3,8,37.5
WP Saha,734033,2014,27,20,135.0
WP Saha,734043,2014,35,31,112.9
WP Saha,734047,2014,6,4,150.0
WP Saha,734049,2014,115,55,209.09
WP Saha,829709,2015,7,4,175.0
WP Saha,829725,2015,39,28,139.29
WP Saha,829733,2015,15,11,136.36
WP Saha,829741,2015,19,8,237.5
WP Saha,829753,2015,15,23,65.22
WP Saha,829759,2015,42,33,127.27
WP Saha,829767,2015,3,8,37.5
WP Saha,829775,2015,12,12,100.0
WP Saha,829785,2015,13,11,118.18
WP Saha,829791,2015,33,25,132.0
WP Saha,829799,2015,5,10,50.0
WP Saha,829803,2015,31,12,258.33
WP Saha,829809,2015,15,12,125.0
WP Saha,980905,2016,20,25,80.0
WP Saha,980913,2016,3,7,42.86
WP Saha,980919,2016,4,4,100.0
WP Saha,980925,2016,8,14,57.14
WP Saha,980955,2016,33,19,173.68
WP Saha,980963,2016,24,20,120.0
WP Saha,980971,2016,52,33,157.58
WP Saha,980977,2016,16,13,123.08
WP Saha,980985,2016,56,40,140.0
WP Saha,980991,2016,27,23,117.39
WP Saha,980999,2016,24,10,240.0
WP Saha,981005,2016,3,4,75.0
WP Saha,1082594,2017,14,9,155.56
WP Saha,1082601,2017,25,17,147.06
WP Saha,1082605,2017,7,5,140.0
WP Saha,1082609,2017,0,2,0.0
WP Saha,1082612,2017,11,15,73.33
WP Saha,1082616,2017,10,5,200.0
WP Saha,1082623,2017,2,4,50.0
WP Saha,1082633,2017,21,25,84.0
WP Saha,1082639,2017,38,33,115.15
WP Saha,1082641,2017,89,54,164.81
WP Saha,1082645,2017,13,17,76.47
WP Saha,1136564,2018,5,5,100.0
WP Saha,1136567,2018,22,20,110.0
WP Saha,1136570,2018,24,15,160.0
WP Saha,1136576,2018,6,7,85.71
WP Saha,1136580,2018,5,5,100.0
WP Saha,1136583,2018,0,2,0.0
WP Saha,1136585,2018,6,9,66.67
WP Saha,1136588,2018,11,7,157.14
WP Saha,1136599,2018,8,5,160.0
WP Saha,1136619,2018,35,27,129.63
WP Saha,1178420,2019,5,5,100.0
WP Saha,1178423,2019,28,13,215.38
WP Saha,1178426,2019,25,15,166.67
WP Saha,1178429,2019,20,11,181.82
WP Saha,1181766,2019,8,9,88.89
WP Saha,1216495,2020,58,45,128.89
WP Saha,1216502,2020,39,32,121.88
WP Saha,1216524,2020,87,45,193.33
WP Saha,1216545,2020,30,31,96.77
WP Saha,1254060,2021,7,6,116.67
WP Saha,1254063,2021,1,9,11.11
WP Saha,1254088,2021,2,5,40.0
WP Saha,1254091,2021,44,45,97.78
WP Saha,1254095,2021,10,8,125.0
WP Saha,1254100,2021,18,11,163.64
WP Saha,1254105,2021,18,17,105.88
WP Saha,1254107,2021,31,37,83.78
WP Saha,1254109,2021,0,1,0.0
WP Saha,1304075,2022,11,18,61.11
WP Saha,1304081,2022,25,25,100.0
WP Saha,1304086,2022,68,38,178.95
WP Saha,1304089,2022,29,22,131.82
WP Saha,1304094,2022,21,17,123.53
WP Saha,1304097,2022,55,40,137.5
WP Saha,1304103,2022,5,11,45.45
WP Saha,1304108,2022,67,57,117.54
WP Saha,1304113,2022,31,22,140.91
WP Saha,1312197,2022,0,2,0.0
WP Saha,1312200,2022,5,7,71.43
WP Saha,1359475,2023,25,15,166.67
WP Saha,1359481,2023,14,7,200.0
WP Saha,1359487,2023,17,17,100.0
WP Saha,1359492,2023,30,19,157.89
WP Saha,1359497,2023,4,3,133.33
WP Saha,1359504,2023,47,37,127.03
WP Saha,1359509,2023,4,7,57.14
WP Saha,1359513,2023,10,10,100.0
WP Saha,1359518,2023,0,6,0.0
WP Saha,1359522,2023,41,34,120.59
WP Saha,1359525,2023,80,42,190.48
WP Saha,1359531,2023,2,5,40.0
WP Saha,1359536,2023,0,3,0.0
WP Saha,1359544,2023,12,14,85.71
WP Saha,1370350,2023,12,11,109.09
WP Saha,1370352,2023,18,16,112.5
WP Saha,1370353,2023,54,39,138.46
WP Saha,1422123,2024,19,15,126.67
WP Saha,1422125,2024,21,17,123.53
WP Saha,1422130,2024,25,13,192.31
WP Saha,1422135,2024,11,13,84.62
WP Saha,1426270,2024,2,10,20.0
WP Saha,1426275,2024,13,11,118.18
WP Saha,1426278,2024,39,25,156.0
WP Saha,1426283,2024,5,4,125.0
WP Saha,1426290,2024,1,7,14.29
WPUJC Vaas,335986,2008,0,1,0.0
WPUJC Vaas,335988,2008,6,5,120.0
WPUJC Vaas,336002,2008,0,3,0.0
WPUJC Vaas,336014,2008,9,8,112.5
WPUJC Vaas,392220,2009,20,15,133.33
WPUJC Vaas,392223,2009,10,6,166.67
WPUJC Vaas,419106,2010,0,1,0.0
WPUJC Vaas,419117,2010,16,10,160.0
WPUJC Vaas,419120,2010,3,2,150.0
WPUJC Vaas,419126,2010,8,13,61.54
WPUJC Vaas,419160,2010,3,8,37.5
Washington Sundar,1082618,2017,2,2,100.0
Washington Sundar,1082631,2017,1,3,33.33
Washington Sundar,1082634,2017,1,3,33.33
Washington Sundar,1082642,2017,5,3,166.67
Washington Sundar,1082650,2017,0,1,0.0
Washington Sundar,1136568,2018,9,4,225.0
Washington Sundar,1136571,2018,35,19,184.21
Washington Sundar,1136574,2018,7,8,87.5
Washington Sundar,1136584,2018,13,4,325.0
Washington Sundar,1136591,2018,1,3,33.33
Washington Sundar,1178421,2019,1,2,50.0
Washington Sundar,1178429,2019,0,1,0.0
Washington Sundar,1216499,2020,10,6,166.67
Washington Sundar,1216502,2020,21,18,116.67
Washington Sundar,1216505,2020,0,1,0.0
Washington Sundar,1216510,2020,30,27,111.11
Washington Sundar,1216519,2020,17,11,154.55
Washington Sundar,1216525,2020,10,10,100.0
Washington Sundar,1216531,2020,13,14,92.86
Washington Sundar,1216544,2020,5,2,250.0
Washington Sundar,1237178,2020,5,6,83.33
Washington Sundar,1254058,2021,9,15,60.0
Washington Sundar,1254063,2021,8,11,72.73
Washington Sundar,1254076,2021,7,11,63.64
Washington Sundar,1254079,2021,6,9,66.67
Washington Sundar,1304051,2022,40,14,285.71
Washington Sundar,1304058,2022,18,14,128.57
Washington Sundar,1304086,2022,3,4,75.0
Washington Sundar,1304092,2022,2,2,100.0
Washington Sundar,1304107,2022,4,9,44.44
Washington Sundar,1304111,2022,9,7,128.57
Washington Sundar,1304116,2022,25,19,131.58
Washington Sundar,1359478,2023,1,5,20.0
Washington Sundar,1359484,2023,16,28,57.14
Washington Sundar,1359499,2023,10,6,166.67
Washington Sundar,1359503,2023,9,6,150.0
Washington Sundar,1359508,2023,24,15,160.0
Washington Sundar,1422130,2024,0,1,0.0
Washington Sundar,1473457,2025,49,29,168.97
Washington Sundar,1473463,2025,2,3,66.67
Washington Sundar,1473484,2025,13,8,162.5
Washington Sundar,1473488,2025,21,16,131.25
Washington Sundar,1473509,2025,48,24,200.0
Washington Sundar,1527677,2026,18,16,112.5
Washington Sundar,1527682,2026,4,2,200.0
Washington Sundar,1527687,2026,51,31,164.52
Washington Sundar,1527692,2026,21,13,161.54
Washington Sundar,1529268,2026,13,13,100.0
Washington Sundar,1529273,2026,26,17,152.94
Washington Sundar,1529277,2026,19,12,158.33
Washington Sundar,1529280,2026,1,1,100.0
Washington Sundar,1529285,2026,12,12,100.0
Washington Sundar,1529289,2026,40,23,173.91
Washington Sundar,1529295,2026,37,20,185.0
Washington Sundar,1529299,2026,50,33,151.52
Washington Sundar,1529309,2026,7,3,233.33
Washington Sundar,1535462,2026,8,7,114.29
Washington Sundar,1535464,2026,16,9,177.78
Washington Sundar,1535465,2026,50,37,135.14
X Thalaivan Sargunam,598030,2013,10,17,58.82
XC Bartlett,1473468,2025,11,15,73.33
XC Bartlett,1527677,2026,11,5,220.0
XC Bartlett,1529289,2026,0,1,0.0
XC Bartlett,1529301,2026,18,7,257.14
Y Gnaneswara Rao,501261,2011,19,17,111.76
Y Nagar,392232,2009,20,20,100.0
Y Nagar,419120,2010,1,6,16.67
Y Nagar,501216,2011,23,11,209.09
Y Nagar,501223,2011,11,9,122.22
Y Nagar,501227,2011,0,2,0.0
Y Nagar,501230,2011,19,12,158.33
Y Nagar,501233,2011,22,30,73.33
Y Nagar,501238,2011,18,23,78.26
Y Nagar,501243,2011,7,3,233.33
Y Nagar,501246,2011,0,1,0.0
Y Nagar,501253,2011,1,2,50.0
Y Nagar,501257,2011,10,7,142.86
Y Nagar,548310,2012,16,15,106.67
Y Nagar,548321,2012,23,15,153.33
Y Nagar,548333,2012,24,19,126.32
Y Nagar,548342,2012,0,1,0.0
Y Nagar,548345,2012,27,20,135.0
Y Nagar,548349,2012,9,9,100.0
Y Nagar,548357,2012,10,7,142.86
Y Nagar,548364,2012,44,47,93.62
Y Prithvi Raj,1178413,2019,0,1,0.0
Y Venugopal Rao,335986,2008,14,13,107.69
Y Venugopal Rao,335988,2008,14,22,63.64
Y Venugopal Rao,335999,2008,1,2,50.0
Y Venugopal Rao,336002,2008,22,11,200.0
Y Venugopal Rao,336011,2008,23,11,209.09
Y Venugopal Rao,336014,2008,70,41,170.73
Y Venugopal Rao,336020,2008,34,18,188.89
Y Venugopal Rao,336024,2008,57,38,150.0
Y Venugopal Rao,336031,2008,2,5,40.0
Y Venugopal Rao,336037,2008,46,46,100.0
Y Venugopal Rao,392188,2009,9,13,69.23
Y Venugopal Rao,392192,2009,9,10,90.0
Y Venugopal Rao,392201,2009,16,15,106.67
Y Venugopal Rao,392209,2009,2,5,40.0
Y Venugopal Rao,392212,2009,28,17,164.71
Y Venugopal Rao,392216,2009,32,25,128.0
Y Venugopal Rao,392220,2009,12,7,171.43
Y Venugopal Rao,392223,2009,1,3,33.33
Y Venugopal Rao,392228,2009,7,7,100.0
Y Venugopal Rao,392229,2009,0,1,0.0
Y Venugopal Rao,392236,2009,8,9,88.89
Y Venugopal Rao,392239,2009,0,2,0.0
Y Venugopal Rao,419120,2010,1,2,50.0
Y Venugopal Rao,419126,2010,2,5,40.0
Y Venugopal Rao,419130,2010,7,9,77.78
Y Venugopal Rao,419164,2010,24,27,88.89
Y Venugopal Rao,501201,2011,26,25,104.0
Y Venugopal Rao,501204,2011,60,40,150.0
Y Venugopal Rao,501213,2011,31,20,155.0
Y Venugopal Rao,501216,2011,21,23,91.3
Y Venugopal Rao,501223,2011,28,15,186.67
Y Venugopal Rao,501227,2011,24,20,120.0
Y Venugopal Rao,501230,2011,19,18,105.56
Y Venugopal Rao,501233,2011,1,10,10.0
Y Venugopal Rao,501238,2011,40,36,111.11
Y Venugopal Rao,501243,2011,3,11,27.27
Y Venugopal Rao,501246,2011,37,27,137.04
Y Venugopal Rao,501253,2011,30,20,150.0
Y Venugopal Rao,501257,2011,16,13,123.08
Y Venugopal Rao,501265,2011,0,1,0.0
Y Venugopal Rao,548310,2012,18,23,78.26
Y Venugopal Rao,548364,2012,27,24,112.5
Y Venugopal Rao,548369,2012,7,7,100.0
Y Venugopal Rao,548372,2012,36,24,150.0
Y Venugopal Rao,548374,2012,21,19,110.53
Y Venugopal Rao,548378,2012,13,22,59.09
Y Venugopal Rao,548380,2012,10,7,142.86
Y Venugopal Rao,729285,2014,16,12,133.33
Y Venugopal Rao,729295,2014,11,9,122.22
Y Venugopal Rao,729311,2014,13,15,86.67
Y Venugopal Rao,734029,2014,4,1,400.0
Y Venugopal Rao,734037,2014,27,26,103.85
YA Abdulla,419108,2010,0,1,0.0
YBK Jaiswal,1216496,2020,6,6,100.0
YBK Jaiswal,1216500,2020,34,36,94.44
YBK Jaiswal,1216511,2020,0,2,0.0
YBK Jaiswal,1254075,2021,22,17,129.41
YBK Jaiswal,1254081,2021,32,20,160.0
YBK Jaiswal,1254085,2021,12,13,92.31
YBK Jaiswal,1254089,2021,50,21,238.1
YBK Jaiswal,1254093,2021,12,9,133.33
YBK Jaiswal,1254097,2021,5,4,125.0
YBK Jaiswal,1254100,2021,36,23,156.52
YBK Jaiswal,1254103,2021,31,22,140.91
YBK Jaiswal,1254106,2021,0,3,0.0
YBK Jaiswal,1254111,2021,49,36,136.11
YBK Jaiswal,1304051,2022,19,14,135.71
YBK Jaiswal,1304055,2022,1,2,50.0
YBK Jaiswal,1304059,2022,4,6,66.67
YBK Jaiswal,1304098,2022,68,41,165.85
YBK Jaiswal,1304104,2022,19,19,100.0
YBK Jaiswal,1304109,2022,37,28,132.14
YBK Jaiswal,1304114,2022,59,44,134.09
YBK Jaiswal,1312197,2022,3,8,37.5
YBK Jaiswal,1312199,2022,21,13,161.54
YBK Jaiswal,1312200,2022,22,16,137.5
YBK Jaiswal,1359478,2023,54,37,145.95
YBK Jaiswal,1359482,2023,11,8,137.5
YBK Jaiswal,1359485,2023,60,31,193.55
YBK Jaiswal,1359491,2023,10,8,125.0
YBK Jaiswal,1359497,2023,1,7,14.29
YBK Jaiswal,1359500,2023,44,35,125.71
YBK Jaiswal,1359506,2023,47,37,127.03
YBK Jaiswal,1359511,2023,77,43,179.07
YBK Jaiswal,1359516,2023,118,61,193.44
YBK Jaiswal,1359522,2023,14,11,127.27
YBK Jaiswal,1359526,2023,35,18,194.44
YBK Jaiswal,1359530,2023,98,47,208.51
YBK Jaiswal,1359534,2023,0,2,0.0
YBK Jaiswal,1359540,2023,50,36,138.89
YBK Jaiswal,1422122,2024,24,12,200.0
YBK Jaiswal,1422127,2024,5,7,71.43
YBK Jaiswal,1422132,2024,10,6,166.67
YBK Jaiswal,1422137,2024,0,2,0.0
YBK Jaiswal,1426262,2024,24,19,126.32
YBK Jaiswal,1426265,2024,39,28,139.29
YBK Jaiswal,1426269,2024,19,9,211.11
YBK Jaiswal,1426276,2024,104,60,173.33
YBK Jaiswal,1426282,2024,24,18,133.33
YBK Jaiswal,1426288,2024,66,39,169.23
YBK Jaiswal,1426294,2024,4,2,200.0
YBK Jaiswal,1426299,2024,24,21,114.29
YBK Jaiswal,1426303,2024,4,4,100.0
YBK Jaiswal,1426310,2024,45,30,150.0
YBK Jaiswal,1426311,2024,42,21,200.0
YBK Jaiswal,1473439,2025,1,5,20.0
YBK Jaiswal,1473443,2025,29,24,120.83
YBK Jaiswal,1473448,2025,4,3,133.33
YBK Jaiswal,1473455,2025,67,45,148.89
YBK Jaiswal,1473460,2025,6,7,85.71
YBK Jaiswal,1473465,2025,75,47,159.57
YBK Jaiswal,1473469,2025,51,37,137.84
YBK Jaiswal,1473473,2025,74,52,142.31
YBK Jaiswal,1473479,2025,49,19,257.89
YBK Jaiswal,1473484,2025,70,40,175.0
YBK Jaiswal,1473487,2025,13,6,216.67
YBK Jaiswal,1473490,2025,34,21,161.9
YBK Jaiswal,1473497,2025,50,25,200.0
YBK Jaiswal,1473500,2025,36,19,189.47
YBK Jaiswal,1527676,2026,38,36,105.56
YBK Jaiswal,1527682,2026,55,36,152.78
YBK Jaiswal,1527686,2026,77,32,240.62
YBK Jaiswal,1527689,2026,13,8,162.5
YBK Jaiswal,1529264,2026,1,5,20.0
YBK Jaiswal,1529271,2026,39,29,134.48
YBK Jaiswal,1529275,2026,22,12,183.33
YBK Jaiswal,1529279,2026,10,8,125.0
YBK Jaiswal,1529283,2026,51,27,188.89
YBK Jaiswal,1529286,2026,6,3,200.0
YBK Jaiswal,1529295,2026,3,4,75.0
YBK Jaiswal,1529305,2026,12,9,133.33
YBK Jaiswal,1529307,2026,43,23,186.96
YBK Jaiswal,1529312,2026,27,17,158.82
YBK Jaiswal,1535463,2026,29,29,100.0
YBK Jaiswal,1535464,2026,1,2,50.0
YK Pathan,335984,2008,10,5,200.0
YK Pathan,335987,2008,7,5,140.0
YK Pathan,335990,2008,61,28,217.86
YK Pathan,335992,2008,21,12,175.0
YK Pathan,336000,2008,53,31,170.97
YK Pathan,336005,2008,8,5,160.0
YK Pathan,336008,2008,1,3,33.33
YK Pathan,336011,2008,68,37,183.78
YK Pathan,336015,2008,8,13,61.54
YK Pathan,336019,2008,39,15,260.0
YK Pathan,336027,2008,48,18,266.67
YK Pathan,336033,2008,6,5,120.0
YK Pathan,336036,2008,2,4,50.0
YK Pathan,336038,2008,45,21,214.29
YK Pathan,336040,2008,53,37,143.24
YK Pathan,392182,2009,11,14,78.57
YK Pathan,392190,2009,60,25,240.0
YK Pathan,392195,2009,10,13,76.92
YK Pathan,392198,2009,62,30,206.67
YK Pathan,392202,2009,20,13,153.85
YK Pathan,392205,2009,24,14,171.43
YK Pathan,392210,2009,12,7,171.43
YK Pathan,392213,2009,22,19,115.79
YK Pathan,392217,2009,7,11,63.64
YK Pathan,392220,2009,6,7,85.71
YK Pathan,392225,2009,17,14,121.43
YK Pathan,392230,2009,1,5,20.0
YK Pathan,392233,2009,9,15,60.0
YK Pathan,419107,2010,100,37,270.27
YK Pathan,419111,2010,0,5,0.0
YK Pathan,419115,2010,26,24,108.33
YK Pathan,419118,2010,15,14,107.14
YK Pathan,419124,2010,28,19,147.37
YK Pathan,419126,2010,73,34,214.71
YK Pathan,419129,2010,8,6,133.33
YK Pathan,419134,2010,24,14,171.43
YK Pathan,419137,2010,4,2,200.0
YK Pathan,419141,2010,5,7,71.43
YK Pathan,419143,2010,20,12,166.67
YK Pathan,419150,2010,10,8,125.0
YK Pathan,419154,2010,11,9,122.22
YK Pathan,419158,2010,8,9,88.89
YK Pathan,501198,2011,11,12,91.67
YK Pathan,501203,2011,22,15,146.67
YK Pathan,501219,2011,8,3,266.67
YK Pathan,501222,2011,46,24,191.67
YK Pathan,501230,2011,5,8,62.5
YK Pathan,501239,2011,47,26,180.77
YK Pathan,501242,2011,17,13,130.77
YK Pathan,501255,2011,36,24,150.0
YK Pathan,501262,2011,29,24,120.83
YK Pathan,501267,2011,36,27,133.33
YK Pathan,501269,2011,26,24,108.33
YK Pathan,548307,2012,0,4,0.0
YK Pathan,548312,2012,15,14,107.14
YK Pathan,548315,2012,1,3,33.33
YK Pathan,548320,2012,7,7,100.0
YK Pathan,548323,2012,0,3,0.0
YK Pathan,548335,2012,6,4,150.0
YK Pathan,548344,2012,7,4,175.0
YK Pathan,548347,2012,12,11,109.09
YK Pathan,548353,2012,11,15,73.33
YK Pathan,548357,2012,7,11,63.64
YK Pathan,548363,2012,39,30,130.0
YK Pathan,548368,2012,11,8,137.5
YK Pathan,548370,2012,20,20,100.0
YK Pathan,548375,2012,14,9,155.56
YK Pathan,548378,2012,40,21,190.48
YK Pathan,548381,2012,1,2,50.0
YK Pathan,597998,2013,18,16,112.5
YK Pathan,598005,2013,0,2,0.0
YK Pathan,598008,2013,27,17,158.82
YK Pathan,598013,2013,3,3,100.0
YK Pathan,598016,2013,13,16,81.25
YK Pathan,598022,2013,25,22,113.64
YK Pathan,598029,2013,18,5,360.0
YK Pathan,598031,2013,0,1,0.0
YK Pathan,598034,2013,3,3,100.0
YK Pathan,598040,2013,20,16,125.0
YK Pathan,598043,2013,49,35,140.0
YK Pathan,598050,2013,13,8,162.5
YK Pathan,598053,2013,3,6,50.0
YK Pathan,598057,2013,18,16,112.5
YK Pathan,598061,2013,72,44,163.64
YK Pathan,598069,2013,49,29,168.97
YK Pathan,729279,2014,4,4,100.0
YK Pathan,729289,2014,11,8,137.5
YK Pathan,729299,2014,0,2,0.0
YK Pathan,729307,2014,3,5,60.0
YK Pathan,733971,2014,41,29,141.38
YK Pathan,733979,2014,0,1,0.0
YK Pathan,734009,2014,20,13,153.85
YK Pathan,734015,2014,39,28,139.29
YK Pathan,734027,2014,22,13,169.23
YK Pathan,734037,2014,72,22,327.27
YK Pathan,734043,2014,20,18,111.11
YK Pathan,734049,2014,36,22,163.64
YK Pathan,829705,2015,14,12,116.67
YK Pathan,829713,2015,3,4,75.0
YK Pathan,829733,2015,28,24,116.67
YK Pathan,829739,2015,40,26,153.85
YK Pathan,829743,2015,6,7,85.71
YK Pathan,829761,2015,42,24,175.0
YK Pathan,829765,2015,13,18,72.22
YK Pathan,829771,2015,9,5,180.0
YK Pathan,829781,2015,30,19,157.89
YK Pathan,829791,2015,29,19,152.63
YK Pathan,829805,2015,52,37,140.54
YK Pathan,829811,2015,44,34,129.41
YK Pathan,980909,2016,9,6,150.0
YK Pathan,980925,2016,12,6,200.0
YK Pathan,980939,2016,36,27,133.33
YK Pathan,980947,2016,19,8,237.5
YK Pathan,980951,2016,10,9,111.11
YK Pathan,980959,2016,60,29,206.9
YK Pathan,980963,2016,19,16,118.75
YK Pathan,980975,2016,63,41,153.66
YK Pathan,980989,2016,37,18,205.56
YK Pathan,980995,2016,6,12,50.0
YK Pathan,981001,2016,36,36,100.0
YK Pathan,981009,2016,52,34,152.94
YK Pathan,981015,2016,2,6,33.33
YK Pathan,1082597,2017,6,11,54.55
YK Pathan,1082604,2017,21,15,140.0
YK Pathan,1082608,2017,59,39,151.28
YK Pathan,1082613,2017,11,4,275.0
YK Pathan,1082617,2017,8,8,100.0
YK Pathan,1082627,2017,12,13,92.31
YK Pathan,1082631,2017,4,9,44.44
YK Pathan,1082636,2017,0,5,0.0
YK Pathan,1082639,2017,2,3,66.67
YK Pathan,1082644,2017,20,7,285.71
YK Pathan,1082648,2017,0,1,0.0
YK Pathan,1136567,2018,14,14,100.0
YK Pathan,1136570,2018,17,7,242.86
YK Pathan,1136576,2018,19,13,146.15
YK Pathan,1136580,2018,45,27,166.67
YK Pathan,1136583,2018,29,33,87.88
YK Pathan,1136585,2018,21,19,110.53
YK Pathan,1136588,2018,2,3,66.67
YK Pathan,1136596,2018,27,12,225.0
YK Pathan,1136599,2018,12,7,171.43
YK Pathan,1136614,2018,2,4,50.0
YK Pathan,1136617,2018,24,29,82.76
YK Pathan,1136619,2018,3,7,42.86
YK Pathan,1136620,2018,45,25,180.0
YK Pathan,1175357,2019,1,4,25.0
YK Pathan,1175363,2019,16,12,133.33
YK Pathan,1175366,2019,6,6,100.0
YK Pathan,1175371,2019,9,11,81.82
YK Pathan,1178394,2019,0,4,0.0
YK Pathan,1178416,2019,5,4,125.0
YK Pathan,1178429,2019,3,4,75.0
YS Chahal,733991,2014,1,1,100.0
YS Chahal,829719,2015,1,1,100.0
YS Chahal,1082591,2017,3,7,42.86
YS Chahal,1082607,2017,1,2,50.0
YS Chahal,1082617,2017,0,2,0.0
YS Chahal,1082621,2017,1,2,50.0
YS Chahal,1082624,2017,4,9,44.44
YS Chahal,1082633,2017,4,4,100.0
YS Chahal,1136613,2018,0,4,0.0
YS Chahal,1175356,2019,4,12,33.33
YS Chahal,1175366,2019,1,3,33.33
YS Chahal,1178395,2019,1,1,100.0
YS Chahal,1216510,2020,1,3,33.33
YS Chahal,1254076,2021,8,21,38.1
YS Chahal,1254087,2021,2,6,33.33
YS Chahal,1304070,2022,5,8,62.5
YV Dhull,1359490,2023,2,4,50.0
YV Dhull,1359494,2023,1,4,25.0
YV Dhull,1359541,2023,13,15,86.67
YV Takawale,336004,2008,14,20,70.0
YV Takawale,336008,2008,27,32,84.38
YV Takawale,336024,2008,5,5,100.0
YV Takawale,336036,2008,23,7,328.57
YV Takawale,392225,2009,18,22,81.82
YV Takawale,729299,2014,40,28,142.86
YV Takawale,729305,2014,0,3,0.0
YV Takawale,729313,2014,0,7,0.0
YV Takawale,734027,2014,45,36,125.0
YV Takawale,734035,2014,19,17,111.76
Yash Dayal,1304081,2022,0,1,0.0
Yash Dayal,1473471,2025,0,1,0.0
Yash Dayal,1473503,2025,3,6,50.0
Yash Dayal,1473511,2025,1,1,100.0
Yashpal Singh,392190,2009,20,18,111.11
Yashpal Singh,392197,2009,8,8,100.0
Yashpal Singh,392219,2009,13,20,65.0
Yashpal Singh,392233,2009,6,19,31.58
Younis Khan,336019,2008,3,7,42.86
Yudhvir Singh,1359495,2023,0,1,0.0
Yudhvir Singh,1359500,2023,1,1,100.0
Yudhvir Singh,1426292,2024,7,7,100.0
Yudhvir Singh,1426302,2024,14,7,200.0
Yuvraj Singh,335983,2008,23,13,176.92
Yuvraj Singh,335987,2008,57,34,167.65
Yuvraj Singh,335991,2008,18,9,200.0
Yuvraj Singh,335995,2008,40,29,137.93
Yuvraj Singh,335999,2008,14,9,155.56
Yuvraj Singh,336003,2008,17,10,170.0
Yuvraj Singh,336006,2008,1,4,25.0
Yuvraj Singh,336013,2008,2,5,40.0
Yuvraj Singh,336019,2008,49,16,306.25
Yuvraj Singh,336022,2008,23,8,287.5
Yuvraj Singh,336028,2008,7,6,116.67
Yuvraj Singh,336031,2008,17,15,113.33
Yuvraj Singh,336035,2008,27,18,150.0
Yuvraj Singh,336039,2008,4,8,50.0
Yuvraj Singh,392183,2009,16,11,145.45
Yuvraj Singh,392186,2009,38,28,135.71
Yuvraj Singh,392191,2009,30,17,176.47
Yuvraj Singh,392195,2009,2,3,66.67
Yuvraj Singh,392200,2009,10,13,76.92
Yuvraj Singh,392204,2009,50,34,147.06
Yuvraj Singh,392207,2009,14,16,87.5
Yuvraj Singh,392210,2009,48,37,129.73
Yuvraj Singh,392214,2009,58,36,161.11
Yuvraj Singh,392216,2009,18,13,138.46
Yuvraj Singh,392222,2009,12,18,66.67
Yuvraj Singh,392226,2009,18,31,58.06
Yuvraj Singh,392229,2009,20,18,111.11
Yuvraj Singh,392234,2009,6,19,31.58
Yuvraj Singh,419108,2010,4,5,80.0
Yuvraj Singh,419112,2010,9,6,150.0
Yuvraj Singh,419117,2010,4,6,66.67
Yuvraj Singh,419121,2010,47,30,156.67
Yuvraj Singh,419124,2010,15,13,115.38
Yuvraj Singh,419127,2010,24,16,150.0
Yuvraj Singh,419132,2010,2,3,66.67
Yuvraj Singh,419136,2010,35,19,184.21
Yuvraj Singh,419139,2010,33,16,206.25
Yuvraj Singh,419143,2010,28,16,175.0
Yuvraj Singh,419146,2010,15,21,71.43
Yuvraj Singh,419149,2010,21,25,84.0
Yuvraj Singh,419156,2010,20,20,100.0
Yuvraj Singh,419159,2010,1,4,25.0
Yuvraj Singh,501202,2011,21,15,140.0
Yuvraj Singh,501207,2011,8,12,66.67
Yuvraj Singh,501213,2011,66,32,206.25
Yuvraj Singh,501218,2011,0,2,0.0
Yuvraj Singh,501226,2011,34,43,79.07
Yuvraj Singh,501228,2011,62,43,144.19
Yuvraj Singh,501232,2011,41,23,178.26
Yuvraj Singh,501235,2011,7,11,63.64
Yuvraj Singh,501241,2011,20,16,125.0
Yuvraj Singh,501248,2011,35,15,233.33
Yuvraj Singh,501250,2011,2,6,33.33
Yuvraj Singh,501259,2011,23,17,135.29
Yuvraj Singh,501262,2011,24,26,92.31
Yuvraj Singh,598000,2013,2,5,40.0
Yuvraj Singh,598009,2013,28,23,121.74
Yuvraj Singh,598011,2013,24,16,150.0
Yuvraj Singh,598025,2013,34,24,141.67
Yuvraj Singh,598027,2013,16,14,114.29
Yuvraj Singh,598035,2013,31,24,129.17
Yuvraj Singh,598038,2013,5,4,125.0
Yuvraj Singh,598042,2013,16,11,145.45
Yuvraj Singh,598047,2013,15,11,136.36
Yuvraj Singh,598053,2013,1,2,50.0
Yuvraj Singh,598055,2013,33,29,113.79
Yuvraj Singh,598061,2013,30,20,150.0
Yuvraj Singh,598067,2013,3,7,42.86
Yuvraj Singh,729281,2014,48,28,171.43
Yuvraj Singh,729287,2014,0,2,0.0
Yuvraj Singh,729299,2014,29,33,87.88
Yuvraj Singh,729305,2014,3,7,42.86
Yuvraj Singh,729313,2014,35,32,109.38
Yuvraj Singh,733977,2014,14,16,87.5
Yuvraj Singh,733983,2014,6,10,60.0
Yuvraj Singh,733991,2014,3,11,27.27
Yuvraj Singh,733999,2014,83,38,218.42
Yuvraj Singh,734005,2014,68,27,251.85
Yuvraj Singh,734013,2014,13,9,144.44
Yuvraj Singh,734021,2014,21,25,84.0
Yuvraj Singh,734027,2014,22,12,183.33
Yuvraj Singh,734035,2014,25,24,104.17
Yuvraj Singh,829707,2015,9,6,150.0
Yuvraj Singh,829715,2015,27,17,158.82
Yuvraj Singh,829725,2015,54,39,138.46
Yuvraj Singh,829731,2015,9,13,69.23
Yuvraj Singh,829739,2015,21,19,110.53
Yuvraj Singh,829747,2015,1,3,33.33
Yuvraj Singh,829757,2015,2,5,40.0
Yuvraj Singh,829761,2015,0,3,0.0
Yuvraj Singh,829777,2015,22,18,122.22
Yuvraj Singh,829783,2015,57,44,129.55
Yuvraj Singh,829793,2015,2,7,28.57
Yuvraj Singh,829801,2015,32,28,114.29
Yuvraj Singh,829813,2015,11,7,157.14
Yuvraj Singh,980967,2016,5,14,35.71
Yuvraj Singh,980973,2016,39,23,169.57
Yuvraj Singh,980979,2016,23,21,109.52
Yuvraj Singh,980983,2016,8,8,100.0
Yuvraj Singh,980991,2016,42,24,175.0
Yuvraj Singh,981003,2016,10,11,90.91
Yuvraj Singh,981009,2016,19,12,158.33
Yuvraj Singh,981015,2016,44,30,146.67
Yuvraj Singh,981017,2016,8,13,61.54
Yuvraj Singh,981019,2016,38,23,165.22
Yuvraj Singh,1082591,2017,62,27,229.63
Yuvraj Singh,1082600,2017,5,7,71.43
Yuvraj Singh,1082604,2017,26,16,162.5
Yuvraj Singh,1082609,2017,0,1,0.0
Yuvraj Singh,1082611,2017,3,4,75.0
Yuvraj Singh,1082623,2017,15,12,125.0
Yuvraj Singh,1082627,2017,6,6,100.0
Yuvraj Singh,1082630,2017,66,40,165.0
Yuvraj Singh,1082634,2017,47,43,109.3
Yuvraj Singh,1082638,2017,9,11,81.82
Yuvraj Singh,1082648,2017,9,9,100.0
Yuvraj Singh,1136562,2018,12,22,54.55
Yuvraj Singh,1136568,2018,4,4,100.0
Yuvraj Singh,1136572,2018,20,13,153.85
Yuvraj Singh,1136582,2018,14,17,82.35
Yuvraj Singh,1136594,2018,14,14,100.0
Yuvraj Singh,1136610,2018,1,3,33.33
Yuvraj Singh,1175358,2019,53,35,151.43
Yuvraj Singh,1175362,2019,23,12,191.67
Yuvraj Singh,1175364,2019,18,22,81.82
Yuvraj Singh,1175370,2019,4,6,66.67
Z Khan,335982,2008,3,8,37.5
Z Khan,335992,2008,16,17,94.12
Z Khan,335996,2008,8,6,133.33
Z Khan,336006,2008,0,1,0.0
Z Khan,336016,2008,1,4,25.0
Z Khan,336023,2008,1,5,20.0
Z Khan,336026,2008,4,1,400.0
Z Khan,392181,2009,2,3,66.67
Z Khan,392192,2009,4,6,66.67
Z Khan,392203,2009,2,2,100.0
Z Khan,419119,2010,23,9,255.56
Z Khan,419146,2010,0,1,0.0
Z Khan,419165,2010,1,3,33.33
Z Khan,501208,2011,0,3,0.0
Z Khan,501271,2011,21,21,100.0
Z Khan,548315,2012,11,7,157.14
Z Khan,548324,2012,0,3,0.0
Z Khan,548367,2012,1,3,33.33
Z Khan,548376,2012,0,4,0.0
Z Khan,729287,2014,0,2,0.0
Z Khan,729303,2014,7,3,233.33
Z Khan,729317,2014,1,2,50.0
Z Khan,980903,2016,4,9,44.44
Z Khan,980993,2016,2,4,50.0
Z Khan,1082595,2017,1,1,100.0
Z Khan,1082635,2017,2,11,18.18
Z Khan,1082646,2017,1,1,100.0
