Batter,season,runs,balls_faced,innings,fours,sixes,strike_rate,dismissals,average
A Ashish Reddy,2012,35,29,5,3,1,120.69,4.0,8.75
A Ashish Reddy,2013,125,89,10,8,5,140.45,6.0,20.83
A Ashish Reddy,2015,73,46,5,3,5,158.7,3.0,24.33
A Ashish Reddy,2016,47,29,3,2,4,162.07,2.0,23.5
A Badoni,2022,161,130,11,11,7,123.85,8.0,20.12
A Badoni,2023,237,171,12,13,12,138.6,10.0,23.7
A Badoni,2024,235,171,12,22,5,137.43,8.0,29.38
A Badoni,2025,329,221,11,27,14,148.87,10.0,32.9
A Badoni,2026,215,141,10,23,9,152.48,10.0,21.5
A Chandila,2012,0,1,1,0,0,0.0,0.0,
A Chandila,2013,4,6,1,0,0,66.67,0.0,
A Chopra,2008,42,52,5,5,0,80.77,5.0,8.4
A Chopra,2009,11,19,1,2,0,57.89,1.0,11.0
A Choudhary,2017,25,20,3,1,1,125.0,1.0,25.0
A Dananjaya,2018,4,5,1,0,0,80.0,0.0,
A Flintoff,2009,62,53,3,5,2,116.98,2.0,31.0
A Kamboj,2024,2,2,1,0,0,100.0,0.0,
A Kamboj,2025,14,12,5,2,0,116.67,2.0,7.0
A Kamboj,2026,58,36,4,3,4,161.11,1.0,58.0
A Kumble,2008,13,17,4,1,0,76.47,2.0,6.5
A Kumble,2009,16,19,6,2,0,84.21,1.0,16.0
A Kumble,2010,6,11,5,0,0,54.55,0.0,
A Manohar,2022,108,75,7,14,3,144.0,6.0,18.0
A Manohar,2023,114,83,6,6,7,137.35,6.0,19.0
A Manohar,2024,9,16,2,1,0,56.25,2.0,4.5
A Manohar,2025,61,61,5,2,4,100.0,5.0,12.2
A Mhatre,2025,240,127,7,31,11,188.98,7.0,34.29
A Mhatre,2026,200,112,6,20,12,178.57,6.0,33.33
A Mishra,2008,37,42,3,3,0,88.1,3.0,12.33
A Mishra,2009,26,20,5,2,2,130.0,3.0,8.67
A Mishra,2010,38,50,7,1,0,76.0,4.0,9.5
A Mishra,2011,68,49,9,9,1,138.78,4.0,17.0
A Mishra,2012,16,20,5,1,0,80.0,3.0,5.33
A Mishra,2013,89,95,6,9,0,93.68,6.0,14.83
A Mishra,2014,4,7,2,0,0,57.14,1.0,4.0
A Mishra,2015,8,12,4,0,0,66.67,2.0,4.0
A Mishra,2016,4,14,2,0,0,28.57,2.0,2.0
A Mishra,2017,49,52,6,2,2,94.23,1.0,49.0
A Mishra,2018,1,2,1,0,0,50.0,0.0,
A Mishra,2019,21,24,4,2,0,87.5,2.0,10.5
A Mishra,2023,19,30,1,2,0,63.33,1.0,19.0
A Mithun,2010,5,4,1,1,0,125.0,1.0,5.0
A Mithun,2011,27,20,4,3,1,135.0,3.0,9.0
A Mithun,2013,2,2,1,0,0,100.0,1.0,2.0
A Mukund,2008,0,1,1,0,0,0.0,1.0,0.0
A Mukund,2013,19,21,1,1,0,90.48,1.0,19.0
A Nehra,2008,2,12,3,0,0,16.67,1.0,2.0
A Nehra,2009,1,1,1,0,0,100.0,0.0,
A Nehra,2010,22,19,2,2,1,115.79,1.0,22.0
A Nehra,2012,11,12,2,1,0,91.67,0.0,
A Nehra,2013,1,8,4,0,0,12.5,4.0,0.25
A Nehra,2015,1,7,4,0,0,14.29,1.0,1.0
A Nehra,2016,1,1,1,0,0,100.0,0.0,
A Nortje,2020,7,6,3,0,0,116.67,1.0,7.0
A Nortje,2022,1,6,1,0,0,16.67,0.0,
A Nortje,2023,37,29,7,6,0,127.59,3.0,12.33
A Nortje,2024,4,8,2,0,0,50.0,2.0,2.0
A Nortje,2026,0,1,1,0,0,0.0,1.0,0.0
A Raghuvanshi,2024,163,105,7,16,8,155.24,7.0,23.29
A Raghuvanshi,2025,300,214,11,30,8,140.19,9.0,33.33
A Raghuvanshi,2026,422,287,12,40,19,147.04,10.0,42.2
A Singh,2009,1,3,2,0,0,33.33,1.0,1.0
A Singh,2011,1,4,2,0,0,25.0,2.0,0.5
A Singh,2012,0,2,1,0,0,0.0,1.0,0.0
A Symonds,2008,161,104,3,15,9,154.81,2.0,80.5
A Symonds,2009,248,163,8,15,11,152.15,7.0,35.43
A Symonds,2010,429,340,16,35,18,126.18,14.0,30.64
A Symonds,2011,135,138,9,9,3,97.83,4.0,33.75
A Tomar,2022,4,8,1,1,0,50.0,1.0,4.0
A Uniyal,2010,4,7,2,0,0,57.14,1.0,4.0
A Zampa,2016,0,1,1,0,0,0.0,1.0,0.0
A Zampa,2017,5,7,1,1,0,71.43,1.0,5.0
A Zampa,2023,10,16,3,0,0,62.5,3.0,3.33
AA Bilakhia,2009,67,80,6,5,0,83.75,4.0,16.75
AA Bilakhia,2010,2,4,1,0,0,50.0,1.0,2.0
AA Chavan,2011,1,3,1,0,0,33.33,1.0,1.0
AA Chavan,2012,11,8,2,2,0,137.5,1.0,11.0
AA Jhunjhunwala,2010,183,166,10,16,4,110.24,9.0,20.33
AA Jhunjhunwala,2011,10,17,2,2,0,58.82,2.0,5.0
AA Jhunjhunwala,2012,24,26,3,1,1,92.31,2.0,12.0
AA Kulkarni,2024,9,8,2,2,0,112.5,2.0,4.5
AA Kulkarni,2026,17,25,2,1,0,68.0,2.0,8.5
AA Noffke,2008,9,10,1,1,0,90.0,1.0,9.0
AB Agarkar,2008,54,45,6,5,2,120.0,5.0,10.8
AB Agarkar,2009,66,57,5,3,3,115.79,2.0,33.0
AB Agarkar,2010,39,28,4,4,0,139.29,1.0,39.0
AB Agarkar,2011,6,5,1,1,0,120.0,1.0,6.0
AB Agarkar,2013,12,16,2,0,0,75.0,1.0,12.0
AB Barath,2010,42,42,3,5,1,100.0,2.0,21.0
AB Dinda,2008,2,4,2,0,0,50.0,1.0,2.0
AB Dinda,2009,2,3,2,0,0,66.67,2.0,1.0
AB Dinda,2010,0,1,1,0,0,0.0,1.0,0.0
AB Dinda,2011,0,5,1,0,0,0.0,1.0,0.0
AB Dinda,2012,2,5,1,0,0,40.0,1.0,2.0
AB Dinda,2013,9,11,5,1,0,81.82,2.0,4.5
AB Dinda,2014,4,12,3,0,0,33.33,1.0,4.0
AB Dinda,2017,7,7,1,1,0,100.0,1.0,7.0
AB McDonald,2009,3,4,1,0,0,75.0,1.0,3.0
AB McDonald,2010,65,52,3,3,2,125.0,0.0,
AB McDonald,2011,8,7,1,0,0,114.29,1.0,8.0
AB McDonald,2012,47,35,3,6,2,134.29,2.0,23.5
AB McDonald,2013,0,2,1,0,0,0.0,1.0,0.0
AB de Villiers,2008,95,98,6,5,1,96.94,5.0,19.0
AB de Villiers,2009,459,354,13,39,11,129.66,9.0,51.0
AB de Villiers,2010,111,119,7,7,0,93.28,7.0,15.86
AB de Villiers,2011,306,242,13,21,13,126.45,9.0,34.0
AB de Villiers,2012,318,197,13,26,15,161.42,8.0,39.75
AB de Villiers,2013,373,223,14,34,17,167.26,10.0,37.3
AB de Villiers,2014,389,248,13,26,23,156.85,11.0,35.36
AB de Villiers,2015,511,291,14,60,22,175.6,11.0,46.45
AB de Villiers,2016,682,405,16,56,37,168.4,13.0,52.46
AB de Villiers,2017,216,163,9,12,16,132.52,8.0,27.0
AB de Villiers,2018,480,275,11,39,30,174.55,9.0,53.33
AB de Villiers,2019,442,287,13,31,26,154.01,10.0,44.2
AB de Villiers,2020,453,287,14,33,23,157.84,10.0,45.3
AB de Villiers,2021,313,211,14,23,16,148.34,10.0,31.3
AC Blizzard,2011,120,87,6,21,2,137.93,6.0,20.0
AC Blizzard,2012,0,3,1,0,0,0.0,1.0,0.0
AC Gilchrist,2008,431,314,14,50,19,137.26,13.0,33.15
AC Gilchrist,2009,486,322,16,52,29,150.93,16.0,30.38
AC Gilchrist,2010,289,185,16,31,16,156.22,16.0,18.06
AC Gilchrist,2011,378,291,14,40,18,129.9,14.0,27.0
AC Gilchrist,2012,168,142,7,20,4,118.31,5.0,33.6
AC Gilchrist,2013,294,229,13,41,6,128.38,12.0,24.5
AC Thomas,2011,1,4,2,0,0,25.0,0.0,
AC Thomas,2012,19,15,2,1,1,126.67,2.0,9.5
AC Voges,2010,181,143,7,15,3,126.57,4.0,45.25
AD Hales,2018,147,117,6,13,6,125.64,6.0,24.5
AD Mascarenhas,2008,9,8,1,0,1,112.5,1.0,9.0
AD Mascarenhas,2009,39,39,4,4,0,100.0,4.0,9.75
AD Mascarenhas,2010,12,10,2,0,0,120.0,1.0,12.0
AD Mascarenhas,2012,14,16,3,1,0,87.5,3.0,4.67
AD Mascarenhas,2013,5,5,1,0,0,100.0,0.0,
AD Mathews,2009,16,13,1,2,0,123.08,1.0,16.0
AD Mathews,2010,232,183,10,18,8,126.78,7.0,33.14
AD Mathews,2012,127,108,8,5,4,117.59,7.0,18.14
AD Mathews,2013,172,139,10,5,10,123.74,7.0,24.57
AD Mathews,2015,143,103,10,12,6,138.83,7.0,20.43
AD Mathews,2017,32,27,2,2,1,118.52,2.0,16.0
AD Nath,2016,20,27,3,1,0,74.07,3.0,6.67
AD Nath,2017,0,1,1,0,0,0.0,1.0,0.0
AD Nath,2018,9,13,1,1,0,69.23,1.0,9.0
AD Nath,2019,61,57,5,5,2,107.02,5.0,12.2
AD Russell,2012,47,26,2,3,3,180.77,2.0,23.5
AD Russell,2013,11,14,2,0,0,78.57,2.0,5.5
AD Russell,2014,2,8,2,0,0,25.0,2.0,1.0
AD Russell,2015,326,169,11,35,19,192.9,9.0,36.22
AD Russell,2016,188,114,8,10,15,164.91,7.0,26.86
AD Russell,2018,316,170,14,17,31,185.88,11.0,28.73
AD Russell,2019,508,249,13,32,51,204.02,10.0,50.8
AD Russell,2020,115,79,9,9,9,145.57,9.0,12.78
AD Russell,2021,182,117,8,14,14,155.56,7.0,26.0
AD Russell,2022,330,189,12,17,32,174.6,9.0,36.67
AD Russell,2023,226,155,14,13,18,145.81,11.0,20.55
AD Russell,2024,214,117,9,18,16,182.91,7.0,30.57
AD Russell,2025,167,102,10,16,14,163.73,9.0,18.56
AF Milne,2017,7,12,3,0,0,58.33,2.0,3.5
AF Milne,2021,16,17,3,0,1,94.12,2.0,8.0
AF Milne,2026,2,2,1,0,0,100.0,0.0,
AG Murtaza,2011,2,5,1,0,0,40.0,0.0,
AG Murtaza,2012,3,5,1,0,0,60.0,0.0,
AG Murtaza,2013,5,4,1,1,0,125.0,1.0,5.0
AG Paunikar,2010,0,1,1,0,0,0.0,1.0,0.0
AG Paunikar,2011,48,54,4,9,0,88.89,4.0,12.0
AJ Finch,2010,21,21,1,0,1,100.0,1.0,21.0
AJ Finch,2011,47,46,6,3,3,102.17,6.0,7.83
AJ Finch,2012,55,51,2,8,0,107.84,2.0,27.5
AJ Finch,2013,455,335,14,54,16,135.82,14.0,32.5
AJ Finch,2014,308,261,13,31,9,118.01,11.0,28.0
AJ Finch,2015,23,33,3,4,0,69.7,3.0,7.67
AJ Finch,2016,392,297,12,45,11,131.99,10.0,39.2
AJ Finch,2017,300,182,13,25,19,164.84,12.0,25.0
AJ Finch,2018,134,100,9,6,8,134.0,8.0,16.75
AJ Finch,2020,262,239,12,28,7,109.62,12.0,21.83
AJ Finch,2022,86,61,5,10,3,140.98,5.0,17.2
AJ Hosein,2023,16,10,1,1,1,160.0,0.0,
AJ Hosein,2026,5,3,2,0,0,166.67,0.0,
AJ Turner,2019,3,10,4,0,0,30.0,3.0,1.0
AJ Turner,2024,21,18,2,0,2,116.67,2.0,10.5
AJ Tye,2017,53,29,3,4,3,182.76,2.0,26.5
AJ Tye,2018,32,38,8,2,1,84.21,6.0,5.33
AJ Tye,2019,0,2,1,0,0,0.0,0.0,
AJ Tye,2020,6,6,1,0,1,100.0,1.0,6.0
AK Markram,2021,146,119,6,12,4,122.69,5.0,29.2
AK Markram,2022,381,273,12,25,19,139.56,8.0,47.62
AK Markram,2023,248,197,13,18,8,125.89,11.0,22.55
AK Markram,2024,220,175,11,18,4,125.71,9.0,24.44
AK Markram,2025,439,298,13,38,21,147.32,13.0,33.77
AK Markram,2026,230,166,11,20,11,138.55,10.0,23.0
AL Menaria,2011,180,152,10,10,10,118.42,9.0,20.0
AL Menaria,2012,214,200,12,14,7,107.0,11.0,19.45
AL Menaria,2013,1,2,1,0,0,50.0,1.0,1.0
AM Ghazanfar,2026,2,3,1,0,0,66.67,0.0,
AM Nayar,2008,205,137,10,16,9,149.64,8.0,25.62
AM Nayar,2009,191,151,11,14,7,126.49,9.0,21.22
AM Nayar,2010,58,51,3,4,2,113.73,2.0,29.0
AM Nayar,2011,60,66,9,9,0,90.91,7.0,8.57
AM Nayar,2012,45,49,4,2,1,91.84,3.0,15.0
AM Nayar,2013,66,73,9,5,0,90.41,6.0,11.0
AM Nayar,2014,39,46,4,4,1,84.78,3.0,13.0
AM Rahane,2008,4,17,2,1,0,23.53,2.0,2.0
AM Rahane,2009,143,121,7,12,3,118.18,6.0,23.83
AM Rahane,2011,120,98,7,12,2,122.45,6.0,20.0
AM Rahane,2012,560,433,16,73,10,129.33,14.0,40.0
AM Rahane,2013,488,458,18,42,11,106.55,14.0,34.86
AM Rahane,2014,339,291,12,38,3,116.49,12.0,28.25
AM Rahane,2015,540,412,13,53,13,131.07,11.0,49.09
AM Rahane,2016,479,378,14,54,9,126.72,11.0,43.55
AM Rahane,2017,382,323,16,35,9,118.27,15.0,25.47
AM Rahane,2018,370,313,14,39,5,118.21,13.0,28.46
AM Rahane,2019,393,285,13,45,9,137.89,12.0,32.75
AM Rahane,2020,113,107,8,12,2,105.61,8.0,14.12
AM Rahane,2021,8,8,1,1,0,100.0,1.0,8.0
AM Rahane,2022,133,128,7,14,4,103.91,7.0,19.0
AM Rahane,2023,326,189,11,24,16,172.49,10.0,32.6
AM Rahane,2024,242,196,12,24,7,123.47,12.0,20.17
AM Rahane,2025,390,264,12,36,20,147.73,11.0,35.45
AM Rahane,2026,335,248,14,25,18,135.08,13.0,25.77
AN Ahmed,2010,4,7,1,0,0,57.14,0.0,
AN Ahmed,2011,18,13,1,1,1,138.46,0.0,
AN Ahmed,2014,4,1,1,1,0,400.0,0.0,
AN Ahmed,2015,10,5,3,2,0,200.0,1.0,10.0
AN Ghosh,2009,7,8,2,1,0,87.5,2.0,3.5
AP Dole,2010,34,22,2,3,1,154.55,2.0,17.0
AP Majumdar,2012,87,76,4,7,2,114.47,4.0,21.75
AP Tare,2010,50,36,4,5,3,138.89,4.0,12.5
AP Tare,2013,123,84,5,14,5,146.43,5.0,24.6
AP Tare,2014,126,97,11,16,3,129.9,8.0,15.75
AP Tare,2015,14,17,2,1,0,82.35,2.0,7.0
AP Tare,2016,8,15,2,1,0,53.33,2.0,4.0
AP Tare,2017,18,23,3,3,0,78.26,3.0,6.0
AR Bawne,2017,12,12,1,1,0,100.0,0.0,
AR Patel,2014,62,60,7,6,1,103.33,6.0,10.33
AR Patel,2015,206,174,12,13,8,118.39,9.0,22.89
AR Patel,2016,111,77,10,4,8,144.16,7.0,15.86
AR Patel,2017,227,162,13,11,11,140.12,8.0,28.38
AR Patel,2018,80,69,8,3,4,115.94,6.0,13.33
AR Patel,2019,108,87,12,10,3,124.14,6.0,18.0
AR Patel,2020,117,84,9,6,8,139.29,8.0,14.62
AR Patel,2021,40,46,6,2,1,86.96,5.0,8.0
AR Patel,2022,182,120,10,12,10,151.67,4.0,45.5
AR Patel,2023,275,201,13,21,14,136.82,10.0,27.5
AR Patel,2024,235,179,12,19,10,131.28,8.0,29.38
AR Patel,2025,263,167,11,23,15,157.49,10.0,26.3
AR Patel,2026,169,131,11,15,6,129.01,10.0,16.9
AS Joseph,2019,15,13,1,2,0,115.38,0.0,
AS Joseph,2022,5,7,3,0,0,71.43,1.0,5.0
AS Joseph,2023,7,12,1,1,0,58.33,0.0,
AS Rajpoot,2013,2,6,1,0,0,33.33,0.0,
AS Rajpoot,2017,4,7,1,1,0,57.14,1.0,4.0
AS Rajpoot,2018,11,18,3,1,0,61.11,3.0,3.67
AS Rajpoot,2020,9,10,2,0,1,90.0,1.0,9.0
AS Raut,2009,78,61,7,5,3,127.87,4.0,19.5
AS Raut,2010,56,48,5,3,3,116.67,2.0,28.0
AS Raut,2011,60,58,4,5,1,103.45,3.0,20.0
AS Roy,2022,0,2,1,0,0,0.0,1.0,0.0
AS Roy,2023,23,19,4,3,0,121.05,2.0,11.5
AS Roy,2024,3,3,1,0,0,100.0,0.0,
AS Roy,2025,0,1,1,0,0,0.0,1.0,0.0
AS Roy,2026,52,39,7,3,2,133.33,4.0,13.0
AS Yadav,2008,49,39,6,5,2,125.64,5.0,9.8
AT Carey,2020,32,29,3,0,1,110.34,2.0,16.0
AT Rayudu,2010,354,244,14,34,13,145.08,13.0,27.23
AT Rayudu,2011,394,349,16,44,9,112.89,14.0,28.14
AT Rayudu,2012,333,252,15,21,14,132.14,9.0,37.0
AT Rayudu,2013,264,229,15,22,4,115.28,14.0,18.86
AT Rayudu,2014,360,286,14,31,8,125.87,14.0,25.71
AT Rayudu,2015,281,192,14,18,16,146.35,9.0,31.22
AT Rayudu,2016,334,277,12,28,12,120.58,11.0,30.36
AT Rayudu,2017,91,78,5,7,3,116.67,5.0,18.2
AT Rayudu,2018,602,401,16,53,34,150.12,14.0,43.0
AT Rayudu,2019,282,301,17,20,7,93.69,12.0,23.5
AT Rayudu,2020,355,279,11,29,12,127.24,9.0,39.44
AT Rayudu,2021,244,167,13,16,15,146.11,10.0,24.4
AT Rayudu,2022,273,223,11,25,15,122.42,11.0,24.82
AT Rayudu,2023,158,113,12,10,9,139.82,10.0,15.8
AU Rashid,2023,21,15,2,2,1,140.0,2.0,10.5
AUK Pathan,2011,33,16,5,5,2,206.25,4.0,8.25
AUK Pathan,2012,6,7,2,0,0,85.71,1.0,6.0
Abdul Basith,2023,1,1,1,0,0,100.0,0.0,
Abdul Samad,2020,113,67,7,8,6,168.66,6.0,18.83
Abdul Samad,2021,111,87,10,4,8,127.59,9.0,12.33
Abdul Samad,2022,4,7,2,0,0,57.14,2.0,2.0
Abdul Samad,2023,164,125,8,9,11,131.2,4.0,41.0
Abdul Samad,2024,182,108,12,15,11,168.52,10.0,18.2
Abdul Samad,2025,164,93,12,8,14,176.34,8.0,20.5
Abdul Samad,2026,116,88,7,10,5,131.82,6.0,19.33
Abdur Razzak,2008,0,2,1,0,0,0.0,0.0,
Abhishek Sharma,2018,63,33,3,3,5,190.91,1.0,63.0
Abhishek Sharma,2019,9,9,3,1,0,100.0,2.0,4.5
Abhishek Sharma,2020,71,56,7,6,3,126.79,5.0,14.2
Abhishek Sharma,2021,98,75,7,7,4,130.67,6.0,16.33
Abhishek Sharma,2022,425,319,14,47,13,133.23,14.0,30.36
Abhishek Sharma,2023,225,156,11,28,6,144.23,11.0,20.45
Abhishek Sharma,2024,478,235,16,36,41,203.4,15.0,31.87
Abhishek Sharma,2025,439,225,13,46,28,195.11,13.0,33.77
Abhishek Sharma,2026,563,275,15,50,43,204.73,14.0,40.21
Abishek Porel,2023,33,31,4,1,2,106.45,4.0,8.25
Abishek Porel,2024,326,204,12,36,13,159.8,10.0,32.6
Abishek Porel,2025,301,205,13,28,12,146.83,12.0,25.08
Abishek Porel,2026,108,88,4,15,1,122.73,4.0,27.0
Akash Deep,2022,0,2,1,0,0,0.0,1.0,0.0
Akash Deep,2023,17,8,1,2,1,212.5,1.0,17.0
Akash Deep,2024,2,2,1,0,0,100.0,0.0,
Akash Deep,2025,6,2,2,0,1,300.0,1.0,6.0
Akash Madhwal,2024,4,5,1,0,0,80.0,0.0,
Akash Madhwal,2025,4,9,1,0,0,44.44,0.0,
Akshat Raghuwanshi,2026,29,25,2,1,1,116.0,2.0,14.5
Aman Hakim Khan,2022,5,3,1,1,0,166.67,1.0,5.0
Aman Hakim Khan,2023,110,101,9,7,6,108.91,8.0,13.75
Aniket Verma,2025,236,142,12,12,20,166.2,9.0,26.22
Aniket Verma,2026,79,54,8,6,5,146.3,6.0,13.17
Anirudh Singh,2010,63,66,4,6,1,95.45,4.0,15.75
Ankit Sharma,2012,18,13,4,0,2,138.46,3.0,6.0
Ankit Sharma,2014,34,30,2,4,1,113.33,2.0,17.0
Ankit Sharma,2015,7,6,2,1,0,116.67,1.0,7.0
Ankit Sharma,2016,3,3,1,0,0,100.0,0.0,
Ankit Sharma,2017,25,15,1,2,1,166.67,1.0,25.0
Ankit Soni,2017,7,9,3,0,1,77.78,2.0,3.5
Anmolpreet Singh,2021,16,14,1,2,1,114.29,1.0,16.0
Anmolpreet Singh,2022,13,13,2,1,0,100.0,2.0,6.5
Anmolpreet Singh,2023,105,82,4,15,2,128.05,4.0,26.25
Anmolpreet Singh,2024,5,6,2,1,0,83.33,2.0,2.5
Anuj Rawat,2021,0,1,1,0,0,0.0,1.0,0.0
Anuj Rawat,2022,129,118,8,10,7,109.32,8.0,16.12
Anuj Rawat,2023,91,71,7,6,4,128.17,3.0,30.33
Anuj Rawat,2024,98,77,5,10,3,127.27,4.0,24.5
Anureet Singh,2015,18,31,6,0,1,58.06,3.0,6.0
Anureet Singh,2017,15,12,1,2,0,125.0,1.0,15.0
Anureet Singh,2018,3,4,1,0,0,75.0,0.0,
Arjun Tendulkar,2023,13,9,1,0,1,144.44,1.0,13.0
Arjun Tendulkar,2026,5,5,1,0,0,100.0,0.0,
Arshad Khan,2023,18,15,3,0,1,120.0,2.0,9.0
Arshad Khan,2024,78,50,3,5,5,156.0,1.0,78.0
Arshad Khan,2025,23,19,4,0,3,121.05,2.0,11.5
Arshad Khan,2026,23,11,2,1,2,209.09,1.0,23.0
Arshad Khan (2),2024,5,4,1,1,0,125.0,1.0,5.0
Arshdeep Singh,2020,0,3,1,0,0,0.0,1.0,0.0
Arshdeep Singh,2021,2,3,2,0,0,66.67,0.0,
Arshdeep Singh,2022,21,29,6,3,0,72.41,3.0,7.0
Arshdeep Singh,2023,2,2,1,0,0,100.0,0.0,
Arshdeep Singh,2024,4,3,1,1,0,133.33,1.0,4.0
Arshdeep Singh,2025,2,6,2,0,0,33.33,1.0,2.0
Arshdeep Singh,2026,1,1,1,0,0,100.0,0.0,
Ashok Sharma,2026,1,4,2,0,0,25.0,0.0,
Ashutosh Sharma,2024,183,110,9,10,14,166.36,7.0,26.14
Ashutosh Sharma,2025,203,126,9,14,13,161.11,7.0,29.0
Ashutosh Sharma,2026,171,92,8,15,12,185.87,5.0,34.2
Ashwani Kumar,2026,1,6,1,0,0,16.67,0.0,
Atharva Taide,2023,186,129,7,20,6,144.19,7.0,26.57
Atharva Taide,2024,61,39,2,7,2,156.41,2.0,30.5
Atharva Taide,2025,13,9,1,3,0,144.44,1.0,13.0
Auqib Nabi,2026,10,3,2,1,1,333.33,1.0,10.0
Avesh Khan,2019,4,3,1,1,0,133.33,0.0,
Avesh Khan,2021,5,3,1,1,0,166.67,1.0,5.0
Avesh Khan,2022,22,13,4,0,3,169.23,1.0,22.0
Avesh Khan,2023,0,1,1,0,0,0.0,0.0,
Avesh Khan,2024,10,5,2,1,0,200.0,0.0,
Avesh Khan,2025,21,12,3,3,1,175.0,1.0,21.0
Avesh Khan,2026,6,6,3,1,0,100.0,1.0,6.0
Azhar Mahmood,2012,186,142,10,16,8,130.99,8.0,23.25
Azhar Mahmood,2013,196,154,10,22,5,127.27,10.0,19.6
Azhar Mahmood,2015,6,7,1,1,0,85.71,1.0,6.0
Azmatullah Omarzai,2024,42,33,4,2,2,127.27,4.0,10.5
Azmatullah Omarzai,2025,57,41,5,6,3,139.02,4.0,14.25
Azmatullah Omarzai,2026,52,27,2,3,5,192.59,2.0,26.0
B Akhil,2008,46,31,7,4,3,148.39,3.0,15.33
B Akhil,2009,17,15,3,1,1,113.33,2.0,8.5
B Akhil,2011,13,9,1,0,1,144.44,1.0,13.0
B Chipli,2008,20,28,3,3,0,71.43,3.0,6.67
B Chipli,2011,207,170,13,21,4,121.76,8.0,25.88
B Chipli,2012,37,35,4,3,2,105.71,3.0,12.33
B Chipli,2013,16,17,1,1,1,94.12,1.0,16.0
B Indrajith,2022,21,30,3,2,0,70.0,3.0,7.0
B Kumar,2011,1,1,1,0,0,100.0,0.0,
B Kumar,2012,40,40,8,4,0,100.0,3.0,13.33
B Kumar,2013,52,71,9,3,1,73.24,7.0,7.43
B Kumar,2014,1,4,2,0,0,25.0,1.0,1.0
B Kumar,2015,17,10,3,2,1,170.0,1.0,17.0
B Kumar,2016,43,27,8,6,1,159.26,6.0,7.17
B Kumar,2017,4,4,2,0,0,100.0,1.0,4.0
B Kumar,2018,13,16,4,1,0,81.25,2.0,6.5
B Kumar,2019,12,19,4,1,0,63.16,3.0,4.0
B Kumar,2020,0,2,1,0,0,0.0,1.0,0.0
B Kumar,2021,34,30,7,3,0,113.33,1.0,34.0
B Kumar,2022,24,25,6,3,0,96.0,3.0,8.0
B Kumar,2023,42,47,5,4,0,89.36,3.0,14.0
B Kumar,2024,23,29,5,3,0,79.31,3.0,7.67
B Kumar,2025,14,25,6,1,0,56.0,3.0,4.67
B Kumar,2026,34,26,4,3,1,130.77,0.0,
B Laughlin,2013,4,9,2,0,0,44.44,1.0,4.0
B Laughlin,2018,1,4,2,0,0,25.0,1.0,1.0
B Lee,2008,17,12,3,2,1,141.67,1.0,17.0
B Lee,2009,28,34,4,2,1,82.35,2.0,14.0
B Lee,2010,11,9,3,1,0,122.22,1.0,11.0
B Lee,2011,5,9,4,0,0,55.56,3.0,1.67
B Lee,2012,42,20,3,2,4,210.0,2.0,21.0
B Lee,2013,21,12,2,1,2,175.0,1.0,21.0
B Sai Sudharsan,2022,141,113,5,13,3,124.78,4.0,35.25
B Sai Sudharsan,2023,355,253,8,33,11,140.32,7.0,50.71
B Sai Sudharsan,2024,522,369,12,48,17,141.46,11.0,47.45
B Sai Sudharsan,2025,759,486,15,88,21,156.17,14.0,54.21
B Sai Sudharsan,2026,719,454,17,75,30,158.37,16.0,44.94
B Stanlake,2018,5,2,1,1,0,250.0,0.0,
B Sumanth,2010,35,37,4,3,0,94.59,1.0,35.0
BA Bhatt,2011,0,5,1,0,0,0.0,1.0,0.0
BA Bhatt,2012,6,2,1,0,1,300.0,0.0,
BA Stokes,2017,316,221,11,22,15,142.99,10.0,31.6
BA Stokes,2018,195,160,12,13,6,121.88,12.0,16.25
BA Stokes,2019,123,97,9,8,4,126.8,6.0,20.5
BA Stokes,2020,285,200,8,36,7,142.5,7.0,40.71
BA Stokes,2021,0,3,1,0,0,0.0,1.0,0.0
BA Stokes,2023,15,14,2,2,0,107.14,2.0,7.5
BAW Mendis,2009,0,1,1,0,0,0.0,1.0,0.0
BAW Mendis,2010,1,1,1,0,0,100.0,0.0,
BAW Mendis,2013,2,4,1,0,0,50.0,1.0,2.0
BB McCullum,2008,188,91,4,13,15,206.59,3.0,62.67
BB McCullum,2009,278,236,13,25,12,117.8,12.0,23.17
BB McCullum,2010,114,109,5,14,2,104.59,4.0,28.5
BB McCullum,2011,351,272,13,35,15,129.04,13.0,27.0
BB McCullum,2012,289,283,12,37,3,102.12,12.0,24.08
BB McCullum,2013,6,7,1,1,0,85.71,1.0,6.0
BB McCullum,2014,405,333,14,32,19,121.62,13.0,31.15
BB McCullum,2015,431,276,14,50,23,156.16,13.0,33.15
BB McCullum,2016,354,262,16,38,16,135.11,16.0,22.12
BB McCullum,2017,320,220,11,29,18,145.45,11.0,29.09
BB McCullum,2018,121,87,6,16,5,139.08,6.0,20.17
BB Samantray,2012,2,2,1,0,0,100.0,0.0,
BB Samantray,2013,123,111,7,13,2,110.81,5.0,24.6
BB Sran,2016,3,3,2,0,0,100.0,0.0,
BB Sran,2018,3,7,3,0,0,42.86,1.0,3.0
BB Sran,2019,3,3,1,0,0,100.0,0.0,
BCJ Cutting,2014,8,6,1,0,1,133.33,1.0,8.0
BCJ Cutting,2016,65,34,4,4,6,191.18,2.0,32.5
BCJ Cutting,2017,51,26,3,5,3,196.15,2.0,25.5
BCJ Cutting,2018,96,58,6,5,8,165.52,4.0,24.0
BCJ Cutting,2019,18,17,3,1,1,105.88,2.0,9.0
BE Hendricks,2014,0,1,1,0,0,0.0,1.0,0.0
BE Hendricks,2015,1,2,1,0,0,50.0,0.0,
BJ Haddin,2011,18,11,1,2,1,163.64,1.0,18.0
BJ Hodge,2008,12,17,3,2,0,70.59,3.0,4.0
BJ Hodge,2009,365,309,12,34,9,118.12,9.0,40.56
BJ Hodge,2010,99,90,4,11,1,110.0,4.0,24.75
BJ Hodge,2011,285,234,14,26,9,121.79,8.0,35.62
BJ Hodge,2012,245,173,12,18,9,141.62,8.0,30.62
BJ Hodge,2013,292,217,14,27,9,134.56,7.0,41.71
BJ Hodge,2014,101,72,4,4,6,140.28,3.0,33.67
BJ Rohrer,2013,193,141,8,21,5,136.88,7.0,27.57
BKG Mendis,2025,20,10,1,1,2,200.0,1.0,20.0
BMAJ Mendis,2013,23,27,3,0,0,85.19,3.0,7.67
BR Dunk,2014,40,35,3,7,0,114.29,3.0,13.33
BR Sharath,2024,2,5,1,0,0,40.0,1.0,2.0
Basil Thampi,2017,28,28,5,1,1,100.0,0.0,
Basil Thampi,2018,3,6,1,0,0,50.0,1.0,3.0
Basil Thampi,2019,1,1,1,0,0,100.0,0.0,
Bipul Sharma,2010,9,7,2,1,0,128.57,0.0,
Bipul Sharma,2011,23,18,3,1,0,127.78,1.0,23.0
Bipul Sharma,2012,72,47,4,6,3,153.19,3.0,24.0
Bipul Sharma,2015,1,2,1,0,0,50.0,1.0,1.0
Bipul Sharma,2016,51,25,4,1,5,204.0,2.0,25.5
Bipul Sharma,2017,31,24,3,2,1,129.17,1.0,31.0
Brijesh Sharma,2026,2,4,2,0,0,50.0,0.0,
C Bosch,2025,47,32,2,3,3,146.88,2.0,23.5
C Bosch,2026,50,31,4,5,2,161.29,1.0,50.0
C Connolly,2026,487,299,13,42,32,162.88,11.0,44.27
C Green,2023,444,279,16,40,21,159.14,9.0,49.33
C Green,2024,255,178,12,22,10,143.26,8.0,31.88
C Green,2026,322,220,14,22,17,146.36,10.0,32.2
C Madan,2010,14,18,1,3,0,77.78,1.0,14.0
C Munro,2016,30,30,3,3,0,100.0,3.0,10.0
C Munro,2018,63,41,4,7,4,153.66,5.0,12.6
C Munro,2019,84,70,4,9,4,120.0,4.0,21.0
C Nanda,2009,0,1,1,0,0,0.0,1.0,0.0
C Sakariya,2021,16,24,5,2,0,66.67,5.0,3.2
C Sakariya,2023,4,6,2,1,0,66.67,1.0,4.0
C de Grandhomme,2017,126,92,9,10,6,136.96,8.0,15.75
C de Grandhomme,2018,125,83,8,4,9,150.6,5.0,25.0
C de Grandhomme,2019,46,49,4,4,2,93.88,3.0,15.33
CA Ingram,2011,21,25,3,2,0,84.0,2.0,10.5
CA Ingram,2019,184,154,12,20,5,119.48,10.0,18.4
CA Lynn,2012,6,9,1,1,0,66.67,1.0,6.0
CA Lynn,2014,58,49,2,5,3,118.37,2.0,29.0
CA Lynn,2016,25,22,2,0,1,113.64,1.0,25.0
CA Lynn,2017,293,161,7,25,19,181.99,6.0,48.83
CA Lynn,2018,491,377,16,56,18,130.24,15.0,32.73
CA Lynn,2019,395,288,13,40,21,137.15,13.0,30.38
CA Lynn,2021,49,35,1,4,3,140.0,1.0,49.0
CA Pujara,2010,122,115,6,14,3,106.09,4.0,30.5
CA Pujara,2011,34,31,3,4,0,109.68,3.0,11.33
CA Pujara,2012,17,22,3,1,1,77.27,3.0,5.67
CA Pujara,2013,92,99,4,14,0,92.93,4.0,23.0
CA Pujara,2014,125,123,6,17,0,101.63,5.0,25.0
CH Gayle,2009,184,148,7,18,10,124.32,7.0,26.29
CH Gayle,2010,290,183,9,30,16,158.47,9.0,32.22
CH Gayle,2011,602,331,12,57,43,181.87,9.0,66.89
CH Gayle,2012,720,451,14,46,57,159.65,12.0,60.0
CH Gayle,2013,701,454,16,56,50,154.41,12.0,58.42
CH Gayle,2014,196,184,9,18,12,106.52,9.0,21.78
CH Gayle,2015,490,331,14,39,38,148.04,12.0,40.83
CH Gayle,2016,227,150,10,17,21,151.33,10.0,22.7
CH Gayle,2017,200,162,9,15,14,123.46,9.0,22.22
CH Gayle,2018,368,252,11,30,27,146.03,9.0,40.89
CH Gayle,2019,490,319,13,45,34,153.61,12.0,40.83
CH Gayle,2020,295,212,7,15,24,139.15,7.0,42.14
CH Gayle,2021,193,154,10,21,8,125.32,9.0,21.44
CH Morris,2013,14,16,6,0,0,87.5,2.0,7.0
CH Morris,2015,70,45,7,3,4,155.56,2.0,35.0
CH Morris,2016,195,109,7,15,12,178.9,3.0,65.0
CH Morris,2017,154,94,8,15,6,163.83,5.0,30.8
CH Morris,2018,46,26,3,3,2,176.92,1.0,46.0
CH Morris,2019,32,37,6,1,2,86.49,6.0,5.33
CH Morris,2020,34,21,5,2,3,161.9,4.0,8.5
CH Morris,2021,67,49,7,2,5,136.73,5.0,13.4
CJ Anderson,2014,265,181,11,21,15,146.41,9.0,29.44
CJ Anderson,2015,114,96,4,11,6,118.75,3.0,38.0
CJ Anderson,2017,142,122,11,8,9,116.39,7.0,20.29
CJ Anderson,2018,17,22,3,0,1,77.27,3.0,5.67
CJ Ferguson,2011,48,54,4,6,0,88.89,2.0,24.0
CJ Ferguson,2012,50,63,4,3,0,79.37,4.0,12.5
CJ Jordan,2016,3,4,1,0,0,75.0,1.0,3.0
CJ Jordan,2017,0,1,1,0,0,0.0,1.0,0.0
CJ Jordan,2020,29,31,4,2,0,93.55,3.0,9.67
CJ Jordan,2021,32,21,2,1,3,152.38,2.0,16.0
CJ Jordan,2022,11,8,2,0,0,137.5,1.0,11.0
CJ Jordan,2023,6,12,2,0,0,50.0,2.0,3.0
CJ McKay,2012,8,15,1,0,0,53.33,1.0,8.0
CK Kapugedera,2008,16,22,3,0,0,72.73,3.0,5.33
CK Langeveldt,2010,0,1,1,0,0,0.0,1.0,0.0
CK Langeveldt,2011,8,8,1,0,1,100.0,1.0,8.0
CL White,2008,109,100,8,7,4,109.0,7.0,15.57
CL White,2010,48,33,5,3,3,145.45,2.0,24.0
CL White,2011,104,109,6,6,2,95.41,4.0,26.0
CL White,2012,475,319,13,40,20,148.9,11.0,43.18
CL White,2013,226,196,13,18,9,115.31,12.0,18.83
CM Gautam,2013,44,34,3,4,1,129.41,2.0,22.0
CM Gautam,2014,121,110,9,13,5,110.0,7.0,17.29
CM Gautam,2015,4,5,1,0,0,80.0,1.0,4.0
CR Brathwaite,2016,83,38,6,6,8,218.42,6.0,13.83
CR Brathwaite,2017,12,15,2,2,0,80.0,2.0,6.0
CR Brathwaite,2018,75,48,4,1,8,156.25,3.0,25.0
CR Brathwaite,2019,10,9,2,1,0,111.11,2.0,5.0
CR Woakes,2017,46,47,7,4,1,97.87,4.0,11.5
CR Woakes,2018,17,19,4,1,1,89.47,2.0,8.5
CR Woakes,2021,15,11,1,2,0,136.36,0.0,
CRD Fernando,2008,2,1,1,0,0,200.0,0.0,
CRD Fernando,2010,2,2,1,0,0,100.0,0.0,
CV Varun,2020,10,15,3,0,0,66.67,2.0,5.0
CV Varun,2021,2,4,2,0,0,50.0,1.0,2.0
CV Varun,2022,12,18,3,2,0,66.67,0.0,
CV Varun,2023,1,9,2,0,0,11.11,1.0,1.0
CV Varun,2025,1,1,1,0,0,100.0,0.0,
CV Varun,2026,5,6,2,1,0,83.33,2.0,2.5
D Brevis,2022,161,113,7,14,11,142.48,7.0,23.0
D Brevis,2024,69,59,3,3,5,116.95,3.0,23.0
D Brevis,2025,225,125,6,13,17,180.0,6.0,37.5
D Brevis,2026,151,118,8,8,10,127.97,8.0,18.88
D Ferreira,2024,8,11,2,0,0,72.73,2.0,4.0
D Ferreira,2025,1,3,1,0,0,33.33,1.0,1.0
D Ferreira,2026,317,177,13,26,23,179.1,9.0,35.22
D Kalyankrishna,2008,3,8,1,0,0,37.5,1.0,3.0
D Padikkal,2020,472,378,15,51,8,124.87,15.0,31.47
D Padikkal,2021,410,327,14,44,14,125.38,13.0,31.54
D Padikkal,2022,375,305,17,41,14,122.95,17.0,22.06
D Padikkal,2023,261,200,11,31,6,130.5,10.0,26.1
D Padikkal,2024,37,52,7,3,0,71.15,7.0,5.29
D Padikkal,2025,247,163,10,22,14,151.53,9.0,27.44
D Padikkal,2026,464,275,15,49,24,168.73,14.0,33.14
D Pretorius,2022,44,28,5,3,3,157.14,4.0,11.0
D Salunkhe,2008,33,24,3,5,0,137.5,2.0,16.5
D Wiese,2015,121,85,7,12,4,142.35,4.0,30.25
D Wiese,2016,5,4,1,0,0,125.0,0.0,
D Wiese,2023,21,11,3,0,3,190.91,1.0,21.0
D du Preez,2009,10,13,1,0,0,76.92,1.0,10.0
DA Miller,2012,98,75,6,6,4,130.67,3.0,32.67
DA Miller,2013,417,253,12,28,24,164.82,7.0,59.57
DA Miller,2014,446,299,16,34,21,149.16,10.0,44.6
DA Miller,2015,357,267,13,21,21,133.71,12.0,29.75
DA Miller,2016,157,130,13,10,4,120.77,10.0,15.7
DA Miller,2017,77,78,4,4,3,98.72,3.0,25.67
DA Miller,2018,74,63,3,3,2,117.46,2.0,37.0
DA Miller,2019,213,164,10,19,7,129.88,8.0,26.62
DA Miller,2021,124,113,8,11,3,109.73,5.0,24.8
DA Miller,2022,481,335,16,32,23,143.58,7.0,68.71
DA Miller,2023,259,178,13,18,13,145.51,8.0,32.38
DA Miller,2024,210,139,9,20,8,151.08,6.0,35.0
DA Miller,2025,149,119,10,12,4,125.21,5.0,29.8
DA Miller,2026,211,137,10,15,14,154.01,6.0,35.17
DA Payne,2026,6,5,1,0,0,120.0,0.0,
DA Warner,2009,163,132,7,16,5,123.48,7.0,23.29
DA Warner,2010,276,189,11,27,13,146.03,10.0,27.6
DA Warner,2011,324,275,13,34,11,117.82,13.0,24.92
DA Warner,2012,252,155,8,27,14,162.58,7.0,36.0
DA Warner,2013,410,324,16,41,14,126.54,14.0,29.29
DA Warner,2014,528,371,14,39,24,142.32,11.0,48.0
DA Warner,2015,554,356,14,65,20,155.62,13.0,42.62
DA Warner,2016,844,558,17,87,31,151.25,14.0,60.29
DA Warner,2017,634,449,14,63,25,141.2,11.0,57.64
DA Warner,2019,692,481,12,57,21,143.87,10.0,69.2
DA Warner,2020,547,406,16,52,14,134.73,15.0,36.47
DA Warner,2021,197,184,8,15,6,107.07,8.0,24.62
DA Warner,2022,432,286,12,52,15,151.05,9.0,48.0
DA Warner,2023,516,391,14,69,10,131.97,14.0,36.86
DA Warner,2024,168,125,8,17,10,134.4,8.0,21.0
DAJ Bracewell,2012,12,9,1,1,0,133.33,0.0,
DB Das,2008,103,94,6,9,5,109.57,6.0,17.17
DB Das,2012,126,92,10,9,6,136.96,3.0,42.0
DB Das,2013,75,74,6,5,5,101.35,5.0,15.0
DB Ravi Teja,2008,108,81,6,10,5,133.33,6.0,18.0
DB Ravi Teja,2009,65,70,6,7,0,92.86,3.0,21.67
DB Ravi Teja,2011,182,143,9,17,4,127.27,7.0,26.0
DB Ravi Teja,2012,4,4,2,1,0,100.0,2.0,2.0
DB Ravi Teja,2013,14,17,2,0,0,82.35,1.0,14.0
DE Bollinger,2010,18,16,2,1,1,112.5,0.0,
DE Bollinger,2011,0,1,1,0,0,0.0,0.0,
DE Bollinger,2012,3,5,1,0,0,60.0,1.0,3.0
DG Nalkande,2023,0,1,1,0,0,0.0,1.0,0.0
DG Nalkande,2024,12,11,1,0,1,109.09,1.0,12.0
DH Yagnik,2011,15,21,4,1,0,71.43,1.0,15.0
DH Yagnik,2012,25,13,3,5,0,192.31,1.0,25.0
DH Yagnik,2013,124,93,9,17,2,133.33,8.0,15.5
DH Yagnik,2014,4,6,1,0,0,66.67,0.0,
DJ Bravo,2008,175,131,7,19,5,133.59,6.0,29.17
DJ Bravo,2009,217,201,10,15,8,107.96,8.0,27.12
DJ Bravo,2010,61,53,8,3,4,115.09,7.0,8.71
DJ Bravo,2011,11,6,2,1,1,183.33,1.0,11.0
DJ Bravo,2012,367,262,16,19,20,140.08,8.0,45.88
DJ Bravo,2013,121,106,12,11,3,114.15,8.0,15.12
DJ Bravo,2014,8,3,1,0,1,266.67,0.0,
DJ Bravo,2015,195,148,13,22,5,131.76,9.0,21.67
DJ Bravo,2016,99,82,12,11,1,120.73,8.0,12.38
DJ Bravo,2018,135,90,10,8,9,150.0,4.0,33.75
DJ Bravo,2019,80,66,8,6,3,121.21,5.0,16.0
DJ Bravo,2020,7,6,2,0,0,116.67,2.0,3.5
DJ Bravo,2021,47,18,3,3,4,261.11,1.0,47.0
DJ Bravo,2022,23,24,6,1,1,95.83,2.0,11.5
DJ Harris,2012,111,101,4,11,5,109.9,4.0,27.75
DJ Hooda,2015,151,95,9,6,11,158.95,9.0,16.78
DJ Hooda,2016,138,119,15,8,5,115.97,14.0,9.86
DJ Hooda,2017,78,52,6,5,4,150.0,3.0,26.0
DJ Hooda,2018,87,81,8,2,3,107.41,4.0,21.75
DJ Hooda,2019,64,63,7,5,1,101.59,6.0,10.67
DJ Hooda,2020,102,72,5,5,5,141.67,1.0,102.0
DJ Hooda,2021,155,121,11,8,9,128.1,10.0,15.5
DJ Hooda,2022,451,329,14,36,18,137.08,14.0,32.21
DJ Hooda,2023,84,90,12,3,2,93.33,11.0,7.64
DJ Hooda,2024,145,105,9,16,3,138.1,8.0,18.12
DJ Hooda,2025,25,40,5,2,0,62.5,5.0,5.0
DJ Hussey,2008,318,258,13,19,17,123.26,11.0,28.91
DJ Hussey,2009,93,57,4,6,6,163.16,4.0,23.25
DJ Hussey,2010,94,85,6,5,5,110.59,4.0,23.5
DJ Hussey,2011,64,63,8,3,3,101.59,6.0,10.67
DJ Hussey,2012,396,305,15,28,17,129.84,12.0,33.0
DJ Hussey,2013,235,208,11,20,6,112.98,10.0,23.5
DJ Hussey,2014,116,94,4,8,6,123.4,2.0,58.0
DJ Jacobs,2011,92,88,6,10,4,104.55,6.0,15.33
DJ Jacobs,2012,0,10,1,0,0,0.0,1.0,0.0
DJ Malan,2021,26,26,1,1,1,100.0,1.0,26.0
DJ Mitchell,2022,33,44,2,1,0,75.0,2.0,16.5
DJ Mitchell,2024,318,223,13,27,10,142.6,11.0,28.91
DJ Muthuswami,2015,1,3,1,0,0,33.33,1.0,1.0
DJ Thornely,2008,39,53,4,2,2,73.58,3.0,13.0
DJ Willey,2022,18,30,2,3,0,60.0,2.0,9.0
DJ Willey,2023,35,32,3,4,0,109.38,0.0,
DJG Sammy,2013,174,132,9,11,10,131.82,6.0,29.0
DJG Sammy,2014,108,91,9,4,8,118.68,7.0,15.43
DJG Sammy,2015,13,18,2,0,0,72.22,2.0,6.5
DJM Short,2018,115,99,7,11,5,116.16,7.0,16.43
DL Chahar,2017,14,6,1,0,2,233.33,1.0,14.0
DL Chahar,2018,50,29,4,1,4,172.41,3.0,16.67
DL Chahar,2019,7,9,2,1,0,77.78,2.0,3.5
DL Chahar,2020,7,12,3,0,0,58.33,1.0,7.0
DL Chahar,2021,1,1,1,0,0,100.0,0.0,
DL Chahar,2023,1,2,1,0,0,50.0,0.0,
DL Chahar,2025,37,25,4,3,2,148.0,1.0,37.0
DL Chahar,2026,25,19,4,3,1,131.58,2.0,12.5
DL Vettori,2009,34,31,3,3,0,109.68,2.0,17.0
DL Vettori,2010,33,27,3,4,0,122.22,1.0,33.0
DL Vettori,2011,23,28,4,1,1,82.14,1.0,23.0
DL Vettori,2012,31,26,6,3,1,119.23,4.0,7.75
DM Bravo,2017,6,5,1,1,0,120.0,0.0,
DNT Zoysa,2008,11,9,2,1,0,122.22,1.0,11.0
DP Conway,2022,252,172,7,23,12,146.51,6.0,42.0
DP Conway,2023,671,479,15,77,18,140.08,13.0,51.62
DP Conway,2025,156,119,6,17,4,131.09,6.0,26.0
DP Nannes,2010,4,13,2,0,0,30.77,1.0,4.0
DP Vijaykumar,2008,1,1,1,0,0,100.0,0.0,
DPMD Jayawardene,2008,179,131,12,15,7,136.64,7.0,25.57
DPMD Jayawardene,2009,219,165,10,17,7,132.73,6.0,36.5
DPMD Jayawardene,2010,443,299,13,55,12,148.16,11.0,40.27
DPMD Jayawardene,2011,299,257,13,35,5,116.34,13.0,23.0
DPMD Jayawardene,2012,335,298,15,39,3,112.42,12.0,27.92
DPMD Jayawardene,2013,331,312,15,39,6,106.09,15.0,22.07
DR Martyn,2010,19,24,1,1,0,79.17,1.0,19.0
DR Sams,2020,0,2,1,0,0,0.0,1.0,0.0
DR Sams,2021,6,6,2,0,0,100.0,1.0,6.0
DR Sams,2022,38,36,10,1,3,105.56,7.0,5.43
DR Shorey,2018,8,9,1,0,1,88.89,1.0,8.0
DR Shorey,2019,5,8,1,0,0,62.5,1.0,5.0
DR Smith,2008,45,40,3,5,1,112.5,3.0,15.0
DR Smith,2009,215,131,8,12,15,164.12,8.0,26.88
DR Smith,2010,22,25,3,1,1,88.0,2.0,11.0
DR Smith,2012,156,97,6,18,7,160.82,4.0,39.0
DR Smith,2013,418,340,13,40,19,122.94,13.0,32.15
DR Smith,2014,565,415,16,50,34,136.14,16.0,35.31
DR Smith,2015,399,331,16,52,16,120.54,16.0,24.94
DR Smith,2016,320,220,12,34,16,145.45,11.0,29.09
DR Smith,2017,239,156,11,32,8,153.21,11.0,21.73
DS Kulkarni,2008,2,16,1,0,0,12.5,0.0,
DS Kulkarni,2009,9,17,3,0,0,52.94,2.0,4.5
DS Kulkarni,2011,2,4,1,0,0,50.0,1.0,2.0
DS Kulkarni,2012,10,5,1,2,0,200.0,0.0,
DS Kulkarni,2014,35,25,2,1,2,140.0,0.0,
DS Kulkarni,2015,4,11,2,0,0,36.36,2.0,2.0
DS Kulkarni,2016,27,16,5,3,0,168.75,2.0,13.5
DS Kulkarni,2017,1,2,1,0,0,50.0,1.0,1.0
DS Kulkarni,2018,6,7,2,0,0,85.71,1.0,6.0
DS Kulkarni,2019,5,3,1,1,0,166.67,0.0,
DS Kulkarni,2020,3,2,1,0,0,150.0,0.0,
DS Lehmann,2008,18,18,2,3,0,100.0,2.0,9.0
DS Rathi,2025,1,3,1,0,0,33.33,1.0,1.0
DS Rathi,2026,2,5,2,0,0,40.0,0.0,
DT Christian,2011,183,157,13,9,6,116.56,11.0,16.64
DT Christian,2012,145,118,7,8,6,122.88,5.0,29.0
DT Christian,2013,6,15,2,0,0,40.0,2.0,3.0
DT Christian,2017,79,49,9,5,5,161.22,5.0,15.8
DT Christian,2018,26,32,3,0,1,81.25,2.0,13.0
DT Christian,2021,13,23,7,1,0,56.52,6.0,2.17
DT Patil,2008,13,13,2,1,0,100.0,2.0,6.5
DV Malewar,2026,2,5,2,0,0,40.0,2.0,1.0
DW Steyn,2008,2,5,2,0,0,40.0,1.0,2.0
DW Steyn,2009,0,3,1,0,0,0.0,1.0,0.0
DW Steyn,2010,13,17,4,2,0,76.47,4.0,3.25
DW Steyn,2011,36,35,5,3,0,102.86,4.0,9.0
DW Steyn,2012,19,21,5,0,1,90.48,5.0,3.8
DW Steyn,2013,53,36,8,5,2,147.22,2.0,26.5
DW Steyn,2014,22,26,3,1,0,84.62,3.0,7.33
DW Steyn,2015,20,13,3,3,0,153.85,1.0,20.0
DW Steyn,2016,1,2,1,0,0,50.0,1.0,1.0
DW Steyn,2020,1,2,1,0,0,50.0,0.0,
Dhruv Jurel,2023,152,88,11,11,9,172.73,7.0,21.71
Dhruv Jurel,2024,195,141,11,18,7,138.3,8.0,24.38
Dhruv Jurel,2025,333,213,13,22,22,156.34,9.0,37.0
Dhruv Jurel,2026,515,333,16,47,24,154.65,14.0,36.79
E Lewis,2018,382,276,13,32,24,138.41,13.0,29.38
E Lewis,2019,48,52,3,4,2,92.31,3.0,16.0
E Lewis,2021,151,93,5,18,7,162.37,5.0,30.2
E Lewis,2022,73,56,5,8,3,130.36,3.0,24.33
E Malinga,2026,7,17,3,0,0,41.18,1.0,7.0
EJG Morgan,2010,35,30,4,2,1,116.67,3.0,11.67
EJG Morgan,2011,137,117,9,17,3,117.09,9.0,15.22
EJG Morgan,2013,307,240,13,28,13,127.92,11.0,27.91
EJG Morgan,2015,187,151,9,11,11,123.84,8.0,23.38
EJG Morgan,2016,123,105,6,8,4,117.14,5.0,24.6
EJG Morgan,2017,65,62,4,6,2,104.84,4.0,16.25
EJG Morgan,2020,419,303,14,32,24,138.28,10.0,41.9
EJG Morgan,2021,133,139,15,8,6,95.68,12.0,11.08
ER Dwivedi,2016,24,14,2,2,2,171.43,2.0,12.0
F Behardien,2016,14,13,3,2,0,107.69,2.0,7.0
F du Plessis,2012,397,303,12,29,17,131.02,12.0,33.08
F du Plessis,2014,303,235,12,26,7,128.94,11.0,27.55
F du Plessis,2015,380,304,15,37,5,125.0,13.0,29.23
F du Plessis,2016,206,162,6,17,9,127.16,6.0,34.33
F du Plessis,2017,8,7,1,1,0,114.29,1.0,8.0
F du Plessis,2018,161,128,6,17,6,125.78,5.0,32.2
F du Plessis,2019,396,321,12,36,15,123.36,11.0,36.0
F du Plessis,2020,449,319,13,42,14,140.75,11.0,40.82
F du Plessis,2021,632,456,16,61,23,138.6,14.0,45.14
F du Plessis,2022,468,367,16,49,13,127.52,15.0,31.2
F du Plessis,2023,728,472,14,60,36,154.24,13.0,56.0
F du Plessis,2024,438,271,15,47,21,161.62,15.0,29.2
F du Plessis,2025,197,161,9,17,8,122.36,9.0,21.89
FA Allen,2021,5,11,2,0,0,45.45,1.0,5.0
FA Allen,2022,8,7,1,1,0,114.29,1.0,8.0
FH Allen,2026,349,163,11,33,28,214.11,10.0,34.9
FH Edwards,2009,4,5,2,0,0,80.0,1.0,4.0
FY Fazal,2010,164,153,9,19,1,107.19,8.0,20.5
FY Fazal,2011,19,19,2,3,0,100.0,2.0,9.5
Fazalhaq Farooqi,2022,2,8,1,0,0,25.0,0.0,
Fazalhaq Farooqi,2023,1,5,1,0,0,20.0,0.0,
Fazalhaq Farooqi,2025,2,2,1,0,0,100.0,0.0,
G Coetzee,2024,14,22,5,0,1,63.64,4.0,3.5
G Coetzee,2025,16,10,2,2,1,160.0,2.0,8.0
G Gambhir,2008,532,378,14,68,8,140.74,13.0,40.92
G Gambhir,2009,284,276,15,32,2,102.9,13.0,21.85
G Gambhir,2010,277,217,10,32,2,127.65,9.0,30.78
G Gambhir,2011,373,314,15,43,3,118.79,11.0,33.91
G Gambhir,2012,590,411,17,64,17,143.55,16.0,36.88
G Gambhir,2013,406,342,15,51,5,118.71,16.0,25.38
G Gambhir,2014,324,290,16,35,3,111.72,15.0,21.6
G Gambhir,2015,327,278,13,41,4,117.63,13.0,25.15
G Gambhir,2016,501,411,15,54,6,121.9,13.0,38.54
G Gambhir,2017,498,389,16,62,7,128.02,12.0,41.5
G Gambhir,2018,85,88,5,8,1,96.59,5.0,17.0
GB Hogg,2012,15,16,2,1,0,93.75,2.0,7.5
GB Hogg,2015,7,6,2,0,0,116.67,1.0,7.0
GC Smith,2008,437,361,11,53,8,121.05,9.0,48.56
GC Smith,2009,208,213,12,26,1,97.65,11.0,18.91
GC Smith,2010,44,39,2,7,0,112.82,2.0,22.0
GC Smith,2011,42,51,4,6,0,82.35,4.0,10.5
GC Viljoen,2019,3,7,3,0,0,42.86,2.0,1.5
GD McGrath,2008,4,5,2,1,0,80.0,1.0,4.0
GD Phillips,2021,26,32,3,1,2,81.25,2.0,13.0
GD Phillips,2023,39,22,5,2,4,177.27,5.0,7.8
GD Phillips,2026,67,54,5,4,2,124.07,4.0,16.75
GF Linde,2026,31,21,3,6,0,147.62,3.0,10.33
GH Vihari,2013,239,277,17,17,1,86.28,14.0,17.07
GH Vihari,2015,38,34,4,6,0,111.76,4.0,9.5
GH Vihari,2019,4,8,2,0,0,50.0,2.0,2.0
GHS Garton,2021,2,4,2,0,0,50.0,1.0,2.0
GJ Bailey,2009,45,39,2,7,0,115.38,2.0,22.5
GJ Bailey,2010,18,27,1,2,0,66.67,1.0,18.0
GJ Bailey,2014,254,188,16,19,10,135.11,9.0,28.22
GJ Bailey,2015,259,190,12,22,7,136.32,11.0,23.55
GJ Bailey,2016,84,97,5,9,2,86.6,4.0,21.0
GJ Maxwell,2012,6,11,2,0,0,54.55,1.0,6.0
GJ Maxwell,2013,36,27,3,1,4,133.33,2.0,18.0
GJ Maxwell,2014,552,291,16,48,36,189.69,16.0,34.5
GJ Maxwell,2015,146,113,11,13,8,129.2,11.0,13.27
GJ Maxwell,2016,179,124,10,14,8,144.35,9.0,19.89
GJ Maxwell,2017,306,178,13,19,26,171.91,10.0,30.6
GJ Maxwell,2018,169,120,12,14,9,140.83,12.0,14.08
GJ Maxwell,2020,104,105,11,8,0,99.05,7.0,14.86
GJ Maxwell,2021,513,354,14,48,21,144.92,12.0,42.75
GJ Maxwell,2022,301,177,13,31,15,170.06,11.0,27.36
GJ Maxwell,2023,400,218,14,29,31,183.49,12.0,33.33
GJ Maxwell,2024,52,43,9,6,2,120.93,9.0,5.78
GJ Maxwell,2025,48,49,6,5,1,97.96,6.0,8.0
GR Napier,2009,15,16,1,1,0,93.75,1.0,15.0
Gulbadin Naib,2024,19,15,1,1,1,126.67,1.0,19.0
Gurkeerat Singh,2012,86,52,4,12,2,165.38,3.0,28.67
Gurkeerat Singh,2013,108,95,9,10,3,113.68,8.0,13.5
Gurkeerat Singh,2015,35,39,5,3,1,89.74,5.0,7.0
Gurkeerat Singh,2016,113,86,6,11,3,131.4,5.0,22.6
Gurkeerat Singh,2019,98,70,3,11,2,140.0,3.0,32.67
Gurkeerat Singh,2020,71,80,5,8,0,88.75,0.0,
H Das,2008,2,5,1,0,0,40.0,1.0,2.0
H Klaasen,2018,57,47,4,5,1,121.28,3.0,19.0
H Klaasen,2019,9,9,2,0,0,100.0,2.0,4.5
H Klaasen,2023,445,251,11,32,25,177.29,9.0,49.44
H Klaasen,2024,476,277,15,19,38,171.84,12.0,39.67
H Klaasen,2025,484,279,13,42,25,173.48,11.0,44.0
H Klaasen,2026,624,390,15,48,31,160.0,13.0,48.0
HC Brook,2023,186,153,11,22,4,121.57,9.0,20.67
HE van der Dussen,2022,22,24,3,2,0,91.67,2.0,11.0
HF Gurney,2019,1,5,1,0,0,20.0,0.0,
HH Gibbs,2008,167,153,9,17,8,109.15,9.0,18.56
HH Gibbs,2009,371,330,14,32,12,112.42,11.0,33.73
HH Gibbs,2010,267,234,10,26,9,114.1,10.0,26.7
HH Gibbs,2012,81,88,3,8,2,92.05,2.0,40.5
HH Pandya,2015,110,60,8,9,8,183.33,5.0,22.0
HH Pandya,2016,44,63,9,4,0,69.84,7.0,6.29
HH Pandya,2017,250,159,16,11,20,157.23,7.0,35.71
HH Pandya,2018,260,195,13,20,11,133.33,9.0,28.89
HH Pandya,2019,407,211,15,28,30,192.89,9.0,45.22
HH Pandya,2020,281,159,13,14,25,176.73,9.0,31.22
HH Pandya,2021,126,111,11,11,5,113.51,9.0,14.0
HH Pandya,2022,486,370,15,49,12,131.35,11.0,44.18
HH Pandya,2023,341,251,15,25,15,135.86,11.0,31.0
HH Pandya,2024,216,151,13,17,11,143.05,12.0,18.0
HH Pandya,2025,224,137,12,18,13,163.5,9.0,24.89
HH Pandya,2026,206,149,10,21,7,138.26,9.0,22.89
HM Amla,2016,157,119,6,20,4,131.93,6.0,26.17
HM Amla,2017,418,287,10,40,17,145.64,7.0,59.71
HR Shokeen,2022,43,48,2,5,0,89.58,2.0,21.5
HR Shokeen,2023,23,17,3,4,0,135.29,1.0,23.0
HV Patel,2012,15,15,3,1,0,100.0,2.0,7.5
HV Patel,2014,13,7,3,1,1,185.71,2.0,6.5
HV Patel,2015,19,12,6,0,2,158.33,5.0,3.8
HV Patel,2018,60,33,2,1,6,181.82,1.0,60.0
HV Patel,2019,0,2,1,0,0,0.0,1.0,0.0
HV Patel,2020,21,24,2,2,0,87.5,2.0,10.5
HV Patel,2021,59,46,7,6,2,128.26,4.0,14.75
HV Patel,2022,43,39,7,4,2,110.26,5.0,8.6
HV Patel,2023,6,6,2,0,1,100.0,2.0,3.0
HV Patel,2024,13,19,4,1,1,68.42,3.0,4.33
HV Patel,2025,21,26,4,0,0,80.77,2.0,10.5
HV Patel,2026,10,9,3,2,0,111.11,3.0,3.33
Harbhajan Singh,2008,30,17,3,1,3,176.47,2.0,15.0
Harbhajan Singh,2009,84,53,10,6,5,158.49,8.0,10.5
Harbhajan Singh,2010,97,60,7,10,5,161.67,5.0,19.4
Harbhajan Singh,2011,103,71,8,9,6,145.07,3.0,34.33
Harbhajan Singh,2012,108,80,11,14,3,135.0,9.0,12.0
Harbhajan Singh,2013,116,79,13,12,5,146.84,6.0,19.33
Harbhajan Singh,2014,28,25,7,2,2,112.0,6.0,4.67
Harbhajan Singh,2015,116,72,9,9,9,161.11,7.0,16.57
Harbhajan Singh,2016,92,84,7,11,2,109.52,3.0,30.67
Harbhajan Singh,2017,16,16,7,0,1,100.0,2.0,8.0
Harbhajan Singh,2018,29,35,3,3,1,82.86,3.0,9.67
Harbhajan Singh,2019,1,3,1,0,0,33.33,1.0,1.0
Harbhajan Singh,2021,4,4,2,0,0,100.0,0.0,
Harmeet Singh,2010,0,1,1,0,0,0.0,2.0,0.0
Harmeet Singh,2012,15,7,2,3,0,214.29,1.0,15.0
Harmeet Singh,2013,3,4,1,0,0,75.0,1.0,3.0
Harpreet Brar,2019,20,12,1,2,1,166.67,0.0,
Harpreet Brar,2021,64,58,5,3,2,110.34,0.0,
Harpreet Brar,2022,22,25,3,1,2,88.0,3.0,7.33
Harpreet Brar,2023,52,41,8,5,2,126.83,6.0,8.67
Harpreet Brar,2024,75,54,7,8,2,138.89,2.0,37.5
Harpreet Brar,2025,11,13,2,0,1,84.62,1.0,11.0
Harpreet Brar,2026,5,3,1,1,0,166.67,0.0,
Harpreet Singh,2011,14,20,2,0,0,70.0,1.0,14.0
Harpreet Singh,2012,6,6,1,0,0,100.0,1.0,6.0
Harpreet Singh,2023,72,58,3,7,3,124.14,3.0,24.0
Harpreet Singh,2024,27,34,2,2,0,79.41,2.0,13.5
Harsh Dubey,2026,13,9,4,2,0,144.44,2.0,6.5
Harshit Rana,2022,2,2,2,0,0,100.0,1.0,2.0
Harshit Rana,2023,0,1,1,0,0,0.0,1.0,0.0
Harshit Rana,2025,57,52,7,5,3,109.62,4.0,14.25
Himmat Singh,2026,89,65,5,5,5,136.92,3.0,29.67
I Malhotra,2011,7,4,1,1,0,175.0,0.0,
I Sharma,2008,11,11,5,1,0,100.0,1.0,11.0
I Sharma,2009,16,13,3,1,1,123.08,2.0,8.0
I Sharma,2010,6,17,2,0,0,35.29,1.0,6.0
I Sharma,2011,4,5,4,0,0,80.0,0.0,
I Sharma,2017,8,12,3,1,0,66.67,2.0,4.0
I Sharma,2019,10,3,1,1,1,333.33,0.0,
I Sharma,2023,1,1,1,0,0,100.0,0.0,
I Sharma,2024,1,7,2,0,0,14.29,0.0,
I Udana,2020,15,11,4,1,1,136.36,3.0,5.0
IC Pandey,2013,0,2,1,0,0,0.0,1.0,0.0
IK Pathan,2008,130,115,10,9,6,113.04,6.0,21.67
IK Pathan,2009,196,158,12,17,6,124.05,10.0,19.6
IK Pathan,2010,276,186,13,21,10,148.39,8.0,34.5
IK Pathan,2011,150,137,12,12,6,109.49,8.0,18.75
IK Pathan,2012,176,126,12,14,6,139.68,7.0,25.14
IK Pathan,2013,153,155,13,10,4,98.71,8.0,19.12
IK Pathan,2014,55,54,6,5,0,101.85,2.0,27.5
IK Pathan,2016,11,13,3,0,0,84.62,3.0,3.67
IK Pathan,2017,2,3,1,0,0,66.67,1.0,2.0
IR Jaggi,2011,28,37,2,3,0,75.68,2.0,14.0
IR Jaggi,2012,15,21,3,0,0,71.43,2.0,7.5
IR Jaggi,2017,33,39,2,3,0,84.62,1.0,33.0
IS Sodhi,2018,1,6,1,0,0,16.67,1.0,1.0
IS Sodhi,2019,6,11,1,0,0,54.55,1.0,6.0
Imran Tahir,2014,8,10,2,2,0,80.0,2.0,4.0
Imran Tahir,2015,5,6,2,0,0,83.33,1.0,5.0
Imran Tahir,2016,5,7,1,1,0,71.43,1.0,5.0
Imran Tahir,2017,0,2,1,0,0,0.0,0.0,
Imran Tahir,2018,2,2,1,0,0,100.0,0.0,
Imran Tahir,2020,13,10,1,2,0,130.0,0.0,
Iqbal Abdulla,2008,1,2,1,0,0,50.0,0.0,
Iqbal Abdulla,2010,0,1,1,0,0,0.0,0.0,
Iqbal Abdulla,2011,15,12,2,1,0,125.0,0.0,
Iqbal Abdulla,2012,2,3,2,0,0,66.67,0.0,
Iqbal Abdulla,2013,8,14,2,0,0,57.14,0.0,
Iqbal Abdulla,2015,20,17,2,4,0,117.65,2.0,10.0
Iqbal Abdulla,2016,36,26,2,4,1,138.46,0.0,
Iqbal Abdulla,2017,5,7,1,0,0,71.43,0.0,
Ishan Kishan,2016,42,41,5,5,0,102.44,5.0,8.4
Ishan Kishan,2017,277,205,10,29,13,135.12,10.0,27.7
Ishan Kishan,2018,275,184,12,22,17,149.46,12.0,22.92
Ishan Kishan,2019,101,100,6,8,4,101.0,6.0,16.83
Ishan Kishan,2020,515,353,13,36,30,145.89,9.0,57.22
Ishan Kishan,2021,238,177,10,21,10,134.46,9.0,26.44
Ishan Kishan,2022,414,347,14,44,11,119.31,13.0,31.85
Ishan Kishan,2023,454,318,15,54,18,142.77,15.0,30.27
Ishan Kishan,2024,319,214,14,35,16,149.07,14.0,22.79
Ishan Kishan,2025,354,232,13,33,15,152.59,10.0,35.4
Ishan Kishan,2026,602,330,15,60,32,182.42,15.0,40.13
J Arunkumar,2008,23,23,3,5,0,100.0,3.0,7.67
J Botha,2009,46,39,3,5,0,117.95,2.0,23.0
J Botha,2011,230,198,9,20,2,116.16,5.0,46.0
J Botha,2012,58,54,7,4,1,107.41,4.0,14.5
J Botha,2013,43,52,6,5,1,82.69,6.0,7.17
J Botha,2015,31,15,3,5,1,206.67,3.0,10.33
J Fraser-McGurk,2024,324,139,9,32,27,233.09,9.0,36.0
J Fraser-McGurk,2025,55,52,6,7,2,105.77,6.0,9.17
J Overton,2025,15,7,2,1,1,214.29,0.0,
J Overton,2026,132,85,6,12,6,155.29,5.0,26.4
J Suchith,2015,48,32,5,4,2,150.0,1.0,48.0
J Suchith,2019,6,15,1,0,0,40.0,1.0,6.0
J Suchith,2021,14,6,1,2,1,233.33,0.0,
J Suchith,2022,2,8,2,0,0,25.0,2.0,1.0
J Syed Mohammad,2011,15,12,2,2,0,125.0,0.0,
J Syed Mohammad,2012,4,1,1,1,0,400.0,0.0,
J Syed Mohammad,2013,10,13,2,1,0,76.92,2.0,5.0
J Theron,2010,2,5,2,0,0,40.0,2.0,1.0
J Theron,2012,7,6,1,1,0,116.67,0.0,
J Theron,2015,1,1,1,0,0,100.0,0.0,
J Yadav,2016,6,10,2,0,0,60.0,2.0,3.0
J Yadav,2021,34,26,2,2,1,130.77,2.0,17.0
JA Morkel,2008,235,162,10,18,13,145.06,7.0,33.57
JA Morkel,2009,97,70,10,8,4,138.57,4.0,24.25
JA Morkel,2010,198,131,11,10,13,151.15,8.0,24.75
JA Morkel,2011,137,100,12,8,8,137.0,6.0,22.83
JA Morkel,2012,107,68,12,5,6,157.35,7.0,15.29
JA Morkel,2013,46,37,3,2,3,124.32,3.0,15.33
JA Morkel,2014,45,41,5,1,3,109.76,3.0,15.0
JA Morkel,2015,86,65,3,9,2,132.31,1.0,86.0
JA Morkel,2016,16,9,1,0,2,177.78,1.0,16.0
JA Richardson,2021,15,24,2,2,0,62.5,2.0,7.5
JA Richardson,2024,2,2,1,0,0,100.0,1.0,2.0
JC Archer,2018,14,19,6,2,0,73.68,5.0,2.8
JC Archer,2019,67,40,5,4,4,167.5,2.0,33.5
JC Archer,2020,101,61,10,5,8,165.57,6.0,16.83
JC Archer,2023,4,4,2,0,0,100.0,0.0,
JC Archer,2025,63,50,7,3,4,126.0,6.0,10.5
JC Archer,2026,60,46,10,3,4,130.43,6.0,10.0
JC Buttler,2016,254,183,14,23,11,138.8,11.0,23.09
JC Buttler,2017,273,179,10,27,15,152.51,11.0,24.82
JC Buttler,2018,547,352,13,52,21,155.4,10.0,54.7
JC Buttler,2019,311,205,8,38,14,151.71,8.0,38.88
JC Buttler,2020,328,227,12,27,16,144.49,10.0,32.8
JC Buttler,2021,242,164,7,27,11,147.56,7.0,34.57
JC Buttler,2022,857,574,17,83,45,149.3,15.0,57.13
JC Buttler,2023,388,281,14,41,14,138.08,14.0,27.71
JC Buttler,2024,359,254,11,36,12,141.34,9.0,39.89
JC Buttler,2025,538,330,13,52,24,163.03,9.0,59.78
JC Buttler,2026,526,345,17,51,26,152.46,14.0,37.57
JD Ryder,2009,56,48,5,9,0,116.67,5.0,11.2
JD Ryder,2011,288,196,13,36,11,146.94,13.0,22.15
JD Ryder,2012,252,211,11,22,8,119.43,10.0,25.2
JD Unadkat,2013,2,2,2,0,0,100.0,0.0,
JD Unadkat,2014,1,6,2,0,0,16.67,1.0,1.0
JD Unadkat,2017,2,5,1,0,0,40.0,0.0,
JD Unadkat,2018,49,38,5,6,1,128.95,4.0,12.25
JD Unadkat,2019,1,3,2,0,0,33.33,1.0,1.0
JD Unadkat,2020,9,13,1,0,0,69.23,1.0,9.0
JD Unadkat,2021,41,29,3,3,2,141.38,2.0,20.5
JD Unadkat,2022,59,37,5,4,3,159.46,3.0,19.67
JD Unadkat,2023,9,7,1,1,0,128.57,1.0,9.0
JD Unadkat,2024,24,26,5,2,1,92.31,3.0,8.0
JD Unadkat,2026,4,3,1,0,0,133.33,0.0,
JDP Oram,2008,18,12,2,1,1,150.0,1.0,18.0
JDP Oram,2009,88,92,8,5,4,95.65,6.0,14.67
JDP Oram,2011,0,3,1,0,0,0.0,1.0,0.0
JDS Neesham,2014,42,46,3,3,1,91.3,3.0,14.0
JDS Neesham,2020,19,18,3,0,1,105.56,2.0,9.5
JDS Neesham,2021,0,2,2,0,0,0.0,2.0,0.0
JDS Neesham,2022,31,27,2,3,0,114.81,2.0,15.5
JE Root,2023,10,15,1,1,0,66.67,1.0,10.0
JE Taylor,2011,3,3,2,0,0,100.0,1.0,3.0
JEC Franklin,2011,107,78,5,10,2,137.18,2.0,53.5
JEC Franklin,2012,220,222,11,15,7,99.1,9.0,24.44
JG Bethell,2025,67,39,2,9,3,171.79,2.0,33.5
JG Bethell,2026,96,77,7,12,3,124.68,7.0,13.71
JH Kallis,2008,199,183,11,23,4,108.74,11.0,18.09
JH Kallis,2009,360,331,15,37,8,108.76,13.0,27.69
JH Kallis,2010,566,489,16,66,9,115.75,12.0,47.17
JH Kallis,2011,424,378,14,46,6,112.17,12.0,35.33
JH Kallis,2012,408,382,17,34,10,106.81,16.0,25.5
JH Kallis,2013,311,322,15,35,3,96.58,15.0,20.73
JH Kallis,2014,151,128,7,13,4,117.97,6.0,25.17
JJ Bumrah,2014,1,3,2,0,0,33.33,0.0,
JJ Bumrah,2016,8,11,2,1,0,72.73,1.0,8.0
JJ Bumrah,2017,16,12,2,0,1,133.33,1.0,16.0
JJ Bumrah,2018,10,10,3,1,0,100.0,1.0,10.0
JJ Bumrah,2019,0,1,1,0,0,0.0,0.0,
JJ Bumrah,2020,5,3,1,0,0,166.67,0.0,
JJ Bumrah,2021,16,17,7,2,0,94.12,2.0,8.0
JJ Bumrah,2022,0,8,4,0,0,0.0,2.0,0.0
JJ Bumrah,2024,12,12,4,1,0,100.0,0.0,
JJ Bumrah,2025,0,1,1,0,0,0.0,0.0,
JJ Bumrah,2026,7,7,2,1,0,100.0,1.0,7.0
JJ Roy,2017,59,40,3,9,1,147.5,2.0,29.5
JJ Roy,2018,120,94,5,9,7,127.66,4.0,30.0
JJ Roy,2021,150,120,5,21,1,125.0,5.0,30.0
JJ Roy,2023,285,187,8,36,12,152.41,8.0,35.62
JJ van der Wath,2011,18,16,3,1,1,112.5,2.0,9.0
JL Denly,2019,0,1,1,0,0,0.0,1.0,0.0
JL Pattinson,2020,15,13,2,2,0,115.38,1.0,15.0
JM Bairstow,2019,444,281,10,48,18,158.01,8.0,55.5
JM Bairstow,2020,345,272,11,31,13,126.84,11.0,31.36
JM Bairstow,2021,248,175,7,20,15,141.71,6.0,41.33
JM Bairstow,2022,252,173,11,34,9,145.66,11.0,22.91
JM Bairstow,2024,298,195,11,33,14,152.82,10.0,29.8
JM Bairstow,2025,85,46,2,7,5,184.78,2.0,42.5
JM Kemp,2010,26,24,2,1,1,108.33,2.0,13.0
JM Sharma,2022,234,143,10,22,12,163.64,8.0,29.25
JM Sharma,2023,302,196,14,22,20,154.08,13.0,23.23
JM Sharma,2024,187,142,12,9,12,131.69,11.0,17.0
JM Sharma,2025,261,147,11,24,17,177.55,7.0,37.29
JM Sharma,2026,116,95,12,9,6,122.11,9.0,12.89
JO Holder,2014,16,12,1,2,1,133.33,1.0,16.0
JO Holder,2016,22,19,4,2,1,115.79,4.0,5.5
JO Holder,2020,66,53,4,5,3,124.53,2.0,33.0
JO Holder,2021,85,70,7,2,6,121.43,6.0,14.17
JO Holder,2022,58,44,8,2,6,131.82,6.0,9.67
JO Holder,2023,12,11,3,0,1,109.09,2.0,6.0
JO Holder,2026,65,52,7,3,3,125.0,5.0,13.0
JP Behrendorff,2023,6,9,2,0,0,66.67,0.0,
JP Duminy,2009,372,325,12,26,11,114.46,9.0,41.33
JP Duminy,2010,157,131,7,13,5,119.85,5.0,31.4
JP Duminy,2011,204,173,10,9,8,117.92,10.0,20.4
JP Duminy,2012,244,190,9,13,11,128.42,3.0,81.33
JP Duminy,2014,408,302,14,22,20,135.1,8.0,51.0
JP Duminy,2015,414,315,13,27,20,131.43,10.0,41.4
JP Duminy,2016,191,155,8,13,3,123.23,5.0,38.2
JP Duminy,2018,36,40,2,3,1,90.0,1.0,36.0
JP Faulkner,2012,14,13,2,0,0,107.69,1.0,14.0
JP Faulkner,2013,57,57,9,5,2,100.0,5.0,11.4
JP Faulkner,2014,180,93,12,8,16,193.55,4.0,45.0
JP Faulkner,2015,143,108,11,12,5,132.41,9.0,15.89
JP Faulkner,2016,77,58,5,7,0,132.76,3.0,25.67
JP Faulkner,2017,53,56,6,4,0,94.64,4.0,13.25
JP Inglis,2025,278,171,11,26,16,162.57,9.0,30.89
JP Inglis,2026,262,142,5,31,12,184.51,5.0,52.4
JPR Scantlebury-Searles,2018,8,6,2,0,1,133.33,1.0,8.0
JR Hazlewood,2022,18,26,5,1,0,69.23,0.0,
JR Hazlewood,2023,1,2,1,0,0,50.0,0.0,
JR Hazlewood,2025,0,1,1,0,0,0.0,0.0,
JR Hazlewood,2026,0,1,1,0,0,0.0,1.0,0.0
JR Hopes,2008,221,148,11,27,8,149.32,11.0,20.09
JR Hopes,2011,196,157,8,22,3,124.84,5.0,39.2
JR Philippe,2020,78,77,5,9,1,101.3,4.0,19.5
Jaskaran Singh,2010,8,11,4,0,0,72.73,1.0,8.0
Joginder Sharma,2008,16,11,2,1,1,145.45,2.0,8.0
Joginder Sharma,2009,20,18,2,0,1,111.11,1.0,20.0
Joginder Sharma,2011,0,1,1,0,0,0.0,1.0,0.0
K Goel,2008,76,78,6,7,4,97.44,6.0,12.67
K Goel,2009,124,133,8,9,4,93.23,8.0,15.5
K Goel,2010,18,20,2,1,1,90.0,1.0,18.0
K Gowtham,2018,126,64,13,9,9,196.88,9.0,14.0
K Gowtham,2019,18,19,4,1,1,94.74,3.0,6.0
K Gowtham,2020,42,27,2,3,2,155.56,1.0,42.0
K Gowtham,2022,0,1,1,0,0,0.0,1.0,0.0
K Gowtham,2023,61,37,7,2,5,164.86,4.0,15.25
K Kartikeya,2022,3,5,1,0,0,60.0,1.0,3.0
K Kartikeya,2023,6,7,1,1,0,85.71,1.0,6.0
K Kartikeya,2025,3,5,2,0,0,60.0,2.0,1.5
K Rabada,2017,55,64,3,5,1,85.94,3.0,18.33
K Rabada,2019,14,15,4,0,1,93.33,3.0,4.67
K Rabada,2020,56,49,6,4,2,114.29,4.0,14.0
K Rabada,2021,13,6,3,2,0,216.67,0.0,
K Rabada,2022,48,42,7,5,2,114.29,5.0,9.6
K Rabada,2023,0,2,2,0,0,0.0,1.0,0.0
K Rabada,2024,20,14,3,0,2,142.86,1.0,20.0
K Rabada,2025,9,8,2,0,1,112.5,1.0,9.0
K Rabada,2026,47,38,4,5,2,123.68,2.0,23.5
K Upadhyay,2012,11,8,1,0,1,137.5,0.0,
K Upadhyay,2013,1,1,1,0,0,100.0,0.0,
K Yadav,2021,0,4,1,0,0,0.0,0.0,
KA Jamieson,2021,65,55,7,5,3,118.18,4.0,16.25
KA Jamieson,2025,0,5,2,0,0,0.0,0.0,
KA Jamieson,2026,12,13,1,1,1,92.31,1.0,12.0
KA Maharaj,2024,1,2,1,0,0,50.0,1.0,1.0
KA Pollard,2010,273,146,14,23,17,186.99,12.0,22.75
KA Pollard,2011,145,132,12,12,6,109.85,10.0,14.5
KA Pollard,2012,220,158,11,15,14,139.24,9.0,24.44
KA Pollard,2013,414,278,18,27,28,148.92,10.0,41.4
KA Pollard,2014,272,202,15,15,15,134.65,8.0,34.0
KA Pollard,2015,415,255,14,27,28,162.75,11.0,37.73
KA Pollard,2016,207,144,12,11,16,143.75,8.0,25.88
KA Pollard,2017,395,279,16,27,23,141.58,14.0,28.21
KA Pollard,2018,133,99,8,10,7,134.34,7.0,19.0
KA Pollard,2019,269,176,12,14,20,152.84,8.0,33.62
KA Pollard,2020,281,149,12,17,22,188.59,6.0,46.83
KA Pollard,2021,243,164,13,16,16,148.17,8.0,30.38
KA Pollard,2022,144,133,11,6,9,108.27,10.0,14.4
KAJ Roach,2010,10,9,1,1,0,111.11,1.0,10.0
KB Arun Karthik,2010,3,5,1,0,0,60.0,0.0,
KB Arun Karthik,2011,7,8,2,1,0,87.5,2.0,3.5
KB Arun Karthik,2013,41,38,5,3,1,107.89,3.0,13.67
KC Cariappa,2016,13,11,2,0,1,118.18,1.0,13.0
KC Cariappa,2017,2,7,2,0,0,28.57,2.0,1.0
KC Cariappa,2019,9,3,1,0,1,300.0,0.0,
KC Sangakkara,2008,319,197,9,41,8,161.93,9.0,35.44
KC Sangakkara,2009,332,322,13,29,5,103.11,11.0,30.18
KC Sangakkara,2010,357,256,12,47,5,139.45,12.0,29.75
KC Sangakkara,2011,358,291,13,44,5,123.02,13.0,27.54
KC Sangakkara,2012,194,183,12,21,3,106.01,11.0,17.64
KC Sangakkara,2013,120,136,9,13,0,88.24,9.0,13.33
KD Karthik,2008,145,107,8,13,4,135.51,6.0,24.17
KD Karthik,2009,288,217,13,20,9,132.72,8.0,36.0
KD Karthik,2010,278,236,14,26,6,117.8,13.0,21.38
KD Karthik,2011,282,220,13,32,7,128.18,11.0,25.64
KD Karthik,2012,238,212,14,30,2,112.26,13.0,18.31
KD Karthik,2013,505,409,19,53,14,123.47,18.0,28.06
KD Karthik,2014,325,258,14,28,11,125.97,14.0,23.21
KD Karthik,2015,141,117,11,15,4,120.51,11.0,12.82
KD Karthik,2016,335,266,15,38,3,125.94,13.0,25.77
KD Karthik,2017,357,258,13,29,11,138.37,10.0,35.7
KD Karthik,2018,498,336,16,49,16,148.21,10.0,49.8
KD Karthik,2019,253,173,12,22,14,146.24,8.0,31.62
KD Karthik,2020,169,136,14,20,4,124.26,12.0,14.08
KD Karthik,2021,223,170,15,22,7,131.18,10.0,22.3
KD Karthik,2022,325,178,16,26,22,182.58,6.0,54.17
KD Karthik,2023,140,104,13,13,5,134.62,12.0,11.67
KD Karthik,2024,322,173,13,26,22,186.13,9.0,35.78
KH Pandya,2016,237,124,8,22,13,191.13,6.0,39.5
KH Pandya,2017,243,179,11,24,7,135.75,8.0,30.38
KH Pandya,2018,228,157,13,22,10,145.22,10.0,22.8
KH Pandya,2019,183,150,14,18,5,122.0,11.0,16.64
KH Pandya,2020,109,92,11,9,5,118.48,6.0,18.17
KH Pandya,2021,139,122,12,9,6,113.93,10.0,13.9
KH Pandya,2022,183,145,13,16,4,126.21,9.0,20.33
KH Pandya,2023,188,165,14,15,6,113.94,11.0,17.09
KH Pandya,2024,133,105,11,8,5,126.67,4.0,33.25
KH Pandya,2025,105,85,7,8,4,123.53,6.0,17.5
KH Pandya,2026,221,153,9,19,11,144.44,6.0,36.83
KJ Abbott,2016,13,8,3,0,1,162.5,1.0,13.0
KK Ahmed,2019,0,1,1,0,0,0.0,1.0,0.0
KK Ahmed,2020,0,2,1,0,0,0.0,1.0,0.0
KK Ahmed,2021,1,2,1,0,0,50.0,1.0,1.0
KK Ahmed,2022,0,2,2,0,0,0.0,2.0,0.0
KK Ahmed,2025,1,2,1,0,0,50.0,0.0,
KK Cooper,2012,37,19,4,3,3,194.74,2.0,18.5
KK Cooper,2013,39,22,5,4,2,177.27,4.0,9.75
KK Cooper,2014,39,26,3,2,3,150.0,3.0,13.0
KK Nair,2013,9,12,2,0,0,75.0,2.0,4.5
KK Nair,2014,330,232,11,38,9,142.24,10.0,33.0
KK Nair,2015,181,145,12,18,5,124.83,11.0,16.45
KK Nair,2016,352,295,12,39,6,119.32,10.0,35.2
KK Nair,2017,281,226,13,39,6,124.34,13.0,21.62
KK Nair,2018,301,221,12,23,13,136.2,12.0,25.08
KK Nair,2019,5,6,1,0,0,83.33,1.0,5.0
KK Nair,2020,16,14,3,2,0,114.29,2.0,8.0
KK Nair,2022,16,18,2,1,0,88.89,2.0,8.0
KK Nair,2025,198,115,8,24,10,172.17,8.0,24.75
KK Nair,2026,18,18,2,3,0,100.0,2.0,9.0
KL Nagarkoti,2020,22,31,6,1,0,70.97,3.0,7.33
KL Nagarkoti,2021,0,2,1,0,0,0.0,1.0,0.0
KL Rahul,2013,20,16,2,4,0,125.0,2.0,10.0
KL Rahul,2014,166,164,8,12,3,101.22,8.0,20.75
KL Rahul,2015,141,124,8,8,5,113.71,5.0,28.2
KL Rahul,2016,397,271,12,37,16,146.49,9.0,44.11
KL Rahul,2018,659,415,14,66,32,158.8,12.0,54.92
KL Rahul,2019,592,437,14,49,25,135.47,11.0,53.82
KL Rahul,2020,676,522,14,58,23,129.5,14.0,48.29
KL Rahul,2021,626,450,13,48,30,139.11,10.0,62.6
KL Rahul,2022,615,454,14,45,30,135.46,12.0,51.25
KL Rahul,2023,274,241,9,28,4,113.69,8.0,34.25
KL Rahul,2024,514,380,14,45,18,135.26,14.0,36.71
KL Rahul,2025,546,363,13,53,21,150.41,10.0,54.6
KL Rahul,2026,592,339,14,56,31,174.63,13.0,45.54
KM Asif,2023,0,2,1,0,0,0.0,1.0,0.0
KM Jadhav,2010,76,56,5,7,2,135.71,3.0,25.33
KM Jadhav,2011,18,23,4,1,0,78.26,3.0,6.0
KM Jadhav,2013,148,123,10,7,5,120.33,7.0,21.14
KM Jadhav,2014,146,99,10,13,7,147.47,5.0,29.2
KM Jadhav,2015,189,140,12,16,7,135.0,8.0,23.62
KM Jadhav,2016,38,31,3,1,2,122.58,0.0,
KM Jadhav,2017,265,183,13,25,10,144.81,12.0,22.08
KM Jadhav,2018,24,21,1,1,2,114.29,0.0,
KM Jadhav,2019,159,166,12,19,3,95.78,9.0,17.67
KM Jadhav,2020,61,65,5,7,0,93.85,3.0,20.33
KM Jadhav,2021,55,52,5,2,2,105.77,4.0,13.75
KM Jadhav,2023,12,10,1,1,0,120.0,0.0,
KMA Paul,2019,18,24,5,1,1,75.0,5.0,3.6
KMDN Kulasekara,2012,5,3,1,1,0,166.67,0.0,
KP Appanna,2009,0,1,1,0,0,0.0,0.0,
KP Appanna,2010,2,3,2,0,0,66.67,1.0,2.0
KP Pietersen,2009,92,84,6,8,2,109.52,6.0,15.33
KP Pietersen,2010,236,157,7,23,8,150.32,4.0,59.0
KP Pietersen,2012,305,207,8,22,20,147.34,5.0,61.0
KP Pietersen,2014,294,233,11,34,7,126.18,10.0,29.4
KP Pietersen,2016,73,61,4,4,3,119.67,3.0,24.33
KR Mayers,2023,373,258,13,38,21,144.57,13.0,28.69
KR Sen,2022,0,3,1,0,0,0.0,0.0,
KS Bharat,2021,190,154,6,10,8,123.38,5.0,38.0
KS Bharat,2022,8,7,2,2,0,114.29,2.0,4.0
KS Rathore,2025,0,5,1,0,0,0.0,1.0,0.0
KS Sharma,2022,4,4,1,1,0,100.0,1.0,4.0
KS Sharma,2023,12,21,2,0,0,57.14,2.0,6.0
KS Williamson,2015,31,27,2,1,1,114.81,1.0,31.0
KS Williamson,2016,124,122,6,14,0,101.64,6.0,20.67
KS Williamson,2017,256,168,7,20,10,152.38,6.0,42.67
KS Williamson,2018,735,515,17,64,28,142.72,14.0,52.5
KS Williamson,2019,154,129,9,12,5,119.38,7.0,22.0
KS Williamson,2020,316,236,11,26,10,133.9,7.0,45.14
KS Williamson,2021,269,237,10,30,2,113.5,6.0,44.83
KS Williamson,2022,216,231,12,16,8,93.51,11.0,19.64
KS Williamson,2024,27,27,2,4,0,100.0,2.0,13.5
KT Maphaka,2025,8,2,1,2,0,400.0,0.0,
KV Sharma,2009,1,3,1,0,0,33.33,1.0,1.0
KV Sharma,2013,85,86,7,6,2,98.84,4.0,21.25
KV Sharma,2014,42,29,8,1,3,144.83,4.0,10.5
KV Sharma,2015,104,85,9,3,6,122.35,6.0,17.33
KV Sharma,2016,36,30,3,3,1,120.0,0.0,
KV Sharma,2017,49,41,6,5,2,119.51,6.0,8.17
KV Sharma,2023,3,5,2,0,0,60.0,2.0,1.5
KV Sharma,2024,31,15,3,2,3,206.67,3.0,10.33
KV Sharma,2025,1,1,1,0,0,100.0,0.0,
KW Richardson,2013,34,36,2,2,1,94.44,2.0,17.0
KW Richardson,2014,1,2,1,0,0,50.0,1.0,1.0
KW Richardson,2016,1,1,1,0,0,100.0,0.0,
Kamran Akmal,2008,124,77,6,12,8,161.04,5.0,24.8
Kamran Khan,2009,3,5,1,0,0,60.0,1.0,3.0
Karanveer Singh,2014,1,1,1,0,0,100.0,0.0,
Karanveer Singh,2015,11,16,3,1,0,68.75,1.0,11.0
Kartik Sharma,2026,295,216,11,24,16,136.57,9.0,32.78
Kartik Tyagi,2020,4,6,2,0,0,66.67,1.0,4.0
Kartik Tyagi,2021,2,4,2,0,0,50.0,1.0,2.0
Kartik Tyagi,2022,7,6,2,1,0,116.67,2.0,3.5
Kartik Tyagi,2026,11,10,3,1,1,110.0,3.0,3.67
Krish Bhagat,2026,10,21,2,0,0,47.62,1.0,10.0
Kuldeep Yadav,2017,20,22,2,2,0,90.91,2.0,10.0
Kuldeep Yadav,2018,12,24,3,1,0,50.0,1.0,12.0
Kuldeep Yadav,2019,12,8,3,1,0,150.0,2.0,6.0
Kuldeep Yadav,2020,13,21,2,1,0,61.9,1.0,13.0
Kuldeep Yadav,2022,48,52,7,3,2,92.31,1.0,48.0
Kuldeep Yadav,2023,31,48,10,2,0,64.58,2.0,15.5
Kuldeep Yadav,2024,47,41,5,6,1,114.63,3.0,15.67
Kuldeep Yadav,2025,18,16,5,2,0,112.5,3.0,6.0
Kuldeep Yadav,2026,9,21,4,0,0,42.86,3.0,3.0
Kumar Kushagra,2024,3,7,3,0,0,42.86,3.0,1.0
Kumar Kushagra,2026,18,14,1,3,0,128.57,1.0,18.0
L Ablish,2011,0,2,1,0,0,0.0,0.0,
L Balaji,2008,0,4,1,0,0,0.0,1.0,0.0
L Balaji,2009,4,10,3,0,0,40.0,3.0,1.33
L Balaji,2010,18,20,3,1,1,90.0,2.0,9.0
L Balaji,2011,4,2,2,0,0,200.0,0.0,
L Balaji,2013,9,10,2,1,0,90.0,1.0,9.0
L Balaji,2014,1,3,2,0,0,33.33,1.0,1.0
L Ngidi,2025,0,2,1,0,0,0.0,0.0,
L Ngidi,2026,4,6,3,0,0,66.67,2.0,2.0
L Ronchi,2008,34,32,4,6,1,106.25,4.0,8.5
L Ronchi,2009,0,2,1,0,0,0.0,1.0,0.0
L Wood,2024,9,3,1,0,1,300.0,0.0,
LA Carseldine,2009,80,66,5,11,0,121.21,4.0,20.0
LA Pomersbach,2008,152,99,5,13,9,153.54,1.0,152.0
LA Pomersbach,2009,40,46,4,3,1,86.96,4.0,10.0
LA Pomersbach,2011,51,39,4,4,2,130.77,4.0,12.75
LA Pomersbach,2013,58,59,3,5,1,98.31,2.0,29.0
LB Williams,2024,1,2,1,0,0,50.0,0.0,
LE Plunkett,2018,1,3,2,0,0,33.33,1.0,1.0
LG Pretorius,2026,7,8,2,0,0,87.5,2.0,3.5
LH Ferguson,2017,1,1,1,0,0,100.0,0.0,
LH Ferguson,2020,43,29,2,4,1,148.28,0.0,
LH Ferguson,2021,14,10,1,0,1,140.0,0.0,
LH Ferguson,2022,5,4,2,1,0,125.0,2.0,2.5
LH Ferguson,2024,1,1,1,0,0,100.0,1.0,1.0
LH Ferguson,2025,4,1,1,1,0,400.0,0.0,
LJ Wright,2013,102,59,5,15,3,172.88,5.0,20.4
LMP Simmons,2014,394,290,8,43,14,135.86,7.0,56.29
LMP Simmons,2015,540,438,13,56,21,123.29,12.0,45.0
LMP Simmons,2016,8,8,1,0,1,100.0,1.0,8.0
LMP Simmons,2017,137,112,7,10,8,122.32,7.0,19.57
LPC Silva,2008,40,26,3,5,1,153.85,2.0,20.0
LR Shukla,2008,163,122,12,17,5,133.61,8.0,20.38
LR Shukla,2009,83,85,6,5,3,97.65,5.0,16.6
LR Shukla,2010,36,26,2,3,2,138.46,2.0,18.0
LR Shukla,2011,14,10,1,2,0,140.0,1.0,14.0
LR Shukla,2012,75,57,7,4,5,131.58,6.0,12.5
LR Shukla,2013,3,12,2,0,0,25.0,2.0,1.5
LR Shukla,2014,31,38,3,2,1,81.58,3.0,10.33
LRPL Taylor,2008,149,81,4,13,10,183.95,4.0,37.25
LRPL Taylor,2009,274,206,11,20,14,133.01,9.0,30.44
LRPL Taylor,2010,88,75,7,2,6,117.33,4.0,22.0
LRPL Taylor,2011,180,150,11,11,7,120.0,5.0,36.0
LRPL Taylor,2012,197,171,12,12,7,115.2,10.0,19.7
LRPL Taylor,2013,63,76,5,2,1,82.89,5.0,12.6
LRPL Taylor,2014,59,59,4,6,0,100.0,3.0,19.67
LS Livingstone,2019,70,48,4,6,5,145.83,3.0,23.33
LS Livingstone,2021,42,41,5,3,1,102.44,5.0,8.4
LS Livingstone,2022,436,238,14,29,34,183.19,12.0,36.33
LS Livingstone,2023,264,166,9,18,18,159.04,8.0,33.0
LS Livingstone,2024,111,78,7,8,7,142.31,5.0,22.2
LS Livingstone,2025,112,84,8,4,9,133.33,7.0,16.0
LS Livingstone,2026,15,25,2,0,1,60.0,2.0,7.5
Lalit Yadav,2021,63,70,5,6,0,90.0,2.0,31.5
Lalit Yadav,2022,155,144,8,11,6,107.64,7.0,22.14
Lalit Yadav,2023,66,59,6,8,0,111.86,5.0,13.2
Lalit Yadav,2024,10,12,2,1,0,83.33,2.0,5.0
Liton Das,2023,4,4,1,1,0,100.0,1.0,4.0
M Ashwin,2016,0,1,1,0,0,0.0,1.0,0.0
M Ashwin,2018,1,2,1,0,0,50.0,1.0,1.0
M Ashwin,2019,3,5,3,0,0,60.0,1.0,3.0
M Ashwin,2020,4,4,1,0,0,100.0,1.0,4.0
M Ashwin,2021,15,24,2,1,0,62.5,2.0,7.5
M Ashwin,2022,12,14,4,1,1,85.71,3.0,4.0
M Jansen,2021,0,3,2,0,0,0.0,2.0,0.0
M Jansen,2022,9,7,2,0,1,128.57,1.0,9.0
M Jansen,2023,39,43,6,4,0,90.7,3.0,13.0
M Jansen,2024,18,13,2,1,1,138.46,1.0,18.0
M Jansen,2025,75,63,8,3,4,119.05,4.0,18.75
M Jansen,2026,51,45,5,1,3,113.33,4.0,12.75
M Kaif,2008,176,170,14,14,6,103.53,11.0,16.0
M Kaif,2010,28,30,3,2,0,93.33,3.0,9.33
M Kaif,2011,41,33,4,5,0,124.24,3.0,13.67
M Kaif,2012,14,16,1,1,0,87.5,1.0,14.0
M Kartik,2008,30,27,3,3,0,111.11,3.0,10.0
M Kartik,2009,21,20,2,0,0,105.0,0.0,
M Kartik,2010,22,22,2,2,0,100.0,2.0,11.0
M Kartik,2011,11,14,2,1,0,78.57,1.0,11.0
M Kartik,2012,26,21,3,1,1,123.81,0.0,
M Kartik,2013,2,3,2,0,0,66.67,1.0,2.0
M Klinger,2011,72,75,4,9,0,96.0,4.0,18.0
M Manhas,2009,75,62,6,7,1,120.97,3.0,25.0
M Manhas,2010,157,149,8,14,0,105.37,4.0,39.25
M Manhas,2011,114,123,10,8,4,92.68,10.0,11.4
M Manhas,2012,120,96,7,10,4,125.0,4.0,30.0
M Manhas,2013,13,17,2,1,0,76.47,0.0,
M Manhas,2014,35,23,5,3,1,152.17,2.0,17.5
M Markande,2018,21,24,6,2,0,87.5,2.0,10.5
M Markande,2019,6,5,1,1,0,120.0,1.0,6.0
M Markande,2023,21,13,3,2,1,161.54,0.0,
M Morkel,2009,8,8,1,1,0,100.0,1.0,8.0
M Morkel,2010,9,16,2,1,0,56.25,1.0,9.0
M Morkel,2011,36,24,5,2,2,150.0,2.0,18.0
M Morkel,2012,3,5,3,0,0,60.0,2.0,1.5
M Morkel,2013,57,29,6,6,3,196.55,5.0,11.4
M Morkel,2014,4,3,1,0,0,133.33,0.0,
M Morkel,2015,4,3,1,0,0,133.33,0.0,
M Morkel,2016,1,1,1,0,0,100.0,0.0,
M Muralitharan,2008,0,3,1,0,0,0.0,1.0,0.0
M Muralitharan,2009,8,8,4,1,0,100.0,2.0,4.0
M Muralitharan,2010,1,2,1,0,0,50.0,1.0,1.0
M Muralitharan,2011,5,7,1,0,0,71.43,0.0,
M Muralitharan,2012,6,9,2,0,0,66.67,2.0,3.0
M Ntini,2008,11,18,2,2,0,61.11,1.0,11.0
M Prasidh Krishna,2018,1,5,1,0,0,20.0,0.0,
M Prasidh Krishna,2019,0,2,1,0,0,0.0,1.0,0.0
M Prasidh Krishna,2020,2,4,2,0,0,50.0,0.0,
M Prasidh Krishna,2021,0,1,1,0,0,0.0,1.0,0.0
M Prasidh Krishna,2022,6,12,2,0,0,50.0,1.0,6.0
M Prasidh Krishna,2026,6,7,1,1,0,85.71,0.0,
M Rawat,2008,34,39,7,3,1,87.18,4.0,8.5
M Rawat,2009,16,19,3,1,0,84.21,0.0,
M Rawat,2013,5,11,1,0,0,45.45,1.0,5.0
M Shahrukh Khan,2021,153,114,10,9,10,134.21,7.0,21.86
M Shahrukh Khan,2022,117,108,8,4,9,108.33,7.0,16.71
M Shahrukh Khan,2023,156,94,12,13,9,165.96,7.0,22.29
M Shahrukh Khan,2024,127,75,7,9,9,169.33,7.0,18.14
M Shahrukh Khan,2025,179,100,11,11,13,179.0,6.0,29.83
M Shahrukh Khan,2026,43,33,5,3,2,130.3,4.0,10.75
M Theekshana,2022,7,7,2,0,1,100.0,1.0,7.0
M Theekshana,2025,10,27,4,0,0,37.04,2.0,5.0
M Tiwari,2025,3,4,1,0,0,75.0,1.0,3.0
M Tiwari,2026,18,8,1,2,1,225.0,0.0,
M Vijay,2009,60,67,4,4,2,89.55,4.0,15.0
M Vijay,2010,458,292,15,36,26,156.85,13.0,35.23
M Vijay,2011,434,339,16,34,20,128.02,16.0,27.12
M Vijay,2012,336,265,13,39,10,126.79,13.0,25.85
M Vijay,2013,312,286,15,27,8,109.09,14.0,22.29
M Vijay,2014,207,193,11,20,5,107.25,11.0,18.82
M Vijay,2015,251,228,11,27,8,110.09,11.0,22.82
M Vijay,2016,453,364,14,50,10,124.45,13.0,34.85
M Vijay,2018,12,10,1,0,1,120.0,1.0,12.0
M Vijay,2019,64,61,2,6,1,104.92,2.0,32.0
M Vijay,2020,32,43,3,4,0,74.42,3.0,10.67
M Vohra,2013,161,117,10,22,2,137.61,8.0,20.12
M Vohra,2014,324,232,8,27,16,139.66,8.0,40.5
M Vohra,2015,82,81,7,4,5,101.23,7.0,11.71
M Vohra,2016,161,131,7,19,3,122.9,7.0,23.0
M Vohra,2017,229,159,9,23,9,144.03,9.0,25.44
M Vohra,2018,55,47,4,2,4,117.02,4.0,13.75
M Vohra,2021,42,39,4,5,2,107.69,4.0,10.5
M Vohra,2022,19,11,1,1,2,172.73,1.0,19.0
M Vohra,2023,10,11,1,1,0,90.91,1.0,10.0
M de Lange,2014,1,2,1,0,0,50.0,1.0,1.0
MA Agarwal,2011,137,117,7,16,4,117.09,7.0,19.57
MA Agarwal,2012,225,157,12,19,15,143.31,11.0,20.45
MA Agarwal,2013,67,62,5,6,3,108.06,5.0,13.4
MA Agarwal,2014,115,91,8,12,3,126.37,8.0,14.38
MA Agarwal,2015,213,176,10,23,7,121.02,9.0,23.67
MA Agarwal,2016,27,25,3,3,1,108.0,3.0,9.0
MA Agarwal,2017,26,27,3,3,0,96.3,3.0,8.67
MA Agarwal,2018,120,94,11,9,5,127.66,10.0,12.0
MA Agarwal,2019,332,234,13,26,14,141.88,13.0,25.54
MA Agarwal,2020,432,273,11,46,15,158.24,11.0,39.27
MA Agarwal,2021,431,309,12,40,18,139.48,11.0,39.18
MA Agarwal,2022,196,160,12,23,6,122.5,12.0,16.33
MA Agarwal,2023,266,208,10,28,6,127.88,10.0,26.6
MA Agarwal,2024,64,57,4,8,1,112.28,4.0,16.0
MA Agarwal,2025,95,64,4,10,2,148.44,3.0,31.67
MA Khote,2008,24,22,3,2,1,109.09,2.0,12.0
MA Starc,2014,85,84,8,9,0,101.19,6.0,14.17
MA Starc,2015,11,14,3,1,0,78.57,1.0,11.0
MA Starc,2024,9,11,5,1,0,81.82,2.0,4.5
MA Starc,2025,6,10,5,0,0,60.0,2.0,3.0
MA Starc,2026,0,2,1,0,0,0.0,1.0,0.0
MA Wood,2018,1,3,1,0,0,33.33,1.0,1.0
MA Wood,2023,11,5,2,1,1,220.0,1.0,11.0
MC Henriques,2009,38,40,3,2,1,95.0,2.0,19.0
MC Henriques,2010,11,5,1,2,0,220.0,1.0,11.0
MC Henriques,2013,165,124,9,20,3,133.06,4.0,41.25
MC Henriques,2014,9,14,2,1,0,64.29,2.0,4.5
MC Henriques,2015,283,210,9,18,13,134.76,7.0,40.43
MC Henriques,2016,182,157,15,15,6,115.92,12.0,15.17
MC Henriques,2017,277,203,11,28,4,136.45,6.0,46.17
MC Henriques,2021,31,32,4,0,1,96.88,2.0,15.5
MC Juneja,2013,125,128,7,11,1,97.66,7.0,17.86
MD Choudhary,2026,170,120,10,11,12,141.67,6.0,28.33
MD Mishra,2010,164,142,11,18,6,115.49,11.0,14.91
MD Mishra,2011,67,60,5,5,2,111.67,4.0,16.75
MD Mishra,2012,4,4,1,1,0,100.0,1.0,4.0
MD Shanaka,2023,26,26,3,2,1,100.0,2.0,13.0
MD Shanaka,2026,63,46,5,3,4,136.96,5.0,12.6
MDKJ Perera,2013,14,13,2,3,0,107.69,2.0,7.0
MEK Hussey,2008,168,100,3,12,11,168.0,2.0,84.0
MEK Hussey,2010,37,44,3,2,0,84.09,2.0,18.5
MEK Hussey,2011,492,413,14,53,6,119.13,12.0,41.0
MEK Hussey,2012,261,236,8,28,8,110.59,8.0,32.62
MEK Hussey,2013,732,565,17,81,17,129.56,14.0,52.29
MEK Hussey,2014,209,182,9,17,7,114.84,9.0,23.22
MEK Hussey,2015,77,70,4,5,3,110.0,4.0,19.25
MF Maharoof,2008,125,79,8,10,7,158.23,6.0,20.83
MF Maharoof,2009,21,21,2,0,0,100.0,1.0,21.0
MF Maharoof,2010,31,23,4,2,2,134.78,3.0,10.33
MG Bracewell,2023,58,47,4,6,1,123.4,2.0,29.0
MG Johnson,2013,39,36,6,2,2,108.33,4.0,9.75
MG Johnson,2014,56,50,8,4,3,112.0,3.0,18.67
MG Johnson,2015,31,36,8,1,1,86.11,4.0,7.75
MG Johnson,2016,5,14,2,0,0,35.71,2.0,2.5
MG Johnson,2017,20,17,2,1,1,117.65,0.0,
MG Johnson,2018,15,10,2,2,0,150.0,0.0,
MJ Clarke,2012,98,94,6,12,0,104.26,6.0,16.33
MJ Guptill,2016,57,55,3,3,3,103.64,3.0,19.0
MJ Guptill,2017,126,87,7,17,4,144.83,6.0,21.0
MJ Guptill,2019,82,54,3,4,7,151.85,3.0,27.33
MJ Henry,2026,7,10,2,1,0,70.0,2.0,3.5
MJ Lumb,2010,278,189,11,45,6,147.09,11.0,25.27
MJ Lumb,2011,0,2,1,0,0,0.0,1.0,0.0
MJ McClenaghan,2015,13,6,3,0,2,216.67,1.0,13.0
MJ McClenaghan,2016,34,23,4,2,3,147.83,3.0,11.33
MJ McClenaghan,2017,16,15,5,0,1,106.67,4.0,4.0
MJ McClenaghan,2018,10,9,3,1,1,111.11,2.0,5.0
MJ McClenaghan,2019,11,16,4,2,0,68.75,3.0,3.67
MJ Owen,2025,0,2,1,0,0,0.0,1.0,0.0
MJ Santner,2019,31,22,2,0,3,140.91,1.0,31.0
MJ Santner,2022,22,27,4,3,0,81.48,2.0,11.0
MJ Santner,2023,2,4,2,0,0,50.0,0.0,
MJ Santner,2024,14,17,3,1,0,82.35,3.0,4.67
MJ Santner,2025,40,33,8,2,3,121.21,2.0,20.0
MJ Santner,2026,26,19,2,3,0,136.84,0.0,
MJ Suthar,2024,1,2,1,0,0,50.0,1.0,1.0
MK Lomror,2018,20,21,2,1,0,95.24,1.0,20.0
MK Lomror,2019,8,3,1,2,0,266.67,1.0,8.0
MK Lomror,2020,59,54,3,2,3,109.26,3.0,19.67
MK Lomror,2021,94,73,4,3,6,128.77,3.0,31.33
MK Lomror,2022,86,57,5,7,4,150.88,5.0,17.2
MK Lomror,2023,134,96,10,9,8,139.58,8.0,16.75
MK Lomror,2024,125,68,10,9,9,183.82,8.0,15.62
MK Pandey,2008,3,9,2,0,0,33.33,2.0,1.5
MK Pandey,2009,167,117,4,17,4,142.74,2.0,83.5
MK Pandey,2010,248,225,13,27,7,110.22,12.0,20.67
MK Pandey,2011,246,227,9,28,6,108.37,9.0,27.33
MK Pandey,2012,138,110,9,11,6,125.45,7.0,19.71
MK Pandey,2013,136,137,7,11,3,99.27,6.0,22.67
MK Pandey,2014,409,343,15,35,11,119.24,13.0,31.46
MK Pandey,2015,225,184,12,22,7,122.28,11.0,20.45
MK Pandey,2016,248,183,11,17,9,135.52,8.0,31.0
MK Pandey,2017,391,306,12,27,12,127.78,8.0,48.88
MK Pandey,2018,284,246,13,22,5,115.45,11.0,25.82
MK Pandey,2019,345,264,11,34,6,130.68,9.0,38.33
MK Pandey,2020,425,333,15,35,18,127.63,13.0,32.69
MK Pandey,2021,286,235,8,21,9,121.7,6.0,47.67
MK Pandey,2022,88,80,6,9,2,110.0,6.0,14.67
MK Pandey,2023,159,145,9,15,3,109.66,9.0,17.67
MK Pandey,2024,42,30,1,2,2,140.0,1.0,42.0
MK Pandey,2025,92,65,3,5,5,141.54,2.0,46.0
MK Pandey,2026,70,49,2,8,2,142.86,2.0,35.0
MK Tiwary,2008,104,85,7,16,0,122.35,4.0,26.0
MK Tiwary,2009,9,13,1,1,0,69.23,1.0,9.0
MK Tiwary,2010,236,185,11,23,5,127.57,9.0,26.22
MK Tiwary,2011,354,322,13,25,14,109.94,7.0,50.57
MK Tiwary,2012,260,246,15,21,3,105.69,10.0,26.0
MK Tiwary,2013,146,140,9,12,1,104.29,8.0,18.25
MK Tiwary,2014,152,118,8,14,4,128.81,5.0,30.4
MK Tiwary,2015,57,56,2,8,1,101.79,2.0,28.5
MK Tiwary,2017,320,235,13,30,11,136.17,10.0,32.0
MK Tiwary,2018,47,44,4,4,1,106.82,3.0,15.67
ML Hayden,2008,179,127,4,22,6,140.94,3.0,59.67
ML Hayden,2009,571,393,12,60,22,145.29,11.0,51.91
ML Hayden,2010,346,279,16,37,16,124.01,17.0,20.35
MM Ali,2018,77,46,4,4,6,167.39,4.0,19.25
MM Ali,2019,220,133,10,16,17,165.41,8.0,27.5
MM Ali,2020,12,16,3,1,0,75.0,3.0,4.0
MM Ali,2021,357,260,15,31,19,137.31,14.0,25.5
MM Ali,2022,244,177,10,24,11,137.85,10.0,24.4
MM Ali,2023,122,88,10,12,6,138.64,7.0,17.43
MM Ali,2024,128,98,5,7,8,130.61,5.0,25.6
MM Ali,2025,5,14,2,0,0,35.71,2.0,2.5
MM Patel,2008,0,1,1,0,0,0.0,0.0,
MM Patel,2009,33,26,5,5,0,126.92,3.0,11.0
MM Patel,2010,4,5,2,0,0,80.0,1.0,4.0
MM Patel,2011,0,1,1,0,0,0.0,1.0,0.0
MM Patel,2012,2,7,2,0,0,28.57,0.0,
MM Patel,2017,0,1,1,0,0,0.0,1.0,0.0
MM Sharma,2013,0,5,2,0,0,0.0,1.0,0.0
MM Sharma,2014,1,3,1,0,0,33.33,0.0,
MM Sharma,2015,28,18,5,1,2,155.56,3.0,9.33
MM Sharma,2016,32,26,5,3,1,123.08,4.0,8.0
MM Sharma,2017,51,50,7,4,1,102.0,6.0,8.5
MM Sharma,2018,10,13,4,1,0,76.92,1.0,10.0
MM Sharma,2019,0,2,1,0,0,0.0,0.0,
MM Sharma,2023,0,1,1,0,0,0.0,0.0,
MM Sharma,2024,2,15,2,0,0,13.33,2.0,1.0
MM Sharma,2025,1,3,2,0,0,33.33,1.0,1.0
MN Samuels,2012,124,123,8,7,5,100.81,7.0,17.71
MN Samuels,2013,8,18,2,1,0,44.44,2.0,4.0
MN Samuels,2017,29,31,4,1,2,93.55,4.0,7.25
MN van Wyk,2009,163,131,5,18,1,124.43,3.0,54.33
MP Breetzke,2025,14,12,1,1,1,116.67,1.0,14.0
MP Stoinis,2016,146,108,5,13,4,135.19,4.0,36.5
MP Stoinis,2017,17,24,3,1,0,70.83,3.0,5.67
MP Stoinis,2018,98,75,7,6,4,130.67,4.0,24.5
MP Stoinis,2019,211,156,10,14,10,135.26,4.0,52.75
MP Stoinis,2020,351,235,17,31,16,149.36,14.0,25.07
MP Stoinis,2021,89,71,7,11,1,125.35,4.0,22.25
MP Stoinis,2022,156,106,10,7,13,147.17,8.0,19.5
MP Stoinis,2023,408,272,15,28,27,150.0,13.0,31.38
MP Stoinis,2024,380,261,14,37,16,145.59,12.0,31.67
MP Stoinis,2025,160,85,11,8,15,188.24,6.0,26.67
MP Stoinis,2026,212,119,9,22,11,178.15,6.0,35.33
MP Yadav,2026,5,5,1,1,0,100.0,1.0,5.0
MR Marsh,2010,28,30,2,1,1,93.33,2.0,14.0
MR Marsh,2011,50,49,3,2,3,102.04,2.0,25.0
MR Marsh,2013,140,106,8,6,10,132.08,7.0,20.0
MR Marsh,2016,7,11,1,0,0,63.64,1.0,7.0
MR Marsh,2020,0,1,1,0,0,0.0,1.0,0.0
MR Marsh,2022,251,189,8,19,14,132.8,8.0,31.38
MR Marsh,2023,128,97,9,11,7,131.96,9.0,14.22
MR Marsh,2024,61,38,4,9,3,160.53,4.0,15.25
MR Marsh,2025,627,381,13,56,37,164.57,13.0,48.23
MR Marsh,2026,555,343,13,49,36,161.81,13.0,42.69
MS Bhandage,2025,1,4,1,0,0,25.0,1.0,1.0
MS Bisla,2010,214,177,10,26,6,120.9,10.0,21.4
MS Bisla,2011,72,89,5,8,0,80.9,5.0,14.4
MS Bisla,2012,213,160,7,16,10,133.12,7.0,30.43
MS Bisla,2013,255,235,14,36,6,108.51,13.0,19.62
MS Bisla,2014,3,9,1,0,0,33.33,1.0,3.0
MS Bisla,2015,37,30,2,6,1,123.33,2.0,18.5
MS Dhoni,2008,414,310,14,38,15,133.55,10.0,41.4
MS Dhoni,2009,332,261,13,22,9,127.2,8.0,41.5
MS Dhoni,2010,287,210,11,26,8,136.67,9.0,31.89
MS Dhoni,2011,391,245,13,25,23,159.59,9.0,43.44
MS Dhoni,2012,355,275,17,26,9,129.09,12.0,29.58
MS Dhoni,2013,458,280,16,32,25,163.57,11.0,41.64
MS Dhoni,2014,371,247,15,22,20,150.2,5.0,74.2
MS Dhoni,2015,372,305,17,27,17,121.97,12.0,31.0
MS Dhoni,2016,284,210,12,18,14,135.24,7.0,40.57
MS Dhoni,2017,290,250,15,15,16,116.0,11.0,26.36
MS Dhoni,2018,455,301,15,24,30,151.16,6.0,75.83
MS Dhoni,2019,402,305,12,22,21,131.8,5.0,80.4
MS Dhoni,2020,200,172,12,16,7,116.28,8.0,25.0
MS Dhoni,2021,114,107,11,12,3,106.54,7.0,16.29
MS Dhoni,2022,225,186,12,21,9,120.97,7.0,32.14
MS Dhoni,2023,102,54,12,3,10,188.89,4.0,25.5
MS Dhoni,2024,161,72,11,14,13,223.61,3.0,53.67
MS Dhoni,2025,196,145,13,12,12,135.17,8.0,24.5
MS Gony,2008,35,22,5,2,3,159.09,1.0,35.0
MS Gony,2009,13,7,2,0,2,185.71,2.0,6.5
MS Gony,2010,2,6,1,0,0,33.33,1.0,2.0
MS Gony,2011,0,2,2,0,0,0.0,1.0,0.0
MS Gony,2012,4,8,1,0,0,50.0,1.0,4.0
MS Gony,2013,45,25,4,4,3,180.0,4.0,11.25
MS Wade,2011,22,33,3,0,0,66.67,3.0,7.33
MS Wade,2022,157,138,10,23,2,113.77,10.0,15.7
MS Wade,2024,4,6,1,0,0,66.67,1.0,4.0
MV Boucher,2008,225,177,10,24,6,127.12,7.0,32.14
MV Boucher,2009,143,114,9,8,5,125.44,5.0,28.6
MV Boucher,2010,13,10,2,0,1,130.0,1.0,13.0
MV Boucher,2011,6,6,2,0,0,100.0,1.0,6.0
MW Short,2023,117,92,6,15,4,127.17,6.0,19.5
MW Short,2026,58,50,3,6,1,116.0,3.0,19.33
Mandeep Singh,2010,4,11,2,1,0,36.36,2.0,2.0
Mandeep Singh,2011,47,41,5,4,1,114.63,4.0,11.75
Mandeep Singh,2012,431,341,16,53,7,126.39,16.0,26.94
Mandeep Singh,2013,260,223,14,36,0,116.59,13.0,20.0
Mandeep Singh,2014,24,25,3,2,0,96.0,3.0,8.0
Mandeep Singh,2015,157,100,8,17,6,157.0,7.0,22.43
Mandeep Singh,2017,188,177,10,21,4,106.21,10.0,18.8
Mandeep Singh,2018,252,186,13,16,11,135.48,10.0,25.2
Mandeep Singh,2019,165,120,12,10,4,137.5,4.0,41.25
Mandeep Singh,2020,130,109,7,10,4,119.27,6.0,21.67
Mandeep Singh,2021,15,13,1,2,0,115.38,1.0,15.0
Mandeep Singh,2022,18,23,3,4,0,78.26,3.0,6.0
Mandeep Singh,2023,14,16,3,0,1,87.5,3.0,4.67
Mashrafe Mortaza,2009,2,2,1,0,0,100.0,0.0,
Mayank Dagar,2024,0,1,1,0,0,0.0,1.0,0.0
Misbah-ul-Haq,2008,117,81,8,10,6,144.44,7.0,16.71
Mohammad Ashraful,2009,2,10,1,0,0,20.0,1.0,2.0
Mohammad Asif,2008,3,6,2,0,0,50.0,2.0,1.5
Mohammad Hafeez,2008,64,83,8,7,2,77.11,7.0,9.14
Mohammad Nabi,2017,2,3,1,0,0,66.67,1.0,2.0
Mohammad Nabi,2018,18,12,2,3,0,150.0,2.0,9.0
Mohammad Nabi,2019,115,77,7,8,7,149.35,7.0,16.43
Mohammad Nabi,2020,11,8,1,2,0,137.5,0.0,
Mohammad Nabi,2021,34,20,3,3,2,170.0,3.0,11.33
Mohammad Nabi,2024,35,31,5,2,2,112.9,4.0,8.75
Mohammed Shami,2013,5,10,1,0,0,50.0,1.0,5.0
Mohammed Shami,2014,3,7,4,0,0,42.86,2.0,1.5
Mohammed Shami,2016,2,4,2,0,0,50.0,0.0,
Mohammed Shami,2017,36,24,6,4,2,150.0,4.0,9.0
Mohammed Shami,2018,7,6,1,1,0,116.67,1.0,7.0
Mohammed Shami,2019,1,2,2,0,0,50.0,1.0,1.0
Mohammed Shami,2020,2,3,2,0,0,66.67,1.0,2.0
Mohammed Shami,2021,13,17,3,0,0,76.47,1.0,13.0
Mohammed Shami,2023,5,6,2,1,0,83.33,2.0,2.5
Mohammed Shami,2025,10,10,4,1,0,100.0,1.0,10.0
Mohammed Shami,2026,31,22,7,2,3,140.91,5.0,6.2
Mohammed Siraj,2018,25,22,3,2,1,113.64,2.0,12.5
Mohammed Siraj,2019,4,12,3,0,0,33.33,1.0,4.0
Mohammed Siraj,2020,17,14,3,2,0,121.43,1.0,17.0
Mohammed Siraj,2021,20,26,4,1,1,76.92,1.0,20.0
Mohammed Siraj,2022,30,33,4,5,0,90.91,2.0,15.0
Mohammed Siraj,2023,1,2,2,0,0,50.0,1.0,1.0
Mohammed Siraj,2024,12,8,1,0,2,150.0,2.0,6.0
Mohammed Siraj,2025,3,4,1,0,0,75.0,0.0,
Mohammed Siraj,2026,5,16,2,1,0,31.25,2.0,2.5
Mohit Rathee,2023,1,2,1,0,0,50.0,0.0,
Mohsin Khan,2022,23,16,3,2,1,143.75,1.0,23.0
Mohsin Khan,2023,0,7,1,0,0,0.0,1.0,0.0
Mohsin Khan,2024,2,1,1,0,0,200.0,1.0,2.0
Mohsin Khan,2026,0,4,2,0,0,0.0,2.0,0.0
Mujeeb Ur Rahman,2018,10,7,2,2,0,142.86,1.0,10.0
Mujeeb Ur Rahman,2019,0,4,2,0,0,0.0,1.0,0.0
Mujeeb Ur Rahman,2020,1,3,1,0,0,33.33,1.0,1.0
Mujeeb Ur Rahman,2021,1,1,1,0,0,100.0,0.0,
Mukesh Choudhary,2022,6,6,2,1,0,100.0,1.0,6.0
Mukesh Choudhary,2026,2,2,1,0,0,100.0,0.0,
Mukesh Kumar,2023,7,9,3,0,0,77.78,0.0,
Mukesh Kumar,2024,3,9,2,0,0,33.33,1.0,3.0
Musheer Khan,2025,0,3,1,0,0,0.0,1.0,0.0
Mustafizur Rahman,2018,1,3,1,0,0,33.33,1.0,1.0
Mustafizur Rahman,2021,8,14,3,0,1,57.14,0.0,
Mustafizur Rahman,2022,3,5,1,0,0,60.0,0.0,
Mustafizur Rahman,2023,1,1,1,0,0,100.0,0.0,
Mustafizur Rahman,2025,0,1,1,0,0,0.0,1.0,0.0
N Burger,2026,14,9,3,0,1,155.56,1.0,14.0
N Jagadeesan,2020,33,29,2,4,0,113.79,2.0,16.5
N Jagadeesan,2022,40,37,2,3,1,108.11,1.0,40.0
N Jagadeesan,2023,89,81,6,14,1,109.88,6.0,14.83
N Pooran,2019,168,107,6,10,14,157.01,6.0,28.0
N Pooran,2020,353,209,14,23,25,168.9,12.0,29.42
N Pooran,2021,85,76,10,3,5,111.84,11.0,7.73
N Pooran,2022,306,212,13,16,21,144.34,8.0,38.25
N Pooran,2023,358,207,15,26,26,172.95,12.0,29.83
N Pooran,2024,499,279,14,35,36,178.85,8.0,62.38
N Pooran,2025,519,265,14,44,40,195.85,12.0,43.25
N Pooran,2026,234,183,14,11,19,127.87,14.0,16.71
N Rana,2016,100,74,3,6,8,135.14,3.0,33.33
N Rana,2017,333,263,12,24,17,126.62,11.0,30.27
N Rana,2018,304,232,15,26,14,131.03,14.0,21.71
N Rana,2019,344,235,11,27,21,146.38,10.0,34.4
N Rana,2020,352,254,14,43,12,138.58,14.0,25.14
N Rana,2021,382,313,16,34,17,122.04,13.0,29.38
N Rana,2022,355,249,14,29,21,142.57,13.0,27.31
N Rana,2023,409,292,14,38,20,140.07,13.0,31.46
N Rana,2024,42,34,2,5,1,123.53,2.0,21.0
N Rana,2025,217,134,11,27,9,161.94,10.0,21.7
N Rana,2026,225,149,9,27,10,151.01,9.0,25.0
N Saini,2012,140,140,10,16,0,100.0,10.0,14.0
N Sindhu,2026,63,50,5,7,2,126.0,5.0,12.6
N Wadhera,2023,241,166,10,23,12,145.18,9.0,26.78
N Wadhera,2024,109,84,6,9,6,129.76,6.0,18.17
N Wadhera,2025,368,251,15,28,21,146.61,12.0,30.67
N Wadhera,2026,65,57,6,4,4,114.04,6.0,10.83
ND Doshi,2011,0,13,1,0,0,0.0,1.0,0.0
NJ Maddinson,2014,16,14,2,3,0,114.29,2.0,8.0
NJ Maddinson,2015,4,7,1,1,0,57.14,1.0,4.0
NJ Rimmington,2011,1,1,1,0,0,100.0,0.0,
NK Patel,2008,103,81,4,13,1,127.16,2.0,51.5
NK Patel,2009,18,38,2,1,0,47.37,2.0,9.0
NL McCullum,2011,26,22,2,0,1,118.18,1.0,26.0
NLTC Perera,2011,23,27,2,4,0,85.19,2.0,11.5
NLTC Perera,2012,4,9,2,0,0,44.44,1.0,4.0
NLTC Perera,2013,233,163,14,12,14,142.94,10.0,23.3
NLTC Perera,2015,12,15,2,0,1,80.0,2.0,6.0
NLTC Perera,2016,149,92,10,7,11,161.96,7.0,21.29
NM Coulter-Nile,2013,9,6,1,0,1,150.0,1.0,9.0
NM Coulter-Nile,2015,20,18,5,2,1,111.11,4.0,5.0
NM Coulter-Nile,2016,9,14,2,1,0,64.29,0.0,
NM Coulter-Nile,2017,14,12,3,0,2,116.67,3.0,4.67
NM Coulter-Nile,2020,25,15,2,4,0,166.67,1.0,25.0
NM Coulter-Nile,2021,4,5,2,0,0,80.0,2.0,2.0
NM Coulter-Nile,2022,1,2,1,0,0,50.0,0.0,
NS Naik,2016,23,31,2,1,0,74.19,2.0,11.5
NS Naik,2019,7,16,1,1,0,43.75,1.0,7.0
NS Naik,2020,1,3,1,0,0,33.33,1.0,1.0
NT Ellis,2021,18,16,2,0,1,112.5,1.0,18.0
NT Ellis,2022,0,2,1,0,0,0.0,1.0,0.0
NT Ellis,2023,1,7,2,0,0,14.29,2.0,0.5
NV Ojha,2009,168,144,8,11,11,116.67,7.0,24.0
NV Ojha,2010,376,283,14,42,15,132.86,12.0,31.33
NV Ojha,2011,160,161,14,11,11,99.38,13.0,12.31
NV Ojha,2012,251,223,16,20,13,112.56,11.0,22.82
NV Ojha,2013,9,10,2,1,0,90.0,1.0,9.0
NV Ojha,2014,226,160,10,14,16,141.25,6.0,37.67
NV Ojha,2015,137,120,11,12,4,114.17,10.0,13.7
NV Ojha,2016,136,138,13,7,5,98.55,10.0,13.6
NV Ojha,2017,79,65,5,2,3,121.54,4.0,19.75
NV Ojha,2018,1,4,1,0,0,25.0,1.0,1.0
Naman Dhir,2024,140,78,7,12,10,179.49,6.0,23.33
Naman Dhir,2025,252,138,12,25,13,182.61,8.0,31.5
Naman Dhir,2026,318,216,14,31,13,147.22,12.0,26.5
Navdeep Saini,2019,2,4,2,0,0,50.0,1.0,2.0
Navdeep Saini,2020,27,27,3,3,0,100.0,1.0,27.0
Navdeep Saini,2021,2,4,1,0,0,50.0,1.0,2.0
Navdeep Saini,2022,2,2,1,0,0,100.0,1.0,2.0
Naveen-ul-Haq,2023,16,20,3,2,0,80.0,1.0,16.0
Naveen-ul-Haq,2024,2,4,1,0,0,50.0,0.0,
Nithish Kumar Reddy,2024,303,212,11,15,21,142.92,9.0,33.67
Nithish Kumar Reddy,2025,181,152,11,16,4,119.08,8.0,22.62
Nithish Kumar Reddy,2026,302,176,13,19,21,171.59,10.0,30.2
Noor Ahmad,2023,8,9,3,1,0,88.89,2.0,4.0
Noor Ahmad,2024,5,9,2,1,0,55.56,2.0,2.5
Noor Ahmad,2025,7,17,6,0,0,41.18,4.0,1.75
Noor Ahmad,2026,11,23,4,0,1,47.83,3.0,3.67
OA Shah,2010,115,95,5,7,5,121.05,2.0,57.5
OA Shah,2011,26,15,2,1,2,173.33,2.0,13.0
OA Shah,2012,339,255,13,24,16,132.94,9.0,37.67
OA Shah,2013,25,23,2,2,0,108.7,2.0,12.5
OC McCoy,2022,8,5,1,0,1,160.0,1.0,8.0
OF Smith,2022,51,44,6,1,5,115.91,3.0,17.0
P Awana,2012,4,5,1,0,0,80.0,0.0,
P Awana,2013,1,9,4,0,0,11.11,2.0,0.5
P Chopra,2018,8,6,1,2,0,133.33,1.0,8.0
P Dogra,2010,107,106,8,4,5,100.94,8.0,13.38
P Dogra,2012,15,24,3,0,0,62.5,2.0,7.5
P Dogra,2013,5,8,1,0,0,62.5,1.0,5.0
P Dubey,2020,7,13,1,0,0,53.85,0.0,
P Dubey,2023,16,20,1,2,0,80.0,1.0,16.0
P Kumar,2008,112,98,12,10,6,114.29,10.0,11.2
P Kumar,2009,65,46,8,1,6,141.3,5.0,13.0
P Kumar,2010,4,8,3,0,0,50.0,2.0,2.0
P Kumar,2011,27,31,7,2,1,87.1,3.0,9.0
P Kumar,2012,35,29,7,2,1,120.69,3.0,11.67
P Kumar,2013,45,38,7,3,3,118.42,6.0,7.5
P Kumar,2014,1,2,1,0,0,50.0,1.0,1.0
P Kumar,2015,17,25,4,1,0,68.0,3.0,5.67
P Kumar,2016,24,26,6,3,0,92.31,4.0,6.0
P Kumar,2017,8,9,2,0,0,88.89,1.0,8.0
P Negi,2012,36,29,4,4,1,124.14,2.0,18.0
P Negi,2015,115,72,9,10,5,159.72,8.0,14.38
P Negi,2016,57,59,6,2,3,96.61,2.0,28.5
P Negi,2017,144,111,10,10,7,129.73,8.0,18.0
P Negi,2018,3,5,2,0,0,60.0,2.0,1.5
P Negi,2019,9,12,4,1,0,75.0,4.0,2.25
P Nissanka,2026,277,173,10,33,12,160.12,10.0,27.7
P Parameswaran,2011,1,1,1,0,0,100.0,0.0,
P Parameswaran,2012,0,1,1,0,0,0.0,0.0,
P Ray Barman,2019,19,24,1,2,0,79.17,1.0,19.0
P Sahu,2016,19,13,2,1,1,146.15,1.0,19.0
P Simran Singh,2019,16,17,1,1,1,94.12,1.0,16.0
P Simran Singh,2020,15,15,2,2,0,100.0,2.0,7.5
P Simran Singh,2021,19,23,2,1,1,82.61,2.0,9.5
P Simran Singh,2022,14,11,1,2,0,127.27,1.0,14.0
P Simran Singh,2023,358,238,14,38,19,150.42,14.0,25.57
P Simran Singh,2024,328,212,14,34,19,154.72,14.0,23.43
P Simran Singh,2025,598,368,18,63,30,162.5,17.0,35.18
P Simran Singh,2026,500,300,13,54,22,166.67,12.0,41.67
PA Patel,2008,297,295,13,41,3,100.68,11.0,27.0
PA Patel,2009,142,126,9,19,2,112.7,9.0,15.78
PA Patel,2010,72,79,4,6,2,91.14,4.0,18.0
PA Patel,2011,202,182,13,25,2,110.99,10.0,20.2
PA Patel,2012,193,164,12,19,4,117.68,11.0,17.55
PA Patel,2013,294,255,13,37,4,115.29,13.0,22.62
PA Patel,2014,205,185,12,30,1,110.81,10.0,20.5
PA Patel,2015,339,246,14,47,5,137.8,13.0,26.08
PA Patel,2016,177,151,10,23,4,117.22,10.0,17.7
PA Patel,2017,395,293,16,49,8,134.81,16.0,24.69
PA Patel,2018,153,109,6,20,4,140.37,5.0,30.6
PA Patel,2019,372,265,14,48,10,140.38,14.0,26.57
PA Reddy,2012,73,59,3,6,2,123.73,3.0,24.33
PA Reddy,2013,91,101,7,9,0,90.1,7.0,13.0
PBB Rajapaksa,2022,205,128,9,16,13,160.16,9.0,22.78
PBB Rajapaksa,2023,71,62,4,6,2,114.52,4.0,17.75
PC Valthaty,2009,6,12,2,1,0,50.0,2.0,3.0
PC Valthaty,2011,457,334,14,55,20,136.83,13.0,35.15
PC Valthaty,2012,30,51,6,4,0,58.82,6.0,5.0
PC Valthaty,2013,6,17,1,0,0,35.29,1.0,6.0
PD Collingwood,2010,203,156,7,9,13,130.13,5.0,40.6
PD Salt,2023,218,133,9,24,10,163.91,8.0,27.25
PD Salt,2024,434,235,12,50,24,184.68,11.0,39.45
PD Salt,2025,399,227,13,47,22,175.77,12.0,33.25
PD Salt,2026,202,120,6,16,11,168.33,6.0,33.67
PHKD Mendis,2025,91,68,5,7,2,133.82,4.0,22.75
PJ Cummins,2015,0,2,1,0,0,0.0,1.0,0.0
PJ Cummins,2017,77,53,8,5,4,145.28,5.0,15.4
PJ Cummins,2020,146,114,10,9,8,128.07,7.0,20.86
PJ Cummins,2021,93,56,5,5,8,166.07,3.0,31.0
PJ Cummins,2022,61,23,5,5,6,265.22,4.0,15.25
PJ Cummins,2024,133,94,10,9,8,141.49,6.0,22.17
PJ Cummins,2025,97,58,9,6,7,167.24,4.0,24.25
PJ Cummins,2026,30,19,3,1,3,157.89,3.0,10.0
PJ Sangwan,2008,2,5,2,0,0,40.0,2.0,1.0
PJ Sangwan,2009,6,10,4,0,0,60.0,1.0,6.0
PJ Sangwan,2010,10,14,2,0,0,71.43,1.0,10.0
PJ Sangwan,2013,4,2,1,1,0,200.0,0.0,
PJ Sangwan,2017,2,4,3,0,0,50.0,2.0,1.0
PJ Sangwan,2018,0,4,1,0,0,0.0,1.0,0.0
PJ Sangwan,2022,2,5,1,0,0,40.0,1.0,2.0
PK Garg,2020,129,109,10,8,4,118.35,9.0,14.33
PK Garg,2021,72,74,5,2,3,97.3,5.0,14.4
PK Garg,2022,46,33,2,4,2,139.39,2.0,23.0
PK Garg,2023,22,22,2,1,0,100.0,2.0,11.0
PM Sarvesh Kumar,2008,1,2,1,0,0,50.0,0.0,
PN Mankad,2022,4,1,1,1,0,400.0,0.0,
PN Mankad,2023,93,71,4,12,2,130.99,3.0,31.0
PP Chawla,2008,89,58,7,10,3,153.45,4.0,22.25
PP Chawla,2009,31,36,8,3,0,86.11,5.0,6.2
PP Chawla,2010,62,59,6,7,0,105.08,5.0,12.4
PP Chawla,2011,48,55,6,2,2,87.27,3.0,16.0
PP Chawla,2012,106,88,12,9,4,120.45,8.0,13.25
PP Chawla,2013,64,57,10,5,3,112.28,6.0,10.67
PP Chawla,2014,31,19,5,4,1,163.16,3.0,10.33
PP Chawla,2015,54,47,7,5,2,114.89,4.0,13.5
PP Chawla,2016,27,26,3,4,0,103.85,3.0,9.0
PP Chawla,2017,2,6,1,0,0,33.33,1.0,2.0
PP Chawla,2018,27,34,5,1,1,79.41,4.0,6.75
PP Chawla,2019,42,37,5,4,2,113.51,3.0,14.0
PP Chawla,2021,0,2,1,0,0,0.0,1.0,0.0
PP Chawla,2023,25,22,4,1,1,113.64,2.0,12.5
PP Chawla,2024,15,15,6,1,1,100.0,4.0,3.75
PP Hinge,2026,3,9,2,0,0,33.33,1.0,3.0
PP Ojha,2008,2,4,3,0,0,50.0,2.0,1.0
PP Ojha,2009,1,7,4,0,0,14.29,3.0,0.33
PP Ojha,2010,3,8,3,0,0,37.5,3.0,1.0
PP Ojha,2012,4,13,3,0,0,30.77,2.0,2.0
PP Ojha,2013,2,4,3,0,0,50.0,1.0,2.0
PP Ojha,2014,4,8,3,0,0,50.0,1.0,4.0
PP Shaw,2018,245,160,9,27,10,153.12,9.0,27.22
PP Shaw,2019,352,263,16,45,9,133.84,16.0,22.0
PP Shaw,2020,228,167,13,27,8,136.53,13.0,17.54
PP Shaw,2021,479,300,15,56,18,159.67,15.0,31.93
PP Shaw,2022,283,185,10,37,10,152.97,10.0,28.3
PP Shaw,2023,105,84,8,16,1,125.0,8.0,13.12
PP Shaw,2024,198,121,8,30,5,163.64,8.0,24.75
PR Shah,2008,33,34,4,4,0,97.06,4.0,8.25
PR Shah,2009,53,51,4,4,2,103.92,3.0,17.67
PR Shah,2011,5,5,1,1,0,100.0,1.0,5.0
PR Veer,2026,90,67,5,10,3,134.33,2.0,45.0
PSP Handscomb,2016,6,12,1,0,0,50.0,1.0,6.0
PV Tambe,2013,3,6,1,0,0,50.0,0.0,
PV Tambe,2014,5,9,2,0,0,55.56,2.0,2.5
PV Tambe,2015,3,5,2,0,0,60.0,0.0,
PV Tambe,2016,7,18,1,1,0,38.89,0.0,
PVD Chameera,2022,43,28,7,3,3,153.57,4.0,10.75
PVD Chameera,2025,10,14,3,0,0,71.43,0.0,
PVD Chameera,2026,0,3,1,0,0,0.0,0.0,
PVSN Raju,2025,1,1,1,0,0,100.0,0.0,
PWA Mulder,2025,9,11,1,1,0,81.82,1.0,9.0
PWH de Silva,2021,1,2,2,0,0,50.0,1.0,1.0
PWH de Silva,2022,38,43,7,4,1,88.37,7.0,5.43
PWH de Silva,2023,33,28,5,3,0,117.86,2.0,16.5
PWH de Silva,2025,9,15,5,0,0,60.0,5.0,1.8
Pankaj Singh,2008,5,8,2,0,0,62.5,0.0,
Pankaj Singh,2009,1,2,2,0,0,50.0,1.0,1.0
Pankaj Singh,2010,1,2,1,0,0,50.0,1.0,1.0
Parvez Rasool,2013,5,9,2,0,0,55.56,1.0,5.0
Parvez Rasool,2015,2,2,1,0,0,100.0,0.0,
Parvez Rasool,2016,10,9,1,1,0,111.11,1.0,10.0
Prince Yadav,2025,5,10,2,0,0,50.0,0.0,
Prince Yadav,2026,0,1,1,0,0,0.0,0.0,
Priyansh Arya,2025,545,298,18,60,31,182.89,18.0,30.28
Priyansh Arya,2026,364,171,13,27,32,212.87,13.0,28.0
Q de Kock,2013,6,15,3,1,0,40.0,3.0,2.0
Q de Kock,2014,153,130,7,19,4,117.69,7.0,21.86
Q de Kock,2015,122,77,3,18,4,158.44,3.0,40.67
Q de Kock,2016,444,326,13,52,13,136.2,12.0,37.0
Q de Kock,2018,201,162,8,20,8,124.07,8.0,25.12
Q de Kock,2019,529,396,16,45,25,133.59,15.0,35.27
Q de Kock,2020,506,361,16,46,22,140.17,15.0,33.73
Q de Kock,2021,296,255,11,29,7,116.08,10.0,29.6
Q de Kock,2022,502,340,15,47,22,147.65,14.0,35.86
Q de Kock,2023,143,101,4,10,8,141.58,4.0,35.75
Q de Kock,2024,250,186,11,29,9,134.41,11.0,22.73
Q de Kock,2025,152,116,8,9,11,131.03,7.0,21.71
Q de Kock,2026,132,81,3,9,9,162.96,2.0,66.0
R Ashwin,2009,8,15,1,1,0,53.33,1.0,8.0
R Ashwin,2010,30,40,6,2,0,75.0,4.0,7.5
R Ashwin,2011,2,6,2,0,0,33.33,2.0,1.0
R Ashwin,2012,18,15,5,2,0,120.0,3.0,6.0
R Ashwin,2013,35,49,5,4,0,71.43,4.0,8.75
R Ashwin,2014,45,45,5,4,0,100.0,3.0,15.0
R Ashwin,2015,52,32,6,6,1,162.5,3.0,17.33
R Ashwin,2016,41,38,6,3,1,107.89,2.0,20.5
R Ashwin,2018,102,71,8,7,5,143.66,8.0,12.75
R Ashwin,2019,42,28,6,3,3,150.0,5.0,8.4
R Ashwin,2020,37,34,5,3,1,108.82,3.0,12.33
R Ashwin,2021,44,42,5,2,1,104.76,3.0,14.67
R Ashwin,2022,190,134,12,14,9,141.79,7.0,27.14
R Ashwin,2023,67,51,9,5,3,131.37,6.0,11.17
R Ashwin,2024,86,74,8,5,4,116.22,6.0,14.33
R Ashwin,2025,33,30,4,3,1,110.0,4.0,8.25
R Bhatia,2008,34,28,3,2,2,121.43,2.0,17.0
R Bhatia,2009,8,18,5,1,0,44.44,5.0,1.6
R Bhatia,2010,24,17,3,1,2,141.18,3.0,8.0
R Bhatia,2011,25,22,6,3,0,113.64,3.0,8.33
R Bhatia,2012,35,28,6,4,0,125.0,3.0,11.67
R Bhatia,2013,99,80,10,8,3,123.75,6.0,16.5
R Bhatia,2014,67,53,7,4,3,126.42,5.0,13.4
R Bhatia,2015,0,1,1,0,0,0.0,1.0,0.0
R Bhatia,2016,34,20,5,1,2,170.0,1.0,34.0
R Bhatia,2017,16,17,1,0,1,94.12,1.0,16.0
R Bishnoi,2009,19,17,3,1,2,111.76,3.0,6.33
R Dhawan,2013,21,21,4,3,0,100.0,3.0,7.0
R Dhawan,2014,82,75,6,8,1,109.33,2.0,41.0
R Dhawan,2015,36,33,4,2,2,109.09,2.0,18.0
R Dhawan,2016,14,6,2,0,1,233.33,0.0,
R Dhawan,2022,37,40,4,4,2,92.5,2.0,18.5
R Dhawan,2023,20,12,2,1,1,166.67,2.0,10.0
R Dravid,2008,370,297,14,35,11,124.58,13.0,28.46
R Dravid,2009,271,234,12,28,3,115.81,12.0,22.58
R Dravid,2010,256,199,11,34,3,128.64,9.0,28.44
R Dravid,2011,343,312,12,45,2,109.94,11.0,31.18
R Dravid,2012,462,412,16,63,4,112.14,16.0,28.88
R Dravid,2013,471,424,17,64,5,111.08,16.0,29.44
R McLaren,2010,66,69,7,7,0,95.65,3.0,22.0
R McLaren,2011,90,96,4,7,1,93.75,3.0,30.0
R McLaren,2013,3,6,2,0,0,50.0,2.0,1.5
R Minz,2025,6,15,2,0,0,40.0,2.0,3.0
R Minz,2026,6,4,2,1,0,150.0,1.0,6.0
R Ninan,2011,3,5,1,0,0,60.0,1.0,3.0
R Parag,2019,160,126,5,17,5,126.98,5.0,32.0
R Parag,2020,86,77,8,6,3,111.69,7.0,12.29
R Parag,2021,93,82,10,6,4,113.41,8.0,11.62
R Parag,2022,183,132,14,11,10,138.64,11.0,16.64
R Parag,2023,78,65,7,4,5,120.0,6.0,13.0
R Parag,2024,573,383,14,40,33,149.61,11.0,52.09
R Parag,2025,392,236,14,27,27,166.1,13.0,30.15
R Parag,2026,308,195,14,24,21,157.95,13.0,23.69
R Powell,2022,250,167,12,10,22,149.7,10.0,25.0
R Powell,2023,7,9,3,1,0,77.78,3.0,2.33
R Powell,2024,103,68,7,10,6,151.47,6.0,17.17
R Powell,2025,5,5,1,1,0,100.0,1.0,5.0
R Powell,2026,190,140,7,16,10,135.71,5.0,38.0
R Rampaul,2013,37,36,6,3,1,102.78,4.0,9.25
R Rampaul,2014,13,13,1,0,1,100.0,1.0,13.0
R Ravindra,2024,218,137,10,21,12,159.12,10.0,21.8
R Ravindra,2025,190,147,8,18,4,129.25,7.0,27.14
R Sai Kishore,2024,13,6,1,0,2,216.67,1.0,13.0
R Sai Kishore,2025,5,10,3,0,0,50.0,3.0,1.67
R Sanjay Yadav,2022,0,2,1,0,0,0.0,1.0,0.0
R Sathish,2010,112,96,10,11,0,116.67,7.0,16.0
R Sathish,2011,25,34,3,1,0,73.53,2.0,12.5
R Sathish,2013,108,76,8,9,5,142.11,5.0,21.6
R Sathish,2016,24,24,3,1,1,100.0,3.0,8.0
R Sharma,2010,29,26,4,3,1,111.54,3.0,9.67
R Sharma,2011,24,21,5,1,2,114.29,3.0,8.0
R Sharma,2012,2,11,4,0,0,18.18,4.0,0.5
R Sharma,2013,11,17,6,1,0,64.71,4.0,2.75
R Shepherd,2022,58,40,3,2,5,145.0,2.0,29.0
R Shepherd,2023,0,1,1,0,0,0.0,1.0,0.0
R Shepherd,2024,57,21,5,5,5,271.43,2.0,28.5
R Shepherd,2025,64,23,3,5,6,278.26,2.0,32.0
R Shepherd,2026,83,65,7,6,5,127.69,4.0,20.75
R Shukla,2013,1,2,1,0,0,50.0,0.0,
R Shukla,2014,18,21,3,2,0,85.71,1.0,18.0
R Smaran,2026,19,25,4,3,0,76.0,3.0,6.33
R Tewatia,2014,16,13,1,0,1,123.08,1.0,16.0
R Tewatia,2017,19,11,2,4,0,172.73,1.0,19.0
R Tewatia,2018,50,43,5,5,1,116.28,3.0,16.67
R Tewatia,2019,26,22,4,2,1,118.18,1.0,26.0
R Tewatia,2020,255,182,11,13,17,140.11,6.0,42.5
R Tewatia,2021,155,147,11,11,6,105.44,10.0,15.5
R Tewatia,2022,217,147,12,22,9,147.62,7.0,31.0
R Tewatia,2023,87,57,10,3,7,152.63,4.0,21.75
R Tewatia,2024,186,126,9,24,5,147.62,7.0,26.57
R Tewatia,2025,99,59,11,6,7,167.8,8.0,12.38
R Tewatia,2026,189,131,15,20,8,144.27,7.0,27.0
R Vinay Kumar,2008,25,22,4,2,1,113.64,3.0,8.33
R Vinay Kumar,2009,47,44,7,4,1,106.82,5.0,9.4
R Vinay Kumar,2010,27,32,5,1,0,84.38,4.0,6.75
R Vinay Kumar,2011,50,47,7,4,1,106.38,6.0,8.33
R Vinay Kumar,2012,68,62,7,3,2,109.68,5.0,13.6
R Vinay Kumar,2013,70,44,5,6,3,159.09,1.0,70.0
R Vinay Kumar,2014,4,6,2,0,0,66.67,2.0,2.0
R Vinay Kumar,2015,0,2,2,0,0,0.0,1.0,0.0
R Vinay Kumar,2016,13,12,2,0,1,108.33,1.0,13.0
R Vinay Kumar,2018,6,3,1,1,0,200.0,0.0,
RA Bawa,2022,11,14,2,1,0,78.57,2.0,5.5
RA Bawa,2025,8,4,1,0,0,200.0,0.0,
RA Bawa,2026,16,14,1,1,0,114.29,1.0,16.0
RA Jadeja,2008,134,100,9,11,6,134.0,7.0,19.14
RA Jadeja,2009,293,265,13,21,6,110.57,11.0,26.64
RA Jadeja,2011,282,227,12,20,14,124.23,9.0,31.33
RA Jadeja,2012,191,151,14,13,9,126.49,12.0,15.92
RA Jadeja,2013,200,134,14,17,6,149.25,8.0,25.0
RA Jadeja,2014,146,109,10,9,5,133.94,5.0,29.2
RA Jadeja,2015,132,126,11,7,3,104.76,7.0,18.86
RA Jadeja,2016,189,175,15,14,4,108.0,9.0,21.0
RA Jadeja,2017,158,113,10,13,4,139.82,4.0,39.5
RA Jadeja,2018,89,74,8,3,4,120.27,5.0,17.8
RA Jadeja,2019,105,87,9,7,4,120.69,3.0,35.0
RA Jadeja,2020,230,134,11,22,11,171.64,5.0,46.0
RA Jadeja,2021,221,155,11,19,8,142.58,3.0,73.67
RA Jadeja,2022,116,98,10,6,5,118.37,6.0,19.33
RA Jadeja,2023,189,132,12,11,9,143.18,8.0,23.62
RA Jadeja,2024,267,187,11,22,8,142.78,6.0,44.5
RA Jadeja,2025,301,222,14,25,10,135.59,9.0,33.44
RA Jadeja,2026,266,196,11,24,5,135.71,4.0,66.5
RA Tripathi,2017,391,267,14,43,17,146.44,14.0,27.93
RA Tripathi,2018,225,166,12,18,8,135.54,9.0,25.0
RA Tripathi,2019,137,117,7,12,2,117.09,6.0,22.83
RA Tripathi,2020,230,181,11,21,10,127.07,10.0,23.0
RA Tripathi,2021,397,282,16,41,11,140.78,14.0,28.36
RA Tripathi,2022,409,260,14,39,20,157.31,12.0,34.08
RA Tripathi,2023,269,212,13,28,10,126.89,12.0,22.42
RA Tripathi,2024,155,113,6,17,5,137.17,6.0,25.83
RA Tripathi,2025,55,57,5,6,1,96.49,5.0,11.0
RD Chahar,2017,3,2,1,0,0,150.0,0.0,
RD Chahar,2019,12,11,4,2,0,109.09,2.0,6.0
RD Chahar,2020,2,4,1,0,0,50.0,0.0,
RD Chahar,2021,14,15,4,1,0,93.33,5.0,2.8
RD Chahar,2022,77,68,8,7,4,113.24,6.0,12.83
RD Chahar,2023,0,9,2,0,0,0.0,2.0,0.0
RD Chahar,2024,21,15,2,3,1,140.0,1.0,21.0
RD Gaikwad,2020,204,169,6,16,6,120.71,4.0,51.0
RD Gaikwad,2021,632,462,16,64,23,136.8,14.0,45.14
RD Gaikwad,2022,367,289,14,33,14,126.99,14.0,26.21
RD Gaikwad,2023,590,398,15,46,30,148.24,14.0,42.14
RD Gaikwad,2024,579,412,14,57,18,140.53,11.0,52.64
RD Gaikwad,2025,122,81,5,14,4,150.62,5.0,24.4
RD Gaikwad,2026,333,272,14,28,12,122.43,12.0,27.75
RD Rickelton,2025,388,255,14,47,17,152.16,13.0,29.85
RD Rickelton,2026,448,240,12,31,38,186.67,11.0,40.73
RE Levi,2012,83,73,6,10,4,113.7,6.0,13.83
RE van der Merwe,2009,122,98,8,8,8,124.49,8.0,15.25
RE van der Merwe,2010,1,2,1,0,0,50.0,1.0,1.0
RE van der Merwe,2011,14,16,4,1,0,87.5,0.0,
RE van der Merwe,2013,22,25,2,2,0,88.0,2.0,11.0
RG More,2015,2,2,1,0,0,100.0,0.0,
RG Sharma,2008,399,270,12,37,19,147.78,11.0,36.27
RG Sharma,2009,354,313,16,20,18,113.1,13.0,27.23
RG Sharma,2010,403,300,16,36,14,134.33,14.0,28.79
RG Sharma,2011,372,297,13,32,13,125.25,11.0,33.82
RG Sharma,2012,432,341,16,39,18,126.69,14.0,30.86
RG Sharma,2013,532,408,19,35,27,130.39,14.0,38.0
RG Sharma,2014,390,302,15,31,16,129.14,13.0,30.0
RG Sharma,2015,482,333,16,41,21,144.74,14.0,34.43
RG Sharma,2016,487,366,14,49,17,133.06,11.0,44.27
RG Sharma,2017,333,273,16,31,9,121.98,14.0,23.79
RG Sharma,2018,285,214,14,25,12,133.18,12.0,23.75
RG Sharma,2019,399,314,15,52,9,127.07,14.0,28.5
RG Sharma,2020,334,263,12,27,19,127.0,12.0,27.83
RG Sharma,2021,379,298,13,33,14,127.18,13.0,29.15
RG Sharma,2022,264,222,14,27,13,118.92,14.0,18.86
RG Sharma,2023,326,248,16,35,16,131.45,16.0,20.38
RG Sharma,2024,417,277,14,45,23,150.54,13.0,32.08
RG Sharma,2025,416,279,15,41,22,149.1,14.0,29.71
RG Sharma,2026,282,179,9,21,21,157.54,9.0,31.33
RJ Gleeson,2024,2,2,1,0,0,100.0,0.0,
RJ Harris,2009,21,18,5,0,0,116.67,1.0,21.0
RJ Harris,2010,45,39,5,2,2,115.38,4.0,11.25
RJ Harris,2011,30,38,7,3,0,78.95,5.0,6.0
RJ Harris,2012,18,11,2,1,1,163.64,1.0,18.0
RJ Harris,2013,2,5,2,0,0,40.0,1.0,2.0
RJ Peterson,2012,32,30,5,3,1,106.67,3.0,10.67
RJ Quiney,2009,103,102,7,12,3,100.98,7.0,14.71
RJW Topley,2024,3,6,1,0,0,50.0,0.0,
RK Bhui,2018,0,5,1,0,0,0.0,1.0,0.0
RK Bhui,2019,7,12,1,0,0,58.33,1.0,7.0
RK Bhui,2024,3,9,2,0,0,33.33,2.0,1.5
RK Singh,2018,29,31,4,4,0,93.55,4.0,7.25
RK Singh,2019,37,34,3,1,2,108.82,2.0,18.5
RK Singh,2020,11,11,1,1,0,100.0,1.0,11.0
RK Singh,2022,174,117,7,17,7,148.72,5.0,34.8
RK Singh,2023,461,313,14,31,27,147.28,8.0,57.62
RK Singh,2024,167,111,11,13,8,150.45,9.0,18.56
RK Singh,2025,204,133,11,20,10,153.38,7.0,29.14
RK Singh,2026,299,198,11,28,11,151.01,5.0,59.8
RM Patidar,2021,71,62,4,3,3,114.52,4.0,17.75
RM Patidar,2022,332,217,7,27,18,153.0,6.0,55.33
RM Patidar,2024,395,223,13,21,33,177.13,13.0,30.38
RM Patidar,2025,312,217,14,25,14,143.78,13.0,24.0
RM Patidar,2026,500,259,14,30,42,193.05,12.0,41.67
RN ten Doeschate,2011,107,73,3,9,5,146.58,2.0,53.5
RN ten Doeschate,2012,21,21,3,1,1,100.0,2.0,10.5
RN ten Doeschate,2013,85,63,4,9,2,134.92,3.0,28.33
RN ten Doeschate,2014,52,33,6,3,4,157.58,4.0,13.0
RN ten Doeschate,2015,61,45,5,4,3,135.56,3.0,20.33
RP Meredith,2022,0,1,1,0,0,0.0,0.0,
RP Meredith,2023,0,2,1,0,0,0.0,0.0,
RP Singh,2008,27,24,9,2,1,112.5,4.0,6.75
RP Singh,2009,8,17,5,0,0,47.06,4.0,2.0
RP Singh,2010,9,19,5,0,0,47.37,2.0,4.5
RP Singh,2011,2,4,4,0,0,50.0,3.0,0.67
RP Singh,2012,6,12,5,0,0,50.0,2.0,3.0
RR Bhatkal,2012,0,2,1,0,0,0.0,1.0,0.0
RR Pant,2016,198,152,10,19,6,130.26,8.0,24.75
RR Pant,2017,365,220,14,28,24,165.91,14.0,26.07
RR Pant,2018,684,394,14,68,37,173.6,13.0,52.62
RR Pant,2019,489,302,16,36,27,161.92,13.0,37.62
RR Pant,2020,339,301,14,32,8,112.62,11.0,30.82
RR Pant,2021,422,328,16,43,10,128.66,12.0,35.17
RR Pant,2022,338,222,13,35,16,152.25,11.0,30.73
RR Pant,2024,446,287,13,36,25,155.4,11.0,40.55
RR Pant,2025,269,202,13,23,16,133.17,11.0,24.45
RR Pant,2026,313,227,13,30,11,137.89,11.0,28.45
RR Powar,2008,28,21,1,4,1,133.33,0.0,
RR Powar,2009,23,22,3,2,0,104.55,1.0,23.0
RR Powar,2010,5,8,2,0,0,62.5,1.0,5.0
RR Powar,2011,11,13,3,0,0,84.62,1.0,11.0
RR Raje,2008,8,9,3,1,0,88.89,0.0,
RR Raje,2009,12,9,2,0,1,133.33,1.0,12.0
RR Rossouw,2014,39,41,3,2,2,95.12,3.0,13.0
RR Rossouw,2015,14,10,2,1,1,140.0,2.0,7.0
RR Rossouw,2023,207,140,9,17,11,147.86,7.0,29.57
RR Rossouw,2024,211,115,8,25,11,183.48,8.0,26.38
RR Sarwan,2008,73,75,4,6,1,97.33,4.0,18.25
RS Bopara,2009,138,119,5,8,7,115.97,5.0,27.6
RS Bopara,2010,248,214,9,25,3,115.89,8.0,31.0
RS Bopara,2015,145,120,8,6,6,120.83,5.0,29.0
RS Gavaskar,2010,2,8,1,0,0,25.0,1.0,2.0
RS Sodhi,2010,4,2,1,1,0,200.0,0.0,
RT Ponting,2008,39,53,4,2,1,73.58,4.0,9.75
RT Ponting,2013,52,75,5,3,1,69.33,5.0,10.4
RV Gomez,2011,46,50,8,4,1,92.0,5.0,9.2
RV Gomez,2013,4,1,1,1,0,400.0,0.0,
RV Patel,2021,25,27,2,3,0,92.59,1.0,25.0
RV Patel,2022,6,3,1,0,1,200.0,1.0,6.0
RV Patel,2023,49,43,4,3,1,113.95,3.0,16.33
RV Uthappa,2008,316,274,14,34,9,115.33,9.0,35.11
RV Uthappa,2009,175,170,13,18,3,102.94,11.0,15.91
RV Uthappa,2010,374,218,14,21,27,171.56,12.0,31.17
RV Uthappa,2011,263,205,13,27,10,128.29,10.0,26.3
RV Uthappa,2012,404,342,16,38,10,118.13,15.0,26.93
RV Uthappa,2013,430,368,16,41,12,116.85,16.0,26.88
RV Uthappa,2014,659,478,16,74,18,137.87,15.0,43.93
RV Uthappa,2015,364,277,13,42,7,131.41,12.0,30.33
RV Uthappa,2016,394,288,15,45,8,136.81,15.0,26.27
RV Uthappa,2017,388,235,13,36,21,165.11,13.0,29.85
RV Uthappa,2018,350,264,16,30,21,132.58,16.0,21.88
RV Uthappa,2019,284,247,11,28,10,114.98,9.0,31.56
RV Uthappa,2020,196,164,12,19,7,119.51,12.0,16.33
RV Uthappa,2021,115,84,4,8,5,136.9,4.0,28.75
RV Uthappa,2022,230,170,11,19,14,135.29,11.0,20.91
Rahmanullah Gurbaz,2023,221,169,11,17,14,130.77,11.0,20.09
Rahmanullah Gurbaz,2024,62,46,2,7,4,134.78,2.0,31.0
Rahmanullah Gurbaz,2025,74,53,5,10,3,139.62,4.0,18.5
Ramandeep Singh,2022,45,39,4,3,1,115.38,2.0,22.5
Ramandeep Singh,2024,119,61,9,5,11,195.08,4.0,29.75
Ramandeep Singh,2025,47,35,7,1,4,134.29,5.0,9.4
Ramandeep Singh,2026,82,68,6,8,2,120.59,5.0,16.4
Rashid Khan,2017,11,9,3,0,1,122.22,2.0,5.5
Rashid Khan,2018,59,31,7,3,6,190.32,5.0,11.8
Rashid Khan,2019,34,23,7,2,2,147.83,5.0,6.8
Rashid Khan,2020,35,29,6,3,2,120.69,4.0,8.75
Rashid Khan,2021,78,66,10,8,2,118.18,8.0,9.75
Rashid Khan,2022,91,44,8,3,9,206.82,4.0,22.75
Rashid Khan,2023,130,60,9,8,13,216.67,4.0,32.5
Rashid Khan,2024,98,69,8,10,3,142.03,5.0,19.6
Rashid Khan,2025,40,28,8,2,3,142.86,5.0,8.0
Rashid Khan,2026,50,41,6,4,2,121.95,4.0,12.5
Rasikh Salam,2019,5,4,1,0,0,125.0,0.0,
Rasikh Salam,2022,7,6,1,1,0,116.67,1.0,7.0
Rasikh Salam,2024,28,30,4,4,0,93.33,4.0,7.0
Rasikh Salam,2026,3,2,1,0,0,150.0,0.0,
Ravi Bishnoi,2020,7,12,2,1,0,58.33,1.0,7.0
Ravi Bishnoi,2021,1,4,1,0,0,25.0,1.0,1.0
Ravi Bishnoi,2022,0,1,1,0,0,0.0,0.0,
Ravi Bishnoi,2023,20,27,7,1,0,74.07,3.0,6.67
Ravi Bishnoi,2024,4,6,3,0,0,66.67,3.0,1.33
Ravi Bishnoi,2025,13,16,2,0,2,81.25,2.0,6.5
Ravi Bishnoi,2026,0,3,2,0,0,0.0,2.0,0.0
Ravi Singh,2026,4,2,1,1,0,200.0,1.0,4.0
S Anirudha,2008,1,7,1,0,0,14.29,1.0,1.0
S Anirudha,2010,30,18,2,2,2,166.67,1.0,30.0
S Anirudha,2011,83,74,5,6,3,112.16,4.0,20.75
S Anirudha,2012,19,6,2,1,2,316.67,0.0,
S Anirudha,2013,0,2,1,0,0,0.0,1.0,0.0
S Anirudha,2014,3,5,1,0,0,60.0,1.0,3.0
S Aravind,2011,13,8,2,2,0,162.5,0.0,
S Aravind,2012,14,8,1,3,0,175.0,0.0,
S Aravind,2015,0,1,1,0,0,0.0,0.0,
S Aravind,2017,32,40,6,2,0,80.0,4.0,8.0
S Arora,2026,121,77,10,9,9,157.14,6.0,20.17
S Badree,2017,13,23,5,0,0,56.52,5.0,2.6
S Badrinath,2008,192,130,11,21,8,147.69,6.0,32.0
S Badrinath,2009,177,164,11,20,4,107.93,9.0,19.67
S Badrinath,2010,355,301,15,41,5,117.94,11.0,32.27
S Badrinath,2011,394,312,12,38,9,126.28,7.0,56.29
S Badrinath,2012,196,181,9,23,2,108.29,7.0,28.0
S Badrinath,2013,124,120,7,11,0,103.33,7.0,17.71
S Chanderpaul,2008,25,31,3,4,0,80.65,3.0,8.33
S Dhawan,2008,340,295,14,35,8,115.25,9.0,37.78
S Dhawan,2009,40,45,4,3,0,88.89,4.0,10.0
S Dhawan,2010,187,169,10,22,3,110.65,10.0,18.7
S Dhawan,2011,400,309,14,47,7,129.45,12.0,33.33
S Dhawan,2012,568,438,15,58,18,129.68,14.0,40.57
S Dhawan,2013,311,253,10,37,5,122.92,8.0,38.88
S Dhawan,2014,373,317,14,48,7,117.67,13.0,28.69
S Dhawan,2015,347,285,14,45,5,121.75,13.0,26.69
S Dhawan,2016,497,427,17,50,8,116.39,13.0,38.23
S Dhawan,2017,478,375,14,53,9,127.47,13.0,36.77
S Dhawan,2018,496,362,16,59,14,137.02,14.0,35.43
S Dhawan,2019,520,382,16,64,11,136.13,15.0,34.67
S Dhawan,2020,613,425,17,66,13,144.24,14.0,43.79
S Dhawan,2021,587,471,16,63,16,124.63,15.0,39.13
S Dhawan,2022,459,372,14,47,12,123.39,12.0,38.25
S Dhawan,2023,368,258,11,48,12,142.64,9.0,40.89
S Dhawan,2024,152,121,5,18,4,125.62,5.0,30.4
S Dube,2019,40,33,4,1,3,121.21,3.0,13.33
S Dube,2020,129,105,9,5,9,122.86,7.0,18.43
S Dube,2021,230,193,9,18,10,119.17,8.0,28.75
S Dube,2022,287,184,11,22,16,155.98,10.0,28.7
S Dube,2023,418,264,14,12,35,158.33,11.0,38.0
S Dube,2024,395,243,14,28,28,162.55,11.0,35.91
S Dube,2025,345,268,14,22,19,128.73,11.0,31.36
S Dube,2026,270,170,12,24,15,158.82,7.0,38.57
S Gopal,2014,11,10,1,1,0,110.0,1.0,11.0
S Gopal,2015,1,1,1,0,0,100.0,0.0,
S Gopal,2016,2,16,1,0,0,12.5,1.0,2.0
S Gopal,2018,50,45,4,5,0,111.11,3.0,16.67
S Gopal,2019,63,46,7,8,1,136.96,4.0,15.75
S Gopal,2020,37,39,5,3,0,94.87,4.0,9.25
S Gopal,2021,7,5,2,0,1,140.0,1.0,7.0
S Gopal,2022,9,7,1,2,0,128.57,0.0,
S Kaul,2013,7,9,1,0,0,77.78,0.0,
S Kaul,2014,2,2,1,0,0,100.0,0.0,
S Kaul,2017,0,2,1,0,0,0.0,0.0,
S Kaul,2018,3,14,3,0,0,21.43,3.0,1.0
S Kaul,2019,0,1,1,0,0,0.0,1.0,0.0
S Kaul,2021,8,8,2,1,0,100.0,0.0,
S Kaushik,2016,0,1,1,0,0,0.0,1.0,0.0
S Ladda,2010,0,9,2,0,0,0.0,1.0,0.0
S Lamichhane,2019,0,1,1,0,0,0.0,1.0,0.0
S Nadeem,2011,0,1,1,0,0,0.0,1.0,0.0
S Nadeem,2012,0,2,1,0,0,0.0,0.0,
S Nadeem,2013,14,27,6,1,0,51.85,5.0,2.8
S Nadeem,2014,7,19,3,0,0,36.84,2.0,3.5
S Nadeem,2015,2,7,1,0,0,28.57,1.0,2.0
S Nadeem,2016,1,5,1,0,0,20.0,0.0,
S Nadeem,2017,2,9,3,0,0,22.22,3.0,0.67
S Nadeem,2018,6,8,1,0,0,75.0,0.0,
S Nadeem,2020,7,8,2,1,0,87.5,1.0,7.0
S Nadeem,2021,0,1,1,0,0,0.0,1.0,0.0
S Narwal,2010,14,12,3,2,0,116.67,2.0,7.0
S Narwal,2013,23,15,1,4,0,153.33,1.0,23.0
S Rana,2011,16,15,1,2,0,106.67,1.0,16.0
S Rana,2014,71,64,7,7,1,110.94,3.0,23.67
S Randiv,2011,2,4,1,0,0,50.0,1.0,2.0
S Sohal,2008,4,8,2,0,0,50.0,2.0,2.0
S Sohal,2009,115,91,8,9,8,126.37,8.0,14.38
S Sohal,2011,249,190,10,25,10,131.05,10.0,24.9
S Sreesanth,2008,0,3,2,0,0,0.0,1.0,0.0
S Sreesanth,2009,5,18,2,1,0,27.78,0.0,
S Sreesanth,2010,27,21,3,5,0,128.57,0.0,
S Sreesanth,2011,1,9,3,0,0,11.11,2.0,0.5
S Sreesanth,2013,1,4,2,0,0,25.0,1.0,1.0
S Sriram,2010,27,29,1,3,0,93.1,1.0,27.0
S Sriram,2011,4,7,1,0,0,57.14,1.0,4.0
S Tyagi,2010,3,4,1,0,0,75.0,0.0,
S Vidyut,2008,145,109,8,21,3,133.03,8.0,18.12
SA Abbott,2015,15,13,2,1,1,115.38,2.0,7.5
SA Abbott,2022,7,5,1,0,1,140.0,1.0,7.0
SA Asnodkar,2008,311,231,9,43,6,134.63,9.0,34.56
SA Asnodkar,2009,98,93,8,11,4,105.38,8.0,12.25
SA Asnodkar,2010,5,4,1,1,0,125.0,2.0,2.5
SA Asnodkar,2011,9,9,1,1,0,100.0,1.0,9.0
SA Yadav,2012,0,4,1,0,0,0.0,1.0,0.0
SA Yadav,2014,160,115,10,15,5,139.13,6.0,26.67
SA Yadav,2015,157,113,13,12,8,138.94,9.0,17.44
SA Yadav,2016,180,141,11,18,5,127.66,7.0,25.71
SA Yadav,2017,105,88,7,8,3,119.32,6.0,17.5
SA Yadav,2018,512,384,14,61,16,133.33,14.0,36.57
SA Yadav,2019,424,324,15,45,10,130.86,13.0,32.62
SA Yadav,2020,480,330,15,61,11,145.45,12.0,40.0
SA Yadav,2021,316,220,14,40,10,143.64,14.0,22.57
SA Yadav,2022,301,206,8,23,16,146.12,7.0,43.0
SA Yadav,2023,595,332,16,64,27,179.22,14.0,42.5
SA Yadav,2024,345,205,11,36,18,168.29,10.0,34.5
SA Yadav,2025,717,427,16,69,38,167.92,11.0,65.18
SA Yadav,2026,270,183,13,28,10,147.54,13.0,20.77
SB Bangar,2008,47,49,6,1,3,95.92,6.0,7.83
SB Bangar,2009,2,9,1,0,0,22.22,1.0,2.0
SB Dubey,2024,33,19,3,3,2,173.68,2.0,16.5
SB Dubey,2025,105,65,8,6,8,161.54,4.0,26.25
SB Dubey,2026,81,58,6,8,3,139.66,4.0,20.25
SB Jakati,2009,20,15,2,3,0,133.33,1.0,20.0
SB Jakati,2012,7,12,2,0,0,58.33,0.0,
SB Jakati,2016,1,2,1,0,0,50.0,0.0,
SB Joshi,2008,6,14,2,0,0,42.86,2.0,3.0
SB Styris,2008,112,122,8,9,2,91.8,6.0,18.67
SB Styris,2009,14,8,1,0,1,175.0,1.0,14.0
SB Styris,2011,5,2,1,1,0,250.0,0.0,
SB Wagh,2011,2,3,2,0,0,66.67,2.0,1.0
SC Ganguly,2008,349,305,13,33,15,114.43,12.0,29.08
SC Ganguly,2009,183,205,11,13,5,89.27,11.0,16.64
SC Ganguly,2010,493,418,14,58,15,117.94,13.0,37.92
SC Ganguly,2011,50,58,3,3,2,86.21,2.0,25.0
SC Ganguly,2012,268,271,15,30,4,98.89,15.0,17.87
SD Chitnis,2008,12,9,2,1,0,133.33,2.0,6.0
SD Chitnis,2009,6,8,1,1,0,75.0,1.0,6.0
SD Chitnis,2011,9,9,1,1,0,100.0,1.0,9.0
SD Chitnis,2012,66,62,4,7,1,106.45,3.0,22.0
SD Hope,2024,183,122,9,12,12,150.0,8.0,22.88
SD Lad,2019,15,13,1,1,1,115.38,1.0,15.0
SE Bond,2010,1,2,1,0,0,50.0,1.0,1.0
SE Marsh,2008,614,440,11,59,26,139.55,9.0,68.22
SE Marsh,2010,147,114,4,14,6,128.95,3.0,49.0
SE Marsh,2011,500,343,13,51,20,145.77,12.0,41.67
SE Marsh,2012,336,280,13,39,7,120.0,11.0,30.55
SE Marsh,2013,300,249,8,39,4,120.48,8.0,37.5
SE Marsh,2014,70,52,2,7,3,134.62,2.0,35.0
SE Marsh,2015,89,62,4,9,3,143.55,5.0,17.8
SE Marsh,2016,159,134,6,13,4,118.66,5.0,31.8
SE Marsh,2017,258,192,8,36,4,134.38,8.0,32.25
SE Rutherford,2019,73,54,7,2,7,135.19,5.0,14.6
SE Rutherford,2022,33,50,2,1,1,66.0,2.0,16.5
SE Rutherford,2025,290,184,11,22,18,157.61,9.0,32.22
SE Rutherford,2026,123,74,7,5,12,166.22,5.0,24.6
SH Johnson,2024,6,7,3,1,0,85.71,0.0,
SH Johnson,2025,2,4,2,0,0,50.0,0.0,
SH Johnson,2026,0,1,1,0,0,0.0,1.0,0.0
SJ Srivastava,2010,1,2,2,0,0,50.0,1.0,1.0
SJ Srivastava,2011,4,3,2,0,0,133.33,0.0,
SK Raina,2008,420,294,14,35,18,142.86,11.0,38.18
SK Raina,2009,433,306,14,37,21,141.5,14.0,30.93
SK Raina,2010,520,364,16,45,22,142.86,12.0,43.33
SK Raina,2011,437,323,16,36,17,135.29,14.0,31.21
SK Raina,2012,440,324,18,36,19,135.8,17.0,25.88
SK Raina,2013,546,364,17,50,18,150.0,13.0,42.0
SK Raina,2014,519,357,16,50,19,145.38,13.0,39.92
SK Raina,2015,374,303,17,31,16,123.43,15.0,24.93
SK Raina,2016,399,312,15,39,10,127.88,14.0,28.5
SK Raina,2017,438,304,14,41,13,144.08,11.0,39.82
SK Raina,2018,445,335,15,46,12,132.84,12.0,37.08
SK Raina,2019,382,312,17,45,9,122.44,16.0,23.88
SK Raina,2021,160,127,11,13,9,125.98,9.0,17.78
SK Rasheed,2025,71,63,5,9,2,112.7,5.0,14.2
SK Trivedi,2008,5,12,3,0,0,41.67,1.0,5.0
SK Trivedi,2009,9,17,3,0,0,52.94,2.0,4.5
SK Trivedi,2010,20,14,4,3,1,142.86,2.0,10.0
SK Trivedi,2011,0,2,1,0,0,0.0,1.0,0.0
SK Trivedi,2012,5,6,1,0,0,83.33,0.0,
SK Trivedi,2013,3,7,2,0,0,42.86,1.0,3.0
SK Warne,2008,69,58,7,7,2,118.97,5.0,13.8
SK Warne,2009,108,116,10,6,4,93.1,8.0,13.5
SK Warne,2010,10,19,6,0,0,52.63,5.0,2.0
SK Warne,2011,10,20,4,1,0,50.0,2.0,5.0
SL Malinga,2009,0,1,1,0,0,0.0,2.0,0.0
SL Malinga,2010,1,1,1,0,0,100.0,0.0,
SL Malinga,2011,8,9,2,0,1,88.89,3.0,2.67
SL Malinga,2012,55,53,6,4,3,103.77,6.0,9.17
SL Malinga,2013,9,18,6,1,0,50.0,4.0,2.25
SL Malinga,2014,2,4,1,0,0,50.0,1.0,2.0
SL Malinga,2015,6,10,1,1,0,60.0,0.0,
SL Malinga,2017,7,3,2,0,1,233.33,0.0,
SM Curran,2019,95,55,8,13,3,172.73,4.0,23.75
SM Curran,2020,186,141,11,12,12,131.91,8.0,23.25
SM Curran,2021,56,29,4,5,3,193.1,3.0,18.67
SM Curran,2023,271,201,13,19,13,134.83,10.0,27.1
SM Curran,2024,266,217,12,23,6,122.58,10.0,26.6
SM Curran,2025,112,82,5,11,4,136.59,5.0,22.4
SM Harwood,2009,8,13,2,0,0,61.54,0.0,
SM Katich,2008,95,68,2,11,2,139.71,1.0,95.0
SM Katich,2009,145,117,9,15,6,123.93,9.0,16.11
SM Pollock,2008,147,111,8,12,8,132.43,8.0,18.38
SMSM Senanayake,2013,10,16,3,0,0,62.5,1.0,10.0
SN Khan,2015,110,70,7,12,2,157.14,4.0,27.5
SN Khan,2016,66,31,4,7,4,212.9,2.0,33.0
SN Khan,2018,51,41,6,7,1,124.39,5.0,10.2
SN Khan,2019,174,141,5,18,4,123.4,4.0,43.5
SN Khan,2020,33,29,3,5,0,113.79,2.0,16.5
SN Khan,2021,0,4,2,0,0,0.0,2.0,0.0
SN Khan,2022,91,67,5,9,2,135.82,3.0,30.33
SN Khan,2023,53,61,4,4,1,86.89,4.0,13.25
SN Khan,2026,157,94,7,22,6,167.02,7.0,22.43
SN Thakur,2015,7,6,1,1,0,116.67,0.0,
SN Thakur,2017,0,3,3,0,0,0.0,3.0,0.0
SN Thakur,2018,15,5,1,3,0,300.0,0.0,
SN Thakur,2019,14,7,2,1,1,200.0,2.0,7.0
SN Thakur,2020,12,21,2,0,0,57.14,1.0,12.0
SN Thakur,2021,4,4,3,0,0,100.0,2.0,2.0
SN Thakur,2022,120,87,10,7,7,137.93,8.0,15.0
SN Thakur,2023,113,70,9,13,4,161.43,8.0,14.12
SN Thakur,2024,21,17,3,2,1,123.53,1.0,21.0
SN Thakur,2025,18,12,5,3,0,150.0,3.0,6.0
SN Thakur,2026,24,30,3,2,0,80.0,2.0,12.0
SO Hetmyer,2019,90,73,5,4,7,123.29,5.0,18.0
SO Hetmyer,2020,183,124,11,11,12,147.58,8.0,22.88
SO Hetmyer,2021,242,142,12,19,12,170.42,7.0,34.57
SO Hetmyer,2022,314,204,15,21,21,153.92,7.0,44.86
SO Hetmyer,2023,299,196,13,12,23,152.55,8.0,37.38
SO Hetmyer,2024,113,68,9,9,7,166.18,5.0,22.6
SO Hetmyer,2025,245,168,13,18,11,145.83,11.0,22.27
SO Hetmyer,2026,78,69,7,5,3,113.04,6.0,13.0
SP Fleming,2008,192,162,10,26,3,118.52,9.0,21.33
SP Goswami,2008,82,85,3,9,1,96.47,3.0,27.33
SP Goswami,2009,53,60,2,6,0,88.33,2.0,26.5
SP Goswami,2010,8,10,1,2,0,80.0,1.0,8.0
SP Goswami,2011,29,29,4,5,0,100.0,4.0,7.25
SP Goswami,2012,69,67,6,4,1,102.99,5.0,13.8
SP Goswami,2018,51,38,3,6,1,134.21,3.0,17.0
SP Goswami,2020,0,4,2,0,0,0.0,2.0,0.0
SP Jackson,2017,38,31,3,5,0,122.58,2.0,19.0
SP Jackson,2022,23,26,5,0,1,88.46,4.0,5.75
SP Narine,2012,9,7,2,2,0,128.57,1.0,9.0
SP Narine,2013,21,19,6,0,2,110.53,3.0,7.0
SP Narine,2014,10,14,4,0,0,71.43,2.0,5.0
SP Narine,2015,0,1,1,0,0,0.0,0.0,
SP Narine,2016,7,13,3,0,0,53.85,1.0,7.0
SP Narine,2017,224,130,14,34,10,172.31,13.0,17.23
SP Narine,2018,357,188,16,40,23,189.89,16.0,22.31
SP Narine,2019,141,85,8,17,9,165.88,8.0,17.62
SP Narine,2020,121,85,9,10,8,142.35,9.0,13.44
SP Narine,2021,62,47,10,3,5,131.91,8.0,7.75
SP Narine,2022,71,40,9,6,6,177.5,8.0,8.88
SP Narine,2023,21,25,10,2,1,84.0,7.0,3.0
SP Narine,2024,488,270,14,50,33,180.74,14.0,34.86
SP Narine,2025,246,144,12,25,19,170.83,11.0,22.36
SP Narine,2026,40,32,4,2,4,125.0,3.0,13.33
SPD Smith,2012,350,262,14,23,13,133.59,9.0,38.89
SPD Smith,2013,159,132,7,15,4,120.45,4.0,39.75
SPD Smith,2014,146,112,7,13,3,130.36,4.0,36.5
SPD Smith,2015,292,220,12,33,3,132.73,11.0,26.55
SPD Smith,2016,270,175,7,27,8,154.29,6.0,45.0
SPD Smith,2017,472,387,15,38,12,121.96,12.0,39.33
SPD Smith,2019,317,273,10,30,4,116.12,8.0,39.62
SPD Smith,2020,303,235,14,30,9,128.94,12.0,25.25
SPD Smith,2021,152,135,7,13,2,112.59,6.0,25.33
SR Dubey,2026,4,2,1,1,0,200.0,0.0,
SR Tendulkar,2008,188,177,7,26,2,106.21,6.0,31.33
SR Tendulkar,2009,363,299,13,39,10,121.4,11.0,33.0
SR Tendulkar,2010,616,463,15,86,3,133.05,13.0,47.38
SR Tendulkar,2011,553,488,16,67,5,113.32,13.0,42.54
SR Tendulkar,2012,324,283,13,39,4,114.49,12.0,27.0
SR Tendulkar,2013,287,231,14,39,5,124.24,14.0,20.5
SR Watson,2008,467,307,15,46,19,152.12,10.0,46.7
SR Watson,2010,181,113,5,17,9,160.18,5.0,36.2
SR Watson,2011,329,252,11,31,17,130.56,10.0,32.9
SR Watson,2012,255,168,7,26,14,151.79,6.0,42.5
SR Watson,2013,542,378,16,59,22,143.39,14.0,38.71
SR Watson,2014,245,198,13,20,14,123.74,12.0,20.42
SR Watson,2015,343,257,9,36,14,133.46,9.0,38.11
SR Watson,2016,179,134,15,14,12,133.58,13.0,13.77
SR Watson,2017,71,78,7,6,1,91.03,6.0,11.83
SR Watson,2018,555,358,15,44,35,155.03,14.0,39.64
SR Watson,2019,398,311,17,42,20,127.97,17.0,23.41
SR Watson,2020,299,247,11,33,13,121.05,10.0,29.9
SS Cottrell,2020,0,2,1,0,0,0.0,1.0,0.0
SS Iyer,2015,439,342,14,41,21,128.36,13.0,33.77
SS Iyer,2016,30,43,6,2,1,69.77,6.0,5.0
SS Iyer,2017,337,242,12,36,10,139.26,10.0,33.7
SS Iyer,2018,410,309,13,29,21,132.69,11.0,37.27
SS Iyer,2019,466,386,16,42,14,120.73,16.0,29.12
SS Iyer,2020,514,419,17,39,16,122.67,15.0,34.27
SS Iyer,2021,175,171,8,7,5,102.34,5.0,35.0
SS Iyer,2022,401,298,14,41,11,134.56,13.0,30.85
SS Iyer,2024,351,239,14,34,14,146.86,9.0,39.0
SS Iyer,2025,603,343,17,43,39,175.8,12.0,50.25
SS Iyer,2026,497,293,13,39,30,169.62,9.0,55.22
SS Mishra,2026,1,3,1,0,0,33.33,0.0,
SS Prabhudessai,2022,67,58,5,7,2,115.52,5.0,13.4
SS Prabhudessai,2023,35,29,4,1,2,120.69,4.0,8.75
SS Prabhudessai,2024,24,18,1,3,0,133.33,1.0,24.0
SS Shaikh,2009,6,7,1,1,0,85.71,1.0,6.0
SS Tiwary,2008,26,20,2,3,1,130.0,2.0,13.0
SS Tiwary,2009,13,12,3,0,0,108.33,1.0,13.0
SS Tiwary,2010,417,307,15,29,18,135.83,14.0,29.79
SS Tiwary,2011,187,186,13,13,5,100.54,8.0,23.38
SS Tiwary,2012,189,167,11,9,8,113.17,8.0,23.62
SS Tiwary,2013,109,106,6,4,4,102.83,4.0,27.25
SS Tiwary,2015,109,78,6,9,5,139.74,0.0,
SS Tiwary,2016,169,139,7,17,4,121.58,7.0,24.14
SS Tiwary,2017,52,43,1,9,0,120.93,1.0,52.0
SS Tiwary,2020,103,80,5,8,3,128.75,5.0,20.6
SS Tiwary,2021,115,97,4,10,2,118.56,2.0,57.5
ST Jayasuriya,2008,508,308,14,57,30,164.94,12.0,42.33
ST Jayasuriya,2009,219,190,12,23,7,115.26,12.0,18.25
ST Jayasuriya,2010,33,31,4,4,1,106.45,4.0,8.25
STR Binny,2010,8,5,1,1,0,160.0,1.0,8.0
STR Binny,2011,37,31,2,2,1,119.35,1.0,37.0
STR Binny,2012,90,67,6,9,3,134.33,4.0,22.5
STR Binny,2013,293,199,16,25,12,147.24,9.0,32.56
STR Binny,2014,123,121,11,4,5,101.65,10.0,12.3
STR Binny,2015,73,65,8,7,1,112.31,4.0,18.25
STR Binny,2016,63,39,5,5,4,161.54,4.0,15.75
STR Binny,2017,78,76,7,6,3,102.63,5.0,15.6
STR Binny,2018,44,39,5,2,2,112.82,5.0,8.8
STR Binny,2019,70,40,5,5,4,175.0,3.0,23.33
SU Parakh,2026,46,33,4,5,2,139.39,4.0,11.5
SV Samson,2013,206,178,10,19,5,115.73,8.0,25.75
SV Samson,2014,339,273,13,25,17,124.18,13.0,26.08
SV Samson,2015,204,162,11,16,8,125.93,10.0,20.4
SV Samson,2016,291,258,14,20,8,112.79,11.0,26.45
SV Samson,2017,386,273,14,32,19,141.39,14.0,27.57
SV Samson,2018,441,319,15,30,19,138.24,14.0,31.5
SV Samson,2019,341,229,11,28,13,148.91,10.0,34.1
SV Samson,2020,373,234,14,21,26,159.4,13.0,28.69
SV Samson,2021,481,351,14,45,17,137.04,12.0,40.08
SV Samson,2022,458,311,17,43,26,147.27,16.0,28.62
SV Samson,2023,362,236,14,25,24,153.39,12.0,30.17
SV Samson,2024,530,343,15,48,24,154.52,11.0,48.18
SV Samson,2025,284,201,9,27,13,141.29,9.0,31.56
SV Samson,2026,473,285,14,52,24,165.96,11.0,43.0
SW Billings,2016,88,63,4,4,4,139.68,4.0,22.0
SW Billings,2017,138,103,6,19,1,133.98,6.0,23.0
SW Billings,2018,108,78,8,8,5,138.46,8.0,13.5
SW Billings,2019,0,4,1,0,0,0.0,1.0,0.0
SW Billings,2022,163,137,8,9,9,118.98,7.0,23.29
SW Tait,2010,12,13,2,0,1,92.31,1.0,12.0
SW Tait,2011,10,10,2,1,0,100.0,1.0,10.0
SW Tait,2013,1,3,1,0,0,33.33,1.0,1.0
SZ Mulani,2024,1,1,1,0,0,100.0,0.0,
Sachin Baby,2013,3,7,1,0,0,42.86,1.0,3.0
Sachin Baby,2016,118,77,6,9,5,153.25,4.0,29.5
Sachin Baby,2017,15,15,3,2,0,100.0,3.0,5.0
Sachin Baby,2021,6,16,1,0,0,37.5,1.0,6.0
Sakib Hussain,2026,5,7,1,1,0,71.43,0.0,
Salil Arora,2026,35,21,1,2,2,166.67,1.0,35.0
Salman Butt,2008,192,160,7,30,2,120.0,7.0,27.43
Sameer Rizvi,2024,51,43,5,4,2,118.6,4.0,12.75
Sameer Rizvi,2025,121,79,4,11,7,153.16,3.0,40.33
Sameer Rizvi,2026,252,171,9,15,17,147.37,7.0,36.0
Sandeep Sharma,2013,0,1,1,0,0,0.0,0.0,
Sandeep Sharma,2014,2,5,1,0,0,40.0,0.0,
Sandeep Sharma,2015,9,14,3,1,0,64.29,1.0,9.0
Sandeep Sharma,2016,8,9,4,0,0,88.89,0.0,
Sandeep Sharma,2017,6,5,2,0,0,120.0,0.0,
Sandeep Sharma,2018,0,4,3,0,0,0.0,2.0,0.0
Sandeep Sharma,2019,6,3,2,1,0,200.0,0.0,
Sandeep Sharma,2020,12,15,5,1,0,80.0,2.0,6.0
Sandeep Sharma,2021,8,7,2,1,0,114.29,1.0,8.0
Sandeep Sharma,2023,2,6,2,0,0,33.33,0.0,
Sandeep Sharma,2025,6,5,1,0,0,120.0,0.0,
Sanvir Singh,2023,11,9,2,1,1,122.22,1.0,11.0
Sanvir Singh,2024,14,12,3,1,0,116.67,1.0,14.0
Saurav Chauhan,2024,18,15,3,1,1,120.0,3.0,6.0
Sediqullah Atal,2025,22,16,1,0,2,137.5,1.0,22.0
Shahbaz Ahmed,2020,1,1,1,0,0,100.0,0.0,
Shahbaz Ahmed,2021,59,53,7,4,2,111.32,7.0,8.43
Shahbaz Ahmed,2022,218,179,11,14,9,121.79,8.0,27.25
Shahbaz Ahmed,2023,42,39,6,3,1,107.69,4.0,10.5
Shahbaz Ahmed,2024,215,166,12,7,13,129.52,9.0,23.89
Shahbaz Ahmed,2025,9,8,1,1,0,112.5,1.0,9.0
Shahbaz Ahmed,2026,58,41,2,4,3,141.46,0.0,
Shahid Afridi,2008,81,46,9,7,6,176.09,8.0,10.12
Shakib Al Hasan,2011,29,22,3,4,0,131.82,2.0,14.5
Shakib Al Hasan,2012,89,73,7,6,3,121.92,6.0,14.83
Shakib Al Hasan,2014,228,153,11,22,7,149.02,8.0,28.5
Shakib Al Hasan,2015,36,27,3,5,0,133.33,3.0,12.0
Shakib Al Hasan,2016,114,106,7,7,5,107.55,5.0,22.8
Shakib Al Hasan,2017,1,1,1,0,0,100.0,0.0,
Shakib Al Hasan,2018,235,195,13,25,5,120.51,11.0,21.36
Shakib Al Hasan,2019,9,10,1,0,0,90.0,1.0,9.0
Shakib Al Hasan,2021,47,48,6,3,1,97.92,5.0,9.4
Shashank Singh,2022,69,47,5,5,4,146.81,4.0,17.25
Shashank Singh,2024,354,215,14,28,21,164.65,8.0,44.25
Shashank Singh,2025,350,228,14,23,18,153.51,7.0,50.0
Shashank Singh,2026,132,70,9,11,8,188.57,6.0,22.0
Shivam Mavi,2018,13,15,3,1,0,86.67,3.0,4.33
Shivam Mavi,2020,10,14,3,1,0,71.43,2.0,5.0
Shivam Mavi,2021,25,20,2,2,2,125.0,2.0,12.5
Shivam Mavi,2022,3,7,3,0,0,42.86,2.0,1.5
Shivam Sharma,2014,5,3,2,1,0,166.67,1.0,5.0
Shivam Singh,2024,2,3,1,0,0,66.67,0.0,
Shivang Kumar,2026,52,45,6,6,1,115.56,6.0,8.67
Shoaib Ahmed,2009,1,6,3,0,0,16.67,2.0,0.5
Shoaib Akhtar,2008,2,7,1,0,0,28.57,1.0,2.0
Shoaib Malik,2008,51,46,5,5,0,110.87,4.0,12.75
Shubman Gill,2018,203,139,10,22,5,146.04,6.0,33.83
Shubman Gill,2019,295,237,13,21,10,124.47,9.0,32.78
Shubman Gill,2020,439,372,14,44,9,118.01,13.0,33.77
Shubman Gill,2021,478,401,17,50,12,119.2,17.0,28.12
Shubman Gill,2022,479,362,16,50,11,132.32,14.0,34.21
Shubman Gill,2023,885,560,17,84,33,158.04,15.0,59.0
Shubman Gill,2024,426,289,12,37,15,147.4,11.0,38.73
Shubman Gill,2025,649,414,15,62,24,156.76,13.0,49.92
Shubman Gill,2026,732,449,16,74,33,163.03,16.0,45.75
Sikandar Raza,2023,139,98,7,10,6,141.84,5.0,27.8
Sikandar Raza,2024,43,38,2,2,2,113.16,2.0,21.5
Simarjeet Singh,2022,7,8,3,0,0,87.5,1.0,7.0
Simarjeet Singh,2025,3,7,3,0,0,42.86,2.0,1.5
Sohail Tanvir,2008,35,28,5,3,1,125.0,3.0,11.67
Sumit Kumar,2024,18,24,3,2,1,75.0,2.0,9.0
Sunny Gupta,2012,0,1,1,0,0,0.0,1.0,0.0
Sunny Singh,2011,43,31,5,6,1,138.71,4.0,10.75
Suryansh Shedge,2025,7,11,3,0,0,63.64,3.0,2.33
Suryansh Shedge,2026,158,90,7,9,12,175.56,4.0,39.5
Swapnil Singh,2016,0,1,1,0,0,0.0,1.0,0.0
Swapnil Singh,2017,12,19,2,0,0,63.16,2.0,6.0
Swapnil Singh,2023,2,4,1,0,0,50.0,0.0,
Swapnil Singh,2024,37,21,5,3,3,176.19,2.0,18.5
T Banton,2020,18,20,2,1,1,90.0,2.0,9.0
T Dahiya,2026,12,15,2,2,0,80.0,2.0,6.0
T Henderson,2009,11,15,2,0,1,73.33,2.0,5.5
T Kohler-Cadmore,2024,48,54,3,7,1,88.89,3.0,16.0
T Kohli,2008,10,15,2,0,1,66.67,2.0,5.0
T Kohli,2009,1,4,1,0,0,25.0,1.0,1.0
T Natarajan,2020,3,5,2,0,0,60.0,0.0,
T Natarajan,2026,1,2,1,0,0,50.0,0.0,
T Shamsi,2021,2,4,1,0,0,50.0,0.0,
T Stubbs,2022,2,4,2,0,0,50.0,2.0,1.0
T Stubbs,2023,25,31,2,2,0,80.65,2.0,12.5
T Stubbs,2024,372,197,13,24,25,188.83,7.0,53.14
T Stubbs,2025,306,200,13,25,12,153.0,6.0,51.0
T Stubbs,2026,275,216,13,18,9,127.31,8.0,34.38
T Taibu,2008,31,26,3,3,0,119.23,3.0,10.33
T Thushara,2009,2,7,2,0,0,28.57,1.0,2.0
T Thushara,2010,10,11,2,0,0,90.91,1.0,10.0
TA Boult,2017,5,8,1,0,0,62.5,0.0,
TA Boult,2018,0,2,1,0,0,0.0,1.0,0.0
TA Boult,2019,7,4,2,0,1,175.0,1.0,7.0
TA Boult,2020,0,1,1,0,0,0.0,1.0,0.0
TA Boult,2021,1,4,2,0,0,25.0,0.0,
TA Boult,2022,40,29,7,2,1,137.93,2.0,20.0
TA Boult,2023,16,14,3,1,1,114.29,1.0,16.0
TA Boult,2024,14,16,4,2,0,87.5,2.0,7.0
TA Boult,2025,2,3,2,0,0,66.67,1.0,2.0
TA Boult,2026,8,4,2,0,1,200.0,1.0,8.0
TD Paine,2011,10,26,2,0,0,38.46,2.0,5.0
TG Southee,2014,4,4,1,1,0,100.0,1.0,4.0
TG Southee,2015,13,9,2,1,0,144.44,1.0,13.0
TG Southee,2016,30,18,4,1,2,166.67,3.0,10.0
TG Southee,2017,7,3,1,0,1,233.33,1.0,7.0
TG Southee,2018,52,46,4,5,1,113.04,2.0,26.0
TG Southee,2019,9,9,1,0,0,100.0,0.0,
TG Southee,2021,3,5,1,0,0,60.0,1.0,3.0
TG Southee,2022,2,12,5,0,0,16.67,4.0,0.5
TH David,2021,1,3,1,0,0,33.33,1.0,1.0
TH David,2022,186,86,8,12,16,216.28,5.0,37.2
TH David,2023,231,146,15,12,15,158.22,9.0,25.67
TH David,2024,234,150,11,14,14,156.0,8.0,29.25
TH David,2025,177,99,9,15,13,178.79,3.0,59.0
TH David,2026,304,159,15,22,23,191.19,9.0,33.78
TK Curran,2018,23,28,4,3,0,82.14,3.0,7.67
TK Curran,2020,83,62,4,5,3,133.87,1.0,83.0
TK Curran,2021,21,17,2,2,0,123.53,1.0,21.0
TL Seifert,2021,2,4,1,0,0,50.0,1.0,2.0
TL Seifert,2022,24,19,2,4,0,126.32,2.0,12.0
TL Seifert,2026,19,18,3,2,1,105.56,3.0,6.33
TL Suman,2009,237,190,12,18,8,124.74,10.0,23.7
TL Suman,2010,307,255,14,23,12,120.39,9.0,34.11
TL Suman,2011,65,51,6,5,5,127.45,6.0,10.83
TL Suman,2012,15,19,2,1,1,78.95,2.0,7.5
TL Suman,2013,52,58,5,8,0,89.66,5.0,10.4
TM Dilshan,2008,102,78,7,14,3,130.77,6.0,17.0
TM Dilshan,2009,414,339,13,41,13,122.12,10.0,41.4
TM Dilshan,2010,44,53,6,6,0,83.02,6.0,7.33
TM Dilshan,2011,226,180,10,33,3,125.56,8.0,28.25
TM Dilshan,2012,277,259,9,31,5,106.95,8.0,34.62
TM Dilshan,2013,75,92,5,12,0,81.52,5.0,15.0
TM Head,2016,53,39,3,3,2,135.9,2.0,26.5
TM Head,2017,151,108,7,9,6,139.81,5.0,30.2
TM Head,2024,563,294,15,63,32,191.5,14.0,40.21
TM Head,2025,373,226,12,50,15,165.04,12.0,31.08
TM Head,2026,410,240,15,46,23,170.83,15.0,27.33
TM Srivastava,2008,8,10,2,0,0,80.0,1.0,8.0
TM Srivastava,2009,0,1,1,0,0,0.0,0.0,
TR Birt,2011,75,57,5,9,2,131.58,5.0,15.0
TS Mills,2017,8,11,3,0,1,72.73,3.0,2.67
TS Mills,2022,0,3,2,0,0,0.0,1.0,0.0
TU Deshpande,2020,21,12,2,2,1,175.0,1.0,21.0
TU Deshpande,2023,0,1,1,0,0,0.0,0.0,
TU Deshpande,2024,0,1,1,0,0,0.0,0.0,
TU Deshpande,2025,7,8,4,0,0,87.5,1.0,7.0
TU Deshpande,2026,26,14,2,0,3,185.71,2.0,13.0
Tanush Kotian,2024,24,31,1,3,0,77.42,1.0,24.0
Tilak Varma,2022,397,302,14,29,16,131.46,11.0,36.09
Tilak Varma,2023,342,208,11,26,23,164.42,8.0,42.75
Tilak Varma,2024,415,277,13,35,19,149.82,10.0,41.5
Tilak Varma,2025,336,245,13,23,15,137.14,11.0,30.55
Tilak Varma,2026,359,246,14,30,17,145.93,12.0,29.92
U Kaul,2008,0,1,1,0,0,0.0,0.0,
UA Birla,2013,7,14,1,1,0,50.0,1.0,7.0
UBT Chand,2011,2,12,2,0,0,16.67,2.0,1.0
UBT Chand,2012,36,34,2,2,3,105.88,2.0,18.0
UBT Chand,2013,158,157,9,17,4,100.64,9.0,17.56
UBT Chand,2014,2,9,1,0,0,22.22,1.0,2.0
UBT Chand,2015,102,83,5,13,2,122.89,5.0,20.4
UBT Chand,2016,0,4,1,0,0,0.0,1.0,0.0
UT Khawaja,2016,127,99,6,14,3,128.28,6.0,21.17
UT Yadav,2010,3,4,1,0,0,75.0,0.0,
UT Yadav,2011,1,5,2,0,0,20.0,1.0,1.0
UT Yadav,2012,2,7,3,0,0,28.57,2.0,1.0
UT Yadav,2013,38,38,7,3,1,100.0,1.0,38.0
UT Yadav,2014,2,4,1,0,0,50.0,1.0,2.0
UT Yadav,2015,29,14,3,5,1,207.14,1.0,29.0
UT Yadav,2016,9,5,2,0,1,180.0,1.0,9.0
UT Yadav,2017,10,13,4,0,0,76.92,0.0,
UT Yadav,2018,3,11,5,0,0,27.27,4.0,0.75
UT Yadav,2019,25,25,5,3,1,100.0,2.0,12.5
UT Yadav,2020,0,2,1,0,0,0.0,1.0,0.0
UT Yadav,2022,55,40,7,4,4,137.5,4.0,13.75
UT Yadav,2023,19,18,5,1,0,105.56,2.0,9.5
UT Yadav,2024,12,15,2,0,1,80.0,1.0,12.0
Umar Gul,2008,39,19,4,1,5,205.26,3.0,13.0
Umran Malik,2022,4,8,4,0,0,50.0,1.0,4.0
Umran Malik,2023,13,7,1,1,1,185.71,1.0,13.0
Urvil Patel,2025,68,32,3,5,6,212.5,3.0,22.67
Urvil Patel,2026,129,64,7,6,14,201.56,7.0,18.43
V Kohli,2008,165,157,12,18,4,105.1,11.0,15.0
V Kohli,2009,246,219,13,22,8,112.33,11.0,22.36
V Kohli,2010,306,211,13,26,12,145.02,11.0,27.82
V Kohli,2011,557,459,16,55,16,121.35,12.0,46.42
V Kohli,2012,364,325,15,33,10,112.0,13.0,28.0
V Kohli,2013,636,454,16,65,22,140.09,14.0,45.43
V Kohli,2014,359,294,14,23,16,122.11,13.0,27.62
V Kohli,2015,505,386,16,35,23,130.83,11.0,45.91
V Kohli,2016,966,637,16,84,37,151.65,12.0,80.5
V Kohli,2017,308,252,10,23,11,122.22,10.0,30.8
V Kohli,2018,529,379,14,52,18,139.58,11.0,48.09
V Kohli,2019,464,327,14,46,13,141.9,14.0,33.14
V Kohli,2020,468,384,15,24,11,121.88,11.0,42.55
V Kohli,2021,401,337,15,42,9,118.99,14.0,28.64
V Kohli,2022,341,294,16,32,8,115.99,15.0,22.73
V Kohli,2023,639,457,14,65,16,139.82,12.0,53.25
V Kohli,2024,741,479,15,62,38,154.7,12.0,61.75
V Kohli,2025,657,454,15,66,19,144.71,12.0,54.75
V Kohli,2026,674,406,16,73,25,166.01,12.0,56.17
V Nigam,2025,142,78,8,16,8,182.05,7.0,20.29
V Nigam,2026,15,10,2,2,0,150.0,1.0,15.0
V Pratap Singh,2012,0,1,1,0,0,0.0,1.0,0.0
V Sehwag,2008,399,216,14,46,20,184.72,12.0,33.25
V Sehwag,2009,195,134,11,24,7,145.52,10.0,19.5
V Sehwag,2010,352,217,14,46,14,162.21,14.0,25.14
V Sehwag,2011,424,239,11,51,18,177.41,11.0,38.55
V Sehwag,2012,495,307,16,57,19,161.24,15.0,33.0
V Sehwag,2013,294,229,13,41,6,128.38,12.0,24.5
V Sehwag,2014,455,314,17,56,18,144.9,17.0,26.76
V Sehwag,2015,99,84,8,12,3,117.86,8.0,12.38
V Shankar,2017,101,75,4,12,1,134.67,2.0,50.5
V Shankar,2018,211,147,9,11,11,143.54,4.0,52.75
V Shankar,2019,244,193,14,11,12,126.42,12.0,20.33
V Shankar,2020,97,96,5,10,1,101.04,4.0,24.25
V Shankar,2021,58,52,5,1,3,111.54,5.0,11.6
V Shankar,2022,19,35,4,1,0,54.29,4.0,4.75
V Shankar,2023,297,187,10,26,15,158.82,8.0,37.12
V Shankar,2024,83,72,7,7,2,115.28,5.0,16.6
V Shankar,2025,117,90,5,8,3,130.0,3.0,39.0
V Suryavanshi,2025,252,121,7,18,24,208.26,7.0,36.0
V Suryavanshi,2026,772,326,16,62,72,236.81,16.0,48.25
V Viyaskanth,2024,7,5,1,0,0,140.0,0.0,
VG Arora,2022,5,13,4,0,0,38.46,2.0,2.5
VG Arora,2023,3,2,2,0,0,150.0,0.0,
VG Arora,2024,1,1,1,0,0,100.0,0.0,
VG Arora,2025,0,8,2,0,0,0.0,2.0,0.0
VG Arora,2026,1,3,2,0,0,33.33,0.0,
VH Zol,2014,29,26,2,3,1,111.54,2.0,14.5
VR Aaron,2011,0,5,1,0,0,0.0,0.0,
VR Aaron,2012,1,3,2,0,0,33.33,2.0,0.5
VR Aaron,2014,34,33,3,2,1,103.03,0.0,
VR Aaron,2015,6,3,1,0,1,200.0,1.0,6.0
VR Aaron,2017,4,10,2,0,0,40.0,1.0,4.0
VR Aaron,2019,3,7,1,0,0,42.86,0.0,
VR Aaron,2020,1,10,2,0,0,10.0,1.0,1.0
VR Iyer,2021,370,288,10,37,14,128.47,9.0,41.11
VR Iyer,2022,182,169,12,17,7,107.69,11.0,16.55
VR Iyer,2023,398,276,14,32,20,144.2,14.0,28.43
VR Iyer,2024,370,233,13,35,19,158.8,8.0,46.25
VR Iyer,2025,142,102,7,15,4,139.22,7.0,20.29
VR Iyer,2026,209,112,6,21,13,186.61,4.0,52.25
VRV Singh,2008,4,3,2,1,0,133.33,2.0,2.0
VS Malik,2010,6,5,1,1,0,120.0,1.0,6.0
VS Malik,2014,1,2,1,0,0,50.0,0.0,
VS Yeligati,2008,2,2,1,0,0,100.0,1.0,2.0
VVS Laxman,2008,155,132,6,22,1,117.42,5.0,31.0
VVS Laxman,2009,19,33,5,1,1,57.58,5.0,3.8
VVS Laxman,2010,64,60,6,7,1,106.67,6.0,10.67
VVS Laxman,2011,38,41,3,3,1,92.68,3.0,12.67
VY Mahesh,2008,15,27,5,0,0,55.56,2.0,7.5
Vijaykumar Vyshak,2023,13,9,2,0,1,144.44,1.0,13.0
Vijaykumar Vyshak,2024,1,3,2,0,0,33.33,1.0,1.0
Vijaykumar Vyshak,2026,2,4,2,0,0,50.0,0.0,
Virat Singh,2021,15,26,2,1,0,57.69,2.0,7.5
Vishnu Vinod,2017,19,26,3,1,1,73.08,3.0,6.33
Vishnu Vinod,2023,36,30,3,2,2,120.0,3.0,12.0
Vishnu Vinod,2026,15,8,1,1,1,187.5,0.0,
Vivrant Sharma,2023,69,47,1,9,2,146.81,1.0,69.0
W Jaffer,2008,115,104,6,12,3,110.58,6.0,19.17
W Jaffer,2009,15,17,2,2,0,88.24,2.0,7.5
WA Mota,2008,26,27,2,2,0,96.3,1.0,26.0
WA Mota,2009,30,48,6,0,0,62.5,5.0,6.0
WD Parnell,2011,37,39,5,2,1,94.87,3.0,12.33
WD Parnell,2012,19,27,5,2,0,70.37,4.0,4.75
WD Parnell,2013,5,7,1,0,0,71.43,1.0,5.0
WD Parnell,2014,2,2,1,0,0,100.0,1.0,2.0
WD Parnell,2023,2,5,1,0,0,40.0,1.0,2.0
WG Jacks,2024,224,130,8,16,17,172.31,7.0,32.0
WG Jacks,2025,233,172,11,22,11,135.47,10.0,23.3
WG Jacks,2026,138,75,7,12,9,184.0,5.0,27.6
WP Saha,2008,159,119,10,12,7,133.61,5.0,31.8
WP Saha,2009,72,41,7,3,4,175.61,3.0,24.0
WP Saha,2010,67,53,6,9,1,126.42,3.0,22.33
WP Saha,2011,68,63,2,2,4,107.94,1.0,68.0
WP Saha,2012,6,14,1,0,0,42.86,1.0,6.0
WP Saha,2013,70,56,3,6,4,125.0,3.0,23.33
WP Saha,2014,362,249,13,33,18,145.38,11.0,32.91
WP Saha,2015,249,197,13,16,10,126.4,13.0,19.15
WP Saha,2016,270,212,12,29,1,127.36,11.0,24.55
WP Saha,2017,230,186,11,19,8,123.66,10.0,23.0
WP Saha,2018,122,102,10,17,1,119.61,8.0,15.25
WP Saha,2019,86,53,5,13,1,162.26,5.0,17.2
WP Saha,2020,214,153,4,24,5,139.87,3.0,71.33
WP Saha,2021,131,139,9,7,5,94.24,9.0,14.56
WP Saha,2022,317,259,11,40,7,122.39,10.0,31.7
WP Saha,2023,370,285,17,47,8,129.82,16.0,23.12
WP Saha,2024,136,115,9,18,3,118.26,9.0,15.11
WPUJC Vaas,2008,15,17,4,0,0,88.24,3.0,5.0
WPUJC Vaas,2009,30,21,2,1,1,142.86,1.0,30.0
WPUJC Vaas,2010,30,34,5,1,1,88.24,4.0,7.5
Washington Sundar,2017,9,12,5,0,0,75.0,1.0,9.0
Washington Sundar,2018,65,38,5,5,4,171.05,3.0,21.67
Washington Sundar,2019,1,3,2,0,0,33.33,2.0,0.5
Washington Sundar,2020,111,95,9,10,2,116.84,6.0,18.5
Washington Sundar,2021,30,46,4,2,0,65.22,4.0,7.5
Washington Sundar,2022,101,69,7,9,3,146.38,7.0,14.43
Washington Sundar,2023,60,60,5,6,0,100.0,4.0,15.0
Washington Sundar,2024,0,1,1,0,0,0.0,1.0,0.0
Washington Sundar,2025,133,80,5,10,7,166.25,5.0,26.6
Washington Sundar,2026,373,249,16,39,12,149.8,10.0,37.3
X Thalaivan Sargunam,2013,10,17,1,0,0,58.82,1.0,10.0
XC Bartlett,2025,11,15,1,1,0,73.33,1.0,11.0
XC Bartlett,2026,29,13,3,2,2,223.08,1.0,29.0
Y Gnaneswara Rao,2011,19,17,1,3,0,111.76,1.0,19.0
Y Nagar,2009,20,20,1,1,0,100.0,1.0,20.0
Y Nagar,2010,1,6,1,0,0,16.67,1.0,1.0
Y Nagar,2011,111,100,10,6,6,111.0,7.0,15.86
Y Nagar,2012,153,133,8,13,3,115.04,5.0,30.6
Y Prithvi Raj,2019,0,1,1,0,0,0.0,0.0,
Y Venugopal Rao,2008,283,207,10,21,15,136.71,8.0,35.38
Y Venugopal Rao,2009,124,114,12,6,3,108.77,11.0,11.27
Y Venugopal Rao,2010,34,43,4,3,1,79.07,4.0,8.5
Y Venugopal Rao,2011,336,279,14,30,13,120.43,12.0,28.0
Y Venugopal Rao,2012,132,126,7,8,5,104.76,6.0,22.0
Y Venugopal Rao,2014,71,63,5,8,0,112.7,3.0,23.67
YA Abdulla,2010,0,1,1,0,0,0.0,0.0,
YBK Jaiswal,2020,40,44,3,2,2,90.91,3.0,13.33
YBK Jaiswal,2021,249,168,10,32,10,148.21,10.0,24.9
YBK Jaiswal,2022,253,191,10,27,10,132.46,10.0,25.3
YBK Jaiswal,2023,619,381,14,83,25,162.47,13.0,47.62
YBK Jaiswal,2024,434,278,15,54,16,156.12,14.0,31.0
YBK Jaiswal,2025,559,350,14,60,28,159.71,14.0,39.93
YBK Jaiswal,2026,427,280,16,52,18,152.5,14.0,30.5
YK Pathan,2008,430,239,15,43,25,179.92,14.0,30.71
YK Pathan,2009,261,187,13,25,14,139.57,12.0,21.75
YK Pathan,2010,332,200,14,22,24,166.0,12.0,27.67
YK Pathan,2011,283,200,11,24,13,141.5,10.0,28.3
YK Pathan,2012,191,166,16,10,7,115.06,10.0,19.1
YK Pathan,2013,331,239,16,30,15,138.49,11.0,30.09
YK Pathan,2014,268,165,12,15,20,162.42,9.0,29.78
YK Pathan,2015,310,229,12,29,12,135.37,7.0,44.29
YK Pathan,2016,361,248,13,33,13,145.56,5.0,72.2
YK Pathan,2017,143,115,11,9,6,124.35,8.0,17.88
YK Pathan,2018,260,200,13,22,11,130.0,9.0,28.89
YK Pathan,2019,40,45,7,1,1,88.89,3.0,13.33
YS Chahal,2014,1,1,1,0,0,100.0,0.0,
YS Chahal,2015,1,1,1,0,0,100.0,0.0,
YS Chahal,2017,13,26,6,0,0,50.0,3.0,4.33
YS Chahal,2018,0,4,1,0,0,0.0,0.0,
YS Chahal,2019,6,16,3,0,0,37.5,2.0,3.0
YS Chahal,2020,1,3,1,0,0,33.33,1.0,1.0
YS Chahal,2021,10,27,2,0,0,37.04,0.0,
YS Chahal,2022,5,8,1,0,0,62.5,1.0,5.0
YV Dhull,2023,16,23,3,1,0,69.57,3.0,5.33
YV Takawale,2008,69,64,4,7,2,107.81,2.0,34.5
YV Takawale,2009,18,22,1,2,0,81.82,1.0,18.0
YV Takawale,2014,104,91,5,17,1,114.29,5.0,20.8
Yash Dayal,2022,0,1,1,0,0,0.0,1.0,0.0
Yash Dayal,2025,4,8,3,0,0,50.0,2.0,2.0
Yashpal Singh,2009,47,65,4,5,0,72.31,4.0,11.75
Younis Khan,2008,3,7,1,0,0,42.86,1.0,3.0
Yudhvir Singh,2023,1,2,2,0,0,50.0,2.0,0.5
Yudhvir Singh,2024,21,14,2,1,2,150.0,2.0,10.5
Yuvraj Singh,2008,299,184,14,24,19,162.5,13.0,23.0
Yuvraj Singh,2009,340,294,14,25,16,115.65,12.0,28.33
Yuvraj Singh,2010,258,200,14,21,14,129.0,12.0,21.5
Yuvraj Singh,2011,343,261,13,24,18,131.42,10.0,34.3
Yuvraj Singh,2013,238,190,13,14,15,125.26,12.0,19.83
Yuvraj Singh,2014,370,274,14,21,28,135.04,11.0,33.64
Yuvraj Singh,2015,247,209,13,23,10,118.18,13.0,19.0
Yuvraj Singh,2016,236,179,10,22,13,131.84,9.0,26.22
Yuvraj Singh,2017,248,176,11,29,8,140.91,9.0,27.56
Yuvraj Singh,2018,65,73,6,6,2,89.04,6.0,10.83
Yuvraj Singh,2019,98,75,4,7,6,130.67,4.0,24.5
Z Khan,2008,33,42,7,4,0,78.57,4.0,8.25
Z Khan,2009,8,11,3,0,0,72.73,1.0,8.0
Z Khan,2010,24,13,3,3,1,184.62,1.0,24.0
Z Khan,2011,21,24,2,2,0,87.5,2.0,10.5
Z Khan,2012,12,17,4,1,0,70.59,2.0,6.0
Z Khan,2014,8,7,3,0,1,114.29,1.0,8.0
Z Khan,2016,6,13,2,1,0,46.15,2.0,3.0
Z Khan,2017,4,13,3,0,0,30.77,1.0,4.0
