Bowler,ID,season,runs_conceded,balls_bowled,overs,economy
A Ashish Reddy,548329,2012,29,12,2.0,14.5
A Ashish Reddy,548341,2012,32,24,4.0,8.0
A Ashish Reddy,548346,2012,10,13,2.1666666666666665,4.62
A Ashish Reddy,548348,2012,30,18,3.0,10.0
A Ashish Reddy,548352,2012,14,12,2.0,7.0
A Ashish Reddy,548356,2012,35,24,4.0,8.75
A Ashish Reddy,548359,2012,36,24,4.0,9.0
A Ashish Reddy,548373,2012,17,12,2.0,8.5
A Ashish Reddy,548376,2012,24,24,4.0,6.0
A Ashish Reddy,598000,2013,21,12,2.0,10.5
A Ashish Reddy,598004,2013,7,6,1.0,7.0
A Ashish Reddy,598013,2013,15,12,2.0,7.5
A Ashish Reddy,598048,2013,12,6,1.0,12.0
A Ashish Reddy,829719,2015,11,6,1.0,11.0
A Ashish Reddy,829727,2015,5,6,1.0,5.0
A Ashish Reddy,829731,2015,14,12,2.0,7.0
A Ashish Reddy,829773,2015,19,12,2.0,9.5
A Ashish Reddy,980907,2016,25,11,1.8333333333333335,13.64
A Ashish Reddy,980915,2016,14,12,2.0,7.0
A Badoni,1304083,2022,6,6,1.0,6.0
A Badoni,1304109,2022,5,6,1.0,5.0
A Badoni,1422122,2024,6,6,1.0,6.0
A Badoni,1426295,2024,19,6,1.0,19.0
A Badoni,1473502,2025,4,6,1.0,4.0
A Badoni,1529272,2026,14,6,1.0,14.0
A Chandila,548336,2012,29,24,4.0,7.25
A Chandila,548365,2012,13,24,4.0,3.25
A Chandila,548373,2012,20,24,4.0,5.0
A Chandila,548377,2012,24,12,2.0,12.0
A Chandila,598014,2013,14,18,3.0,4.67
A Chandila,598019,2013,6,12,2.0,3.0
A Chandila,598023,2013,21,24,4.0,5.25
A Chandila,598026,2013,16,18,3.0,5.33
A Chandila,598032,2013,13,18,3.0,4.33
A Chandila,598036,2013,39,24,4.0,9.75
A Chandila,598047,2013,23,12,2.0,11.5
A Chandila,598052,2013,24,24,4.0,6.0
A Choudhary,1082591,2017,51,24,4.0,12.75
A Choudhary,1082621,2017,19,12,2.0,9.5
A Choudhary,1082628,2017,31,24,4.0,7.75
A Choudhary,1082633,2017,17,24,4.0,4.25
A Choudhary,1082636,2017,19,17,2.8333333333333335,6.71
A Dananjaya,1136569,2018,46,24,4.0,11.5
A Flintoff,392181,2009,44,24,4.0,11.0
A Flintoff,392185,2009,11,18,3.0,3.67
A Flintoff,392189,2009,50,24,4.0,12.5
A Kamboj,1426293,2024,35,24,4.0,8.75
A Kamboj,1426298,2024,23,18,3.0,7.67
A Kamboj,1426305,2024,44,18,3.0,14.67
A Kamboj,1473462,2025,18,12,2.0,9.0
A Kamboj,1473467,2025,20,18,3.0,6.67
A Kamboj,1473480,2025,16,18,3.0,5.33
A Kamboj,1473486,2025,20,12,2.0,10.0
A Kamboj,1473489,2025,25,18,3.0,8.33
A Kamboj,1473494,2025,38,18,3.0,12.67
A Kamboj,1473500,2025,21,18,3.0,7.0
A Kamboj,1473504,2025,13,15,2.5,5.2
A Kamboj,1527676,2026,27,18,3.0,9.0
A Kamboj,1527680,2026,41,22,3.6666666666666665,11.18
A Kamboj,1527684,2026,50,24,4.0,12.5
A Kamboj,1527691,2026,34,24,4.0,8.5
A Kamboj,1529265,2026,30,24,4.0,7.5
A Kamboj,1529270,2026,22,18,3.0,7.33
A Kamboj,1529276,2026,9,18,3.0,3.0
A Kamboj,1529280,2026,16,18,3.0,5.33
A Kamboj,1529287,2026,31,24,4.0,7.75
A Kamboj,1529291,2026,49,24,4.0,12.25
A Kamboj,1529296,2026,41,24,4.0,10.25
A Kamboj,1529302,2026,63,16,2.6666666666666665,23.62
A Kamboj,1529306,2026,45,24,4.0,11.25
A Kamboj,1529309,2026,55,24,4.0,13.75
A Kumble,335992,2008,21,24,4.0,5.25
A Kumble,336002,2008,28,24,4.0,7.0
A Kumble,336006,2008,34,20,3.3333333333333335,10.2
A Kumble,336010,2008,21,18,3.0,7.0
A Kumble,336012,2008,45,24,4.0,11.25
A Kumble,336016,2008,35,24,4.0,8.75
A Kumble,336023,2008,32,24,4.0,8.0
A Kumble,336026,2008,18,24,4.0,4.5
A Kumble,336029,2008,14,24,4.0,3.5
A Kumble,336034,2008,46,24,4.0,11.5
A Kumble,392182,2009,5,19,3.1666666666666665,1.58
A Kumble,392185,2009,21,24,4.0,5.25
A Kumble,392188,2009,39,24,4.0,9.75
A Kumble,392191,2009,19,24,4.0,4.75
A Kumble,392194,2009,22,24,4.0,5.5
A Kumble,392199,2009,16,24,4.0,4.0
A Kumble,392204,2009,25,24,4.0,6.25
A Kumble,392208,2009,18,12,2.0,9.0
A Kumble,392213,2009,12,12,2.0,6.0
A Kumble,392218,2009,32,24,4.0,8.0
A Kumble,392221,2009,28,24,4.0,7.0
A Kumble,392224,2009,12,24,4.0,3.0
A Kumble,392232,2009,22,24,4.0,5.5
A Kumble,392236,2009,23,24,4.0,5.75
A Kumble,392238,2009,30,24,4.0,7.5
A Kumble,392239,2009,16,24,4.0,4.0
A Kumble,419109,2010,19,24,4.0,4.75
A Kumble,419112,2010,39,24,4.0,9.75
A Kumble,419115,2010,9,23,3.8333333333333335,2.35
A Kumble,419119,2010,18,24,4.0,4.5
A Kumble,419123,2010,15,24,4.0,3.75
A Kumble,419128,2010,30,24,4.0,7.5
A Kumble,419133,2010,16,24,4.0,4.0
A Kumble,419136,2010,31,24,4.0,7.75
A Kumble,419140,2010,33,24,4.0,8.25
A Kumble,419145,2010,37,24,4.0,9.25
A Kumble,419148,2010,12,24,4.0,3.0
A Kumble,419151,2010,25,24,4.0,6.25
A Kumble,419154,2010,23,24,4.0,5.75
A Kumble,419157,2010,36,24,4.0,9.0
A Kumble,419162,2010,26,24,4.0,6.5
A Kumble,419164,2010,16,21,3.5,4.57
A Mishra,336015,2008,24,17,2.8333333333333335,8.47
A Mishra,336017,2008,13,18,3.0,4.33
A Mishra,336020,2008,17,24,4.0,4.25
A Mishra,336022,2008,21,12,2.0,10.5
A Mishra,336032,2008,23,24,4.0,5.75
A Mishra,336038,2008,36,24,4.0,9.0
A Mishra,392194,2009,17,24,4.0,4.25
A Mishra,392198,2009,33,25,4.166666666666667,7.92
A Mishra,392201,2009,32,24,4.0,8.0
A Mishra,392206,2009,24,18,3.0,8.0
A Mishra,392211,2009,18,24,4.0,4.5
A Mishra,392215,2009,17,24,4.0,4.25
A Mishra,392219,2009,13,24,4.0,3.25
A Mishra,392223,2009,39,18,3.0,13.0
A Mishra,392230,2009,30,24,4.0,7.5
A Mishra,392235,2009,41,24,4.0,10.25
A Mishra,392237,2009,19,24,4.0,4.75
A Mishra,419108,2010,23,24,4.0,5.75
A Mishra,419111,2010,34,24,4.0,8.5
A Mishra,419114,2010,43,24,4.0,10.75
A Mishra,419116,2010,22,18,3.0,7.33
A Mishra,419120,2010,10,18,3.0,3.33
A Mishra,419128,2010,23,24,4.0,5.75
A Mishra,419131,2010,18,24,4.0,4.5
A Mishra,419134,2010,23,24,4.0,5.75
A Mishra,419140,2010,27,24,4.0,6.75
A Mishra,419144,2010,39,24,4.0,9.75
A Mishra,419149,2010,15,24,4.0,3.75
A Mishra,419152,2010,30,18,3.0,10.0
A Mishra,419155,2010,12,24,4.0,3.0
A Mishra,419160,2010,28,24,4.0,7.0
A Mishra,501199,2011,28,24,4.0,7.0
A Mishra,501203,2011,19,24,4.0,4.75
A Mishra,501208,2011,40,24,4.0,10.0
A Mishra,501212,2011,28,24,4.0,7.0
A Mishra,501216,2011,28,24,4.0,7.0
A Mishra,501224,2011,14,24,4.0,3.5
A Mishra,501229,2011,12,24,4.0,3.0
A Mishra,501236,2011,34,18,3.0,11.33
A Mishra,501239,2011,21,18,3.0,7.0
A Mishra,501243,2011,53,24,4.0,13.25
A Mishra,501250,2011,25,20,3.3333333333333335,7.5
A Mishra,501256,2011,18,24,4.0,4.5
A Mishra,501259,2011,25,24,4.0,6.25
A Mishra,501264,2011,9,24,4.0,2.25
A Mishra,548314,2012,31,24,4.0,7.75
A Mishra,548321,2012,25,12,2.0,12.5
A Mishra,548326,2012,31,24,4.0,7.75
A Mishra,548329,2012,39,24,4.0,9.75
A Mishra,548335,2012,26,24,4.0,6.5
A Mishra,548341,2012,24,18,3.0,8.0
A Mishra,548346,2012,27,24,4.0,6.75
A Mishra,548348,2012,20,18,3.0,6.67
A Mishra,548352,2012,18,12,2.0,9.0
A Mishra,548356,2012,28,24,4.0,7.0
A Mishra,548359,2012,20,12,2.0,10.0
A Mishra,548366,2012,31,18,3.0,10.33
A Mishra,548373,2012,18,24,4.0,4.5
A Mishra,548376,2012,26,24,4.0,6.5
A Mishra,598000,2013,19,24,4.0,4.75
A Mishra,598004,2013,15,24,4.0,3.75
A Mishra,598010,2013,15,24,4.0,3.75
A Mishra,598013,2013,28,18,3.0,9.33
A Mishra,598018,2013,19,24,4.0,4.75
A Mishra,598021,2013,29,24,4.0,7.25
A Mishra,598030,2013,26,24,4.0,6.5
A Mishra,598032,2013,20,12,2.0,10.0
A Mishra,598039,2013,24,24,4.0,6.0
A Mishra,598044,2013,16,24,4.0,4.0
A Mishra,598048,2013,40,24,4.0,10.0
A Mishra,598051,2013,39,24,4.0,9.75
A Mishra,598056,2013,20,12,2.0,10.0
A Mishra,598060,2013,29,18,3.0,9.67
A Mishra,598065,2013,8,24,4.0,2.0
A Mishra,598069,2013,20,24,4.0,5.0
A Mishra,598071,2013,16,24,4.0,4.0
A Mishra,729285,2014,26,24,4.0,6.5
A Mishra,729295,2014,55,24,4.0,13.75
A Mishra,729301,2014,36,24,4.0,9.0
A Mishra,729311,2014,27,21,3.5,7.71
A Mishra,729317,2014,53,24,4.0,13.25
A Mishra,733989,2014,12,24,4.0,3.0
A Mishra,733993,2014,23,18,3.0,7.67
A Mishra,734001,2014,33,18,3.0,11.0
A Mishra,734007,2014,31,24,4.0,7.75
A Mishra,734015,2014,38,24,4.0,9.5
A Mishra,829707,2015,21,24,4.0,5.25
A Mishra,829715,2015,30,24,4.0,7.5
A Mishra,829725,2015,33,24,4.0,8.25
A Mishra,829731,2015,14,12,2.0,7.0
A Mishra,829739,2015,22,19,3.1666666666666665,6.95
A Mishra,829747,2015,30,24,4.0,7.5
A Mishra,829757,2015,24,12,2.0,12.0
A Mishra,829761,2015,20,24,4.0,5.0
A Mishra,829767,2015,10,12,2.0,5.0
A Mishra,829777,2015,40,24,4.0,10.0
A Mishra,829783,2015,23,24,4.0,5.75
A Mishra,829793,2015,34,18,3.0,11.33
A Mishra,980903,2016,6,12,2.0,3.0
A Mishra,980913,2016,10,18,3.0,3.33
A Mishra,980921,2016,26,18,3.0,8.67
A Mishra,980933,2016,24,24,4.0,6.0
A Mishra,980945,2016,27,18,3.0,9.0
A Mishra,980951,2016,34,24,4.0,8.5
A Mishra,980961,2016,19,18,3.0,6.33
A Mishra,980965,2016,24,24,4.0,6.0
A Mishra,980971,2016,36,24,4.0,9.0
A Mishra,980983,2016,19,18,3.0,6.33
A Mishra,980993,2016,42,24,4.0,10.5
A Mishra,980997,2016,10,12,2.0,5.0
A Mishra,981003,2016,21,18,3.0,7.0
A Mishra,981011,2016,33,24,4.0,8.25
A Mishra,1082595,2017,32,12,2.0,16.0
A Mishra,1082599,2017,11,18,3.0,3.67
A Mishra,1082605,2017,16,18,3.0,5.33
A Mishra,1082608,2017,25,17,2.8333333333333335,8.82
A Mishra,1082611,2017,33,18,3.0,11.0
A Mishra,1082614,2017,17,24,4.0,4.25
A Mishra,1082622,2017,36,18,3.0,12.0
A Mishra,1082626,2017,9,6,1.0,9.0
A Mishra,1082630,2017,22,24,4.0,5.5
A Mishra,1082632,2017,23,12,2.0,11.5
A Mishra,1082635,2017,37,24,4.0,9.25
A Mishra,1082640,2017,27,12,2.0,13.5
A Mishra,1082642,2017,25,18,3.0,8.33
A Mishra,1082646,2017,26,12,2.0,13.0
A Mishra,1136562,2018,46,24,4.0,11.5
A Mishra,1136582,2018,30,24,4.0,7.5
A Mishra,1136586,2018,23,24,4.0,5.75
A Mishra,1136590,2018,30,24,4.0,7.5
A Mishra,1136592,2018,12,12,2.0,6.0
A Mishra,1136596,2018,18,24,4.0,4.5
A Mishra,1136602,2018,29,18,3.0,9.67
A Mishra,1136605,2018,32,24,4.0,8.0
A Mishra,1136612,2018,20,24,4.0,5.0
A Mishra,1136615,2018,19,24,4.0,4.75
A Mishra,1175360,2019,34,24,4.0,8.5
A Mishra,1175365,2019,35,24,4.0,8.75
A Mishra,1178405,2019,13,18,3.0,4.33
A Mishra,1178409,2019,18,18,3.0,6.0
A Mishra,1178412,2019,41,24,4.0,10.25
A Mishra,1178415,2019,28,18,3.0,9.33
A Mishra,1178421,2019,28,24,4.0,7.0
A Mishra,1178425,2019,16,18,3.0,5.33
A Mishra,1178428,2019,17,24,4.0,4.25
A Mishra,1181766,2019,16,24,4.0,4.0
A Mishra,1181767,2019,21,24,4.0,5.25
A Mishra,1216515,2020,12,12,2.0,6.0
A Mishra,1216532,2020,35,24,4.0,8.75
A Mishra,1216539,2020,23,24,4.0,5.75
A Mishra,1254059,2021,27,18,3.0,9.0
A Mishra,1254070,2021,24,24,4.0,6.0
A Mishra,1254077,2021,31,24,4.0,7.75
A Mishra,1254079,2021,27,18,3.0,9.0
A Mishra,1359484,2023,23,24,4.0,5.75
A Mishra,1359489,2023,18,12,2.0,9.0
A Mishra,1359500,2023,15,12,2.0,7.5
A Mishra,1359504,2023,9,12,2.0,4.5
A Mishra,1359512,2023,23,12,2.0,11.5
A Mishra,1359517,2023,21,18,3.0,7.0
A Mishra,1359532,2023,39,24,4.0,9.75
A Mishra,1426282,2024,20,12,2.0,10.0
A Mithun,392218,2009,39,24,4.0,9.75
A Mithun,419140,2010,37,18,3.0,12.33
A Mithun,501200,2011,12,6,1.0,12.0
A Mithun,501205,2011,29,18,3.0,9.67
A Mithun,501227,2011,32,24,4.0,8.0
A Mithun,501232,2011,26,24,4.0,6.5
A Mithun,501244,2011,28,18,3.0,9.33
A Mithun,501247,2011,19,18,3.0,6.33
A Mithun,501255,2011,12,12,2.0,6.0
A Mithun,501260,2011,22,18,3.0,7.33
A Mithun,501266,2011,34,24,4.0,8.5
A Mithun,501268,2011,29,18,3.0,9.67
A Mithun,501270,2011,26,12,2.0,13.0
A Mithun,501271,2011,22,12,2.0,11.0
A Mithun,548356,2012,32,18,3.0,10.67
A Mithun,598057,2013,36,24,4.0,9.0
A Nehra,335985,2008,43,24,4.0,10.75
A Nehra,335989,2008,28,24,4.0,7.0
A Nehra,335991,2008,22,18,3.0,7.33
A Nehra,335994,2008,19,12,2.0,9.5
A Nehra,335997,2008,9,6,1.0,9.0
A Nehra,336004,2008,25,24,4.0,6.25
A Nehra,336008,2008,13,18,3.0,4.33
A Nehra,336012,2008,21,18,3.0,7.0
A Nehra,336018,2008,30,24,4.0,7.5
A Nehra,336021,2008,14,18,3.0,4.67
A Nehra,336024,2008,29,24,4.0,7.25
A Nehra,336028,2008,32,18,3.0,10.67
A Nehra,336032,2008,30,23,3.8333333333333335,7.83
A Nehra,336036,2008,17,18,3.0,5.67
A Nehra,392189,2009,32,24,4.0,8.0
A Nehra,392194,2009,31,24,4.0,7.75
A Nehra,392198,2009,22,24,4.0,5.5
A Nehra,392201,2009,29,24,4.0,7.25
A Nehra,392206,2009,25,24,4.0,6.25
A Nehra,392211,2009,21,24,4.0,5.25
A Nehra,392215,2009,23,24,4.0,5.75
A Nehra,392219,2009,27,24,4.0,6.75
A Nehra,392223,2009,46,24,4.0,11.5
A Nehra,392226,2009,6,24,4.0,1.5
A Nehra,392230,2009,7,18,3.0,2.33
A Nehra,392232,2009,19,24,4.0,4.75
A Nehra,392237,2009,32,24,4.0,8.0
A Nehra,419149,2010,8,12,2.0,4.0
A Nehra,419152,2010,29,24,4.0,7.25
A Nehra,419155,2010,26,24,4.0,6.5
A Nehra,419160,2010,32,24,4.0,8.0
A Nehra,548313,2012,20,18,3.0,6.67
A Nehra,548319,2012,22,18,3.0,7.33
A Nehra,548322,2012,42,24,4.0,10.5
A Nehra,548327,2012,52,24,4.0,13.0
A Nehra,548330,2012,23,24,4.0,5.75
A Nehra,548333,2012,26,24,4.0,6.5
A Nehra,548337,2012,34,18,3.0,11.33
A Nehra,548341,2012,29,24,4.0,7.25
A Nehra,548348,2012,34,24,4.0,8.5
A Nehra,548351,2012,19,24,4.0,4.75
A Nehra,548358,2012,33,18,3.0,11.0
A Nehra,548365,2012,23,24,4.0,5.75
A Nehra,548375,2012,35,24,4.0,8.75
A Nehra,597998,2013,20,18,3.0,6.67
A Nehra,598001,2013,30,24,4.0,7.5
A Nehra,598006,2013,49,24,4.0,12.25
A Nehra,598017,2013,30,24,4.0,7.5
A Nehra,598028,2013,38,24,4.0,9.5
A Nehra,598035,2013,26,24,4.0,6.5
A Nehra,598040,2013,36,24,4.0,9.0
A Nehra,598044,2013,13,12,2.0,6.5
A Nehra,598059,2013,28,18,3.0,9.33
A Nehra,598062,2013,37,24,4.0,9.25
A Nehra,729283,2014,24,18,3.0,8.0
A Nehra,734035,2014,32,24,4.0,8.0
A Nehra,734045,2014,34,24,4.0,8.5
A Nehra,734047,2014,49,24,4.0,12.25
A Nehra,829707,2015,24,24,4.0,6.0
A Nehra,829711,2015,29,24,4.0,7.25
A Nehra,829723,2015,33,24,4.0,8.25
A Nehra,829729,2015,22,24,4.0,5.5
A Nehra,829735,2015,31,24,4.0,7.75
A Nehra,829745,2015,10,24,4.0,2.5
A Nehra,829753,2015,16,24,4.0,4.0
A Nehra,829765,2015,38,24,4.0,9.5
A Nehra,829773,2015,31,24,4.0,7.75
A Nehra,829779,2015,18,24,4.0,4.5
A Nehra,829789,2015,45,18,3.0,15.0
A Nehra,829797,2015,29,24,4.0,7.25
A Nehra,829809,2015,17,18,3.0,5.67
A Nehra,829817,2015,25,24,4.0,6.25
A Nehra,829821,2015,27,24,4.0,6.75
A Nehra,829823,2015,41,24,4.0,10.25
A Nehra,980907,2016,20,13,2.1666666666666665,9.23
A Nehra,980943,2016,15,18,3.0,5.0
A Nehra,980953,2016,32,24,4.0,8.0
A Nehra,980967,2016,23,24,4.0,5.75
A Nehra,980973,2016,15,18,3.0,5.0
A Nehra,980979,2016,29,24,4.0,7.25
A Nehra,980983,2016,23,18,3.0,7.67
A Nehra,980991,2016,35,17,2.8333333333333335,12.35
A Nehra,1082591,2017,41,24,4.0,10.25
A Nehra,1082596,2017,27,24,4.0,6.75
A Nehra,1082600,2017,46,24,4.0,11.5
A Nehra,1082604,2017,32,24,4.0,8.0
A Nehra,1082623,2017,42,24,4.0,10.5
A Nehra,1082634,2017,4,7,1.1666666666666667,3.43
A Nel,336032,2008,31,18,3.0,10.33
A Nortje,1216493,2020,33,24,4.0,8.25
A Nortje,1216497,2020,27,24,4.0,6.75
A Nortje,1216500,2020,23,24,4.0,5.75
A Nortje,1216505,2020,33,24,4.0,8.25
A Nortje,1216509,2020,44,24,4.0,11.0
A Nortje,1216515,2020,33,24,4.0,8.25
A Nortje,1216519,2020,21,24,4.0,5.25
A Nortje,1216524,2020,34,24,4.0,8.5
A Nortje,1216529,2020,27,24,4.0,6.75
A Nortje,1216532,2020,40,24,4.0,10.0
A Nortje,1216535,2020,25,14,2.3333333333333335,10.71
A Nortje,1216539,2020,18,24,4.0,4.5
A Nortje,1216543,2020,33,24,4.0,8.25
A Nortje,1237177,2020,50,24,4.0,12.5
A Nortje,1237180,2020,36,24,4.0,9.0
A Nortje,1237181,2020,25,16,2.6666666666666665,9.38
A Nortje,1254092,2021,14,14,2.3333333333333335,6.0
A Nortje,1254097,2021,18,24,4.0,4.5
A Nortje,1254101,2021,23,24,4.0,5.75
A Nortje,1254105,2021,12,24,4.0,3.0
A Nortje,1254110,2021,31,24,4.0,7.75
A Nortje,1254112,2021,19,24,4.0,4.75
A Nortje,1254114,2021,31,24,4.0,7.75
A Nortje,1254116,2021,26,24,4.0,6.5
A Nortje,1304061,2022,27,14,2.3333333333333335,11.57
A Nortje,1304096,2022,32,24,4.0,8.0
A Nortje,1304101,2022,40,24,4.0,10.0
A Nortje,1304104,2022,38,24,4.0,9.5
A Nortje,1304110,2022,26,24,4.0,6.5
A Nortje,1304115,2022,37,24,4.0,9.25
A Nortje,1359481,2023,32,24,4.0,8.0
A Nortje,1359485,2023,44,24,4.0,11.0
A Nortje,1359490,2023,35,24,4.0,8.75
A Nortje,1359494,2023,27,24,4.0,6.75
A Nortje,1359502,2023,18,24,4.0,4.5
A Nortje,1359508,2023,33,24,4.0,8.25
A Nortje,1359514,2023,42,24,4.0,10.5
A Nortje,1359518,2023,37,24,4.0,9.25
A Nortje,1359538,2023,36,24,4.0,9.0
A Nortje,1359541,2023,43,24,4.0,10.75
A Nortje,1422127,2024,48,24,4.0,12.0
A Nortje,1422131,2024,42,24,4.0,10.5
A Nortje,1422134,2024,57,24,4.0,14.25
A Nortje,1422138,2024,55,24,4.0,13.75
A Nortje,1426273,2024,30,18,3.0,10.0
A Nortje,1426278,2024,48,18,3.0,16.0
A Nortje,1473468,2025,23,18,3.0,7.67
A Nortje,1473505,2025,53,24,4.0,13.25
A Nortje,1527678,2026,32,24,4.0,8.0
A Singh,392210,2009,9,24,4.0,2.25
A Singh,392213,2009,16,24,4.0,4.0
A Singh,392217,2009,25,18,3.0,8.33
A Singh,392230,2009,23,18,3.0,7.67
A Singh,392233,2009,19,21,3.5,5.43
A Singh,501199,2011,35,24,4.0,8.75
A Singh,501204,2011,17,24,4.0,4.25
A Singh,501209,2011,25,15,2.5,10.0
A Singh,501214,2011,7,6,1.0,7.0
A Singh,501225,2011,25,24,4.0,6.25
A Singh,501231,2011,13,24,4.0,3.25
A Singh,501235,2011,29,18,3.0,9.67
A Singh,501249,2011,40,24,4.0,10.0
A Singh,501263,2011,20,12,2.0,10.0
A Singh,548309,2012,25,24,4.0,6.25
A Singh,548312,2012,30,24,4.0,7.5
A Singh,548317,2012,29,24,4.0,7.25
A Singh,548320,2012,29,24,4.0,7.25
A Singh,548324,2012,43,23,3.8333333333333335,11.22
A Singh,548326,2012,47,24,4.0,11.75
A Singh,548332,2012,44,24,4.0,11.0
A Singh,548345,2012,40,24,4.0,10.0
A Singh,548349,2012,12,6,1.0,12.0
A Symonds,335986,2008,13,12,2.0,6.5
A Symonds,335988,2008,35,12,2.0,17.5
A Symonds,335990,2008,46,17,2.8333333333333335,16.24
A Symonds,392216,2009,19,6,1.0,19.0
A Symonds,392220,2009,30,24,4.0,7.5
A Symonds,392223,2009,17,18,3.0,5.67
A Symonds,392228,2009,28,24,4.0,7.0
A Symonds,392229,2009,9,12,2.0,4.5
A Symonds,392236,2009,15,24,4.0,3.75
A Symonds,392237,2009,20,18,3.0,6.67
A Symonds,392239,2009,18,18,3.0,6.0
A Symonds,419106,2010,24,24,4.0,6.0
A Symonds,419110,2010,29,18,3.0,9.67
A Symonds,419117,2010,22,24,4.0,5.5
A Symonds,419120,2010,20,24,4.0,5.0
A Symonds,419126,2010,9,12,2.0,4.5
A Symonds,419130,2010,39,24,4.0,9.75
A Symonds,419135,2010,26,24,4.0,6.5
A Symonds,419138,2010,31,24,4.0,7.75
A Symonds,419141,2010,18,12,2.0,9.0
A Symonds,419145,2010,33,18,3.0,11.0
A Symonds,419147,2010,23,24,4.0,5.75
A Symonds,419151,2010,33,24,4.0,8.25
A Symonds,419156,2010,16,12,2.0,8.0
A Symonds,419160,2010,8,12,2.0,4.0
A Symonds,419163,2010,17,24,4.0,4.25
A Symonds,419164,2010,17,18,3.0,5.67
A Symonds,501237,2011,11,6,1.0,11.0
A Symonds,501241,2011,7,6,1.0,7.0
A Symonds,501246,2011,23,12,2.0,11.5
A Uniyal,419107,2010,39,24,4.0,9.75
A Uniyal,419111,2010,25,12,2.0,12.5
A Zampa,980969,2016,35,24,4.0,8.75
A Zampa,980979,2016,19,24,4.0,4.75
A Zampa,980989,2016,3,6,1.0,3.0
A Zampa,980997,2016,21,24,4.0,5.25
A Zampa,981005,2016,32,24,4.0,8.0
A Zampa,1082592,2017,25,18,3.0,8.33
A Zampa,1082599,2017,45,24,4.0,11.25
A Zampa,1082642,2017,28,24,4.0,7.0
A Zampa,1082645,2017,22,23,3.8333333333333335,5.74
A Zampa,1082647,2017,9,6,1.0,9.0
A Zampa,1082650,2017,31,24,4.0,7.75
A Zampa,1216514,2020,27,18,3.0,9.0
A Zampa,1216547,2020,53,24,4.0,13.25
A Zampa,1237178,2020,11,24,4.0,2.75
A Zampa,1359491,2023,41,24,4.0,10.25
A Zampa,1359497,2023,32,24,4.0,8.0
A Zampa,1359511,2023,22,18,3.0,7.33
A Zampa,1359522,2023,40,18,3.0,13.33
A Zampa,1359534,2023,25,24,4.0,6.25
A Zampa,1359540,2023,26,24,4.0,6.5
A Zampa,1473439,2025,47,24,4.0,11.75
A Zampa,1473444,2025,45,24,4.0,11.25
AA Chavan,501258,2011,10,6,1.0,10.0
AA Chavan,501263,2011,17,24,4.0,4.25
AA Chavan,548309,2012,28,18,3.0,9.33
AA Chavan,548312,2012,22,24,4.0,5.5
AA Chavan,548317,2012,41,24,4.0,10.25
AA Chavan,548320,2012,29,20,3.3333333333333335,8.7
AA Chavan,548345,2012,30,24,4.0,7.5
AA Chavan,548349,2012,29,24,4.0,7.25
AA Chavan,548354,2012,32,18,3.0,10.67
AA Chavan,548358,2012,19,12,2.0,9.5
AA Chavan,598019,2013,9,18,3.0,3.0
AA Chavan,598043,2013,27,18,3.0,9.0
AA Chavan,598063,2013,25,18,3.0,8.33
AA Jhunjhunwala,419107,2010,27,12,2.0,13.5
AA Jhunjhunwala,419126,2010,14,6,1.0,14.0
AA Jhunjhunwala,419137,2010,18,12,2.0,9.0
AA Jhunjhunwala,419150,2010,6,6,1.0,6.0
AA Jhunjhunwala,501213,2011,10,6,1.0,10.0
AA Jhunjhunwala,501248,2011,11,6,1.0,11.0
AA Jhunjhunwala,548352,2012,13,18,3.0,4.33
AA Jhunjhunwala,548359,2012,12,12,2.0,6.0
AA Jhunjhunwala,548366,2012,13,6,1.0,13.0
AA Kazi,501252,2011,20,12,2.0,10.0
AA Noffke,335982,2008,35,24,4.0,8.75
AB Agarkar,335982,2008,21,24,4.0,5.25
AB Agarkar,335986,2008,19,12,2.0,9.5
AB Agarkar,335993,2008,19,18,3.0,6.33
AB Agarkar,335997,2008,19,24,4.0,4.75
AB Agarkar,336000,2008,46,24,4.0,11.5
AB Agarkar,336003,2008,25,18,3.0,8.33
AB Agarkar,336021,2008,3,6,1.0,3.0
AB Agarkar,336025,2008,13,12,2.0,6.5
AB Agarkar,336027,2008,30,18,3.0,10.0
AB Agarkar,392184,2009,16,6,1.0,16.0
AB Agarkar,392190,2009,13,6,1.0,13.0
AB Agarkar,392199,2009,19,12,2.0,9.5
AB Agarkar,392203,2009,11,6,1.0,11.0
AB Agarkar,392207,2009,29,24,4.0,7.25
AB Agarkar,392211,2009,24,18,3.0,8.0
AB Agarkar,392219,2009,17,18,3.0,5.67
AB Agarkar,392221,2009,45,24,4.0,11.25
AB Agarkar,392228,2009,41,24,4.0,10.25
AB Agarkar,392231,2009,40,24,4.0,10.0
AB Agarkar,392233,2009,15,24,4.0,3.75
AB Agarkar,419127,2010,32,24,4.0,8.0
AB Agarkar,419131,2010,19,12,2.0,9.5
AB Agarkar,419135,2010,30,24,4.0,7.5
AB Agarkar,419139,2010,35,18,3.0,11.67
AB Agarkar,419144,2010,35,24,4.0,8.75
AB Agarkar,419148,2010,29,18,3.0,9.67
AB Agarkar,419153,2010,13,12,2.0,6.5
AB Agarkar,501223,2011,46,24,4.0,11.5
AB Agarkar,501230,2011,33,24,4.0,8.25
AB Agarkar,501233,2011,23,24,4.0,5.75
AB Agarkar,501238,2011,18,18,3.0,6.0
AB Agarkar,501243,2011,29,24,4.0,7.25
AB Agarkar,501246,2011,31,24,4.0,7.75
AB Agarkar,501253,2011,49,24,4.0,12.25
AB Agarkar,548321,2012,41,18,3.0,13.67
AB Agarkar,548325,2012,26,20,3.3333333333333335,7.8
AB Agarkar,548342,2012,31,24,4.0,7.75
AB Agarkar,548345,2012,32,24,4.0,8.0
AB Agarkar,598020,2013,27,24,4.0,6.75
AB Agarkar,598024,2013,36,18,3.0,12.0
AB Agarkar,598049,2013,22,12,2.0,11.0
AB Agarkar,598059,2013,4,6,1.0,4.0
AB Dinda,335982,2008,7,18,3.0,2.33
AB Dinda,335986,2008,17,18,3.0,5.67
AB Dinda,335993,2008,19,18,3.0,6.33
AB Dinda,335997,2008,12,24,4.0,3.0
AB Dinda,336000,2008,28,24,4.0,7.0
AB Dinda,336003,2008,23,18,3.0,7.67
AB Dinda,336010,2008,19,18,3.0,6.33
AB Dinda,336014,2008,32,24,4.0,8.0
AB Dinda,336017,2008,28,24,4.0,7.0
AB Dinda,336025,2008,10,12,2.0,5.0
AB Dinda,336027,2008,32,24,4.0,8.0
AB Dinda,336035,2008,18,12,2.0,9.0
AB Dinda,392184,2009,24,18,3.0,8.0
AB Dinda,392186,2009,33,24,4.0,8.25
AB Dinda,392197,2009,23,12,2.0,11.5
AB Dinda,392203,2009,26,18,3.0,8.67
AB Dinda,392207,2009,24,12,2.0,12.0
AB Dinda,392211,2009,17,12,2.0,8.5
AB Dinda,392231,2009,29,24,4.0,7.25
AB Dinda,392233,2009,11,24,4.0,2.75
AB Dinda,419118,2010,28,24,4.0,7.0
AB Dinda,419127,2010,17,12,2.0,8.5
AB Dinda,419144,2010,20,24,4.0,5.0
AB Dinda,419148,2010,15,19,3.1666666666666665,4.74
AB Dinda,419153,2010,24,12,2.0,12.0
AB Dinda,419158,2010,24,24,4.0,6.0
AB Dinda,419161,2010,19,24,4.0,4.75
AB Dinda,501201,2011,7,12,2.0,3.5
AB Dinda,501204,2011,31,21,3.5,8.86
AB Dinda,501213,2011,41,24,4.0,10.25
AB Dinda,501216,2011,33,24,4.0,8.25
AB Dinda,501227,2011,30,21,3.5,8.57
AB Dinda,548308,2012,16,24,4.0,4.0
AB Dinda,548313,2012,12,18,3.0,4.0
AB Dinda,548319,2012,18,18,3.0,6.0
AB Dinda,548322,2012,26,24,4.0,6.5
AB Dinda,548327,2012,24,24,4.0,6.0
AB Dinda,548351,2012,33,24,4.0,8.25
AB Dinda,548353,2012,27,12,2.0,13.5
AB Dinda,598000,2013,28,24,4.0,7.0
AB Dinda,598003,2013,27,12,2.0,13.5
AB Dinda,598009,2013,21,18,3.0,7.0
AB Dinda,598011,2013,55,24,4.0,13.75
AB Dinda,598015,2013,34,24,4.0,8.5
AB Dinda,598018,2013,23,24,4.0,5.75
AB Dinda,598025,2013,36,24,4.0,9.0
AB Dinda,598027,2013,45,24,4.0,11.25
AB Dinda,598035,2013,31,24,4.0,7.75
AB Dinda,598038,2013,41,24,4.0,10.25
AB Dinda,598042,2013,52,24,4.0,13.0
AB Dinda,598055,2013,35,24,4.0,8.75
AB Dinda,598067,2013,20,24,4.0,5.0
AB Dinda,729281,2014,50,24,4.0,12.5
AB Dinda,729287,2014,14,24,4.0,3.5
AB Dinda,729299,2014,25,24,4.0,6.25
AB Dinda,729305,2014,8,12,2.0,4.0
AB Dinda,729313,2014,19,18,3.0,6.33
AB Dinda,733977,2014,39,24,4.0,9.75
AB Dinda,733983,2014,32,18,3.0,10.67
AB Dinda,733999,2014,29,18,3.0,9.67
AB Dinda,734027,2014,34,24,4.0,8.5
AB Dinda,829807,2015,16,12,2.0,8.0
AB Dinda,829813,2015,38,18,3.0,12.67
AB Dinda,980943,2016,21,24,4.0,5.25
AB Dinda,980949,2016,37,24,4.0,9.25
AB Dinda,980957,2016,32,18,3.0,10.67
AB Dinda,980965,2016,28,24,4.0,7.0
AB Dinda,980969,2016,26,21,3.5,7.43
AB Dinda,980979,2016,25,24,4.0,6.25
AB Dinda,980989,2016,13,6,1.0,13.0
AB Dinda,980997,2016,20,24,4.0,5.0
AB Dinda,981005,2016,16,18,3.0,5.33
AB Dinda,1082592,2017,54,24,4.0,13.5
AB Dinda,1082594,2017,26,18,3.0,8.67
AB Dinda,1082599,2017,34,18,3.0,11.33
AB McDonald,392232,2009,22,18,3.0,7.33
AB McDonald,419128,2010,42,24,4.0,10.5
AB McDonald,419131,2010,36,24,4.0,9.0
AB McDonald,419134,2010,17,12,2.0,8.5
AB McDonald,419152,2010,42,24,4.0,10.5
AB McDonald,501253,2011,23,12,2.0,11.5
AB McDonald,548310,2012,11,12,2.0,5.5
AB McDonald,548331,2012,24,24,4.0,6.0
AB McDonald,548350,2012,25,24,4.0,6.25
AB McDonald,598017,2013,17,12,2.0,8.5
AC Thomas,501202,2011,26,24,4.0,6.5
AC Thomas,501207,2011,31,18,3.0,10.33
AC Thomas,501213,2011,22,12,2.0,11.0
AC Thomas,501218,2011,16,24,4.0,4.0
AC Thomas,501226,2011,28,24,4.0,7.0
AC Thomas,501228,2011,22,21,3.5,6.29
AC Thomas,501232,2011,23,24,4.0,5.75
AC Thomas,501235,2011,27,24,4.0,6.75
AC Thomas,501241,2011,49,24,4.0,12.25
AC Thomas,501262,2011,28,18,3.0,9.33
AC Thomas,501265,2011,15,18,3.0,5.0
AC Thomas,548333,2012,22,24,4.0,5.5
AC Thomas,548337,2012,13,12,2.0,6.5
AC Thomas,548341,2012,27,24,4.0,6.75
AC Thomas,548362,2012,43,24,4.0,10.75
AC Voges,419118,2010,5,6,1.0,5.0
AC Voges,419124,2010,12,12,2.0,6.0
AC Voges,419126,2010,9,12,2.0,4.5
AC Voges,419129,2010,8,6,1.0,8.0
AC Voges,419134,2010,8,6,1.0,8.0
AC Voges,419154,2010,17,6,1.0,17.0
AC Voges,419158,2010,15,6,1.0,15.0
AD Mascarenhas,336015,2008,27,24,4.0,6.75
AD Mascarenhas,392182,2009,20,24,4.0,5.0
AD Mascarenhas,392190,2009,29,24,4.0,7.25
AD Mascarenhas,392195,2009,29,24,4.0,7.25
AD Mascarenhas,392198,2009,28,24,4.0,7.0
AD Mascarenhas,392202,2009,26,20,3.3333333333333335,7.8
AD Mascarenhas,419107,2010,34,24,4.0,8.5
AD Mascarenhas,419111,2010,31,24,4.0,7.75
AD Mascarenhas,548313,2012,23,24,4.0,5.75
AD Mascarenhas,548319,2012,24,24,4.0,6.0
AD Mascarenhas,548323,2012,34,24,4.0,8.5
AD Mascarenhas,548328,2012,23,24,4.0,5.75
AD Mascarenhas,598021,2013,25,24,4.0,6.25
AD Mathews,392221,2009,30,14,2.3333333333333335,12.86
AD Mathews,419106,2010,25,24,4.0,6.25
AD Mathews,419109,2010,19,24,4.0,4.75
AD Mathews,419113,2010,29,18,3.0,9.67
AD Mathews,419118,2010,33,18,3.0,11.0
AD Mathews,419122,2010,28,21,3.5,8.0
AD Mathews,419127,2010,26,24,4.0,6.5
AD Mathews,419131,2010,11,12,2.0,5.5
AD Mathews,419135,2010,24,24,4.0,6.0
AD Mathews,419139,2010,32,18,3.0,10.67
AD Mathews,419144,2010,43,18,3.0,14.33
AD Mathews,419148,2010,25,18,3.0,8.33
AD Mathews,419153,2010,14,6,1.0,14.0
AD Mathews,548319,2012,20,18,3.0,6.67
AD Mathews,548322,2012,18,12,2.0,9.0
AD Mathews,548327,2012,35,24,4.0,8.75
AD Mathews,548330,2012,12,6,1.0,12.0
AD Mathews,548333,2012,30,12,2.0,15.0
AD Mathews,548353,2012,17,24,4.0,4.25
AD Mathews,548358,2012,15,18,3.0,5.0
AD Mathews,548362,2012,13,18,3.0,4.33
AD Mathews,548365,2012,29,24,4.0,7.25
AD Mathews,598000,2013,16,12,2.0,8.0
AD Mathews,598003,2013,12,12,2.0,6.0
AD Mathews,598009,2013,27,24,4.0,6.75
AD Mathews,598011,2013,29,24,4.0,7.25
AD Mathews,598018,2013,29,24,4.0,7.25
AD Mathews,598042,2013,13,12,2.0,6.5
AD Mathews,598047,2013,34,18,3.0,11.33
AD Mathews,598053,2013,31,24,4.0,7.75
AD Mathews,598061,2013,25,18,3.0,8.33
AD Mathews,598067,2013,14,18,3.0,4.67
AD Mathews,829715,2015,41,24,4.0,10.25
AD Mathews,829725,2015,22,18,3.0,7.33
AD Mathews,829731,2015,38,24,4.0,9.5
AD Mathews,829739,2015,31,18,3.0,10.33
AD Mathews,829747,2015,15,12,2.0,7.5
AD Mathews,829757,2015,3,6,1.0,3.0
AD Mathews,829761,2015,13,12,2.0,6.5
AD Mathews,829767,2015,18,18,3.0,6.0
AD Mathews,829777,2015,27,24,4.0,6.75
AD Mathews,829783,2015,33,24,4.0,8.25
AD Mathews,1082608,2017,15,12,2.0,7.5
AD Mathews,1082611,2017,40,18,3.0,13.33
AD Russell,548329,2012,39,24,4.0,9.75
AD Russell,548372,2012,40,24,4.0,10.0
AD Russell,548374,2012,50,24,4.0,12.5
AD Russell,548380,2012,30,24,4.0,7.5
AD Russell,597998,2013,23,18,3.0,7.67
AD Russell,598001,2013,30,18,3.0,10.0
AD Russell,598024,2013,13,6,1.0,13.0
AD Russell,733971,2014,25,12,2.0,12.5
AD Russell,733979,2014,25,18,3.0,8.33
AD Russell,829705,2015,21,18,3.0,7.0
AD Russell,829713,2015,16,12,2.0,8.0
AD Russell,829723,2015,20,24,4.0,5.0
AD Russell,829733,2015,37,24,4.0,9.25
AD Russell,829739,2015,21,18,3.0,7.0
AD Russell,829743,2015,6,6,1.0,6.0
AD Russell,829761,2015,23,24,4.0,5.75
AD Russell,829765,2015,20,24,4.0,5.0
AD Russell,829771,2015,21,10,1.6666666666666665,12.6
AD Russell,829781,2015,10,12,2.0,5.0
AD Russell,829791,2015,49,24,4.0,12.25
AD Russell,829805,2015,36,24,4.0,9.0
AD Russell,829811,2015,32,24,4.0,8.0
AD Russell,980903,2016,22,18,3.0,7.33
AD Russell,980909,2016,52,24,4.0,13.0
AD Russell,980915,2016,19,24,4.0,4.75
AD Russell,980925,2016,18,6,1.0,18.0
AD Russell,980939,2016,16,12,2.0,8.0
AD Russell,980947,2016,28,18,3.0,9.33
AD Russell,980951,2016,26,24,4.0,6.5
AD Russell,980959,2016,23,24,4.0,5.75
AD Russell,980963,2016,19,24,4.0,4.75
AD Russell,980975,2016,16,18,3.0,5.33
AD Russell,980989,2016,11,12,2.0,5.5
AD Russell,980995,2016,32,15,2.5,12.8
AD Russell,1136563,2018,10,12,2.0,5.0
AD Russell,1136565,2018,35,24,4.0,8.75
AD Russell,1136570,2018,39,18,3.0,13.0
AD Russell,1136573,2018,22,12,2.0,11.0
AD Russell,1136578,2018,31,11,1.8333333333333335,16.91
AD Russell,1136586,2018,27,18,3.0,9.0
AD Russell,1136589,2018,29,18,3.0,9.67
AD Russell,1136593,2018,11,6,1.0,11.0
AD Russell,1136597,2018,11,12,2.0,5.5
AD Russell,1136601,2018,14,12,2.0,7.0
AD Russell,1136604,2018,41,24,4.0,10.25
AD Russell,1136609,2018,13,18,3.0,4.33
AD Russell,1136614,2018,29,18,3.0,9.67
AD Russell,1136618,2018,22,18,3.0,7.33
AD Russell,1136619,2018,9,6,1.0,9.0
AD Russell,1175357,2019,32,18,3.0,10.67
AD Russell,1175361,2019,21,18,3.0,7.0
AD Russell,1175365,2019,28,18,3.0,9.33
AD Russell,1175372,2019,16,6,1.0,16.0
AD Russell,1178401,2019,29,18,3.0,9.67
AD Russell,1178404,2019,16,6,1.0,16.0
AD Russell,1178410,2019,17,18,3.0,5.67
AD Russell,1178413,2019,8,6,1.0,8.0
AD Russell,1178418,2019,32,18,3.0,10.67
AD Russell,1178422,2019,25,24,4.0,6.25
AD Russell,1178427,2019,28,18,3.0,9.33
AD Russell,1178431,2019,34,13,2.1666666666666665,15.69
AD Russell,1216501,2020,18,12,2.0,9.0
AD Russell,1216508,2020,17,12,2.0,8.5
AD Russell,1216512,2020,28,12,2.0,14.0
AD Russell,1216515,2020,29,24,4.0,7.25
AD Russell,1216526,2020,15,12,2.0,7.5
AD Russell,1216540,2020,42,24,4.0,10.5
AD Russell,1216545,2020,15,12,2.0,7.5
AD Russell,1254060,2021,31,18,3.0,10.33
AD Russell,1254062,2021,14,12,2.0,7.0
AD Russell,1254067,2021,36,12,2.0,18.0
AD Russell,1254072,2021,25,12,2.0,12.5
AD Russell,1254078,2021,2,6,1.0,2.0
AD Russell,1254087,2021,9,18,3.0,3.0
AD Russell,1254096,2021,36,18,3.0,12.0
AD Russell,1254098,2021,27,18,3.0,9.0
AD Russell,1304047,2022,38,24,4.0,9.5
AD Russell,1304052,2022,29,14,2.3333333333333335,12.43
AD Russell,1304060,2022,9,6,1.0,9.0
AD Russell,1304065,2022,16,12,2.0,8.0
AD Russell,1304071,2022,19,12,2.0,9.5
AD Russell,1304076,2022,28,12,2.0,14.0
AD Russell,1304081,2022,5,6,1.0,5.0
AD Russell,1304087,2022,14,6,1.0,14.0
AD Russell,1304099,2022,21,18,3.0,7.0
AD Russell,1304102,2022,22,15,2.5,8.8
AD Russell,1304107,2022,20,24,4.0,5.0
AD Russell,1304112,2022,45,18,3.0,15.0
AD Russell,1359493,2023,20,13,2.1666666666666665,9.23
AD Russell,1359496,2023,17,6,1.0,17.0
AD Russell,1359502,2023,10,6,1.0,10.0
AD Russell,1359507,2023,15,6,1.0,15.0
AD Russell,1359510,2023,29,24,4.0,7.25
AD Russell,1359513,2023,28,18,3.0,9.33
AD Russell,1359521,2023,10,6,1.0,10.0
AD Russell,1359527,2023,14,6,1.0,14.0
AD Russell,1359542,2023,12,6,1.0,12.0
AD Russell,1422121,2024,25,12,2.0,12.5
AD Russell,1422128,2024,28,24,4.0,7.0
AD Russell,1422134,2024,14,8,1.3333333333333333,10.5
AD Russell,1426260,2024,7,6,1.0,7.0
AD Russell,1426266,2024,16,6,1.0,16.0
AD Russell,1426269,2024,17,6,1.0,17.0
AD Russell,1426274,2024,24,18,3.0,8.0
AD Russell,1426280,2024,34,12,2.0,17.0
AD Russell,1426285,2024,10,6,1.0,10.0
AD Russell,1426289,2024,29,24,4.0,7.25
AD Russell,1426292,2024,14,12,2.0,7.0
AD Russell,1426298,2024,32,18,3.0,10.67
AD Russell,1426309,2024,15,9,1.5,10.0
AD Russell,1426312,2024,18,15,2.5,7.2
AD Russell,1473449,2025,34,17,2.8333333333333335,12.0
AD Russell,1473452,2025,20,10,1.6666666666666665,12.0
AD Russell,1473456,2025,32,12,2.0,16.0
AD Russell,1473476,2025,13,6,1.0,13.0
AD Russell,1473481,2025,27,18,3.0,9.0
AD Russell,1473485,2025,19,12,2.0,9.5
AD Russell,1473490,2025,11,6,1.0,11.0
AD Russell,1473494,2025,22,16,2.6666666666666665,8.25
AD Russell,1473505,2025,32,12,2.0,16.0
AF Milne,980907,2016,38,24,4.0,9.5
AF Milne,1082607,2017,27,24,4.0,6.75
AF Milne,1082610,2017,40,24,4.0,10.0
AF Milne,1082624,2017,33,24,4.0,8.25
AF Milne,1082628,2017,28,12,2.0,14.0
AF Milne,1254066,2021,32,18,3.0,10.67
AF Milne,1254096,2021,28,18,3.0,9.33
AF Milne,1254104,2021,21,24,4.0,5.25
AF Milne,1254108,2021,47,24,4.0,11.75
AF Milne,1304047,2022,19,15,2.5,7.6
AF Milne,1529305,2026,39,20,3.3333333333333335,11.7
AG Murtaza,419107,2010,46,24,4.0,11.5
AG Murtaza,419152,2010,18,24,4.0,4.5
AG Murtaza,419161,2010,22,24,4.0,5.5
AG Murtaza,501201,2011,20,24,4.0,5.0
AG Murtaza,501205,2011,26,24,4.0,6.5
AG Murtaza,501210,2011,36,24,4.0,9.0
AG Murtaza,501218,2011,18,24,4.0,4.5
AG Murtaza,501231,2011,15,24,4.0,3.75
AG Murtaza,548375,2012,11,12,2.0,5.5
AG Murtaza,598027,2013,44,12,2.0,22.0
AG Murtaza,598061,2013,34,24,4.0,8.5
AG Murtaza,598067,2013,14,24,4.0,3.5
AJ Finch,419158,2010,5,7,1.1666666666666667,4.29
AJ Finch,501201,2011,12,12,2.0,6.0
AJ Finch,598011,2013,11,12,2.0,5.5
AJ Finch,598015,2013,9,6,1.0,9.0
AJ Finch,598027,2013,29,6,1.0,29.0
AJ Hosein,1359514,2023,40,24,4.0,10.0
AJ Hosein,1527691,2026,17,12,2.0,8.5
AJ Hosein,1529265,2026,26,24,4.0,6.5
AJ Hosein,1529276,2026,17,24,4.0,4.25
AJ Hosein,1529280,2026,46,22,3.6666666666666665,12.55
AJ Hosein,1529291,2026,19,24,4.0,4.75
AJ Hosein,1529296,2026,49,24,4.0,12.25
AJ Hosein,1529306,2026,20,18,3.0,6.67
AJ Tye,1082603,2017,16,24,4.0,4.0
AJ Tye,1082606,2017,33,24,4.0,8.25
AJ Tye,1082610,2017,34,24,4.0,8.5
AJ Tye,1082616,2017,35,24,4.0,8.75
AJ Tye,1082621,2017,12,24,4.0,3.0
AJ Tye,1082625,2017,9,6,1.0,9.0
AJ Tye,1136562,2018,36,24,4.0,9.0
AJ Tye,1136568,2018,26,24,4.0,6.5
AJ Tye,1136572,2018,46,24,4.0,11.5
AJ Tye,1136576,2018,23,24,4.0,5.75
AJ Tye,1136578,2018,27,24,4.0,6.75
AJ Tye,1136582,2018,23,24,4.0,5.75
AJ Tye,1136585,2018,28,24,4.0,7.0
AJ Tye,1136594,2018,34,24,4.0,8.5
AJ Tye,1136598,2018,24,24,4.0,6.0
AJ Tye,1136600,2018,34,24,4.0,8.5
AJ Tye,1136604,2018,39,24,4.0,9.75
AJ Tye,1136608,2018,33,24,4.0,8.25
AJ Tye,1136610,2018,15,24,4.0,3.75
AJ Tye,1136616,2018,42,24,4.0,10.5
AJ Tye,1175361,2019,37,24,4.0,9.25
AJ Tye,1175364,2019,38,24,4.0,9.5
AJ Tye,1178393,2019,37,24,4.0,9.25
AJ Tye,1178403,2019,40,24,4.0,10.0
AJ Tye,1178427,2019,39,18,3.0,13.0
AJ Tye,1178430,2019,37,18,3.0,12.33
AJ Tye,1216500,2020,47,25,4.166666666666667,11.28
AJ Tye,1304053,2022,39,24,4.0,9.75
AJ Tye,1304058,2022,38,24,4.0,9.5
AJ Tye,1304061,2022,27,18,3.0,9.0
AK Markram,1254090,2021,5,6,1.0,5.0
AK Markram,1254099,2021,17,18,3.0,5.67
AK Markram,1304063,2022,8,6,1.0,8.0
AK Markram,1304067,2022,9,6,1.0,9.0
AK Markram,1304092,2022,36,18,3.0,12.0
AK Markram,1304096,2022,11,6,1.0,11.0
AK Markram,1359484,2023,14,12,2.0,7.0
AK Markram,1359503,2023,11,6,1.0,11.0
AK Markram,1359508,2023,7,6,1.0,7.0
AK Markram,1359521,2023,24,18,3.0,8.0
AK Markram,1359536,2023,13,6,1.0,13.0
AK Markram,1426311,2024,9,6,1.0,9.0
AK Markram,1426312,2024,5,6,1.0,5.0
AK Markram,1473463,2025,14,6,1.0,14.0
AK Markram,1473467,2025,25,24,4.0,6.25
AK Markram,1473473,2025,18,12,2.0,9.0
AK Markram,1473477,2025,29,18,3.0,9.67
AK Markram,1473499,2025,14,6,1.0,14.0
AK Markram,1527678,2026,13,6,1.0,13.0
AK Markram,1527692,2026,15,10,1.6666666666666665,9.0
AK Markram,1529272,2026,31,6,1.0,31.0
AK Markram,1529281,2026,9,12,2.0,4.5
AL Menaria,501199,2011,8,6,1.0,8.0
AL Menaria,501209,2011,16,12,2.0,8.0
AL Menaria,501220,2011,7,6,1.0,7.0
AL Menaria,501231,2011,20,24,4.0,5.0
AL Menaria,501235,2011,10,6,1.0,10.0
AL Menaria,501240,2011,12,6,1.0,12.0
AL Menaria,501249,2011,16,12,2.0,8.0
AL Menaria,501252,2011,16,12,2.0,8.0
AL Menaria,501263,2011,12,6,1.0,12.0
AL Menaria,548320,2012,3,6,1.0,3.0
AL Menaria,548332,2012,10,12,2.0,5.0
AM Ghazanfar,1527675,2026,50,24,4.0,12.5
AM Ghazanfar,1527686,2026,20,12,2.0,10.0
AM Ghazanfar,1529267,2026,31,24,4.0,7.75
AM Ghazanfar,1529273,2026,16,17,2.8333333333333335,5.65
AM Ghazanfar,1529276,2026,25,24,4.0,6.25
AM Ghazanfar,1529284,2026,51,24,4.0,12.75
AM Ghazanfar,1529287,2026,40,24,4.0,10.0
AM Ghazanfar,1529290,2026,50,24,4.0,12.5
AM Ghazanfar,1529297,2026,33,18,3.0,11.0
AM Ghazanfar,1529308,2026,25,24,4.0,6.25
AM Ghazanfar,1529312,2026,42,18,3.0,14.0
AM Nayar,335985,2008,10,6,1.0,10.0
AM Nayar,335989,2008,14,6,1.0,14.0
AM Nayar,335994,2008,21,6,1.0,21.0
AM Nayar,336024,2008,18,18,3.0,6.0
AM Nayar,336036,2008,4,6,1.0,4.0
AM Nayar,392197,2009,13,18,3.0,4.33
AM Nayar,392203,2009,19,18,3.0,6.33
AM Nayar,392208,2009,22,24,4.0,5.5
AM Nayar,392235,2009,25,12,2.0,12.5
AM Nayar,501202,2011,25,19,3.1666666666666665,7.89
AM Nayar,501206,2011,24,12,2.0,12.0
AM Nayar,501212,2011,10,6,1.0,10.0
AM Nayar,501220,2011,3,6,1.0,3.0
AM Nayar,501223,2011,22,12,2.0,11.0
AM Nayar,501244,2011,9,6,1.0,9.0
AM Nayar,548350,2012,16,6,1.0,16.0
AM Nayar,598015,2013,21,18,3.0,7.0
AM Nayar,598035,2013,14,12,2.0,7.0
AM Nayar,598038,2013,21,18,3.0,7.0
AM Rahane,392222,2009,5,6,1.0,5.0
AM Salvi,392183,2009,17,12,2.0,8.5
AM Salvi,392189,2009,36,18,3.0,12.0
AM Salvi,392230,2009,18,24,4.0,4.5
AM Salvi,392232,2009,30,24,4.0,7.5
AM Salvi,392235,2009,25,24,4.0,6.25
AM Salvi,501243,2011,25,24,4.0,6.25
AM Salvi,501257,2011,39,24,4.0,9.75
AN Ahmed,419142,2010,20,12,2.0,10.0
AN Ahmed,501218,2011,13,18,3.0,4.33
AN Ahmed,501221,2011,18,12,2.0,9.0
AN Ahmed,501224,2011,26,24,4.0,6.5
AN Ahmed,501237,2011,22,18,3.0,7.33
AN Ahmed,501267,2011,32,24,4.0,8.0
AN Ahmed,501270,2011,39,24,4.0,9.75
AN Ahmed,548306,2012,16,12,2.0,8.0
AN Ahmed,598050,2013,18,18,3.0,6.0
AN Ahmed,598055,2013,27,24,4.0,6.75
AN Ahmed,734005,2014,34,24,4.0,8.5
AN Ahmed,734013,2014,18,24,4.0,4.5
AN Ahmed,734021,2014,22,14,2.3333333333333335,9.43
AN Ahmed,734027,2014,33,24,4.0,8.25
AN Ahmed,829713,2015,28,24,4.0,7.0
AN Ahmed,829719,2015,27,24,4.0,6.75
AN Ahmed,829737,2015,58,24,4.0,14.5
AP Dole,419141,2010,40,24,4.0,10.0
AP Dole,419143,2010,34,24,4.0,8.5
AP Dole,419150,2010,31,18,3.0,10.33
AR Patel,729283,2014,27,24,4.0,6.75
AR Patel,729291,2014,22,24,4.0,5.5
AR Patel,729295,2014,20,24,4.0,5.0
AR Patel,729307,2014,16,24,4.0,4.0
AR Patel,729313,2014,11,12,2.0,5.5
AR Patel,733973,2014,40,24,4.0,10.0
AR Patel,733987,2014,28,24,4.0,7.0
AR Patel,733991,2014,22,24,4.0,5.5
AR Patel,733997,2014,20,24,4.0,5.0
AR Patel,734007,2014,40,24,4.0,10.0
AR Patel,734019,2014,17,24,4.0,4.25
AR Patel,734025,2014,26,24,4.0,6.5
AR Patel,734033,2014,24,24,4.0,6.0
AR Patel,734039,2014,28,24,4.0,7.0
AR Patel,734043,2014,11,24,4.0,2.75
AR Patel,734047,2014,22,24,4.0,5.5
AR Patel,734049,2014,20,24,4.0,5.0
AR Patel,829709,2015,32,24,4.0,8.0
AR Patel,829717,2015,30,24,4.0,7.5
AR Patel,829725,2015,28,23,3.8333333333333335,7.3
AR Patel,829733,2015,22,12,2.0,11.0
AR Patel,829741,2015,28,24,4.0,7.0
AR Patel,829753,2015,34,24,4.0,8.5
AR Patel,829759,2015,25,24,4.0,6.25
AR Patel,829767,2015,22,17,2.8333333333333335,7.76
AR Patel,829775,2015,24,18,3.0,8.0
AR Patel,829785,2015,48,24,4.0,12.0
AR Patel,829791,2015,32,24,4.0,8.0
AR Patel,829799,2015,19,12,2.0,9.5
AR Patel,829803,2015,11,12,2.0,5.5
AR Patel,829809,2015,27,18,3.0,9.0
AR Patel,980905,2016,16,12,2.0,8.0
AR Patel,980913,2016,25,18,3.0,8.33
AR Patel,980919,2016,26,18,3.0,8.67
AR Patel,980925,2016,19,18,3.0,6.33
AR Patel,980935,2016,11,11,1.8333333333333335,6.0
AR Patel,980941,2016,41,24,4.0,10.25
AR Patel,980955,2016,20,24,4.0,5.0
AR Patel,980963,2016,24,24,4.0,6.0
AR Patel,980971,2016,32,24,4.0,8.0
AR Patel,980977,2016,27,24,4.0,6.75
AR Patel,980985,2016,30,24,4.0,7.5
AR Patel,980991,2016,26,24,4.0,6.5
AR Patel,980999,2016,43,18,3.0,14.33
AR Patel,981005,2016,41,24,4.0,10.25
AR Patel,1082594,2017,25,24,4.0,6.25
AR Patel,1082598,2017,12,24,4.0,3.0
AR Patel,1082601,2017,36,24,4.0,9.0
AR Patel,1082605,2017,33,24,4.0,8.25
AR Patel,1082609,2017,32,24,4.0,8.0
AR Patel,1082612,2017,19,12,2.0,9.5
AR Patel,1082616,2017,36,24,4.0,9.0
AR Patel,1082623,2017,34,18,3.0,11.33
AR Patel,1082626,2017,20,24,4.0,5.0
AR Patel,1082633,2017,11,18,3.0,3.67
AR Patel,1082637,2017,29,18,3.0,9.67
AR Patel,1082639,2017,28,24,4.0,7.0
AR Patel,1082641,2017,28,18,3.0,9.33
AR Patel,1082645,2017,13,12,2.0,6.5
AR Patel,1136562,2018,35,18,3.0,11.67
AR Patel,1136568,2018,25,24,4.0,6.25
AR Patel,1136594,2018,9,6,1.0,9.0
AR Patel,1136598,2018,21,24,4.0,5.25
AR Patel,1136600,2018,24,18,3.0,8.0
AR Patel,1136604,2018,51,24,4.0,12.75
AR Patel,1136610,2018,23,18,3.0,7.67
AR Patel,1136616,2018,28,24,4.0,7.0
AR Patel,1175358,2019,42,18,3.0,14.0
AR Patel,1175360,2019,16,24,4.0,4.0
AR Patel,1175371,2019,17,24,4.0,4.25
AR Patel,1178395,2019,22,24,4.0,5.5
AR Patel,1178401,2019,30,24,4.0,7.5
AR Patel,1178405,2019,23,12,2.0,11.5
AR Patel,1178409,2019,17,24,4.0,4.25
AR Patel,1178412,2019,22,18,3.0,7.33
AR Patel,1178415,2019,39,24,4.0,9.75
AR Patel,1178421,2019,26,24,4.0,6.5
AR Patel,1178425,2019,31,18,3.0,10.33
AR Patel,1178428,2019,16,24,4.0,4.0
AR Patel,1181766,2019,30,24,4.0,7.5
AR Patel,1181767,2019,32,24,4.0,8.0
AR Patel,1216493,2020,14,24,4.0,3.5
AR Patel,1216497,2020,7,6,1.0,7.0
AR Patel,1216500,2020,8,12,2.0,4.0
AR Patel,1216505,2020,30,24,4.0,7.5
AR Patel,1216509,2020,23,24,4.0,5.75
AR Patel,1216519,2020,18,24,4.0,4.5
AR Patel,1216524,2020,35,24,4.0,8.75
AR Patel,1216529,2020,24,18,3.0,8.0
AR Patel,1216532,2020,13,12,2.0,6.5
AR Patel,1216539,2020,18,24,4.0,4.5
AR Patel,1216543,2020,32,24,4.0,8.0
AR Patel,1216546,2020,27,24,4.0,6.75
AR Patel,1237177,2020,27,18,3.0,9.0
AR Patel,1237180,2020,33,24,4.0,8.25
AR Patel,1237181,2020,16,24,4.0,4.0
AR Patel,1254077,2021,32,30,5.0,6.4
AR Patel,1254079,2021,33,24,4.0,8.25
AR Patel,1254082,2021,32,24,4.0,8.0
AR Patel,1254086,2021,21,24,4.0,5.25
AR Patel,1254092,2021,13,18,3.0,4.33
AR Patel,1254097,2021,26,24,4.0,6.5
AR Patel,1254101,2021,39,24,4.0,9.75
AR Patel,1254105,2021,21,24,4.0,5.25
AR Patel,1254110,2021,18,24,4.0,4.5
AR Patel,1254112,2021,20,24,4.0,5.0
AR Patel,1254114,2021,23,18,3.0,7.67
AR Patel,1254116,2021,31,24,4.0,7.75
AR Patel,1304048,2022,40,24,4.0,10.0
AR Patel,1304056,2022,37,24,4.0,9.25
AR Patel,1304061,2022,11,12,2.0,5.5
AR Patel,1304065,2022,32,18,3.0,10.67
AR Patel,1304073,2022,27,24,4.0,6.75
AR Patel,1304078,2022,10,24,4.0,2.5
AR Patel,1304080,2022,21,12,2.0,10.5
AR Patel,1304087,2022,28,24,4.0,7.0
AR Patel,1304091,2022,23,24,4.0,5.75
AR Patel,1304101,2022,23,18,3.0,7.67
AR Patel,1304104,2022,25,12,2.0,12.5
AR Patel,1304110,2022,14,24,4.0,3.5
AR Patel,1304115,2022,26,18,3.0,8.67
AR Patel,1359477,2023,38,24,4.0,9.5
AR Patel,1359485,2023,38,24,4.0,9.5
AR Patel,1359490,2023,19,24,4.0,4.75
AR Patel,1359494,2023,25,18,3.0,8.33
AR Patel,1359502,2023,13,18,3.0,4.33
AR Patel,1359508,2023,21,24,4.0,5.25
AR Patel,1359514,2023,27,24,4.0,6.75
AR Patel,1359518,2023,23,24,4.0,5.75
AR Patel,1359524,2023,17,18,3.0,5.67
AR Patel,1359529,2023,27,24,4.0,6.75
AR Patel,1359533,2023,21,24,4.0,5.25
AR Patel,1359538,2023,27,18,3.0,9.0
AR Patel,1359541,2023,32,18,3.0,10.67
AR Patel,1422120,2024,25,24,4.0,6.25
AR Patel,1422127,2024,21,24,4.0,5.25
AR Patel,1422131,2024,20,18,3.0,6.67
AR Patel,1422134,2024,18,6,1.0,18.0
AR Patel,1422138,2024,35,24,4.0,8.75
AR Patel,1426264,2024,26,24,4.0,6.5
AR Patel,1426270,2024,16,24,4.0,4.0
AR Patel,1426273,2024,29,24,4.0,7.25
AR Patel,1426278,2024,28,18,3.0,9.33
AR Patel,1426281,2024,24,12,2.0,12.0
AR Patel,1426285,2024,25,24,4.0,6.25
AR Patel,1426294,2024,25,18,3.0,8.33
AR Patel,1426300,2024,24,18,3.0,8.0
AR Patel,1426302,2024,20,6,1.0,20.0
AR Patel,1473441,2025,18,18,3.0,6.0
AR Patel,1473447,2025,43,24,4.0,10.75
AR Patel,1473454,2025,5,6,1.0,5.0
AR Patel,1473461,2025,51,24,4.0,12.75
AR Patel,1473466,2025,19,12,2.0,9.5
AR Patel,1473469,2025,23,18,3.0,7.67
AR Patel,1473472,2025,18,12,2.0,9.0
AR Patel,1473477,2025,29,24,4.0,7.25
AR Patel,1473483,2025,18,24,4.0,4.5
AR Patel,1473485,2025,26,24,4.0,6.5
AR Patel,1473495,2025,25,12,2.0,12.5
AR Patel,1473498,2025,35,18,3.0,11.67
AR Patel,1527678,2026,17,18,3.0,5.67
AR Patel,1527681,2026,21,24,4.0,5.25
AR Patel,1527687,2026,31,18,3.0,10.33
AR Patel,1527691,2026,39,24,4.0,9.75
AR Patel,1529269,2026,18,18,3.0,6.0
AR Patel,1529274,2026,23,12,2.0,11.5
AR Patel,1529278,2026,43,24,4.0,10.75
AR Patel,1529282,2026,5,6,1.0,5.0
AR Patel,1529286,2026,39,24,4.0,9.75
AR Patel,1529291,2026,20,24,4.0,5.0
AR Patel,1529294,2026,27,24,4.0,6.75
AR Patel,1529305,2026,31,24,4.0,7.75
AR Patel,1529313,2026,38,24,4.0,9.5
AS Joseph,1178394,2019,10,22,3.6666666666666665,2.73
AS Joseph,1178399,2019,21,12,2.0,10.5
AS Joseph,1178402,2019,53,18,3.0,17.67
AS Joseph,1304075,2022,33,24,4.0,8.25
AS Joseph,1304081,2022,29,24,4.0,7.25
AS Joseph,1304086,2022,34,24,4.0,8.5
AS Joseph,1304089,2022,41,24,4.0,10.25
AS Joseph,1304094,2022,23,18,3.0,7.67
AS Joseph,1304097,2022,41,24,4.0,10.25
AS Joseph,1304103,2022,14,12,2.0,7.0
AS Joseph,1304108,2022,15,18,3.0,5.0
AS Joseph,1312197,2022,27,12,2.0,13.5
AS Joseph,1359475,2023,33,24,4.0,8.25
AS Joseph,1359481,2023,28,24,4.0,7.0
AS Joseph,1359487,2023,27,24,4.0,6.75
AS Joseph,1359492,2023,27,24,4.0,6.75
AS Joseph,1359497,2023,47,18,3.0,15.67
AS Joseph,1359525,2023,5,6,1.0,5.0
AS Joseph,1359531,2023,52,24,4.0,13.0
AS Joseph,1422119,2024,34,22,3.6666666666666665,9.27
AS Joseph,1422124,2024,40,24,4.0,10.0
AS Joseph,1422128,2024,34,12,2.0,17.0
AS Rajpoot,598002,2013,24,18,3.0,8.0
AS Rajpoot,598007,2013,10,6,1.0,10.0
AS Rajpoot,980989,2016,13,12,2.0,6.5
AS Rajpoot,980995,2016,26,18,3.0,8.67
AS Rajpoot,981001,2016,27,18,3.0,9.0
AS Rajpoot,981009,2016,21,18,3.0,7.0
AS Rajpoot,1082597,2017,36,24,4.0,9.0
AS Rajpoot,1082636,2017,25,24,4.0,6.25
AS Rajpoot,1082639,2017,17,12,2.0,8.5
AS Rajpoot,1082644,2017,14,18,3.0,4.67
AS Rajpoot,1082649,2017,12,6,1.0,12.0
AS Rajpoot,1136578,2018,30,18,3.0,10.0
AS Rajpoot,1136582,2018,21,24,4.0,5.25
AS Rajpoot,1136585,2018,14,24,4.0,3.5
AS Rajpoot,1136594,2018,31,18,3.0,10.33
AS Rajpoot,1136598,2018,37,18,3.0,12.33
AS Rajpoot,1136608,2018,19,7,1.1666666666666667,16.29
AS Rajpoot,1136610,2018,44,24,4.0,11.0
AS Rajpoot,1136616,2018,18,24,4.0,4.5
AS Rajpoot,1175359,2019,29,24,4.0,7.25
AS Rajpoot,1178397,2019,20,24,4.0,5.0
AS Rajpoot,1178399,2019,45,24,4.0,11.25
AS Rajpoot,1178417,2019,44,24,4.0,11.0
AS Rajpoot,1216504,2020,35,24,4.0,8.75
AS Rajpoot,1216511,2020,38,18,3.0,12.67
AS Rajpoot,1216518,2020,10,6,1.0,10.0
AS Rajpoot,1216527,2020,37,25,4.166666666666667,8.88
AS Rajpoot,1216533,2020,8,6,1.0,8.0
AS Rajpoot,1216541,2020,56,24,4.0,14.0
AS Raut,392205,2009,7,6,1.0,7.0
AS Raut,392213,2009,6,6,1.0,6.0
AS Raut,392220,2009,13,6,1.0,13.0
AS Raut,392230,2009,10,6,1.0,10.0
AS Raut,501220,2011,8,6,1.0,8.0
AS Roy,1178419,2019,8,12,2.0,4.0
AS Roy,1304093,2022,28,24,4.0,7.0
AS Roy,1304099,2022,27,18,3.0,9.0
AS Roy,1359502,2023,17,24,4.0,4.25
AS Roy,1359521,2023,25,18,3.0,8.33
AS Roy,1359530,2023,20,6,1.0,20.0
AS Roy,1422128,2024,6,12,2.0,3.0
AS Roy,1426260,2024,18,10,1.6666666666666665,10.8
AS Roy,1426280,2024,36,12,2.0,18.0
AS Roy,1473485,2025,26,24,4.0,6.5
AS Roy,1527675,2026,14,7,1.1666666666666667,12.0
AS Roy,1527679,2026,14,12,2.0,7.0
AS Roy,1527688,2026,28,24,4.0,7.0
AS Roy,1529265,2026,17,18,3.0,5.67
AS Roy,1529268,2026,36,18,3.0,12.0
AS Roy,1529281,2026,19,12,2.0,9.5
AS Roy,1529288,2026,8,6,1.0,8.0
AS Roy,1529294,2026,29,24,4.0,7.25
AS Roy,1529300,2026,30,18,3.0,10.0
AS Roy,1529303,2026,17,6,1.0,17.0
AS Roy,1529308,2026,6,6,1.0,6.0
AS Roy,1529313,2026,21,12,2.0,10.5
AU Rashid,1254111,2021,35,18,3.0,11.67
AU Rashid,1359478,2023,33,24,4.0,8.25
AU Rashid,1359484,2023,23,18,3.0,7.67
AUK Pathan,501200,2011,13,12,2.0,6.5
AUK Pathan,501205,2011,30,21,3.5,8.57
AUK Pathan,548350,2012,14,6,1.0,14.0
Abdul Samad,1216516,2020,36,24,4.0,9.0
Abdul Samad,1216538,2020,27,12,2.0,13.5
Abdul Samad,1216542,2020,28,6,1.0,28.0
Abdul Samad,1254107,2021,9,6,1.0,9.0
Abdul Samad,1304058,2022,8,6,1.0,8.0
Abdur Razzak,336023,2008,19,12,2.0,9.5
Abhinandan Singh,1527674,2026,38,18,3.0,12.67
Abhinandan Singh,1527684,2026,30,22,3.6666666666666665,8.18
Abhinandan Singh,1527689,2026,52,18,3.0,17.33
Abhishek Sharma,1178405,2019,10,6,1.0,10.0
Abhishek Sharma,1178423,2019,9,6,1.0,9.0
Abhishek Sharma,1216507,2020,11,6,1.0,11.0
Abhishek Sharma,1216516,2020,4,6,1.0,4.0
Abhishek Sharma,1216532,2020,32,24,4.0,8.0
Abhishek Sharma,1216534,2020,16,12,2.0,8.0
Abhishek Sharma,1216542,2020,15,6,1.0,15.0
Abhishek Sharma,1216545,2020,11,6,1.0,11.0
Abhishek Sharma,1254066,2021,5,6,1.0,5.0
Abhishek Sharma,1254071,2021,23,24,4.0,5.75
Abhishek Sharma,1254077,2021,13,6,1.0,13.0
Abhishek Sharma,1254088,2021,3,6,1.0,3.0
Abhishek Sharma,1254091,2021,9,12,2.0,4.5
Abhishek Sharma,1254100,2021,8,6,1.0,8.0
Abhishek Sharma,1304051,2022,15,6,1.0,15.0
Abhishek Sharma,1304100,2022,13,12,2.0,6.5
Abhishek Sharma,1304111,2022,10,6,1.0,10.0
Abhishek Sharma,1359514,2023,26,18,3.0,8.67
Abhishek Sharma,1359526,2023,15,12,2.0,7.5
Abhishek Sharma,1359532,2023,41,18,3.0,13.67
Abhishek Sharma,1359536,2023,12,6,1.0,12.0
Abhishek Sharma,1359539,2023,27,18,3.0,9.0
Abhishek Sharma,1422136,2024,7,6,1.0,7.0
Abhishek Sharma,1426268,2024,10,6,1.0,10.0
Abhishek Sharma,1426279,2024,10,6,1.0,10.0
Abhishek Sharma,1426311,2024,24,24,4.0,6.0
Abhishek Sharma,1473439,2025,17,12,2.0,8.5
Abhishek Sharma,1473444,2025,20,12,2.0,10.0
Abhishek Sharma,1473447,2025,27,18,3.0,9.0
Abhishek Sharma,1473457,2025,17,6,1.0,17.0
Abhishek Sharma,1473492,2025,5,6,1.0,5.0
Abhishek Sharma,1473505,2025,25,12,2.0,12.5
Abhishek Sharma,1527679,2026,15,6,1.0,15.0
Abhishek Sharma,1529270,2026,13,6,1.0,13.0
Abhishek Sharma,1529288,2026,14,12,2.0,7.0
Akash Deep,1304049,2022,38,18,3.0,12.67
Akash Deep,1304052,2022,44,23,3.8333333333333335,11.48
Akash Deep,1304059,2022,43,24,4.0,10.75
Akash Deep,1304064,2022,20,24,4.0,5.0
Akash Deep,1304068,2022,54,24,4.0,13.5
Akash Deep,1359479,2023,29,18,3.0,9.67
Akash Deep,1359483,2023,20,12,2.0,10.0
Akash Deep,1426263,2024,53,21,3.5,15.14
Akash Deep,1473453,2025,45,24,4.0,11.25
Akash Deep,1473456,2025,48,24,4.0,12.0
Akash Deep,1473463,2025,32,18,3.0,10.67
Akash Deep,1473467,2025,13,6,1.0,13.0
Akash Deep,1473499,2025,28,18,3.0,9.33
Akash Deep,1473502,2025,46,24,4.0,11.5
Akash Madhwal,1359520,2023,36,18,3.0,12.0
Akash Madhwal,1359523,2023,4,6,1.0,4.0
Akash Madhwal,1359528,2023,20,12,2.0,10.0
Akash Madhwal,1359531,2023,31,24,4.0,7.75
Akash Madhwal,1359537,2023,28,24,4.0,7.0
Akash Madhwal,1359543,2023,35,24,4.0,8.75
Akash Madhwal,1370351,2023,5,21,3.5,1.43
Akash Madhwal,1370352,2023,45,24,4.0,11.25
Akash Madhwal,1422132,2024,19,24,4.0,4.75
Akash Madhwal,1422138,2024,38,24,4.0,9.5
Akash Madhwal,1426263,2024,54,24,4.0,13.5
Akash Madhwal,1426267,2024,37,18,3.0,12.33
Akash Madhwal,1426271,2024,35,19,3.1666666666666665,11.05
Akash Madhwal,1473487,2025,38,24,4.0,9.5
Akash Madhwal,1473490,2025,47,18,3.0,15.67
Akash Madhwal,1473497,2025,46,24,4.0,11.5
Akash Madhwal,1473500,2025,24,24,4.0,6.0
Akash Singh,1254089,2021,39,24,4.0,9.75
Akash Singh,1359491,2023,39,24,4.0,9.75
Akash Singh,1359498,2023,35,18,3.0,11.67
Akash Singh,1359503,2023,17,18,3.0,5.67
Akash Singh,1359507,2023,28,24,4.0,7.0
Akash Singh,1359511,2023,32,12,2.0,16.0
Akash Singh,1359515,2023,34,18,3.0,11.33
Akash Singh,1473491,2025,30,24,4.0,7.5
Akash Singh,1473502,2025,29,19,3.1666666666666665,9.16
Akash Singh,1473507,2025,40,24,4.0,10.0
Akash Singh,1529302,2026,25,24,4.0,6.25
Akash Singh,1529307,2026,45,18,3.0,15.0
Aman Hakim Khan,1304071,2022,13,6,1.0,13.0
Anand Rajan,501256,2011,23,18,3.0,7.67
Anand Rajan,501264,2011,22,12,2.0,11.0
Anand Rajan,548314,2012,9,12,2.0,4.5
Anand Rajan,548326,2012,43,24,4.0,10.75
Anand Rajan,548335,2012,10,12,2.0,5.0
Anand Rajan,548356,2012,42,23,3.8333333333333335,10.96
Anand Rajan,598010,2013,19,24,4.0,4.75
Anand Rajan,598069,2013,20,24,4.0,5.0
Ankit Sharma,548311,2012,28,18,3.0,9.33
Ankit Sharma,548314,2012,18,24,4.0,4.5
Ankit Sharma,548321,2012,17,13,2.1666666666666665,7.85
Ankit Sharma,548326,2012,32,24,4.0,8.0
Ankit Sharma,548329,2012,16,6,1.0,16.0
Ankit Sharma,548335,2012,19,24,4.0,4.75
Ankit Sharma,548341,2012,11,12,2.0,5.5
Ankit Sharma,548348,2012,9,12,2.0,4.5
Ankit Sharma,548352,2012,13,12,2.0,6.5
Ankit Sharma,598004,2013,17,12,2.0,8.5
Ankit Sharma,734003,2014,20,24,4.0,5.0
Ankit Sharma,734017,2014,23,24,4.0,5.75
Ankit Sharma,829735,2015,26,18,3.0,8.67
Ankit Sharma,829769,2015,28,24,4.0,7.0
Ankit Sharma,829797,2015,26,24,4.0,6.5
Ankit Sharma,829819,2015,28,18,3.0,9.33
Ankit Sharma,980919,2016,25,24,4.0,6.25
Ankit Sharma,980931,2016,30,24,4.0,7.5
Ankit Sharma,980939,2016,23,18,3.0,7.67
Ankit Sharma,1082603,2017,16,6,1.0,16.0
Ankit Sharma,1136603,2018,11,6,1.0,11.0
Ankit Soni,1082621,2017,27,18,3.0,9.0
Ankit Soni,1082625,2017,15,24,4.0,3.75
Ankit Soni,1082629,2017,15,24,4.0,3.75
Ankit Soni,1082632,2017,26,12,2.0,13.0
Ankit Soni,1082637,2017,27,18,3.0,9.0
Ankit Soni,1082643,2017,31,13,2.1666666666666665,14.31
Anureet Singh,392190,2009,33,24,4.0,8.25
Anureet Singh,392231,2009,10,6,1.0,10.0
Anureet Singh,829709,2015,23,24,4.0,5.75
Anureet Singh,829717,2015,39,24,4.0,9.75
Anureet Singh,829725,2015,30,24,4.0,7.5
Anureet Singh,829733,2015,37,24,4.0,9.25
Anureet Singh,829741,2015,41,24,4.0,10.25
Anureet Singh,829753,2015,34,24,4.0,8.5
Anureet Singh,829759,2015,27,24,4.0,6.75
Anureet Singh,829767,2015,21,18,3.0,7.0
Anureet Singh,829775,2015,28,24,4.0,7.0
Anureet Singh,829785,2015,25,24,4.0,6.25
Anureet Singh,829791,2015,56,23,3.8333333333333335,14.61
Anureet Singh,829799,2015,37,24,4.0,9.25
Anureet Singh,829803,2015,19,12,2.0,9.5
Anureet Singh,829809,2015,30,17,2.8333333333333335,10.59
Anureet Singh,980977,2016,15,18,3.0,5.0
Anureet Singh,980991,2016,20,18,3.0,6.67
Anureet Singh,1082623,2017,26,12,2.0,13.0
Anureet Singh,1136598,2018,20,12,2.0,10.0
Anureet Singh,1136600,2018,12,6,1.0,12.0
Anureet Singh,1136609,2018,10,6,1.0,10.0
Arjun Tendulkar,1359496,2023,16,12,2.0,8.0
Arjun Tendulkar,1359499,2023,15,17,2.8333333333333335,5.29
Arjun Tendulkar,1359505,2023,39,18,3.0,13.0
Arjun Tendulkar,1359509,2023,9,12,2.0,4.5
Arjun Tendulkar,1426305,2024,21,14,2.3333333333333335,9.0
Arjun Tendulkar,1529311,2026,36,24,4.0,9.0
Arshad Khan,1359479,2023,24,14,2.3333333333333335,10.29
Arshad Khan,1359486,2023,31,13,2.1666666666666665,14.31
Arshad Khan,1359490,2023,11,6,1.0,11.0
Arshad Khan,1359516,2023,35,18,3.0,11.67
Arshad Khan,1359520,2023,47,24,4.0,11.75
Arshad Khan,1359523,2023,28,10,1.6666666666666665,16.8
Arshad Khan,1426264,2024,34,19,3.1666666666666665,10.74
Arshad Khan,1426302,2024,40,18,3.0,13.33
Arshad Khan,1426305,2024,8,12,2.0,4.0
Arshad Khan,1473442,2025,20,6,1.0,20.0
Arshad Khan,1473451,2025,16,12,2.0,8.0
Arshad Khan,1473460,2025,18,12,2.0,9.0
Arshad Khan,1473463,2025,11,12,2.0,5.5
Arshad Khan,1473472,2025,44,24,4.0,11.0
Arshad Khan,1473493,2025,18,18,3.0,6.0
Arshad Khan,1473498,2025,5,12,2.0,2.5
Arshad Khan,1473502,2025,33,18,3.0,11.0
Arshad Khan,1473504,2025,41,12,2.0,20.5
Arshad Khan,1529280,2026,41,24,4.0,10.25
Arshad Khan,1529285,2026,21,20,3.3333333333333335,6.3
Arshad Khan,1529289,2026,27,18,3.0,9.0
Arshad Khan,1529303,2026,22,6,1.0,22.0
Arshad Khan,1529309,2026,22,12,2.0,11.0
Arshad Khan,1535465,2026,32,24,4.0,8.0
Arshad Khan (2),1426266,2024,22,12,2.0,11.0
Arshdeep Singh,1178407,2019,41,24,4.0,10.25
Arshdeep Singh,1178423,2019,39,24,4.0,9.75
Arshdeep Singh,1178427,2019,24,12,2.0,12.0
Arshdeep Singh,1216498,2020,22,23,3.8333333333333335,5.74
Arshdeep Singh,1216517,2020,34,18,3.0,11.33
Arshdeep Singh,1216520,2020,17,12,2.0,8.5
Arshdeep Singh,1216523,2020,23,24,4.0,5.75
Arshdeep Singh,1216531,2020,19,12,2.0,9.5
Arshdeep Singh,1216537,2020,34,18,3.0,11.33
Arshdeep Singh,1216542,2020,28,24,4.0,7.0
Arshdeep Singh,1216546,2020,30,18,3.0,10.0
Arshdeep Singh,1254061,2021,35,24,4.0,8.75
Arshdeep Singh,1254065,2021,7,12,2.0,3.5
Arshdeep Singh,1254068,2021,22,18,3.0,7.33
Arshdeep Singh,1254071,2021,29,22,3.6666666666666665,7.91
Arshdeep Singh,1254074,2021,26,18,3.0,8.67
Arshdeep Singh,1254078,2021,27,16,2.6666666666666665,10.12
Arshdeep Singh,1254090,2021,38,18,3.0,12.67
Arshdeep Singh,1254094,2021,34,24,4.0,8.5
Arshdeep Singh,1254099,2021,28,24,4.0,7.0
Arshdeep Singh,1254102,2021,30,24,4.0,7.5
Arshdeep Singh,1254107,2021,22,24,4.0,5.5
Arshdeep Singh,1254111,2021,29,24,4.0,7.25
Arshdeep Singh,1304049,2022,24,24,4.0,6.0
Arshdeep Singh,1304054,2022,27,18,3.0,9.0
Arshdeep Singh,1304057,2022,13,12,2.0,6.5
Arshdeep Singh,1304062,2022,30,24,4.0,7.5
Arshdeep Singh,1304069,2022,28,24,4.0,7.0
Arshdeep Singh,1304074,2022,30,24,4.0,7.5
Arshdeep Singh,1304078,2022,14,6,1.0,14.0
Arshdeep Singh,1304084,2022,22,24,4.0,5.5
Arshdeep Singh,1304088,2022,23,24,4.0,5.75
Arshdeep Singh,1304094,2022,30,24,4.0,7.5
Arshdeep Singh,1304098,2022,28,24,4.0,7.0
Arshdeep Singh,1304106,2022,26,24,4.0,6.5
Arshdeep Singh,1304110,2022,36,24,4.0,9.0
Arshdeep Singh,1304116,2022,25,24,4.0,6.25
Arshdeep Singh,1359476,2023,19,18,3.0,6.33
Arshdeep Singh,1359482,2023,44,24,4.0,11.0
Arshdeep Singh,1359488,2023,20,18,3.0,6.67
Arshdeep Singh,1359492,2023,33,24,4.0,8.25
Arshdeep Singh,1359495,2023,21,18,3.0,7.0
Arshdeep Singh,1359501,2023,33,24,4.0,8.25
Arshdeep Singh,1359505,2023,28,24,4.0,7.0
Arshdeep Singh,1359512,2023,52,24,4.0,13.0
Arshdeep Singh,1359515,2023,34,24,4.0,8.5
Arshdeep Singh,1359520,2023,64,23,3.8333333333333335,16.7
Arshdeep Singh,1359527,2023,38,24,4.0,9.5
Arshdeep Singh,1359533,2023,32,24,4.0,8.0
Arshdeep Singh,1359538,2023,19,12,2.0,9.5
Arshdeep Singh,1359540,2023,37,24,4.0,9.25
Arshdeep Singh,1422120,2024,26,24,4.0,6.5
Arshdeep Singh,1422124,2024,37,20,3.3333333333333335,11.1
Arshdeep Singh,1422129,2024,29,18,3.0,9.67
Arshdeep Singh,1422135,2024,33,24,4.0,8.25
Arshdeep Singh,1426261,2024,27,24,4.0,6.75
Arshdeep Singh,1426265,2024,44,23,3.8333333333333335,11.48
Arshdeep Singh,1426271,2024,34,18,3.0,11.33
Arshdeep Singh,1426275,2024,17,13,2.1666666666666665,7.85
Arshdeep Singh,1426280,2024,40,24,4.0,10.0
Arshdeep Singh,1426287,2024,47,24,4.0,11.75
Arshdeep Singh,1426291,2024,41,24,4.0,10.25
Arshdeep Singh,1426296,2024,39,18,3.0,13.0
Arshdeep Singh,1426303,2024,31,24,4.0,7.75
Arshdeep Singh,1426307,2024,36,24,4.0,9.0
Arshdeep Singh,1473442,2025,36,24,4.0,9.0
Arshdeep Singh,1473450,2025,40,24,4.0,10.0
Arshdeep Singh,1473455,2025,34,24,4.0,8.5
Arshdeep Singh,1473459,2025,38,24,4.0,9.5
Arshdeep Singh,1473464,2025,36,24,4.0,9.0
Arshdeep Singh,1473468,2025,11,18,3.0,3.67
Arshdeep Singh,1473471,2025,23,18,3.0,7.67
Arshdeep Singh,1473474,2025,26,18,3.0,8.67
Arshdeep Singh,1473486,2025,19,20,3.3333333333333335,5.7
Arshdeep Singh,1473491,2025,15,24,4.0,3.75
Arshdeep Singh,1473497,2025,55,24,4.0,13.75
Arshdeep Singh,1473506,2025,28,24,4.0,7.0
Arshdeep Singh,1473508,2025,20,12,2.0,10.0
Arshdeep Singh,1473510,2025,42,24,4.0,10.5
Arshdeep Singh,1473511,2025,38,24,4.0,9.5
Arshdeep Singh,1485779,2025,35,24,4.0,8.75
Arshdeep Singh,1527677,2026,32,24,4.0,8.0
Arshdeep Singh,1527680,2026,38,24,4.0,9.5
Arshdeep Singh,1527685,2026,16,12,2.0,8.0
Arshdeep Singh,1527690,2026,44,24,4.0,11.0
Arshdeep Singh,1529267,2026,21,24,4.0,5.25
Arshdeep Singh,1529272,2026,40,24,4.0,10.0
Arshdeep Singh,1529278,2026,49,24,4.0,12.25
Arshdeep Singh,1529283,2026,67,24,4.0,16.75
Arshdeep Singh,1529289,2026,24,24,4.0,6.0
Arshdeep Singh,1529292,2026,42,24,4.0,10.5
Arshdeep Singh,1529298,2026,17,24,4.0,4.25
Arshdeep Singh,1529301,2026,28,24,4.0,7.0
Arshdeep Singh,1529304,2026,42,24,4.0,10.5
Arshdeep Singh,1529311,2026,48,18,3.0,16.0
Ashok Sharma,1527677,2026,29,18,3.0,9.67
Ashok Sharma,1527682,2026,35,24,4.0,8.75
Ashok Sharma,1527687,2026,43,18,3.0,14.33
Ashok Sharma,1527692,2026,30,24,4.0,7.5
Ashok Sharma,1529268,2026,42,24,4.0,10.5
Ashok Sharma,1529273,2026,38,18,3.0,12.67
Ashwani Kumar,1473449,2025,22,18,3.0,7.33
Ashwani Kumar,1473453,2025,37,18,3.0,12.33
Ashwani Kumar,1473475,2025,42,12,2.0,21.0
Ashwani Kumar,1473493,2025,28,24,4.0,7.0
Ashwani Kumar,1473506,2025,15,6,1.0,15.0
Ashwani Kumar,1473509,2025,27,21,3.5,7.71
Ashwani Kumar,1473510,2025,52,24,4.0,13.0
Ashwani Kumar,1529273,2026,22,24,4.0,5.5
Ashwani Kumar,1529276,2026,36,24,4.0,9.0
Ashwani Kumar,1529284,2026,40,12,2.0,20.0
Auqib Nabi,1527691,2026,16,12,2.0,8.0
Auqib Nabi,1529269,2026,35,18,3.0,11.67
Auqib Nabi,1529278,2026,33,12,2.0,16.5
Auqib Nabi,1529298,2026,26,24,4.0,6.5
Auqib Nabi,1529313,2026,23,12,2.0,11.5
Avesh Khan,1082646,2017,23,24,4.0,5.75
Avesh Khan,1136582,2018,36,24,4.0,9.0
Avesh Khan,1136586,2018,28,24,4.0,7.0
Avesh Khan,1136590,2018,27,24,4.0,6.75
Avesh Khan,1136592,2018,36,12,2.0,18.0
Avesh Khan,1136596,2018,45,18,3.0,15.0
Avesh Khan,1136612,2018,28,12,2.0,14.0
Avesh Khan,1175368,2019,29,18,3.0,9.67
Avesh Khan,1216539,2020,41,24,4.0,10.25
Avesh Khan,1254059,2021,22,24,4.0,5.5
Avesh Khan,1254064,2021,32,24,4.0,8.0
Avesh Khan,1254068,2021,33,24,4.0,8.25
Avesh Khan,1254070,2021,15,12,2.0,7.5
Avesh Khan,1254077,2021,31,24,4.0,7.75
Avesh Khan,1254079,2021,23,24,4.0,5.75
Avesh Khan,1254082,2021,31,24,4.0,7.75
Avesh Khan,1254086,2021,36,24,4.0,9.0
Avesh Khan,1254092,2021,13,18,3.0,4.33
Avesh Khan,1254097,2021,28,24,4.0,7.0
Avesh Khan,1254101,2021,29,24,4.0,7.25
Avesh Khan,1254105,2021,23,24,4.0,5.75
Avesh Khan,1254110,2021,33,24,4.0,8.25
Avesh Khan,1254112,2021,14,24,4.0,3.5
Avesh Khan,1254114,2021,46,24,4.0,11.5
Avesh Khan,1254116,2021,22,24,4.0,5.5
Avesh Khan,1304050,2022,33,22,3.6666666666666665,9.0
Avesh Khan,1304053,2022,38,24,4.0,9.5
Avesh Khan,1304058,2022,23,24,4.0,5.75
Avesh Khan,1304061,2022,32,18,3.0,10.67
Avesh Khan,1304066,2022,30,24,4.0,7.5
Avesh Khan,1304072,2022,29,24,4.0,7.25
Avesh Khan,1304077,2022,32,24,4.0,8.0
Avesh Khan,1304088,2022,25,18,3.0,8.33
Avesh Khan,1304099,2022,17,18,3.0,5.67
Avesh Khan,1304103,2022,25,24,4.0,6.25
Avesh Khan,1304109,2022,20,18,3.0,6.67
Avesh Khan,1304112,2022,50,24,4.0,12.5
Avesh Khan,1312198,2022,38,24,4.0,9.5
Avesh Khan,1359477,2023,29,24,4.0,7.25
Avesh Khan,1359480,2023,34,18,3.0,11.33
Avesh Khan,1359489,2023,53,24,4.0,13.25
Avesh Khan,1359495,2023,23,18,3.0,7.67
Avesh Khan,1359500,2023,25,24,4.0,6.25
Avesh Khan,1359504,2023,21,18,3.0,7.0
Avesh Khan,1359512,2023,28,12,2.0,14.0
Avesh Khan,1359525,2023,34,24,4.0,8.5
Avesh Khan,1359532,2023,30,12,2.0,15.0
Avesh Khan,1422122,2024,19,18,3.0,6.33
Avesh Khan,1422127,2024,28,24,4.0,7.0
Avesh Khan,1422132,2024,29,24,4.0,7.25
Avesh Khan,1422137,2024,46,24,4.0,11.5
Avesh Khan,1426262,2024,46,24,4.0,11.5
Avesh Khan,1426265,2024,34,24,4.0,8.5
Avesh Khan,1426269,2024,34,24,4.0,8.5
Avesh Khan,1426276,2024,46,24,4.0,11.5
Avesh Khan,1426282,2024,34,24,4.0,8.5
Avesh Khan,1426288,2024,36,24,4.0,9.0
Avesh Khan,1426294,2024,42,12,2.0,21.0
Avesh Khan,1426299,2024,11,12,2.0,5.5
Avesh Khan,1426303,2024,28,23,3.8333333333333335,7.3
Avesh Khan,1426310,2024,44,24,4.0,11.0
Avesh Khan,1426311,2024,25,24,4.0,6.25
Avesh Khan,1473444,2025,45,24,4.0,11.25
Avesh Khan,1473450,2025,29,18,3.0,9.67
Avesh Khan,1473453,2025,39,24,4.0,9.75
Avesh Khan,1473456,2025,45,24,4.0,11.25
Avesh Khan,1473463,2025,32,24,4.0,8.0
Avesh Khan,1473467,2025,31,21,3.5,8.86
Avesh Khan,1473473,2025,37,24,4.0,9.25
Avesh Khan,1473477,2025,18,18,3.0,6.0
Avesh Khan,1473482,2025,42,24,4.0,10.5
Avesh Khan,1473491,2025,55,24,4.0,13.75
Avesh Khan,1473499,2025,23,18,3.0,7.67
Avesh Khan,1473502,2025,51,23,3.8333333333333335,13.3
Avesh Khan,1473507,2025,30,18,3.0,10.0
Avesh Khan,1527683,2026,36,24,4.0,9.0
Avesh Khan,1527688,2026,43,24,4.0,10.75
Avesh Khan,1527692,2026,23,12,2.0,11.5
Avesh Khan,1529266,2026,23,24,4.0,5.75
Avesh Khan,1529272,2026,46,18,3.0,15.33
Avesh Khan,1529290,2026,54,22,3.6666666666666665,14.73
Avesh Khan,1529296,2026,40,24,4.0,10.0
Azhar Mahmood,548331,2012,29,21,3.5,8.29
Azhar Mahmood,548334,2012,38,24,4.0,9.5
Azhar Mahmood,548339,2012,23,23,3.8333333333333335,6.0
Azhar Mahmood,548343,2012,25,24,4.0,6.25
Azhar Mahmood,548350,2012,19,24,4.0,4.75
Azhar Mahmood,548354,2012,36,24,4.0,9.0
Azhar Mahmood,548359,2012,25,24,4.0,6.25
Azhar Mahmood,548366,2012,34,24,4.0,8.5
Azhar Mahmood,548369,2012,33,24,4.0,8.25
Azhar Mahmood,548371,2012,28,24,4.0,7.0
Azhar Mahmood,548374,2012,22,20,3.3333333333333335,6.6
Azhar Mahmood,598003,2013,19,24,4.0,4.75
Azhar Mahmood,598007,2013,33,24,4.0,8.25
Azhar Mahmood,598014,2013,23,24,4.0,5.75
Azhar Mahmood,598016,2013,20,24,4.0,5.0
Azhar Mahmood,598021,2013,35,23,3.8333333333333335,9.13
Azhar Mahmood,598025,2013,42,24,4.0,10.5
Azhar Mahmood,598028,2013,40,24,4.0,10.0
Azhar Mahmood,598031,2013,35,24,4.0,8.75
Azhar Mahmood,598037,2013,32,24,4.0,8.0
Azhar Mahmood,598045,2013,23,24,4.0,5.75
Azhar Mahmood,598066,2013,24,24,4.0,6.0
Azhar Mahmood,829811,2015,35,18,3.0,11.67
Azmatullah Omarzai,1422123,2024,25,18,3.0,8.33
Azmatullah Omarzai,1422125,2024,29,18,3.0,9.67
Azmatullah Omarzai,1422130,2024,23,18,3.0,7.67
Azmatullah Omarzai,1422135,2024,40,24,4.0,10.0
Azmatullah Omarzai,1426275,2024,13,12,2.0,6.5
Azmatullah Omarzai,1426278,2024,33,24,4.0,8.25
Azmatullah Omarzai,1426283,2024,18,12,2.0,9.0
Azmatullah Omarzai,1473442,2025,29,12,2.0,14.5
Azmatullah Omarzai,1473486,2025,36,24,4.0,9.0
Azmatullah Omarzai,1473491,2025,30,24,4.0,7.5
Azmatullah Omarzai,1473497,2025,44,24,4.0,11.0
Azmatullah Omarzai,1473508,2025,10,6,1.0,10.0
Azmatullah Omarzai,1473510,2025,42,24,4.0,10.5
Azmatullah Omarzai,1473511,2025,33,24,4.0,8.25
Azmatullah Omarzai,1485779,2025,46,24,4.0,11.5
Azmatullah Omarzai,1529301,2026,35,24,4.0,8.75
Azmatullah Omarzai,1529304,2026,37,24,4.0,9.25
Azmatullah Omarzai,1529311,2026,28,18,3.0,9.33
B Akhil,335985,2008,17,18,3.0,5.67
B Akhil,335996,2008,34,24,4.0,8.5
B Akhil,336002,2008,39,18,3.0,13.0
B Akhil,336012,2008,17,18,3.0,5.67
B Akhil,336026,2008,21,20,3.3333333333333335,6.3
B Akhil,336029,2008,4,6,1.0,4.0
B Akhil,392194,2009,8,6,1.0,8.0
B Akhil,392221,2009,30,18,3.0,10.0
B Akhil,392224,2009,2,6,1.0,2.0
B Akhil,392232,2009,20,12,2.0,10.0
B Akhil,392236,2009,17,24,4.0,4.25
B Akhil,419164,2010,6,6,1.0,6.0
B Akhil,501233,2011,20,12,2.0,10.0
B Chipli,501243,2011,20,6,1.0,20.0
B Geeves,335984,2008,41,24,4.0,10.25
B Geeves,336032,2008,49,24,4.0,12.25
B Kumar,501248,2011,14,18,3.0,4.67
B Kumar,501250,2011,24,18,3.0,8.0
B Kumar,501259,2011,10,12,2.0,5.0
B Kumar,501262,2011,18,18,3.0,6.0
B Kumar,548308,2012,13,12,2.0,6.5
B Kumar,548327,2012,27,24,4.0,6.75
B Kumar,548330,2012,35,18,3.0,11.67
B Kumar,548341,2012,34,24,4.0,8.5
B Kumar,548348,2012,22,24,4.0,5.5
B Kumar,548351,2012,9,18,3.0,3.0
B Kumar,548353,2012,18,24,4.0,4.5
B Kumar,548358,2012,17,18,3.0,5.67
B Kumar,548362,2012,39,24,4.0,9.75
B Kumar,548365,2012,33,24,4.0,8.25
B Kumar,548375,2012,23,24,4.0,5.75
B Kumar,598000,2013,17,24,4.0,4.25
B Kumar,598003,2013,16,12,2.0,8.0
B Kumar,598009,2013,38,24,4.0,9.5
B Kumar,598011,2013,16,12,2.0,8.0
B Kumar,598015,2013,11,24,4.0,2.75
B Kumar,598018,2013,16,24,4.0,4.0
B Kumar,598025,2013,31,24,4.0,7.75
B Kumar,598027,2013,22,24,4.0,5.5
B Kumar,598035,2013,22,24,4.0,5.5
B Kumar,598038,2013,24,24,4.0,6.0
B Kumar,598042,2013,19,18,3.0,6.33
B Kumar,598047,2013,37,24,4.0,9.25
B Kumar,598053,2013,24,24,4.0,6.0
B Kumar,598055,2013,9,12,2.0,4.5
B Kumar,598061,2013,17,24,4.0,4.25
B Kumar,598067,2013,25,24,4.0,6.25
B Kumar,729285,2014,21,21,3.5,6.0
B Kumar,729295,2014,19,24,4.0,4.75
B Kumar,729301,2014,39,24,4.0,9.75
B Kumar,729311,2014,23,24,4.0,5.75
B Kumar,729317,2014,14,24,4.0,3.5
B Kumar,733977,2014,15,24,4.0,3.75
B Kumar,733989,2014,12,24,4.0,3.0
B Kumar,733993,2014,23,24,4.0,5.75
B Kumar,734001,2014,21,24,4.0,5.25
B Kumar,734007,2014,38,22,3.6666666666666665,10.36
B Kumar,734015,2014,37,22,3.6666666666666665,10.09
B Kumar,734021,2014,27,24,4.0,6.75
B Kumar,734029,2014,36,24,4.0,9.0
B Kumar,734037,2014,21,14,2.3333333333333335,9.0
B Kumar,829711,2015,28,24,4.0,7.0
B Kumar,829719,2015,29,23,3.8333333333333335,7.57
B Kumar,829727,2015,25,24,4.0,6.25
B Kumar,829731,2015,20,24,4.0,5.0
B Kumar,829743,2015,22,18,3.0,7.33
B Kumar,829751,2015,22,24,4.0,5.5
B Kumar,829759,2015,22,24,4.0,5.5
B Kumar,829773,2015,31,24,4.0,7.75
B Kumar,829781,2015,42,24,4.0,10.5
B Kumar,829787,2015,44,24,4.0,11.0
B Kumar,829793,2015,20,24,4.0,5.0
B Kumar,829799,2015,34,24,4.0,8.5
B Kumar,829807,2015,39,11,1.8333333333333335,21.27
B Kumar,829815,2015,15,18,3.0,5.0
B Kumar,980907,2016,48,24,4.0,12.0
B Kumar,980915,2016,28,24,4.0,7.0
B Kumar,980923,2016,17,24,4.0,4.25
B Kumar,980929,2016,27,24,4.0,6.75
B Kumar,980935,2016,37,24,4.0,9.25
B Kumar,980943,2016,14,18,3.0,4.67
B Kumar,980953,2016,35,24,4.0,8.75
B Kumar,980967,2016,28,24,4.0,7.0
B Kumar,980973,2016,22,18,3.0,7.33
B Kumar,980979,2016,19,24,4.0,4.75
B Kumar,980983,2016,30,24,4.0,7.5
B Kumar,980991,2016,32,24,4.0,8.0
B Kumar,981003,2016,26,24,4.0,6.5
B Kumar,981009,2016,31,24,4.0,7.75
B Kumar,981015,2016,19,24,4.0,4.75
B Kumar,981017,2016,25,24,4.0,6.25
B Kumar,981019,2016,24,24,4.0,6.0
B Kumar,1082591,2017,26,24,4.0,6.5
B Kumar,1082596,2017,21,24,4.0,5.25
B Kumar,1082600,2017,21,24,4.0,5.25
B Kumar,1082604,2017,20,24,4.0,5.0
B Kumar,1082609,2017,17,24,4.0,4.25
B Kumar,1082611,2017,28,24,4.0,7.0
B Kumar,1082615,2017,38,24,4.0,9.5
B Kumar,1082623,2017,27,24,4.0,6.75
B Kumar,1082627,2017,29,24,4.0,7.25
B Kumar,1082630,2017,33,24,4.0,8.25
B Kumar,1082634,2017,37,24,4.0,9.25
B Kumar,1082638,2017,25,24,4.0,6.25
B Kumar,1082643,2017,24,20,3.3333333333333335,7.2
B Kumar,1082648,2017,11,6,1.0,11.0
B Kumar,1136564,2018,27,24,4.0,6.75
B Kumar,1136570,2018,23,24,4.0,5.75
B Kumar,1136576,2018,24,24,4.0,6.0
B Kumar,1136580,2018,22,18,3.0,7.33
B Kumar,1136596,2018,33,24,4.0,8.25
B Kumar,1136599,2018,27,24,4.0,6.75
B Kumar,1136602,2018,50,24,4.0,12.5
B Kumar,1136606,2018,38,24,4.0,9.5
B Kumar,1136614,2018,32,24,4.0,8.0
B Kumar,1136617,2018,13,19,3.1666666666666665,4.11
B Kumar,1136619,2018,38,24,4.0,9.5
B Kumar,1136620,2018,17,24,4.0,4.25
B Kumar,1175357,2019,37,24,4.0,9.25
B Kumar,1175363,2019,52,24,4.0,13.0
B Kumar,1175366,2019,25,18,3.0,8.33
B Kumar,1175371,2019,26,24,4.0,6.5
B Kumar,1178394,2019,33,24,4.0,8.25
B Kumar,1178397,2019,25,24,4.0,6.25
B Kumar,1178405,2019,29,24,4.0,7.25
B Kumar,1178408,2019,21,24,4.0,5.25
B Kumar,1178413,2019,34,24,4.0,8.5
B Kumar,1178416,2019,18,24,4.0,4.5
B Kumar,1178420,2019,21,24,4.0,5.25
B Kumar,1178423,2019,33,24,4.0,8.25
B Kumar,1178426,2019,28,24,4.0,7.0
B Kumar,1178429,2019,23,24,4.0,5.75
B Kumar,1181766,2019,40,24,4.0,10.0
B Kumar,1216516,2020,20,19,3.1666666666666665,6.32
B Kumar,1216532,2020,24,24,4.0,6.0
B Kumar,1216534,2020,24,24,4.0,6.0
B Kumar,1216545,2020,27,18,3.0,9.0
B Kumar,1254060,2021,44,24,4.0,11.0
B Kumar,1254063,2021,29,24,4.0,7.25
B Kumar,1254066,2021,45,24,4.0,11.25
B Kumar,1254071,2021,16,18,3.0,5.33
B Kumar,1254085,2021,36,24,4.0,9.0
B Kumar,1254091,2021,32,24,4.0,8.0
B Kumar,1254095,2021,25,24,4.0,6.25
B Kumar,1254100,2021,27,24,4.0,6.75
B Kumar,1254105,2021,21,18,3.0,7.0
B Kumar,1254107,2021,33,24,4.0,8.25
B Kumar,1254109,2021,20,24,4.0,5.0
B Kumar,1304051,2022,26,24,4.0,6.5
B Kumar,1304058,2022,25,24,4.0,6.25
B Kumar,1304063,2022,32,24,4.0,8.0
B Kumar,1304067,2022,25,24,4.0,6.25
B Kumar,1304071,2022,36,24,4.0,9.0
B Kumar,1304074,2022,22,24,4.0,5.5
B Kumar,1304082,2022,8,13,2.1666666666666665,3.69
B Kumar,1304086,2022,33,24,4.0,8.25
B Kumar,1304092,2022,22,24,4.0,5.5
B Kumar,1304096,2022,25,24,4.0,6.25
B Kumar,1304100,2022,34,24,4.0,8.5
B Kumar,1304107,2022,22,24,4.0,5.5
B Kumar,1304111,2022,26,24,4.0,6.5
B Kumar,1304116,2022,22,12,2.0,11.0
B Kumar,1359478,2023,35,18,3.0,11.67
B Kumar,1359484,2023,14,12,2.0,7.0
B Kumar,1359488,2023,30,24,4.0,7.5
B Kumar,1359493,2023,28,24,4.0,7.0
B Kumar,1359499,2023,31,24,4.0,7.75
B Kumar,1359503,2023,10,12,2.0,5.0
B Kumar,1359508,2023,11,24,4.0,2.75
B Kumar,1359514,2023,42,24,4.0,10.5
B Kumar,1359521,2023,32,24,4.0,8.0
B Kumar,1359526,2023,42,24,4.0,10.5
B Kumar,1359532,2023,30,24,4.0,7.5
B Kumar,1359536,2023,30,24,4.0,7.5
B Kumar,1359539,2023,47,24,4.0,11.75
B Kumar,1359543,2023,26,24,4.0,6.5
B Kumar,1422121,2024,44,24,4.0,11.0
B Kumar,1422126,2024,53,24,4.0,13.25
B Kumar,1422130,2024,26,24,4.0,6.5
B Kumar,1422136,2024,28,24,4.0,7.0
B Kumar,1426261,2024,30,24,4.0,7.5
B Kumar,1426268,2024,56,24,4.0,14.0
B Kumar,1426273,2024,30,24,4.0,7.5
B Kumar,1426279,2024,14,6,1.0,14.0
B Kumar,1426284,2024,38,24,4.0,9.5
B Kumar,1426288,2024,41,24,4.0,10.25
B Kumar,1426293,2024,21,24,4.0,5.25
B Kumar,1426295,2024,12,24,4.0,3.0
B Kumar,1426307,2024,36,24,4.0,9.0
B Kumar,1426309,2024,28,18,3.0,9.33
B Kumar,1426311,2024,33,18,3.0,11.0
B Kumar,1426312,2024,24,12,2.0,12.0
B Kumar,1473445,2025,19,18,3.0,6.33
B Kumar,1473451,2025,23,24,4.0,5.75
B Kumar,1473458,2025,47,24,4.0,11.75
B Kumar,1473461,2025,25,24,4.0,6.25
B Kumar,1473465,2025,31,24,4.0,7.75
B Kumar,1473471,2025,26,18,3.0,8.67
B Kumar,1473474,2025,25,24,4.0,6.25
B Kumar,1473479,2025,50,24,4.0,12.5
B Kumar,1473483,2025,33,24,4.0,8.25
B Kumar,1473489,2025,55,24,4.0,13.75
B Kumar,1473503,2025,43,24,4.0,10.75
B Kumar,1473507,2025,45,24,4.0,11.25
B Kumar,1473508,2025,17,12,2.0,8.5
B Kumar,1473511,2025,38,24,4.0,9.5
B Kumar,1527674,2026,29,24,4.0,7.25
B Kumar,1527684,2026,35,24,4.0,8.75
B Kumar,1527689,2026,37,24,4.0,9.25
B Kumar,1527693,2026,36,24,4.0,9.0
B Kumar,1529266,2026,26,24,4.0,6.5
B Kumar,1529269,2026,26,24,4.0,6.5
B Kumar,1529277,2026,31,24,4.0,7.75
B Kumar,1529282,2026,4,18,3.0,1.33
B Kumar,1529285,2026,28,24,4.0,7.0
B Kumar,1529293,2026,34,24,4.0,8.5
B Kumar,1529297,2026,22,24,4.0,5.5
B Kumar,1529300,2026,34,24,4.0,8.5
B Kumar,1529304,2026,37,24,4.0,9.25
B Kumar,1529310,2026,48,24,4.0,12.0
B Kumar,1535462,2026,27,24,4.0,6.75
B Kumar,1535465,2026,29,24,4.0,7.25
B Laughlin,598002,2013,22,18,3.0,7.33
B Laughlin,598046,2013,46,24,4.0,11.5
B Laughlin,1136564,2018,18,13,2.1666666666666665,8.31
B Laughlin,1136566,2018,20,12,2.0,10.0
B Laughlin,1136571,2018,45,24,4.0,11.25
B Laughlin,1136575,2018,36,23,3.8333333333333335,9.39
B Laughlin,1136577,2018,35,24,4.0,8.75
B Laughlin,1136613,2018,15,12,2.0,7.5
B Laughlin,1136618,2018,33,18,3.0,11.0
B Lee,335983,2008,30,24,4.0,7.5
B Lee,335987,2008,32,24,4.0,8.0
B Lee,335991,2008,9,24,4.0,2.25
B Lee,335995,2008,33,24,4.0,8.25
B Lee,392216,2009,20,24,4.0,5.0
B Lee,392222,2009,19,24,4.0,4.75
B Lee,392226,2009,13,24,4.0,3.25
B Lee,392229,2009,25,24,4.0,6.25
B Lee,392234,2009,16,24,4.0,4.0
B Lee,419127,2010,36,24,4.0,9.0
B Lee,419132,2010,18,15,2.5,7.2
B Lee,419136,2010,43,24,4.0,10.75
B Lee,419146,2010,38,24,4.0,9.5
B Lee,501209,2011,23,24,4.0,5.75
B Lee,501214,2011,11,14,2.3333333333333335,4.71
B Lee,501219,2011,32,24,4.0,8.0
B Lee,501230,2011,21,24,4.0,5.25
B Lee,501234,2011,26,24,4.0,6.5
B Lee,501239,2011,30,24,4.0,7.5
B Lee,501242,2011,41,24,4.0,10.25
B Lee,501245,2011,8,24,4.0,2.0
B Lee,501255,2011,30,18,3.0,10.0
B Lee,501262,2011,28,24,4.0,7.0
B Lee,501267,2011,35,24,4.0,8.75
B Lee,501269,2011,37,24,4.0,9.25
B Lee,548307,2012,15,12,2.0,7.5
B Lee,548312,2012,27,24,4.0,6.75
B Lee,548315,2012,21,24,4.0,5.25
B Lee,548328,2012,25,24,4.0,6.25
B Lee,548335,2012,15,24,4.0,3.75
B Lee,548344,2012,33,24,4.0,8.25
B Lee,548347,2012,34,24,4.0,8.5
B Lee,548357,2012,38,24,4.0,9.5
B Lee,548363,2012,43,24,4.0,10.75
B Lee,548381,2012,41,24,4.0,10.25
B Lee,597998,2013,39,24,4.0,9.75
B Lee,598005,2013,19,24,4.0,4.75
B Lee,598040,2013,25,24,4.0,6.25
B Muzarabani,1527675,2026,34,18,3.0,11.33
B Muzarabani,1527679,2026,39,24,4.0,9.75
B Stanlake,1082595,2017,28,24,4.0,7.0
B Stanlake,1082598,2017,40,24,4.0,10.0
B Stanlake,1136564,2018,28,24,4.0,7.0
B Stanlake,1136567,2018,41,24,4.0,10.25
B Stanlake,1136570,2018,21,24,4.0,5.25
B Stanlake,1136580,2018,36,24,4.0,9.0
BA Bhatt,501206,2011,34,18,3.0,11.33
BA Bhatt,501220,2011,20,18,3.0,6.67
BA Bhatt,501234,2011,22,24,4.0,5.5
BA Bhatt,501237,2011,26,24,4.0,6.5
BA Bhatt,501248,2011,34,24,4.0,8.5
BA Bhatt,501251,2011,21,17,2.8333333333333335,7.41
BA Bhatt,501254,2011,33,24,4.0,8.25
BA Bhatt,501264,2011,33,18,3.0,11.0
BA Bhatt,548323,2012,24,24,4.0,6.0
BA Bhatt,548328,2012,32,21,3.5,9.14
BA Bhatt,548334,2012,33,18,3.0,11.0
BA Bhatt,548339,2012,32,24,4.0,8.0
BA Bhatt,548343,2012,13,12,2.0,6.5
BA Bhatt,598031,2013,20,18,3.0,6.67
BA Bhatt,598059,2013,11,12,2.0,5.5
BA Stokes,1082592,2017,34,24,4.0,8.5
BA Stokes,1082594,2017,31,24,4.0,7.75
BA Stokes,1082599,2017,41,24,4.0,10.25
BA Stokes,1082603,2017,17,18,3.0,5.67
BA Stokes,1082607,2017,17,24,4.0,4.25
BA Stokes,1082615,2017,19,12,2.0,9.5
BA Stokes,1082618,2017,20,24,4.0,5.0
BA Stokes,1082629,2017,36,24,4.0,9.0
BA Stokes,1082631,2017,24,24,4.0,6.0
BA Stokes,1082634,2017,29,24,4.0,7.25
BA Stokes,1082642,2017,28,24,4.0,7.0
BA Stokes,1082645,2017,9,18,3.0,3.0
BA Stokes,1136564,2018,20,12,2.0,10.0
BA Stokes,1136571,2018,30,18,3.0,10.0
BA Stokes,1136575,2018,24,18,3.0,8.0
BA Stokes,1136577,2018,39,18,3.0,13.0
BA Stokes,1136581,2018,30,18,3.0,10.0
BA Stokes,1136588,2018,20,18,3.0,6.67
BA Stokes,1136592,2018,26,18,3.0,8.67
BA Stokes,1136598,2018,22,18,3.0,7.33
BA Stokes,1136600,2018,13,12,2.0,6.5
BA Stokes,1136603,2018,30,24,4.0,7.5
BA Stokes,1136607,2018,25,24,4.0,6.25
BA Stokes,1136609,2018,14,24,4.0,3.5
BA Stokes,1175359,2019,45,24,4.0,11.25
BA Stokes,1175363,2019,40,18,3.0,13.33
BA Stokes,1175367,2019,30,18,3.0,10.0
BA Stokes,1175369,2019,29,18,3.0,9.67
BA Stokes,1178400,2019,34,18,3.0,11.33
BA Stokes,1216507,2020,7,6,1.0,7.0
BA Stokes,1216518,2020,22,12,2.0,11.0
BA Stokes,1216530,2020,40,18,3.0,13.33
BA Stokes,1216533,2020,27,18,3.0,9.0
BA Stokes,1216537,2020,29,24,4.0,7.25
BA Stokes,1216543,2020,20,12,2.0,10.0
BA Stokes,1254061,2021,12,6,1.0,12.0
BA Stokes,1359480,2023,18,6,1.0,18.0
BAW Mendis,336035,2008,24,24,4.0,6.0
BAW Mendis,392190,2009,36,28,4.666666666666667,7.71
BAW Mendis,392197,2009,39,24,4.0,9.75
BAW Mendis,392221,2009,20,24,4.0,5.0
BAW Mendis,392231,2009,38,24,4.0,9.5
BAW Mendis,419144,2010,21,24,4.0,5.25
BAW Mendis,419148,2010,39,24,4.0,9.75
BAW Mendis,598025,2013,38,24,4.0,9.5
BAW Mendis,598042,2013,25,24,4.0,6.25
BAW Mendis,598055,2013,15,24,4.0,3.75
BB Sran,829811,2015,29,18,3.0,9.67
BB Sran,980915,2016,29,24,4.0,7.25
BB Sran,980923,2016,24,24,4.0,6.0
BB Sran,980929,2016,36,24,4.0,9.0
BB Sran,980935,2016,33,24,4.0,8.25
BB Sran,980953,2016,35,24,4.0,8.75
BB Sran,980967,2016,19,18,3.0,6.33
BB Sran,980973,2016,17,21,3.5,4.86
BB Sran,980979,2016,26,24,4.0,6.5
BB Sran,980983,2016,21,12,2.0,10.5
BB Sran,981003,2016,33,24,4.0,8.25
BB Sran,981009,2016,30,24,4.0,7.5
BB Sran,981015,2016,29,18,3.0,9.67
BB Sran,981017,2016,27,18,3.0,9.0
BB Sran,981019,2016,39,18,3.0,13.0
BB Sran,1082609,2017,28,12,2.0,14.0
BB Sran,1136572,2018,31,24,4.0,7.75
BB Sran,1136576,2018,14,24,4.0,3.5
BB Sran,1136578,2018,48,24,4.0,12.0
BB Sran,1136582,2018,42,24,4.0,10.5
BB Sran,1136585,2018,26,18,3.0,8.67
BB Sran,1136604,2018,48,18,3.0,16.0
BB Sran,1178422,2019,27,12,2.0,13.5
BB Sran,1178426,2019,23,12,2.0,11.5
BCJ Cutting,734011,2014,31,24,4.0,7.75
BCJ Cutting,980991,2016,11,7,1.1666666666666667,9.43
BCJ Cutting,981015,2016,14,18,3.0,4.67
BCJ Cutting,981017,2016,20,18,3.0,6.67
BCJ Cutting,981019,2016,34,24,4.0,8.5
BCJ Cutting,1082591,2017,33,22,3.6666666666666665,9.0
BCJ Cutting,1082596,2017,29,18,3.0,9.67
BCJ Cutting,1082600,2017,18,12,2.0,9.0
BCJ Cutting,1082604,2017,40,24,4.0,10.0
BCJ Cutting,1136567,2018,39,24,4.0,9.75
BCJ Cutting,1136587,2018,13,6,1.0,13.0
BCJ Cutting,1136594,2018,28,18,3.0,9.33
BCJ Cutting,1136597,2018,23,12,2.0,11.5
BCJ Cutting,1136601,2018,12,12,2.0,6.0
BCJ Cutting,1136610,2018,15,6,1.0,15.0
BCJ Cutting,1136615,2018,35,24,4.0,8.75
BCJ Cutting,1175358,2019,27,12,2.0,13.5
BE Hendricks,734019,2014,36,24,4.0,9.0
BE Hendricks,734025,2014,26,24,4.0,6.5
BE Hendricks,734033,2014,57,24,4.0,14.25
BE Hendricks,829791,2015,35,24,4.0,8.75
BE Hendricks,829799,2015,36,24,4.0,9.0
BE Hendricks,829803,2015,9,12,2.0,4.5
BE Hendricks,829809,2015,24,18,3.0,8.0
BJ Dwarshuis,1529298,2026,46,24,4.0,11.5
BJ Hodge,392197,2009,29,18,3.0,9.67
BJ Hodge,392199,2009,29,24,4.0,7.25
BJ Hodge,392203,2009,13,12,2.0,6.5
BJ Hodge,392207,2009,12,12,2.0,6.0
BJ Hodge,392211,2009,11,12,2.0,5.5
BJ Hodge,392219,2009,2,6,1.0,2.0
BJ Hodge,392228,2009,23,18,3.0,7.67
BJ Hodge,392231,2009,12,12,2.0,6.0
BJ Hodge,392233,2009,22,6,1.0,22.0
BJ Hodge,419106,2010,14,12,2.0,7.0
BJ Hodge,419109,2010,11,6,1.0,11.0
BJ Hodge,419113,2010,4,6,1.0,4.0
BJ Hodge,419118,2010,12,6,1.0,12.0
BJ Hodge,501207,2011,13,12,2.0,6.5
BJ Hodge,501254,2011,26,12,2.0,13.0
BJ Hodge,501258,2011,13,24,4.0,3.25
BJ Hodge,501261,2011,24,18,3.0,8.0
BJ Hodge,548309,2012,8,6,1.0,8.0
BJ Hodge,548326,2012,13,6,1.0,13.0
BJ Hodge,598065,2013,3,6,1.0,3.0
BJ Rohrer,598049,2013,11,6,1.0,11.0
BMAJ Mendis,598006,2013,20,12,2.0,10.0
BMAJ Mendis,598044,2013,16,18,3.0,5.33
BW Hilfenhaus,548352,2012,31,24,4.0,7.75
BW Hilfenhaus,548355,2012,34,24,4.0,8.5
BW Hilfenhaus,548361,2012,8,24,4.0,2.0
BW Hilfenhaus,548364,2012,25,24,4.0,6.25
BW Hilfenhaus,548368,2012,26,18,3.0,8.67
BW Hilfenhaus,548371,2012,20,24,4.0,5.0
BW Hilfenhaus,548379,2012,40,24,4.0,10.0
BW Hilfenhaus,548380,2012,15,18,3.0,5.0
BW Hilfenhaus,548381,2012,21,24,4.0,5.25
BW Hilfenhaus,729293,2014,9,12,2.0,4.5
BW Hilfenhaus,729297,2014,31,24,4.0,7.75
BW Hilfenhaus,729303,2014,39,24,4.0,9.75
BW Hilfenhaus,729311,2014,31,24,4.0,7.75
BW Hilfenhaus,733971,2014,24,18,3.0,8.0
BW Hilfenhaus,733981,2014,33,24,4.0,8.25
BW Hilfenhaus,733987,2014,34,24,4.0,8.5
BW Hilfenhaus,734023,2014,37,18,3.0,12.33
Basil Thampi,1082596,2017,19,12,2.0,9.5
Basil Thampi,1082603,2017,21,18,3.0,7.0
Basil Thampi,1082606,2017,33,24,4.0,8.25
Basil Thampi,1082610,2017,31,24,4.0,7.75
Basil Thampi,1082613,2017,44,24,4.0,11.0
Basil Thampi,1082616,2017,43,24,4.0,10.75
Basil Thampi,1082621,2017,33,24,4.0,8.25
Basil Thampi,1082625,2017,29,24,4.0,7.25
Basil Thampi,1082629,2017,34,24,4.0,8.5
Basil Thampi,1082632,2017,37,24,4.0,9.25
Basil Thampi,1082637,2017,48,24,4.0,12.0
Basil Thampi,1082640,2017,42,22,3.6666666666666665,11.45
Basil Thampi,1136583,2018,4,11,1.8333333333333335,2.18
Basil Thampi,1136585,2018,14,14,2.3333333333333335,6.0
Basil Thampi,1136588,2018,26,12,2.0,13.0
Basil Thampi,1136611,2018,69,24,4.0,17.25
Basil Thampi,1178426,2019,39,24,4.0,9.75
Basil Thampi,1178429,2019,29,24,4.0,7.25
Basil Thampi,1181766,2019,41,24,4.0,10.25
Basil Thampi,1216512,2020,46,24,4.0,11.5
Basil Thampi,1304048,2022,32,24,4.0,8.0
Basil Thampi,1304055,2022,26,6,1.0,26.0
Basil Thampi,1304060,2022,15,18,3.0,5.0
Basil Thampi,1304064,2022,28,24,4.0,7.0
Basil Thampi,1304069,2022,45,24,4.0,11.25
Bipul Sharma,419112,2010,37,18,3.0,12.33
Bipul Sharma,419117,2010,19,12,2.0,9.5
Bipul Sharma,419136,2010,26,24,4.0,6.5
Bipul Sharma,419143,2010,12,6,1.0,12.0
Bipul Sharma,501234,2011,7,12,2.0,3.5
Bipul Sharma,501237,2011,20,24,4.0,5.0
Bipul Sharma,501251,2011,13,12,2.0,6.5
Bipul Sharma,501254,2011,31,24,4.0,7.75
Bipul Sharma,548309,2012,22,24,4.0,5.5
Bipul Sharma,548313,2012,40,16,2.6666666666666665,15.0
Bipul Sharma,548343,2012,11,6,1.0,11.0
Bipul Sharma,598052,2013,21,24,4.0,5.25
Bipul Sharma,829743,2015,14,6,1.0,14.0
Bipul Sharma,829781,2015,23,24,4.0,5.75
Bipul Sharma,829799,2015,13,12,2.0,6.5
Bipul Sharma,980923,2016,40,24,4.0,10.0
Bipul Sharma,980929,2016,10,12,2.0,5.0
Bipul Sharma,980943,2016,17,6,1.0,17.0
Bipul Sharma,981015,2016,16,12,2.0,8.0
Bipul Sharma,981017,2016,21,18,3.0,7.0
Bipul Sharma,981019,2016,17,12,2.0,8.5
Bipul Sharma,1082591,2017,4,6,1.0,4.0
Bipul Sharma,1082596,2017,24,24,4.0,6.0
Bipul Sharma,1082604,2017,19,12,2.0,9.5
Bipul Sharma,1082615,2017,30,24,4.0,7.5
Bipul Sharma,1082627,2017,9,6,1.0,9.0
Bipul Sharma,1082634,2017,39,24,4.0,9.75
Brijesh Sharma,1527676,2026,15,18,3.0,5.0
Brijesh Sharma,1527689,2026,37,24,4.0,9.25
Brijesh Sharma,1529271,2026,20,10,1.6666666666666665,12.0
Brijesh Sharma,1529275,2026,17,18,3.0,5.67
Brijesh Sharma,1529279,2026,41,24,4.0,10.25
Brijesh Sharma,1529283,2026,41,24,4.0,10.25
Brijesh Sharma,1529286,2026,32,19,3.1666666666666665,10.11
Brijesh Sharma,1529295,2026,45,24,4.0,11.25
Brijesh Sharma,1529305,2026,41,24,4.0,10.25
Brijesh Sharma,1529307,2026,37,24,4.0,9.25
Brijesh Sharma,1529312,2026,24,24,4.0,6.0
Brijesh Sharma,1535463,2026,28,18,3.0,9.33
Brijesh Sharma,1535464,2026,41,22,3.6666666666666665,11.18
C Bosch,1473482,2025,23,24,4.0,5.75
C Bosch,1473487,2025,29,18,3.0,9.67
C Bosch,1527681,2026,38,19,3.1666666666666665,12.0
C Bosch,1529290,2026,17,12,2.0,8.5
C Bosch,1529297,2026,26,24,4.0,6.5
C Bosch,1529301,2026,42,24,4.0,10.5
C Bosch,1529308,2026,29,18,3.0,9.67
C Bosch,1529312,2026,37,24,4.0,9.25
C Ganapathy,419133,2010,13,6,1.0,13.0
C Green,1359479,2023,30,12,2.0,15.0
C Green,1359486,2023,19,18,3.0,6.33
C Green,1359490,2023,29,18,3.0,9.67
C Green,1359496,2023,14,12,2.0,7.0
C Green,1359499,2023,28,24,4.0,7.0
C Green,1359505,2023,41,24,4.0,10.25
C Green,1359509,2023,39,12,2.0,19.5
C Green,1359516,2023,24,18,3.0,8.0
C Green,1359520,2023,15,12,2.0,7.5
C Green,1359523,2023,8,6,1.0,8.0
C Green,1359528,2023,15,12,2.0,7.5
C Green,1359531,2023,13,6,1.0,13.0
C Green,1359537,2023,16,12,2.0,8.0
C Green,1359543,2023,2,6,1.0,2.0
C Green,1370351,2023,15,18,3.0,5.0
C Green,1370352,2023,35,18,3.0,11.67
C Green,1422119,2024,24,18,3.0,8.0
C Green,1422124,2024,18,12,2.0,9.0
C Green,1422128,2024,7,6,1.0,7.0
C Green,1422133,2024,25,12,2.0,12.5
C Green,1422137,2024,26,19,3.1666666666666665,8.21
C Green,1426274,2024,33,24,4.0,8.25
C Green,1426279,2024,11,12,2.0,5.5
C Green,1426283,2024,41,18,3.0,13.67
C Green,1426290,2024,28,24,4.0,7.0
C Green,1426296,2024,16,6,1.0,16.0
C Green,1426300,2024,17,24,4.0,4.25
C Green,1426306,2024,17,12,2.0,8.5
C Green,1426310,2024,28,24,4.0,7.0
C Green,1527688,2026,26,12,2.0,13.0
C Green,1529265,2026,28,12,2.0,14.0
C Green,1529271,2026,23,12,2.0,11.5
C Green,1529281,2026,12,12,2.0,6.0
C Green,1529288,2026,33,18,3.0,11.0
C Green,1529294,2026,12,6,1.0,12.0
C Green,1529300,2026,21,12,2.0,10.5
C Green,1529303,2026,25,18,3.0,8.33
C Green,1529308,2026,23,18,3.0,7.67
C Green,1529313,2026,21,12,2.0,10.5
C Munro,980903,2016,7,6,1.0,7.0
C Munro,981009,2016,8,6,1.0,8.0
C Nanda,392218,2009,32,24,4.0,8.0
C Nanda,392225,2009,4,6,1.0,4.0
C Nanda,392227,2009,19,18,3.0,6.33
C Sakariya,1254061,2021,26,24,4.0,6.5
C Sakariya,1254064,2021,33,24,4.0,8.25
C Sakariya,1254069,2021,33,24,4.0,8.25
C Sakariya,1254073,2021,34,24,4.0,8.5
C Sakariya,1254075,2021,25,24,4.0,6.25
C Sakariya,1254081,2021,18,18,3.0,6.0
C Sakariya,1254085,2021,37,24,4.0,9.25
C Sakariya,1254089,2021,29,24,4.0,7.25
C Sakariya,1254093,2021,32,18,3.0,10.67
C Sakariya,1254097,2021,32,24,4.0,8.0
C Sakariya,1254100,2021,27,24,4.0,6.75
C Sakariya,1254103,2021,17,18,3.0,5.67
C Sakariya,1254106,2021,23,24,4.0,5.75
C Sakariya,1254111,2021,30,18,3.0,10.0
C Sakariya,1304087,2022,17,18,3.0,5.67
C Sakariya,1304091,2022,41,24,4.0,10.25
C Sakariya,1304104,2022,20,24,4.0,5.0
C Sakariya,1359477,2023,50,24,4.0,12.5
C Sakariya,1359541,2023,30,24,4.0,7.5
C Sakariya,1473481,2025,38,18,3.0,12.67
C de Grandhomme,1082601,2017,7,12,2.0,3.5
C de Grandhomme,1082608,2017,12,6,1.0,12.0
C de Grandhomme,1082617,2017,4,10,1.6666666666666665,2.4
C de Grandhomme,1082620,2017,14,12,2.0,7.0
C de Grandhomme,1082622,2017,15,6,1.0,15.0
C de Grandhomme,1082636,2017,15,12,2.0,7.5
C de Grandhomme,1082639,2017,35,24,4.0,8.75
C de Grandhomme,1082644,2017,14,12,2.0,7.0
C de Grandhomme,1136591,2018,23,18,3.0,7.67
C de Grandhomme,1136595,2018,16,24,4.0,4.0
C de Grandhomme,1136599,2018,7,6,1.0,7.0
C de Grandhomme,1136605,2018,12,6,1.0,12.0
C de Grandhomme,1136608,2018,6,12,2.0,3.0
C de Grandhomme,1136611,2018,34,12,2.0,17.0
C de Grandhomme,1136613,2018,20,12,2.0,10.0
C de Grandhomme,1175362,2019,26,18,3.0,8.67
C de Grandhomme,1175366,2019,16,6,1.0,16.0
C de Grandhomme,1178429,2019,12,6,1.0,12.0
CH Gayle,392184,2009,14,6,1.0,14.0
CH Gayle,392186,2009,7,6,1.0,7.0
CH Gayle,392190,2009,17,24,4.0,4.25
CH Gayle,392197,2009,24,12,2.0,12.0
CH Gayle,392199,2009,31,23,3.8333333333333335,8.09
CH Gayle,392203,2009,19,24,4.0,4.75
CH Gayle,392207,2009,20,18,3.0,6.67
CH Gayle,419122,2010,29,24,4.0,7.25
CH Gayle,419127,2010,21,18,3.0,7.0
CH Gayle,419131,2010,38,24,4.0,9.5
CH Gayle,419135,2010,9,6,1.0,9.0
CH Gayle,419139,2010,16,6,1.0,16.0
CH Gayle,419153,2010,25,18,3.0,8.33
CH Gayle,501222,2011,7,12,2.0,3.5
CH Gayle,501227,2011,20,12,2.0,10.0
CH Gayle,501232,2011,8,12,2.0,4.0
CH Gayle,501244,2011,21,24,4.0,5.25
CH Gayle,501247,2011,21,24,4.0,5.25
CH Gayle,501252,2011,16,18,3.0,5.33
CH Gayle,501255,2011,11,6,1.0,11.0
CH Gayle,501260,2011,35,24,4.0,8.75
CH Gayle,501266,2011,27,18,3.0,9.0
CH Gayle,501268,2011,18,24,4.0,4.5
CH Gayle,501270,2011,11,18,3.0,3.67
CH Gayle,501271,2011,34,24,4.0,8.5
CH Gayle,548324,2012,20,6,1.0,20.0
CH Gayle,548356,2012,6,6,1.0,6.0
CH Gayle,548367,2012,38,16,2.6666666666666665,14.25
CH Gayle,598027,2013,5,6,1.0,5.0
CH Gayle,598042,2013,5,6,1.0,5.0
CH Gayle,598054,2013,8,6,1.0,8.0
CH Gayle,598064,2013,21,6,1.0,21.0
CH Gayle,829813,2015,14,12,2.0,7.0
CH Gayle,980987,2016,2,12,2.0,1.0
CH Gayle,980999,2016,25,18,3.0,8.33
CH Gayle,981011,2016,9,12,2.0,4.5
CH Gayle,981019,2016,21,18,3.0,7.0
CH Morris,598007,2013,27,24,4.0,6.75
CH Morris,598012,2013,40,24,4.0,10.0
CH Morris,598015,2013,25,24,4.0,6.25
CH Morris,598020,2013,12,12,2.0,6.0
CH Morris,598022,2013,12,18,3.0,4.0
CH Morris,598026,2013,31,18,3.0,10.33
CH Morris,598030,2013,24,18,3.0,8.0
CH Morris,598034,2013,29,18,3.0,9.67
CH Morris,598038,2013,19,18,3.0,6.33
CH Morris,598041,2013,31,18,3.0,10.33
CH Morris,598046,2013,12,18,3.0,4.0
CH Morris,598051,2013,23,12,2.0,11.5
CH Morris,598058,2013,36,24,4.0,9.0
CH Morris,598068,2013,21,12,2.0,10.5
CH Morris,598070,2013,25,18,3.0,8.33
CH Morris,598073,2013,24,24,4.0,6.0
CH Morris,829709,2015,20,24,4.0,5.0
CH Morris,829715,2015,33,24,4.0,8.25
CH Morris,829721,2015,34,24,4.0,8.5
CH Morris,829727,2015,23,18,3.0,7.67
CH Morris,829735,2015,19,24,4.0,4.75
CH Morris,829741,2015,42,30,5.0,8.4
CH Morris,829749,2015,23,18,3.0,7.67
CH Morris,829787,2015,31,24,4.0,7.75
CH Morris,829797,2015,18,24,4.0,4.5
CH Morris,829811,2015,20,24,4.0,5.0
CH Morris,829819,2015,41,24,4.0,10.25
CH Morris,980903,2016,20,24,4.0,5.0
CH Morris,980913,2016,18,24,4.0,4.5
CH Morris,980921,2016,29,24,4.0,7.25
CH Morris,980933,2016,26,24,4.0,6.5
CH Morris,980945,2016,34,24,4.0,8.5
CH Morris,980951,2016,19,18,3.0,6.33
CH Morris,980961,2016,31,24,4.0,7.75
CH Morris,980971,2016,29,24,4.0,7.25
CH Morris,980983,2016,18,24,4.0,4.5
CH Morris,980993,2016,34,24,4.0,8.5
CH Morris,980997,2016,10,12,2.0,5.0
CH Morris,981011,2016,26,18,3.0,8.67
CH Morris,1082595,2017,21,24,4.0,5.25
CH Morris,1082599,2017,18,12,2.0,9.0
CH Morris,1082605,2017,22,24,4.0,5.5
CH Morris,1082608,2017,30,24,4.0,7.5
CH Morris,1082611,2017,26,24,4.0,6.5
CH Morris,1082614,2017,32,24,4.0,8.0
CH Morris,1082622,2017,39,18,3.0,13.0
CH Morris,1082626,2017,13,12,2.0,6.5
CH Morris,1082630,2017,36,24,4.0,9.0
CH Morris,1136562,2018,25,18,3.0,8.33
CH Morris,1136566,2018,34,18,3.0,11.33
CH Morris,1136573,2018,40,24,4.0,10.0
CH Morris,1136579,2018,41,24,4.0,10.25
CH Morris,1175365,2019,35,24,4.0,8.75
CH Morris,1175368,2019,29,24,4.0,7.25
CH Morris,1175371,2019,26,18,3.0,8.67
CH Morris,1178395,2019,26,24,4.0,6.5
CH Morris,1178401,2019,37,24,4.0,9.25
CH Morris,1178405,2019,22,18,3.0,7.33
CH Morris,1178409,2019,38,18,3.0,12.67
CH Morris,1178415,2019,40,24,4.0,10.0
CH Morris,1178425,2019,39,24,4.0,9.75
CH Morris,1216494,2020,15,24,4.0,3.75
CH Morris,1216499,2020,35,24,4.0,8.75
CH Morris,1216502,2020,15,12,2.0,7.5
CH Morris,1216505,2020,19,12,2.0,9.5
CH Morris,1216522,2020,22,24,4.0,5.5
CH Morris,1216525,2020,19,24,4.0,4.75
CH Morris,1216531,2020,19,24,4.0,4.75
CH Morris,1216540,2020,17,24,4.0,4.25
CH Morris,1216544,2020,35,22,3.6666666666666665,9.55
CH Morris,1254061,2021,40,24,4.0,10.0
CH Morris,1254064,2021,25,18,3.0,8.33
CH Morris,1254069,2021,31,24,4.0,7.75
CH Morris,1254073,2021,38,18,3.0,12.67
CH Morris,1254075,2021,22,24,4.0,5.5
CH Morris,1254081,2021,33,24,4.0,8.25
CH Morris,1254085,2021,26,24,4.0,6.5
CH Morris,1254100,2021,27,18,3.0,9.0
CH Morris,1254103,2021,50,24,4.0,12.5
CH Morris,1254106,2021,23,24,4.0,5.75
CH Morris,1254111,2021,41,24,4.0,10.25
CJ Anderson,729279,2014,33,18,3.0,11.0
CJ Anderson,729303,2014,23,12,2.0,11.5
CJ Anderson,729309,2014,16,12,2.0,8.0
CJ Anderson,729317,2014,16,6,1.0,16.0
CJ Anderson,733973,2014,16,12,2.0,8.0
CJ Anderson,733995,2014,11,6,1.0,11.0
CJ Anderson,734001,2014,14,12,2.0,7.0
CJ Anderson,734041,2014,14,12,2.0,7.0
CJ Anderson,734045,2014,34,18,3.0,11.33
CJ Anderson,829705,2015,21,12,2.0,10.5
CJ Anderson,829721,2015,12,12,2.0,6.0
CJ Anderson,1082599,2017,10,6,1.0,10.0
CJ Anderson,1082605,2017,23,18,3.0,7.67
CJ Anderson,1082622,2017,27,17,2.8333333333333335,9.53
CJ Anderson,1082632,2017,32,18,3.0,10.67
CJ Anderson,1082635,2017,27,12,2.0,13.5
CJ Anderson,1082640,2017,18,12,2.0,9.0
CJ Anderson,1082642,2017,4,6,1.0,4.0
CJ Anderson,1082646,2017,36,24,4.0,9.0
CJ Anderson,1136574,2018,44,24,4.0,11.0
CJ Anderson,1136579,2018,10,6,1.0,10.0
CJ Anderson,1136584,2018,56,22,3.6666666666666665,15.27
CJ Dala,1136605,2018,33,18,3.0,11.0
CJ Green,1216526,2020,24,17,2.8333333333333335,8.47
CJ Jordan,980969,2016,42,24,4.0,10.5
CJ Jordan,980977,2016,51,24,4.0,12.75
CJ Jordan,980981,2016,33,18,3.0,11.0
CJ Jordan,980987,2016,9,18,3.0,3.0
CJ Jordan,980995,2016,21,18,3.0,7.0
CJ Jordan,980999,2016,12,6,1.0,12.0
CJ Jordan,981011,2016,8,12,2.0,4.0
CJ Jordan,981013,2016,24,24,4.0,6.0
CJ Jordan,981019,2016,39,24,4.0,9.75
CJ Jordan,1082648,2017,8,6,1.0,8.0
CJ Jordan,1136576,2018,30,24,4.0,7.5
CJ Jordan,1216493,2020,51,24,4.0,12.75
CJ Jordan,1216498,2020,15,24,4.0,3.75
CJ Jordan,1216506,2020,31,18,3.0,10.33
CJ Jordan,1216513,2020,42,18,3.0,14.0
CJ Jordan,1216517,2020,41,24,4.0,10.25
CJ Jordan,1216520,2020,23,24,4.0,5.75
CJ Jordan,1216523,2020,36,24,4.0,9.0
CJ Jordan,1216531,2020,18,18,3.0,6.0
CJ Jordan,1216537,2020,42,21,3.5,12.0
CJ Jordan,1254078,2021,24,18,3.0,8.0
CJ Jordan,1254083,2021,30,24,4.0,7.5
CJ Jordan,1254086,2021,21,12,2.0,10.5
CJ Jordan,1254094,2021,19,18,3.0,6.33
CJ Jordan,1304057,2022,22,24,4.0,5.5
CJ Jordan,1304063,2022,29,18,3.0,9.67
CJ Jordan,1304068,2022,20,12,2.0,10.0
CJ Jordan,1304075,2022,57,23,3.8333333333333335,14.87
CJ Jordan,1359528,2023,47,24,4.0,11.75
CJ Jordan,1359531,2023,34,24,4.0,8.5
CJ Jordan,1359537,2023,48,24,4.0,12.0
CJ Jordan,1359543,2023,41,24,4.0,10.25
CJ Jordan,1370351,2023,7,12,2.0,3.5
CJ Jordan,1370352,2023,51,24,4.0,12.75
CJ McKay,548325,2012,24,18,3.0,8.0
CJ McKay,548339,2012,36,24,4.0,9.0
CK Kapugedera,336009,2008,15,6,1.0,15.0
CK Kapugedera,336013,2008,8,6,1.0,8.0
CK Langeveldt,392233,2009,14,24,4.0,3.5
CK Langeveldt,419106,2010,23,24,4.0,5.75
CK Langeveldt,419109,2010,27,24,4.0,6.75
CK Langeveldt,419131,2010,34,18,3.0,11.33
CK Langeveldt,501252,2011,25,24,4.0,6.25
CK Langeveldt,501255,2011,10,18,3.0,3.33
CK Langeveldt,501260,2011,45,24,4.0,11.25
CL White,335982,2008,22,6,1.0,22.0
CL White,419140,2010,18,6,1.0,18.0
CL White,548314,2012,19,12,2.0,9.5
CL White,548335,2012,6,6,1.0,6.0
CL White,598000,2013,2,6,1.0,2.0
CL White,598048,2013,14,6,1.0,14.0
CR Brathwaite,980903,2016,8,12,2.0,4.0
CR Brathwaite,980913,2016,33,24,4.0,8.25
CR Brathwaite,980921,2016,18,12,2.0,9.0
CR Brathwaite,980951,2016,39,24,4.0,9.75
CR Brathwaite,980965,2016,17,12,2.0,8.5
CR Brathwaite,980971,2016,20,12,2.0,10.0
CR Brathwaite,981003,2016,26,24,4.0,6.5
CR Brathwaite,981011,2016,18,19,3.1666666666666665,5.68
CR Brathwaite,1082595,2017,28,12,2.0,14.0
CR Brathwaite,1082640,2017,37,24,4.0,9.25
CR Brathwaite,1136614,2018,20,16,2.6666666666666665,7.5
CR Brathwaite,1136617,2018,30,18,3.0,10.0
CR Brathwaite,1136619,2018,15,12,2.0,7.5
CR Brathwaite,1136620,2018,26,15,2.5,10.4
CR Brathwaite,1178401,2019,13,6,1.0,13.0
CR Brathwaite,1178418,2019,13,12,2.0,6.5
CR Woakes,1082593,2017,35,18,3.0,11.67
CR Woakes,1082597,2017,30,24,4.0,7.5
CR Woakes,1082601,2017,28,18,3.0,9.33
CR Woakes,1082604,2017,46,24,4.0,11.5
CR Woakes,1082608,2017,31,24,4.0,7.75
CR Woakes,1082613,2017,20,12,2.0,10.0
CR Woakes,1082617,2017,5,12,2.0,2.5
CR Woakes,1082620,2017,37,18,3.0,12.33
CR Woakes,1082622,2017,20,18,3.0,6.67
CR Woakes,1082627,2017,45,24,4.0,11.25
CR Woakes,1082631,2017,18,24,4.0,4.5
CR Woakes,1082636,2017,38,24,4.0,9.5
CR Woakes,1082639,2017,19,24,4.0,4.75
CR Woakes,1136563,2018,34,24,4.0,8.5
CR Woakes,1136568,2018,33,20,3.3333333333333335,9.9
CR Woakes,1136571,2018,45,24,4.0,11.25
CR Woakes,1136574,2018,30,18,3.0,10.0
CR Woakes,1136579,2018,40,24,4.0,10.0
CR Woakes,1254059,2021,18,18,3.0,6.0
CR Woakes,1254064,2021,22,24,4.0,5.5
CR Woakes,1254068,2021,40,24,4.0,10.0
CRD Fernando,335997,2008,39,24,4.0,9.75
CRD Fernando,336012,2008,17,24,4.0,4.25
CRD Fernando,336024,2008,35,24,4.0,8.75
CRD Fernando,336028,2008,36,24,4.0,9.0
CRD Fernando,336036,2008,24,24,4.0,6.0
CRD Fernando,419152,2010,30,24,4.0,7.5
CRD Fernando,419157,2010,24,24,4.0,6.0
CRD Fernando,419161,2010,25,18,3.0,8.33
CRD Fernando,419162,2010,25,24,4.0,6.25
CRD Fernando,419165,2010,21,24,4.0,5.25
CV Varun,1175361,2019,35,18,3.0,11.67
CV Varun,1216494,2020,28,24,4.0,7.0
CV Varun,1216497,2020,19,24,4.0,4.75
CV Varun,1216501,2020,28,24,4.0,7.0
CV Varun,1216504,2020,25,24,4.0,6.25
CV Varun,1216512,2020,32,24,4.0,8.0
CV Varun,1216515,2020,49,24,4.0,12.25
CV Varun,1216520,2020,34,24,4.0,8.5
CV Varun,1216523,2020,27,24,4.0,6.75
CV Varun,1216526,2020,23,24,4.0,5.75
CV Varun,1216530,2020,20,24,4.0,5.0
CV Varun,1216536,2020,20,24,4.0,5.0
CV Varun,1216540,2020,25,24,4.0,6.25
CV Varun,1216545,2020,25,24,4.0,6.25
CV Varun,1254060,2021,36,24,4.0,9.0
CV Varun,1254062,2021,26,24,4.0,6.5
CV Varun,1254067,2021,38,24,4.0,9.5
CV Varun,1254072,2021,27,24,4.0,6.75
CV Varun,1254075,2021,32,24,4.0,8.0
CV Varun,1254078,2021,24,24,4.0,6.0
CV Varun,1254082,2021,32,24,4.0,8.0
CV Varun,1254087,2021,13,24,4.0,3.25
CV Varun,1254092,2021,23,24,4.0,5.75
CV Varun,1254096,2021,21,24,4.0,5.25
CV Varun,1254098,2021,22,24,4.0,5.5
CV Varun,1254102,2021,24,24,4.0,6.0
CV Varun,1254106,2021,14,24,4.0,3.5
CV Varun,1254109,2021,26,24,4.0,6.5
CV Varun,1254115,2021,20,24,4.0,5.0
CV Varun,1254116,2021,25,24,4.0,6.25
CV Varun,1254117,2021,37,24,4.0,9.25
CV Varun,1304047,2022,22,24,4.0,5.5
CV Varun,1304052,2022,32,24,4.0,8.0
CV Varun,1304054,2022,12,24,4.0,3.0
CV Varun,1304060,2022,32,24,4.0,8.0
CV Varun,1304065,2022,41,25,4.166666666666667,9.84
CV Varun,1304071,2022,45,18,3.0,15.0
CV Varun,1304076,2022,29,12,2.0,14.5
CV Varun,1304081,2022,24,18,3.0,8.0
CV Varun,1304102,2022,22,18,3.0,7.33
CV Varun,1304107,2022,24,24,4.0,6.0
CV Varun,1304112,2022,36,24,4.0,9.0
CV Varun,1359476,2023,25,24,4.0,6.25
CV Varun,1359483,2023,15,22,3.6666666666666665,4.09
CV Varun,1359487,2023,22,12,2.0,11.0
CV Varun,1359493,2023,40,24,4.0,10.0
CV Varun,1359496,2023,37,24,4.0,9.25
CV Varun,1359502,2023,16,24,4.0,4.0
CV Varun,1359507,2023,49,24,4.0,12.25
CV Varun,1359510,2023,27,24,4.0,6.75
CV Varun,1359513,2023,42,24,4.0,10.5
CV Varun,1359521,2023,20,24,4.0,5.0
CV Varun,1359527,2023,25,24,4.0,6.25
CV Varun,1359530,2023,27,18,3.0,9.0
CV Varun,1359535,2023,34,24,4.0,8.5
CV Varun,1359542,2023,38,24,4.0,9.5
CV Varun,1422121,2024,55,24,4.0,13.75
CV Varun,1422128,2024,20,12,2.0,10.0
CV Varun,1422134,2024,30,25,4.166666666666667,7.2
CV Varun,1426260,2024,26,24,4.0,6.5
CV Varun,1426266,2024,28,24,4.0,7.0
CV Varun,1426269,2024,35,24,4.0,8.75
CV Varun,1426274,2024,36,24,4.0,9.0
CV Varun,1426280,2024,46,18,3.0,15.33
CV Varun,1426285,2024,16,24,4.0,4.0
CV Varun,1426289,2024,22,24,4.0,5.5
CV Varun,1426292,2024,30,18,3.0,10.0
CV Varun,1426298,2024,16,24,4.0,4.0
CV Varun,1426309,2024,23,24,4.0,5.75
CV Varun,1426312,2024,9,12,2.0,4.5
CV Varun,1473438,2025,43,24,4.0,10.75
CV Varun,1473443,2025,17,24,4.0,4.25
CV Varun,1473449,2025,12,18,3.0,4.0
CV Varun,1473452,2025,20,24,4.0,5.0
CV Varun,1473456,2025,30,24,4.0,7.5
CV Varun,1473462,2025,22,24,4.0,5.5
CV Varun,1473468,2025,21,24,4.0,5.25
CV Varun,1473476,2025,33,24,4.0,8.25
CV Varun,1473481,2025,39,24,4.0,9.75
CV Varun,1473485,2025,38,24,4.0,9.5
CV Varun,1473490,2025,32,24,4.0,8.0
CV Varun,1473494,2025,17,24,4.0,4.25
CV Varun,1473505,2025,51,18,3.0,17.0
CV Varun,1527675,2026,47,24,4.0,11.75
CV Varun,1527679,2026,30,12,2.0,15.0
CV Varun,1529265,2026,26,18,3.0,8.67
CV Varun,1529268,2026,34,24,4.0,8.5
CV Varun,1529271,2026,14,24,4.0,3.5
CV Varun,1529281,2026,31,24,4.0,7.75
CV Varun,1529288,2026,35,24,4.0,8.75
CV Varun,1529294,2026,28,24,4.0,7.0
CV Varun,1529303,2026,46,24,4.0,11.5
CV Varun,1529308,2026,27,24,4.0,6.75
CV Varun,1529313,2026,33,24,4.0,8.25
D Ferreira,1529279,2026,14,6,1.0,14.0
D Ferreira,1529295,2026,11,6,1.0,11.0
D Ferreira,1529305,2026,16,6,1.0,16.0
D Jansen,1359496,2023,49,24,4.0,12.25
D Kalyankrishna,335990,2008,30,18,3.0,10.0
D Kalyankrishna,335994,2008,23,12,2.0,11.5
D Kalyankrishna,335999,2008,32,18,3.0,10.67
D Madushanka,1529274,2026,32,24,4.0,8.0
D Pretorius,1304053,2022,28,24,4.0,7.0
D Pretorius,1304057,2022,26,24,4.0,6.5
D Pretorius,1304079,2022,17,12,2.0,8.5
D Pretorius,1304084,2022,48,24,4.0,12.0
D Pretorius,1304092,2022,39,24,4.0,9.75
D Pretorius,1304095,2022,40,18,3.0,13.33
D Pretorius,1359486,2023,24,24,4.0,6.0
D Salunkhe,335984,2008,6,6,1.0,6.0
D Salunkhe,335987,2008,19,11,1.8333333333333335,10.36
D Salunkhe,335990,2008,9,6,1.0,9.0
D Salunkhe,336019,2008,23,18,3.0,7.67
D Salunkhe,336033,2008,12,6,1.0,12.0
D Wiese,829737,2015,32,24,4.0,8.0
D Wiese,829745,2015,45,24,4.0,11.25
D Wiese,829749,2015,27,24,4.0,6.75
D Wiese,829757,2015,17,20,3.3333333333333335,5.1
D Wiese,829771,2015,20,12,2.0,10.0
D Wiese,829779,2015,29,24,4.0,7.25
D Wiese,829785,2015,4,6,1.0,4.0
D Wiese,829795,2015,37,24,4.0,9.25
D Wiese,829803,2015,17,12,2.0,8.5
D Wiese,829807,2015,18,12,2.0,9.0
D Wiese,829813,2015,39,24,4.0,9.75
D Wiese,829819,2015,31,24,4.0,7.75
D Wiese,829821,2015,28,24,4.0,7.0
D Wiese,980921,2016,45,24,4.0,11.25
D Wiese,1359507,2023,38,18,3.0,12.67
D du Preez,392208,2009,29,24,4.0,7.25
D du Preez,392213,2009,24,18,3.0,8.0
DA Payne,1527674,2026,34,18,3.0,11.33
DA Payne,1527679,2026,35,12,2.0,17.5
DAJ Bracewell,548310,2012,31,24,4.0,7.75
DB Ravi Teja,336002,2008,19,12,2.0,9.5
DB Ravi Teja,501203,2011,9,6,1.0,9.0
DE Bollinger,419137,2010,12,24,4.0,3.0
DE Bollinger,419142,2010,38,24,4.0,9.5
DE Bollinger,419147,2010,29,18,3.0,9.67
DE Bollinger,419153,2010,15,24,4.0,3.75
DE Bollinger,419155,2010,22,24,4.0,5.5
DE Bollinger,419159,2010,38,24,4.0,9.5
DE Bollinger,419163,2010,13,24,4.0,3.25
DE Bollinger,419165,2010,31,24,4.0,7.75
DE Bollinger,501215,2011,18,18,3.0,6.0
DE Bollinger,501221,2011,24,24,4.0,6.0
DE Bollinger,501226,2011,19,24,4.0,4.75
DE Bollinger,501228,2011,20,24,4.0,5.0
DE Bollinger,501236,2011,26,24,4.0,6.5
DE Bollinger,501240,2011,26,24,4.0,6.5
DE Bollinger,501245,2011,6,6,1.0,6.0
DE Bollinger,501249,2011,20,24,4.0,5.0
DE Bollinger,501253,2011,38,24,4.0,9.5
DE Bollinger,501261,2011,35,24,4.0,8.75
DE Bollinger,501266,2011,33,24,4.0,8.25
DE Bollinger,501268,2011,19,24,4.0,4.75
DE Bollinger,501271,2011,27,18,3.0,9.0
DE Bollinger,548306,2012,33,23,3.8333333333333335,8.61
DE Bollinger,548311,2012,18,13,2.1666666666666665,8.31
DE Bollinger,548316,2012,18,12,2.0,9.0
DE Bollinger,548318,2012,23,18,3.0,7.67
DE Bollinger,548330,2012,30,18,3.0,10.0
DE Bollinger,548332,2012,30,24,4.0,7.5
DG Nalkande,1304062,2022,36,18,3.0,12.0
DG Nalkande,1304067,2022,21,13,2.1666666666666665,9.69
DG Nalkande,1370350,2023,43,24,4.0,10.75
DG Nalkande,1422130,2024,17,12,2.0,8.5
DG Nalkande,1422139,2024,21,12,2.0,10.5
DJ Bravo,335989,2008,35,18,3.0,11.67
DJ Bravo,335991,2008,27,18,3.0,9.0
DJ Bravo,335994,2008,29,13,2.1666666666666665,13.38
DJ Bravo,335997,2008,24,24,4.0,6.0
DJ Bravo,336004,2008,27,18,3.0,9.0
DJ Bravo,336008,2008,8,14,2.3333333333333335,3.43
DJ Bravo,336018,2008,37,24,4.0,9.25
DJ Bravo,336021,2008,12,18,3.0,4.0
DJ Bravo,336024,2008,23,24,4.0,5.75
DJ Bravo,392181,2009,26,24,4.0,6.5
DJ Bravo,392192,2009,33,24,4.0,8.25
DJ Bravo,392197,2009,30,18,3.0,10.0
DJ Bravo,392200,2009,22,18,3.0,7.33
DJ Bravo,392208,2009,31,18,3.0,10.33
DJ Bravo,392212,2009,16,18,3.0,5.33
DJ Bravo,392215,2009,2,6,1.0,2.0
DJ Bravo,392218,2009,26,24,4.0,6.5
DJ Bravo,392222,2009,15,12,2.0,7.5
DJ Bravo,392225,2009,28,18,3.0,9.33
DJ Bravo,392227,2009,17,19,3.1666666666666665,5.37
DJ Bravo,419114,2010,11,12,2.0,5.5
DJ Bravo,419119,2010,35,19,3.1666666666666665,11.05
DJ Bravo,419122,2010,34,24,4.0,8.5
DJ Bravo,419125,2010,42,24,4.0,10.5
DJ Bravo,419130,2010,16,12,2.0,8.0
DJ Bravo,419132,2010,22,18,3.0,7.33
DJ Bravo,419138,2010,12,12,2.0,6.0
DJ Bravo,419142,2010,20,12,2.0,10.0
DJ Bravo,419152,2010,25,12,2.0,12.5
DJ Bravo,419161,2010,6,12,2.0,3.0
DJ Bravo,501249,2011,35,24,4.0,8.75
DJ Bravo,501253,2011,19,18,3.0,6.33
DJ Bravo,501261,2011,34,24,4.0,8.5
DJ Bravo,501266,2011,20,24,4.0,5.0
DJ Bravo,501268,2011,25,18,3.0,8.33
DJ Bravo,501271,2011,15,12,2.0,7.5
DJ Bravo,548306,2012,13,18,3.0,4.33
DJ Bravo,548311,2012,10,6,1.0,10.0
DJ Bravo,548316,2012,5,6,1.0,5.0
DJ Bravo,548318,2012,29,24,4.0,7.25
DJ Bravo,548322,2012,30,18,3.0,10.0
DJ Bravo,548330,2012,27,24,4.0,6.75
DJ Bravo,548332,2012,32,18,3.0,10.67
DJ Bravo,548343,2012,27,24,4.0,6.75
DJ Bravo,548347,2012,27,24,4.0,6.75
DJ Bravo,548352,2012,34,24,4.0,8.5
DJ Bravo,548355,2012,37,24,4.0,9.25
DJ Bravo,548361,2012,36,18,3.0,12.0
DJ Bravo,548364,2012,20,24,4.0,5.0
DJ Bravo,548368,2012,21,18,3.0,7.0
DJ Bravo,548371,2012,18,18,3.0,6.0
DJ Bravo,548379,2012,10,18,3.0,3.33
DJ Bravo,548380,2012,20,18,3.0,6.67
DJ Bravo,548381,2012,46,22,3.6666666666666665,12.55
DJ Bravo,598002,2013,42,24,4.0,10.5
DJ Bravo,598007,2013,25,24,4.0,6.25
DJ Bravo,598012,2013,28,24,4.0,7.0
DJ Bravo,598015,2013,34,24,4.0,8.5
DJ Bravo,598020,2013,8,9,1.5,5.33
DJ Bravo,598022,2013,14,12,2.0,7.0
DJ Bravo,598026,2013,34,24,4.0,8.5
DJ Bravo,598030,2013,37,24,4.0,9.25
DJ Bravo,598034,2013,34,24,4.0,8.5
DJ Bravo,598038,2013,17,24,4.0,4.25
DJ Bravo,598041,2013,34,24,4.0,8.5
DJ Bravo,598046,2013,18,18,3.0,6.0
DJ Bravo,598051,2013,25,24,4.0,6.25
DJ Bravo,598058,2013,35,18,3.0,11.67
DJ Bravo,598062,2013,19,24,4.0,4.75
DJ Bravo,598068,2013,26,12,2.0,13.0
DJ Bravo,598070,2013,9,18,3.0,3.0
DJ Bravo,598073,2013,41,24,4.0,10.25
DJ Bravo,829707,2015,34,24,4.0,8.5
DJ Bravo,829711,2015,23,24,4.0,5.75
DJ Bravo,829723,2015,27,12,2.0,13.5
DJ Bravo,829729,2015,30,24,4.0,7.5
DJ Bravo,829735,2015,30,14,2.3333333333333335,12.86
DJ Bravo,829745,2015,25,18,3.0,8.33
DJ Bravo,829753,2015,13,18,3.0,4.33
DJ Bravo,829765,2015,22,18,3.0,7.33
DJ Bravo,829773,2015,25,24,4.0,6.25
DJ Bravo,829779,2015,17,22,3.6666666666666665,4.64
DJ Bravo,829789,2015,16,14,2.3333333333333335,6.86
DJ Bravo,829797,2015,36,24,4.0,9.0
DJ Bravo,829809,2015,20,12,2.0,10.0
DJ Bravo,829817,2015,37,24,4.0,9.25
DJ Bravo,829821,2015,19,18,3.0,6.33
DJ Bravo,829823,2015,36,24,4.0,9.0
DJ Bravo,980905,2016,21,24,4.0,5.25
DJ Bravo,980911,2016,43,24,4.0,10.75
DJ Bravo,980917,2016,38,24,4.0,9.5
DJ Bravo,980929,2016,26,18,3.0,8.67
DJ Bravo,980937,2016,41,24,4.0,10.25
DJ Bravo,980945,2016,39,24,4.0,9.75
DJ Bravo,980949,2016,39,24,4.0,9.75
DJ Bravo,980955,2016,33,24,4.0,8.25
DJ Bravo,980967,2016,14,18,3.0,4.67
DJ Bravo,980975,2016,37,24,4.0,9.25
DJ Bravo,980987,2016,41,18,3.0,13.67
DJ Bravo,981001,2016,28,24,4.0,7.0
DJ Bravo,981007,2016,20,24,4.0,5.0
DJ Bravo,981013,2016,25,18,3.0,8.33
DJ Bravo,981017,2016,32,24,4.0,8.0
DJ Bravo,1136561,2018,25,24,4.0,6.25
DJ Bravo,1136565,2018,50,18,3.0,16.67
DJ Bravo,1136572,2018,37,24,4.0,9.25
DJ Bravo,1136577,2018,14,12,2.0,7.0
DJ Bravo,1136580,2018,37,18,3.0,12.33
DJ Bravo,1136584,2018,32,24,4.0,8.0
DJ Bravo,1136587,2018,20,18,3.0,6.67
DJ Bravo,1136590,2018,42,18,3.0,14.0
DJ Bravo,1136593,2018,20,10,1.6666666666666665,12.0
DJ Bravo,1136595,2018,17,12,2.0,8.5
DJ Bravo,1136603,2018,31,23,3.8333333333333335,8.09
DJ Bravo,1136606,2018,37,24,4.0,9.25
DJ Bravo,1136612,2018,50,24,4.0,12.5
DJ Bravo,1136616,2018,39,24,4.0,9.75
DJ Bravo,1136617,2018,21,24,4.0,5.25
DJ Bravo,1136620,2018,44,24,4.0,11.0
DJ Bravo,1175360,2019,31,24,4.0,7.75
DJ Bravo,1175367,2019,30,24,4.0,7.5
DJ Bravo,1175370,2019,41,24,4.0,10.25
DJ Bravo,1178414,2019,34,24,4.0,8.5
DJ Bravo,1178416,2019,33,24,4.0,8.25
DJ Bravo,1178419,2019,33,24,4.0,8.25
DJ Bravo,1178425,2019,18,18,3.0,6.0
DJ Bravo,1178430,2019,23,24,4.0,5.75
DJ Bravo,1181764,2019,25,18,3.0,8.33
DJ Bravo,1181767,2019,16,24,4.0,4.0
DJ Bravo,1181768,2019,23,18,3.0,7.67
DJ Bravo,1216501,2020,35,24,4.0,8.75
DJ Bravo,1216509,2020,22,18,3.0,7.33
DJ Bravo,1216513,2020,36,24,4.0,9.0
DJ Bravo,1216516,2020,26,24,4.0,6.5
DJ Bravo,1216525,2020,27,18,3.0,9.0
DJ Bravo,1216528,2020,25,18,3.0,8.33
DJ Bravo,1254059,2021,27,24,4.0,6.75
DJ Bravo,1254065,2021,10,12,2.0,5.0
DJ Bravo,1254069,2021,23,18,3.0,7.67
DJ Bravo,1254076,2021,19,12,2.0,9.5
DJ Bravo,1254091,2021,14,24,4.0,3.5
DJ Bravo,1254094,2021,30,12,2.0,15.0
DJ Bravo,1254104,2021,23,24,4.0,5.75
DJ Bravo,1254110,2021,16,10,1.6666666666666665,9.6
DJ Bravo,1254113,2021,23,24,4.0,5.75
DJ Bravo,1254114,2021,29,18,3.0,9.67
DJ Bravo,1254117,2021,29,24,4.0,7.25
DJ Bravo,1304047,2022,20,24,4.0,5.0
DJ Bravo,1304053,2022,32,24,4.0,8.0
DJ Bravo,1304057,2022,30,18,3.0,10.0
DJ Bravo,1304063,2022,26,16,2.6666666666666665,9.75
DJ Bravo,1304068,2022,34,24,4.0,8.5
DJ Bravo,1304075,2022,23,24,4.0,5.75
DJ Bravo,1304079,2022,34,24,4.0,8.5
DJ Bravo,1304084,2022,38,24,4.0,9.5
DJ Bravo,1304101,2022,23,16,2.6666666666666665,8.62
DJ Bravo,1304105,2022,15,12,2.0,7.5
DJ Harris,548311,2012,11,6,1.0,11.0
DJ Harris,548359,2012,15,12,2.0,7.5
DJ Hooda,829715,2015,17,24,4.0,4.25
DJ Hooda,829721,2015,3,6,1.0,3.0
DJ Hooda,829727,2015,10,12,2.0,5.0
DJ Hooda,829735,2015,20,12,2.0,10.0
DJ Hooda,829741,2015,35,18,3.0,11.67
DJ Hooda,829787,2015,33,18,3.0,11.0
DJ Hooda,980929,2016,22,18,3.0,7.33
DJ Hooda,980935,2016,27,24,4.0,6.75
DJ Hooda,980983,2016,5,6,1.0,5.0
DJ Hooda,981003,2016,16,12,2.0,8.0
DJ Hooda,981009,2016,16,12,2.0,8.0
DJ Hooda,981015,2016,8,6,1.0,8.0
DJ Hooda,1082591,2017,7,6,1.0,7.0
DJ Hooda,1082600,2017,18,12,2.0,9.0
DJ Hooda,1082623,2017,17,6,1.0,17.0
DJ Hooda,1136576,2018,15,12,2.0,7.5
DJ Hooda,1136580,2018,8,6,1.0,8.0
DJ Hooda,1178405,2019,8,6,1.0,8.0
DJ Hooda,1181766,2019,12,6,1.0,12.0
DJ Hooda,1216517,2020,9,6,1.0,9.0
DJ Hooda,1254068,2021,18,12,2.0,9.0
DJ Hooda,1254071,2021,22,24,4.0,5.5
DJ Hooda,1254074,2021,15,18,3.0,5.0
DJ Hooda,1254078,2021,20,12,2.0,10.0
DJ Hooda,1254083,2021,13,6,1.0,13.0
DJ Hooda,1254086,2021,11,12,2.0,5.5
DJ Hooda,1254111,2021,37,12,2.0,18.5
DJ Hooda,1304050,2022,31,18,3.0,10.33
DJ Hooda,1304053,2022,12,6,1.0,12.0
DJ Hooda,1359484,2023,8,6,1.0,8.0
DJ Hooda,1426286,2024,13,12,2.0,6.5
DJ Hooda,1426302,2024,8,6,1.0,8.0
DJ Hooda,1473504,2025,14,6,1.0,14.0
DJ Hussey,335986,2008,34,18,3.0,11.33
DJ Hussey,335993,2008,10,6,1.0,10.0
DJ Hussey,336000,2008,26,12,2.0,13.0
DJ Hussey,336003,2008,23,18,3.0,7.67
DJ Hussey,336035,2008,36,24,4.0,9.0
DJ Hussey,392221,2009,10,6,1.0,10.0
DJ Hussey,392228,2009,6,6,1.0,6.0
DJ Hussey,392231,2009,17,12,2.0,8.5
DJ Hussey,419127,2010,7,6,1.0,7.0
DJ Hussey,419131,2010,24,24,4.0,6.0
DJ Hussey,419139,2010,13,6,1.0,13.0
DJ Hussey,419153,2010,22,12,2.0,11.0
DJ Hussey,419161,2010,14,12,2.0,7.0
DJ Hussey,501223,2011,19,6,1.0,19.0
DJ Hussey,501234,2011,19,12,2.0,9.5
DJ Hussey,548334,2012,12,6,1.0,12.0
DJ Hussey,548343,2012,3,6,1.0,3.0
DJ Hussey,548350,2012,9,12,2.0,4.5
DJ Hussey,548359,2012,2,6,1.0,2.0
DJ Hussey,548366,2012,13,6,1.0,13.0
DJ Hussey,548371,2012,23,18,3.0,7.67
DJ Hussey,598016,2013,14,6,1.0,14.0
DJ Hussey,598037,2013,31,12,2.0,15.5
DJ Hussey,598041,2013,30,24,4.0,7.5
DJ Hussey,598059,2013,14,24,4.0,3.5
DJ Hussey,734013,2014,36,17,2.8333333333333335,12.71
DJ Mitchell,1304085,2022,6,6,1.0,6.0
DJ Mitchell,1304090,2022,20,6,1.0,20.0
DJ Mitchell,1422125,2024,17,12,2.0,8.5
DJ Mitchell,1426297,2024,51,24,4.0,12.75
DJ Muthuswami,829707,2015,18,18,3.0,6.0
DJ Muthuswami,829725,2015,24,18,3.0,8.0
DJ Muthuswami,829731,2015,20,12,2.0,10.0
DJ Muthuswami,829739,2015,18,18,3.0,6.0
DJ Muthuswami,829747,2015,7,12,2.0,3.5
DJ Muthuswami,829757,2015,14,6,1.0,14.0
DJ Thornely,336004,2008,15,12,2.0,7.5
DJ Thornely,336018,2008,9,6,1.0,9.0
DJ Thornely,336021,2008,6,18,3.0,2.0
DJ Thornely,336024,2008,8,6,1.0,8.0
DJ Willey,1136595,2018,24,24,4.0,6.0
DJ Willey,1136603,2018,46,24,4.0,11.5
DJ Willey,1136606,2018,24,12,2.0,12.0
DJ Willey,1304049,2022,28,18,3.0,9.33
DJ Willey,1304052,2022,7,12,2.0,3.5
DJ Willey,1304059,2022,29,24,4.0,7.25
DJ Willey,1304064,2022,8,12,2.0,4.0
DJ Willey,1359483,2023,15,24,4.0,3.75
DJ Willey,1359489,2023,31,24,4.0,7.75
DJ Willey,1359506,2023,25,24,4.0,6.25
DJ Willey,1359510,2023,30,18,3.0,10.0
DJG Sammy,598030,2013,30,18,3.0,10.0
DJG Sammy,598032,2013,17,18,3.0,5.67
DJG Sammy,598044,2013,10,18,3.0,3.33
DJG Sammy,598051,2013,29,12,2.0,14.5
DJG Sammy,598056,2013,22,24,4.0,5.5
DJG Sammy,598060,2013,13,12,2.0,6.5
DJG Sammy,598065,2013,4,6,1.0,4.0
DJG Sammy,598069,2013,9,6,1.0,9.0
DJG Sammy,598071,2013,27,20,3.3333333333333335,8.1
DJG Sammy,729285,2014,18,12,2.0,9.0
DJG Sammy,729295,2014,21,12,2.0,10.5
DJG Sammy,729301,2014,34,18,3.0,11.33
DJG Sammy,729317,2014,20,12,2.0,10.0
DJG Sammy,733977,2014,25,12,2.0,12.5
DJG Sammy,734015,2014,7,6,1.0,7.0
DJG Sammy,734021,2014,18,6,1.0,18.0
DJG Sammy,734029,2014,10,6,1.0,10.0
DJG Sammy,829713,2015,7,6,1.0,7.0
DJG Sammy,829719,2015,18,12,2.0,9.0
DJM Short,1136564,2018,9,12,2.0,4.5
DJM Short,1136571,2018,10,6,1.0,10.0
DL Chahar,980997,2016,13,12,2.0,6.5
DL Chahar,981005,2016,25,18,3.0,8.33
DL Chahar,1082592,2017,21,12,2.0,10.5
DL Chahar,1082599,2017,33,18,3.0,11.0
DL Chahar,1082624,2017,18,12,2.0,9.0
DL Chahar,1136561,2018,14,18,3.0,4.67
DL Chahar,1136565,2018,17,6,1.0,17.0
DL Chahar,1136572,2018,36,18,3.0,12.0
DL Chahar,1136577,2018,26,24,4.0,6.5
DL Chahar,1136580,2018,15,24,4.0,3.75
DL Chahar,1136584,2018,20,12,2.0,10.0
DL Chahar,1136587,2018,18,13,2.1666666666666665,8.31
DL Chahar,1136606,2018,13,24,4.0,3.25
DL Chahar,1136612,2018,21,18,3.0,7.0
DL Chahar,1136616,2018,27,24,4.0,6.75
DL Chahar,1136617,2018,29,24,4.0,7.25
DL Chahar,1136620,2018,22,24,4.0,5.5
DL Chahar,1175356,2019,16,24,4.0,4.0
DL Chahar,1175360,2019,19,24,4.0,4.75
DL Chahar,1175367,2019,18,24,4.0,4.5
DL Chahar,1175370,2019,21,18,3.0,7.0
DL Chahar,1178393,2019,31,24,4.0,7.75
DL Chahar,1178398,2019,19,24,4.0,4.75
DL Chahar,1178400,2019,33,24,4.0,8.25
DL Chahar,1178404,2019,36,24,4.0,9.0
DL Chahar,1178408,2019,31,18,3.0,10.33
DL Chahar,1178414,2019,24,24,4.0,6.0
DL Chahar,1178416,2019,28,24,4.0,7.0
DL Chahar,1178419,2019,45,24,4.0,11.25
DL Chahar,1178425,2019,32,18,3.0,10.67
DL Chahar,1178430,2019,28,24,4.0,7.0
DL Chahar,1181764,2019,30,21,3.5,8.57
DL Chahar,1181767,2019,27,24,4.0,6.75
DL Chahar,1181768,2019,25,24,4.0,6.25
DL Chahar,1216492,2020,31,24,4.0,7.75
DL Chahar,1216496,2020,31,24,4.0,7.75
DL Chahar,1216501,2020,45,24,4.0,11.25
DL Chahar,1216506,2020,30,18,3.0,10.0
DL Chahar,1216509,2020,18,24,4.0,4.5
DL Chahar,1216513,2020,17,18,3.0,5.67
DL Chahar,1216516,2020,29,24,4.0,7.25
DL Chahar,1216521,2020,34,24,4.0,8.5
DL Chahar,1216525,2020,9,18,3.0,3.0
DL Chahar,1216528,2020,26,24,4.0,6.5
DL Chahar,1216533,2020,18,24,4.0,4.5
DL Chahar,1216536,2020,31,18,3.0,10.33
DL Chahar,1216539,2020,37,24,4.0,9.25
DL Chahar,1216544,2020,31,24,4.0,7.75
DL Chahar,1254059,2021,36,24,4.0,9.0
DL Chahar,1254065,2021,12,24,4.0,3.0
DL Chahar,1254069,2021,31,18,3.0,10.33
DL Chahar,1254072,2021,29,24,4.0,7.25
DL Chahar,1254076,2021,23,12,2.0,11.5
DL Chahar,1254080,2021,20,18,3.0,6.67
DL Chahar,1254084,2021,35,24,4.0,8.75
DL Chahar,1254091,2021,32,24,4.0,8.0
DL Chahar,1254094,2021,45,24,4.0,11.25
DL Chahar,1254098,2021,31,24,4.0,7.75
DL Chahar,1254104,2021,19,24,4.0,4.75
DL Chahar,1254110,2021,32,18,3.0,10.67
DL Chahar,1254113,2021,35,24,4.0,8.75
DL Chahar,1254114,2021,25,18,3.0,8.33
DL Chahar,1254117,2021,31,24,4.0,7.75
DL Chahar,1359475,2023,29,24,4.0,7.25
DL Chahar,1359480,2023,50,24,4.0,12.5
DL Chahar,1359486,2023,10,6,1.0,10.0
DL Chahar,1359519,2023,41,24,4.0,10.25
DL Chahar,1359523,2023,18,18,3.0,6.0
DL Chahar,1359529,2023,27,18,3.0,9.0
DL Chahar,1359535,2023,25,18,3.0,8.33
DL Chahar,1359541,2023,22,24,4.0,5.5
DL Chahar,1370350,2023,26,24,4.0,6.5
DL Chahar,1370353,2023,38,24,4.0,9.5
DL Chahar,1422119,2024,35,24,4.0,8.75
DL Chahar,1422125,2024,25,24,4.0,6.25
DL Chahar,1422131,2024,42,24,4.0,10.5
DL Chahar,1422136,2024,32,19,3.1666666666666665,10.11
DL Chahar,1426272,2024,26,18,3.0,8.67
DL Chahar,1426277,2024,11,12,2.0,5.5
DL Chahar,1426284,2024,22,18,3.0,7.33
DL Chahar,1473440,2025,18,12,2.0,9.0
DL Chahar,1473446,2025,37,24,4.0,9.25
DL Chahar,1473449,2025,18,12,2.0,9.0
DL Chahar,1473453,2025,22,12,2.0,11.0
DL Chahar,1473458,2025,28,12,2.0,14.0
DL Chahar,1473466,2025,24,18,3.0,8.0
DL Chahar,1473470,2025,45,24,4.0,11.25
DL Chahar,1473475,2025,30,24,4.0,7.5
DL Chahar,1473478,2025,11,24,4.0,2.75
DL Chahar,1473482,2025,36,18,3.0,12.0
DL Chahar,1473487,2025,6,12,2.0,3.0
DL Chahar,1473493,2025,29,18,3.0,9.67
DL Chahar,1473501,2025,22,18,3.0,7.33
DL Chahar,1473506,2025,27,18,3.0,9.0
DL Chahar,1527681,2026,20,18,3.0,6.67
DL Chahar,1527686,2026,22,6,1.0,22.0
DL Chahar,1529267,2026,42,15,2.5,16.8
DL Chahar,1529290,2026,41,24,4.0,10.25
DL Chahar,1529297,2026,31,24,4.0,7.75
DL Chahar,1529301,2026,36,24,4.0,9.0
DL Chahar,1529308,2026,21,18,3.0,7.0
DL Chahar,1529312,2026,43,24,4.0,10.75
DL Vettori,335984,2008,35,24,4.0,8.75
DL Vettori,335998,2008,19,24,4.0,4.75
DL Vettori,392183,2009,15,18,3.0,5.0
DL Vettori,392189,2009,29,24,4.0,7.25
DL Vettori,392194,2009,35,24,4.0,8.75
DL Vettori,392198,2009,32,12,2.0,16.0
DL Vettori,392201,2009,21,18,3.0,7.0
DL Vettori,392226,2009,15,19,3.1666666666666665,4.74
DL Vettori,392232,2009,32,24,4.0,8.0
DL Vettori,419140,2010,40,24,4.0,10.0
DL Vettori,419144,2010,29,24,4.0,7.25
DL Vettori,419149,2010,26,22,3.6666666666666665,7.09
DL Vettori,501200,2011,17,24,4.0,4.25
DL Vettori,501205,2011,18,24,4.0,4.5
DL Vettori,501208,2011,29,24,4.0,7.25
DL Vettori,501211,2011,23,24,4.0,5.75
DL Vettori,501222,2011,27,24,4.0,6.75
DL Vettori,501227,2011,24,24,4.0,6.0
DL Vettori,501232,2011,23,24,4.0,5.75
DL Vettori,501244,2011,14,24,4.0,3.5
DL Vettori,501247,2011,24,24,4.0,6.0
DL Vettori,501266,2011,15,24,4.0,3.75
DL Vettori,501268,2011,42,22,3.6666666666666665,11.45
DL Vettori,501270,2011,19,24,4.0,4.75
DL Vettori,501271,2011,34,24,4.0,8.5
DL Vettori,548310,2012,27,24,4.0,6.75
DL Vettori,548315,2012,22,18,3.0,7.33
DL Vettori,548318,2012,30,24,4.0,7.5
DL Vettori,548324,2012,20,24,4.0,5.0
DL Vettori,548327,2012,34,24,4.0,8.5
DL Vettori,548331,2012,23,24,4.0,5.75
DL Vettori,548336,2012,20,24,4.0,5.0
DL Vettori,548344,2012,29,24,4.0,7.25
DL Vettori,548350,2012,29,24,4.0,7.25
DNT Zoysa,335994,2008,27,24,4.0,6.75
DNT Zoysa,335999,2008,32,24,4.0,8.0
DNT Zoysa,336024,2008,34,18,3.0,11.33
DP Nannes,392183,2009,21,18,3.0,7.0
DP Nannes,392189,2009,32,24,4.0,8.0
DP Nannes,392194,2009,23,24,4.0,5.75
DP Nannes,392198,2009,21,21,3.5,6.0
DP Nannes,392201,2009,16,24,4.0,4.0
DP Nannes,392206,2009,25,24,4.0,6.25
DP Nannes,392211,2009,48,24,4.0,12.0
DP Nannes,392215,2009,31,24,4.0,7.75
DP Nannes,392219,2009,13,24,4.0,3.25
DP Nannes,392223,2009,30,24,4.0,7.5
DP Nannes,392230,2009,30,24,4.0,7.5
DP Nannes,392235,2009,23,24,4.0,5.75
DP Nannes,392237,2009,36,18,3.0,12.0
DP Nannes,419108,2010,10,24,4.0,2.5
DP Nannes,419111,2010,26,24,4.0,6.5
DP Nannes,419114,2010,31,24,4.0,7.75
DP Nannes,419116,2010,15,24,4.0,3.75
DP Nannes,419120,2010,39,24,4.0,9.75
DP Nannes,419128,2010,31,24,4.0,7.75
DP Nannes,419131,2010,14,19,3.1666666666666665,4.42
DP Nannes,419155,2010,20,19,3.1666666666666665,6.32
DP Nannes,419160,2010,22,24,4.0,5.5
DP Nannes,501200,2011,30,18,3.0,10.0
DP Nannes,501205,2011,0,6,1.0,0.0
DP Nannes,598002,2013,18,24,4.0,4.5
DP Nannes,598007,2013,17,23,3.8333333333333335,4.43
DP Nannes,598012,2013,28,24,4.0,7.0
DP Nannes,598015,2013,41,24,4.0,10.25
DP Nannes,598034,2013,41,24,4.0,10.25
DP Vijaykumar,336002,2008,29,24,4.0,7.25
DP Vijaykumar,336007,2008,17,18,3.0,5.67
DP Vijaykumar,336011,2008,10,6,1.0,10.0
DP Vijaykumar,336014,2008,19,18,3.0,6.33
DP Vijaykumar,336020,2008,24,24,4.0,6.0
DP Vijaykumar,336024,2008,18,12,2.0,9.0
DP Vijaykumar,336031,2008,24,12,2.0,12.0
DP Vijaykumar,336034,2008,18,18,3.0,6.0
DP Vijaykumar,336037,2008,31,20,3.3333333333333335,9.3
DR Sams,1216505,2020,37,24,4.0,9.25
DR Sams,1216546,2020,28,24,4.0,7.0
DR Sams,1237177,2020,44,24,4.0,11.0
DR Sams,1254079,2021,15,12,2.0,7.5
DR Sams,1254083,2021,22,24,4.0,5.5
DR Sams,1304048,2022,55,24,4.0,13.75
DR Sams,1304055,2022,30,24,4.0,7.5
DR Sams,1304060,2022,47,18,3.0,15.67
DR Sams,1304079,2022,29,24,4.0,7.25
DR Sams,1304083,2022,35,24,4.0,8.75
DR Sams,1304090,2022,26,24,4.0,6.5
DR Sams,1304097,2022,18,18,3.0,6.0
DR Sams,1304102,2022,23,24,4.0,5.75
DR Sams,1304105,2022,10,24,4.0,2.5
DR Sams,1304111,2022,39,24,4.0,9.75
DR Sams,1304115,2022,29,24,4.0,7.25
DR Smith,336012,2008,21,24,4.0,5.25
DR Smith,336028,2008,18,12,2.0,9.0
DR Smith,336032,2008,21,18,3.0,7.0
DR Smith,336036,2008,16,12,2.0,8.0
DR Smith,392192,2009,15,12,2.0,7.5
DR Smith,392196,2009,17,6,1.0,17.0
DR Smith,392201,2009,8,6,1.0,8.0
DR Smith,392205,2009,21,12,2.0,10.5
DR Smith,392209,2009,19,12,2.0,9.5
DR Smith,392212,2009,13,6,1.0,13.0
DR Smith,392220,2009,4,6,1.0,4.0
DR Smith,392223,2009,25,24,4.0,6.25
DR Smith,419141,2010,22,17,2.8333333333333335,7.76
DR Smith,419147,2010,14,6,1.0,14.0
DR Smith,548355,2012,26,12,2.0,13.0
DR Smith,548363,2012,30,24,4.0,7.5
DR Smith,548367,2012,10,12,2.0,5.0
DR Smith,548370,2012,8,12,2.0,4.0
DR Smith,548377,2012,13,12,2.0,6.5
DR Smith,548379,2012,6,6,1.0,6.0
DR Smith,598024,2013,23,12,2.0,11.5
DR Smith,598033,2013,18,12,2.0,9.0
DR Smith,598039,2013,15,6,1.0,15.0
DR Smith,729283,2014,25,12,2.0,12.5
DR Smith,729293,2014,13,12,2.0,6.5
DR Smith,729311,2014,11,12,2.0,5.5
DR Smith,733981,2014,9,6,1.0,9.0
DR Smith,733987,2014,35,18,3.0,11.67
DR Smith,829823,2015,17,12,2.0,8.5
DR Smith,980945,2016,26,12,2.0,13.0
DR Smith,980961,2016,12,12,2.0,6.0
DR Smith,980975,2016,13,12,2.0,6.5
DR Smith,980987,2016,13,6,1.0,13.0
DR Smith,981001,2016,7,24,4.0,1.75
DR Smith,981007,2016,30,24,4.0,7.5
DR Smith,981013,2016,14,6,1.0,14.0
DR Smith,981017,2016,29,12,2.0,14.5
DR Smith,1082593,2017,23,6,1.0,23.0
DR Smith,1082603,2017,10,12,2.0,5.0
DR Smith,1082606,2017,11,6,1.0,11.0
DR Smith,1082610,2017,16,6,1.0,16.0
DR Smith,1082613,2017,13,12,2.0,6.5
DR Smith,1082616,2017,18,6,1.0,18.0
DR Smith,1082629,2017,25,18,3.0,8.33
DR Smith,1082632,2017,11,6,1.0,11.0
DR Smith,1082640,2017,17,6,1.0,17.0
DS Kulkarni,335985,2008,17,16,2.6666666666666665,6.38
DS Kulkarni,335989,2008,23,18,3.0,7.67
DS Kulkarni,335991,2008,35,24,4.0,8.75
DS Kulkarni,335994,2008,8,6,1.0,8.0
DS Kulkarni,335997,2008,12,18,3.0,4.0
DS Kulkarni,336004,2008,16,17,2.8333333333333335,5.65
DS Kulkarni,336008,2008,21,18,3.0,7.0
DS Kulkarni,336012,2008,25,18,3.0,8.33
DS Kulkarni,336018,2008,27,24,4.0,6.75
DS Kulkarni,336032,2008,26,18,3.0,8.67
DS Kulkarni,392192,2009,18,6,1.0,18.0
DS Kulkarni,392212,2009,19,24,4.0,4.75
DS Kulkarni,392215,2009,9,18,3.0,3.0
DS Kulkarni,392218,2009,24,24,4.0,6.0
DS Kulkarni,392222,2009,24,18,3.0,8.0
DS Kulkarni,392225,2009,28,24,4.0,7.0
DS Kulkarni,392227,2009,40,24,4.0,10.0
DS Kulkarni,392235,2009,36,18,3.0,12.0
DS Kulkarni,419150,2010,35,24,4.0,8.75
DS Kulkarni,501241,2011,19,24,4.0,4.75
DS Kulkarni,501246,2011,26,24,4.0,6.5
DS Kulkarni,501251,2011,24,12,2.0,12.0
DS Kulkarni,501256,2011,23,24,4.0,5.75
DS Kulkarni,501263,2011,19,12,2.0,9.5
DS Kulkarni,501269,2011,30,24,4.0,7.5
DS Kulkarni,548377,2012,15,24,4.0,3.75
DS Kulkarni,548379,2012,44,24,4.0,11.0
DS Kulkarni,598033,2013,14,24,4.0,3.5
DS Kulkarni,598037,2013,40,24,4.0,10.0
DS Kulkarni,598039,2013,12,12,2.0,6.0
DS Kulkarni,598060,2013,41,24,4.0,10.25
DS Kulkarni,598063,2013,21,24,4.0,5.25
DS Kulkarni,729285,2014,22,24,4.0,5.5
DS Kulkarni,729291,2014,49,24,4.0,12.25
DS Kulkarni,729297,2014,14,18,3.0,4.67
DS Kulkarni,733975,2014,18,18,3.0,6.0
DS Kulkarni,733989,2014,19,12,2.0,9.5
DS Kulkarni,734011,2014,22,24,4.0,5.5
DS Kulkarni,734017,2014,26,24,4.0,6.5
DS Kulkarni,734041,2014,40,18,3.0,13.33
DS Kulkarni,829709,2015,20,18,3.0,6.67
DS Kulkarni,829715,2015,18,6,1.0,18.0
DS Kulkarni,829721,2015,14,18,3.0,4.67
DS Kulkarni,829727,2015,8,18,3.0,2.67
DS Kulkarni,829749,2015,26,24,4.0,6.5
DS Kulkarni,829763,2015,34,24,4.0,8.5
DS Kulkarni,829769,2015,24,18,3.0,8.0
DS Kulkarni,829777,2015,40,24,4.0,10.0
DS Kulkarni,829787,2015,18,12,2.0,9.0
DS Kulkarni,829811,2015,31,24,4.0,7.75
DS Kulkarni,829819,2015,28,24,4.0,7.0
DS Kulkarni,980917,2016,19,24,4.0,4.75
DS Kulkarni,980929,2016,9,6,1.0,9.0
DS Kulkarni,980937,2016,39,24,4.0,9.75
DS Kulkarni,980945,2016,19,24,4.0,4.75
DS Kulkarni,980949,2016,24,18,3.0,8.0
DS Kulkarni,980955,2016,28,24,4.0,7.0
DS Kulkarni,980961,2016,24,12,2.0,12.0
DS Kulkarni,980967,2016,17,24,4.0,4.25
DS Kulkarni,980975,2016,29,24,4.0,7.25
DS Kulkarni,980987,2016,33,18,3.0,11.0
DS Kulkarni,981001,2016,33,24,4.0,8.25
DS Kulkarni,981007,2016,41,24,4.0,10.25
DS Kulkarni,981013,2016,14,24,4.0,3.5
DS Kulkarni,981017,2016,32,24,4.0,8.0
DS Kulkarni,1082593,2017,40,17,2.8333333333333335,14.12
DS Kulkarni,1082596,2017,17,12,2.0,8.5
DS Kulkarni,1082610,2017,36,24,4.0,9.0
DS Kulkarni,1082613,2017,23,12,2.0,11.5
DS Kulkarni,1082637,2017,22,24,4.0,5.5
DS Kulkarni,1082640,2017,30,24,4.0,7.5
DS Kulkarni,1136564,2018,17,17,2.8333333333333335,6.0
DS Kulkarni,1136566,2018,3,6,1.0,3.0
DS Kulkarni,1136571,2018,14,6,1.0,14.0
DS Kulkarni,1136575,2018,20,12,2.0,10.0
DS Kulkarni,1136581,2018,30,24,4.0,7.5
DS Kulkarni,1136588,2018,20,12,2.0,10.0
DS Kulkarni,1136592,2018,34,18,3.0,11.33
DS Kulkarni,1136607,2018,43,24,4.0,10.75
DS Kulkarni,1175359,2019,27,24,4.0,6.75
DS Kulkarni,1175363,2019,39,18,3.0,13.0
DS Kulkarni,1175367,2019,33,24,4.0,8.25
DS Kulkarni,1175369,2019,25,18,3.0,8.33
DS Kulkarni,1178396,2019,30,18,3.0,10.0
DS Kulkarni,1178400,2019,14,18,3.0,4.67
DS Kulkarni,1178402,2019,38,24,4.0,9.5
DS Kulkarni,1178407,2019,37,24,4.0,9.25
DS Kulkarni,1178411,2019,30,18,3.0,10.0
DS Kulkarni,1178415,2019,51,24,4.0,12.75
DS Kulkarni,1216495,2020,20,18,3.0,6.67
DS Kulkarni,1254084,2021,46,24,4.0,11.5
DS Rathi,1473441,2025,26,24,4.0,6.5
DS Rathi,1473444,2025,38,24,4.0,9.5
DS Rathi,1473450,2025,30,24,4.0,7.5
DS Rathi,1473453,2025,21,24,4.0,5.25
DS Rathi,1473456,2025,31,24,4.0,7.75
DS Rathi,1473463,2025,30,24,4.0,7.5
DS Rathi,1473467,2025,21,24,4.0,5.25
DS Rathi,1473473,2025,30,24,4.0,7.5
DS Rathi,1473477,2025,24,24,4.0,6.0
DS Rathi,1473482,2025,48,24,4.0,12.0
DS Rathi,1473491,2025,45,24,4.0,11.25
DS Rathi,1473499,2025,36,24,4.0,9.0
DS Rathi,1473507,2025,35,24,4.0,8.75
DS Rathi,1527683,2026,45,24,4.0,11.25
DS Rathi,1527688,2026,25,24,4.0,6.25
DS Rathi,1527692,2026,30,24,4.0,7.5
DS Rathi,1529266,2026,51,24,4.0,12.75
DS Rathi,1529275,2026,26,24,4.0,6.5
DS Rathi,1529281,2026,44,24,4.0,11.0
DS Rathi,1529293,2026,49,24,4.0,12.25
DS Rathi,1529296,2026,44,24,4.0,11.0
DS Rathi,1529307,2026,38,24,4.0,9.5
DS Rathi,1529311,2026,39,18,3.0,13.0
DT Christian,501199,2011,25,18,3.0,8.33
DT Christian,501203,2011,18,12,2.0,9.0
DT Christian,501208,2011,20,24,4.0,5.0
DT Christian,501212,2011,28,16,2.6666666666666665,10.5
DT Christian,501216,2011,38,24,4.0,9.5
DT Christian,501224,2011,48,24,4.0,12.0
DT Christian,501229,2011,11,18,3.0,3.67
DT Christian,501236,2011,12,18,3.0,4.0
DT Christian,501239,2011,35,24,4.0,8.75
DT Christian,501243,2011,26,24,4.0,6.5
DT Christian,501250,2011,20,18,3.0,6.67
DT Christian,501256,2011,18,18,3.0,6.0
DT Christian,501259,2011,13,18,3.0,4.33
DT Christian,501264,2011,20,18,3.0,6.67
DT Christian,548311,2012,26,24,4.0,6.5
DT Christian,548314,2012,49,24,4.0,12.25
DT Christian,548321,2012,33,24,4.0,8.25
DT Christian,548326,2012,41,24,4.0,10.25
DT Christian,548346,2012,12,18,3.0,4.0
DT Christian,548352,2012,34,24,4.0,8.5
DT Christian,548366,2012,31,24,4.0,7.75
DT Christian,597999,2013,37,24,4.0,9.25
DT Christian,598012,2013,12,12,2.0,6.0
DT Christian,1082594,2017,22,12,2.0,11.0
DT Christian,1082607,2017,25,24,4.0,6.25
DT Christian,1082615,2017,20,24,4.0,5.0
DT Christian,1082618,2017,6,6,1.0,6.0
DT Christian,1082620,2017,29,24,4.0,7.25
DT Christian,1082624,2017,25,24,4.0,6.25
DT Christian,1082629,2017,26,18,3.0,8.67
DT Christian,1082631,2017,23,18,3.0,7.67
DT Christian,1082634,2017,21,18,3.0,7.0
DT Christian,1082642,2017,18,12,2.0,9.0
DT Christian,1082645,2017,10,12,2.0,5.0
DT Christian,1082647,2017,32,24,4.0,8.0
DT Christian,1082650,2017,32,24,4.0,8.0
DT Christian,1136562,2018,12,12,2.0,6.0
DT Christian,1136569,2018,35,18,3.0,11.67
DT Christian,1136582,2018,17,18,3.0,5.67
DT Christian,1136596,2018,37,23,3.8333333333333335,9.65
DT Christian,1254058,2021,20,12,2.0,10.0
DT Christian,1254063,2021,7,6,1.0,7.0
DT Christian,1254076,2021,11,12,2.0,5.5
DT Christian,1254090,2021,11,6,1.0,11.0
DT Christian,1254095,2021,14,18,3.0,4.67
DT Christian,1254101,2021,19,12,2.0,9.5
DT Christian,1254103,2021,21,12,2.0,10.5
DT Christian,1254108,2021,21,12,2.0,10.5
DT Christian,1254115,2021,27,10,1.6666666666666665,16.2
DW Steyn,335996,2008,37,24,4.0,9.25
DW Steyn,335998,2008,25,24,4.0,6.25
DW Steyn,336002,2008,18,24,4.0,4.5
DW Steyn,336006,2008,14,24,4.0,3.5
DW Steyn,336010,2008,26,24,4.0,6.5
DW Steyn,336012,2008,11,24,4.0,2.75
DW Steyn,336016,2008,30,12,2.0,15.0
DW Steyn,336026,2008,26,24,4.0,6.5
DW Steyn,336029,2008,16,24,4.0,4.0
DW Steyn,336034,2008,19,24,4.0,4.75
DW Steyn,392182,2009,3,12,2.0,1.5
DW Steyn,392185,2009,33,24,4.0,8.25
DW Steyn,392188,2009,21,18,3.0,7.0
DW Steyn,419109,2010,36,24,4.0,9.0
DW Steyn,419112,2010,34,24,4.0,8.5
DW Steyn,419115,2010,17,24,4.0,4.25
DW Steyn,419119,2010,23,24,4.0,5.75
DW Steyn,419123,2010,22,24,4.0,5.5
DW Steyn,419128,2010,40,24,4.0,10.0
DW Steyn,419133,2010,19,24,4.0,4.75
DW Steyn,419136,2010,30,24,4.0,7.5
DW Steyn,419145,2010,34,24,4.0,8.5
DW Steyn,419148,2010,26,24,4.0,6.5
DW Steyn,419151,2010,16,24,4.0,4.0
DW Steyn,419154,2010,14,24,4.0,3.5
DW Steyn,419157,2010,17,24,4.0,4.25
DW Steyn,419162,2010,40,24,4.0,10.0
DW Steyn,419164,2010,9,18,3.0,3.0
DW Steyn,501199,2011,17,24,4.0,4.25
DW Steyn,501203,2011,32,24,4.0,8.0
DW Steyn,501208,2011,20,24,4.0,5.0
DW Steyn,501212,2011,21,18,3.0,7.0
DW Steyn,501216,2011,23,24,4.0,5.75
DW Steyn,501224,2011,39,24,4.0,9.75
DW Steyn,501229,2011,14,21,3.5,4.0
DW Steyn,501239,2011,31,24,4.0,7.75
DW Steyn,501243,2011,22,24,4.0,5.5
DW Steyn,501250,2011,29,24,4.0,7.25
DW Steyn,501259,2011,22,24,4.0,5.5
DW Steyn,501264,2011,13,18,3.0,4.33
DW Steyn,548311,2012,20,24,4.0,5.0
DW Steyn,548314,2012,12,24,4.0,3.0
DW Steyn,548321,2012,19,24,4.0,4.75
DW Steyn,548326,2012,44,22,3.6666666666666665,12.0
DW Steyn,548335,2012,23,24,4.0,5.75
DW Steyn,548346,2012,7,24,4.0,1.75
DW Steyn,548348,2012,41,24,4.0,10.25
DW Steyn,548352,2012,25,24,4.0,6.25
DW Steyn,548356,2012,30,18,3.0,10.0
DW Steyn,548366,2012,26,24,4.0,6.5
DW Steyn,548373,2012,16,24,4.0,4.0
DW Steyn,548376,2012,8,24,4.0,2.0
DW Steyn,598000,2013,11,23,3.8333333333333335,2.87
DW Steyn,598004,2013,46,30,5.0,9.2
DW Steyn,598010,2013,10,24,4.0,2.5
DW Steyn,598013,2013,28,24,4.0,7.0
DW Steyn,598018,2013,34,24,4.0,8.5
DW Steyn,598021,2013,14,24,4.0,3.5
DW Steyn,598030,2013,44,24,4.0,11.0
DW Steyn,598032,2013,14,24,4.0,3.5
DW Steyn,598039,2013,25,24,4.0,6.25
DW Steyn,598044,2013,21,24,4.0,5.25
DW Steyn,598048,2013,16,24,4.0,4.0
DW Steyn,598051,2013,17,24,4.0,4.25
DW Steyn,598056,2013,19,24,4.0,4.75
DW Steyn,598060,2013,23,24,4.0,5.75
DW Steyn,598065,2013,17,24,4.0,4.25
DW Steyn,598069,2013,19,24,4.0,4.75
DW Steyn,598071,2013,19,24,4.0,4.75
DW Steyn,729285,2014,29,24,4.0,7.25
DW Steyn,729295,2014,25,24,4.0,6.25
DW Steyn,729301,2014,33,24,4.0,8.25
DW Steyn,729311,2014,20,24,4.0,5.0
DW Steyn,729317,2014,19,24,4.0,4.75
DW Steyn,733977,2014,38,24,4.0,9.5
DW Steyn,733989,2014,29,24,4.0,7.25
DW Steyn,733993,2014,20,24,4.0,5.0
DW Steyn,734001,2014,29,24,4.0,7.25
DW Steyn,734007,2014,51,24,4.0,12.75
DW Steyn,734015,2014,24,24,4.0,6.0
DW Steyn,734021,2014,23,24,4.0,5.75
DW Steyn,734029,2014,43,24,4.0,10.75
DW Steyn,734037,2014,42,24,4.0,10.5
DW Steyn,829731,2015,27,24,4.0,6.75
DW Steyn,829743,2015,24,18,3.0,8.0
DW Steyn,829751,2015,38,24,4.0,9.5
DW Steyn,829781,2015,36,24,4.0,9.0
DW Steyn,829807,2015,17,6,1.0,17.0
DW Steyn,829815,2015,26,18,3.0,8.67
DW Steyn,980929,2016,16,12,2.0,8.0
DW Steyn,1178410,2019,40,24,4.0,10.0
DW Steyn,1178414,2019,29,24,4.0,7.25
DW Steyn,1216499,2020,40,24,4.0,10.0
DW Steyn,1216510,2020,56,24,4.0,14.0
DW Steyn,1216534,2020,32,22,3.6666666666666665,8.73
E Malinga,1473464,2025,43,24,4.0,10.75
E Malinga,1473470,2025,35,24,4.0,8.75
E Malinga,1473478,2025,32,18,3.0,10.67
E Malinga,1473492,2025,28,24,4.0,7.0
E Malinga,1473499,2025,28,24,4.0,7.0
E Malinga,1473503,2025,37,24,4.0,9.25
E Malinga,1473505,2025,30,22,3.6666666666666665,8.18
E Malinga,1527674,2026,31,12,2.0,15.5
E Malinga,1527679,2026,9,12,2.0,4.5
E Malinga,1527683,2026,30,24,4.0,7.5
E Malinga,1527690,2026,44,18,3.0,14.67
E Malinga,1529264,2026,30,24,4.0,7.5
E Malinga,1529270,2026,28,24,4.0,7.0
E Malinga,1529274,2026,30,24,4.0,7.5
E Malinga,1529279,2026,37,24,4.0,9.25
E Malinga,1529284,2026,25,24,4.0,6.25
E Malinga,1529288,2026,40,20,3.3333333333333335,12.0
E Malinga,1529292,2026,35,24,4.0,8.75
E Malinga,1529299,2026,45,24,4.0,11.25
E Malinga,1529306,2026,26,24,4.0,6.5
E Malinga,1529310,2026,33,24,4.0,8.25
E Malinga,1535463,2026,39,24,4.0,9.75
F du Plessis,548311,2012,16,6,1.0,16.0
FA Allen,1254071,2021,21,24,4.0,5.25
FA Allen,1254074,2021,30,18,3.0,10.0
FA Allen,1254102,2021,38,24,4.0,9.5
FA Allen,1304072,2022,46,24,4.0,11.5
FH Edwards,392184,2009,6,24,4.0,1.5
FH Edwards,392188,2009,38,24,4.0,9.5
FH Edwards,392192,2009,23,24,4.0,5.75
FH Edwards,392196,2009,21,24,4.0,5.25
FH Edwards,392201,2009,36,22,3.6666666666666665,9.82
FH Edwards,392205,2009,16,22,3.6666666666666665,4.36
FY Fazal,419143,2010,6,6,1.0,6.0
FY Fazal,419158,2010,14,6,1.0,14.0
Fazalhaq Farooqi,1304100,2022,47,24,4.0,11.75
Fazalhaq Farooqi,1304111,2022,28,24,4.0,7.0
Fazalhaq Farooqi,1304116,2022,31,24,4.0,7.75
Fazalhaq Farooqi,1359478,2023,41,24,4.0,10.25
Fazalhaq Farooqi,1359484,2023,12,18,3.0,4.0
Fazalhaq Farooqi,1359532,2023,28,20,3.3333333333333335,8.4
Fazalhaq Farooqi,1359536,2023,30,18,3.0,10.0
Fazalhaq Farooqi,1473439,2025,49,18,3.0,16.33
Fazalhaq Farooqi,1473460,2025,38,24,4.0,9.5
Fazalhaq Farooqi,1473479,2025,29,18,3.0,9.67
Fazalhaq Farooqi,1473487,2025,53,24,4.0,13.25
Fazalhaq Farooqi,1473497,2025,39,18,3.0,13.0
G Coetzee,1422123,2024,27,24,4.0,6.75
G Coetzee,1422126,2024,50,24,4.0,12.5
G Coetzee,1422132,2024,36,15,2.5,14.4
G Coetzee,1422138,2024,34,24,4.0,8.5
G Coetzee,1426263,2024,39,24,4.0,9.75
G Coetzee,1426267,2024,34,24,4.0,8.5
G Coetzee,1426271,2024,26,24,4.0,6.5
G Coetzee,1426276,2024,22,12,2.0,11.0
G Coetzee,1426286,2024,26,18,3.0,8.67
G Coetzee,1426289,2024,24,12,2.0,12.0
G Coetzee,1473488,2025,35,24,4.0,8.75
G Coetzee,1473493,2025,10,12,2.0,5.0
G Coetzee,1473504,2025,34,18,3.0,11.33
G Coetzee,1473509,2025,48,18,3.0,16.0
GB Hogg,548317,2012,31,24,4.0,7.75
GB Hogg,548320,2012,19,24,4.0,4.75
GB Hogg,548324,2012,19,24,4.0,4.75
GB Hogg,548326,2012,33,24,4.0,8.25
GB Hogg,548332,2012,18,24,4.0,4.5
GB Hogg,548336,2012,29,24,4.0,7.25
GB Hogg,548345,2012,31,24,4.0,7.75
GB Hogg,548349,2012,31,24,4.0,7.75
GB Hogg,548377,2012,30,24,4.0,7.5
GB Hogg,598043,2013,29,20,3.3333333333333335,8.7
GB Hogg,829723,2015,29,24,4.0,7.25
GB Hogg,829761,2015,27,18,3.0,9.0
GB Hogg,829765,2015,18,24,4.0,4.5
GB Hogg,829771,2015,23,12,2.0,11.5
GB Hogg,829781,2015,17,24,4.0,4.25
GB Hogg,829791,2015,28,24,4.0,7.0
GB Hogg,980903,2016,14,24,4.0,3.5
GB Hogg,980909,2016,36,24,4.0,9.0
GB Hogg,980951,2016,39,24,4.0,9.75
GB Hogg,980963,2016,28,12,2.0,14.0
GB Hogg,980975,2016,19,12,2.0,9.5
GC Viljoen,1175361,2019,34,24,4.0,8.5
GC Viljoen,1175364,2019,40,24,4.0,10.0
GC Viljoen,1175368,2019,22,18,3.0,7.33
GC Viljoen,1178399,2019,27,24,4.0,6.75
GC Viljoen,1178412,2019,38,24,4.0,9.5
GC Viljoen,1178417,2019,49,24,4.0,12.25
GD McGrath,335984,2008,20,24,4.0,5.0
GD McGrath,335988,2008,22,24,4.0,5.5
GD McGrath,335995,2008,29,24,4.0,7.25
GD McGrath,335998,2008,29,24,4.0,7.25
GD McGrath,336001,2008,21,24,4.0,5.25
GD McGrath,336004,2008,26,24,4.0,6.5
GD McGrath,336009,2008,23,24,4.0,5.75
GD McGrath,336015,2008,11,24,4.0,2.75
GD McGrath,336017,2008,22,24,4.0,5.5
GD McGrath,336020,2008,42,24,4.0,10.5
GD McGrath,336022,2008,18,12,2.0,9.0
GD McGrath,336026,2008,14,24,4.0,3.5
GD McGrath,336032,2008,37,24,4.0,9.25
GD McGrath,336038,2008,37,24,4.0,9.25
GD Phillips,1254089,2021,3,6,1.0,3.0
GD Phillips,1254106,2021,16,6,1.0,16.0
GD Phillips,1359532,2023,10,12,2.0,5.0
GD Phillips,1359539,2023,10,6,1.0,10.0
GF Linde,1527692,2026,28,18,3.0,9.33
GF Linde,1529266,2026,9,7,1.1666666666666667,7.71
GF Linde,1529281,2026,18,12,2.0,9.0
GH Vihari,598004,2013,5,6,1.0,5.0
GH Vihari,598013,2013,14,6,1.0,14.0
GH Vihari,598021,2013,2,6,1.0,2.0
GH Vihari,598048,2013,12,6,1.0,12.0
GH Vihari,598056,2013,4,12,2.0,2.0
GH Vihari,1175368,2019,9,6,1.0,9.0
GHS Garton,1254090,2021,23,24,4.0,5.75
GHS Garton,1254095,2021,27,12,2.0,13.5
GHS Garton,1254101,2021,19,18,3.0,6.33
GHS Garton,1254103,2021,29,18,3.0,9.67
GHS Garton,1254115,2021,29,18,3.0,9.67
GJ Maxwell,548307,2012,11,6,1.0,11.0
GJ Maxwell,548310,2012,10,12,2.0,5.0
GJ Maxwell,598055,2013,5,6,1.0,5.0
GJ Maxwell,598066,2013,18,6,1.0,18.0
GJ Maxwell,729283,2014,23,12,2.0,11.5
GJ Maxwell,729295,2014,10,6,1.0,10.0
GJ Maxwell,729313,2014,39,18,3.0,13.0
GJ Maxwell,733987,2014,20,12,2.0,10.0
GJ Maxwell,733991,2014,21,6,1.0,21.0
GJ Maxwell,733997,2014,10,6,1.0,10.0
GJ Maxwell,734047,2014,4,6,1.0,4.0
GJ Maxwell,829725,2015,10,6,1.0,10.0
GJ Maxwell,829741,2015,15,6,1.0,15.0
GJ Maxwell,829775,2015,8,6,1.0,8.0
GJ Maxwell,829785,2015,22,12,2.0,11.0
GJ Maxwell,829791,2015,5,6,1.0,5.0
GJ Maxwell,829799,2015,27,18,3.0,9.0
GJ Maxwell,829809,2015,6,6,1.0,6.0
GJ Maxwell,980913,2016,9,6,1.0,9.0
GJ Maxwell,980919,2016,3,6,1.0,3.0
GJ Maxwell,980925,2016,17,12,2.0,8.5
GJ Maxwell,980935,2016,16,12,2.0,8.0
GJ Maxwell,980941,2016,11,6,1.0,11.0
GJ Maxwell,980963,2016,11,6,1.0,11.0
GJ Maxwell,980991,2016,11,6,1.0,11.0
GJ Maxwell,1082601,2017,18,6,1.0,18.0
GJ Maxwell,1082605,2017,7,6,1.0,7.0
GJ Maxwell,1082623,2017,29,24,4.0,7.25
GJ Maxwell,1082626,2017,12,24,4.0,3.0
GJ Maxwell,1082633,2017,14,18,3.0,4.67
GJ Maxwell,1082637,2017,21,12,2.0,10.5
GJ Maxwell,1082641,2017,8,12,2.0,4.0
GJ Maxwell,1082645,2017,15,12,2.0,7.5
GJ Maxwell,1136569,2018,20,18,3.0,6.67
GJ Maxwell,1136579,2018,12,12,2.0,6.0
GJ Maxwell,1136582,2018,4,6,1.0,4.0
GJ Maxwell,1136586,2018,22,12,2.0,11.0
GJ Maxwell,1136590,2018,5,6,1.0,5.0
GJ Maxwell,1136592,2018,21,6,1.0,21.0
GJ Maxwell,1136596,2018,4,6,1.0,4.0
GJ Maxwell,1136602,2018,9,6,1.0,9.0
GJ Maxwell,1136612,2018,14,12,2.0,7.0
GJ Maxwell,1136615,2018,19,12,2.0,9.5
GJ Maxwell,1216510,2020,10,12,2.0,5.0
GJ Maxwell,1216517,2020,24,24,4.0,6.0
GJ Maxwell,1216520,2020,21,12,2.0,10.5
GJ Maxwell,1216527,2020,29,18,3.0,9.67
GJ Maxwell,1216531,2020,28,24,4.0,7.0
GJ Maxwell,1216542,2020,26,12,2.0,13.0
GJ Maxwell,1216546,2020,31,24,4.0,7.75
GJ Maxwell,1254067,2021,24,12,2.0,12.0
GJ Maxwell,1254101,2021,27,18,3.0,9.0
GJ Maxwell,1254103,2021,17,12,2.0,8.5
GJ Maxwell,1254108,2021,22,24,4.0,5.5
GJ Maxwell,1254113,2021,17,12,2.0,8.5
GJ Maxwell,1254115,2021,25,18,3.0,8.33
GJ Maxwell,1304068,2022,29,18,3.0,9.67
GJ Maxwell,1304073,2022,14,12,2.0,7.0
GJ Maxwell,1304077,2022,10,12,2.0,5.0
GJ Maxwell,1304085,2022,4,6,1.0,4.0
GJ Maxwell,1304089,2022,10,6,1.0,10.0
GJ Maxwell,1304095,2022,22,24,4.0,5.5
GJ Maxwell,1304100,2022,13,12,2.0,6.5
GJ Maxwell,1304106,2022,17,12,2.0,8.5
GJ Maxwell,1304113,2022,27,24,4.0,6.75
GJ Maxwell,1312199,2022,17,18,3.0,5.67
GJ Maxwell,1359479,2023,15,6,1.0,15.0
GJ Maxwell,1359498,2023,27,16,2.6666666666666665,10.12
GJ Maxwell,1359501,2023,5,6,1.0,5.0
GJ Maxwell,1359506,2023,25,12,2.0,12.5
GJ Maxwell,1359517,2023,3,6,1.0,3.0
GJ Maxwell,1359524,2023,14,10,1.6666666666666665,8.4
GJ Maxwell,1359534,2023,3,6,1.0,3.0
GJ Maxwell,1422119,2024,7,6,1.0,7.0
GJ Maxwell,1422124,2024,29,18,3.0,9.67
GJ Maxwell,1422133,2024,22,24,4.0,5.5
GJ Maxwell,1426263,2024,17,6,1.0,17.0
GJ Maxwell,1426283,2024,28,18,3.0,9.33
GJ Maxwell,1426306,2024,20,24,4.0,5.0
GJ Maxwell,1473442,2025,25,12,2.0,12.5
GJ Maxwell,1473450,2025,22,18,3.0,7.33
GJ Maxwell,1473455,2025,6,6,1.0,6.0
GJ Maxwell,1473459,2025,11,12,2.0,5.5
GJ Maxwell,1473464,2025,37,18,3.0,12.33
GJ Maxwell,1473468,2025,5,12,2.0,2.5
GR Napier,392203,2009,27,24,4.0,6.75
GS Sandhu,829777,2015,49,24,4.0,12.25
GS Sandhu,829801,2015,33,24,4.0,8.25
Gagandeep Singh,335999,2008,37,24,4.0,9.25
Gagandeep Singh,336003,2008,43,24,4.0,10.75
Gagandeep Singh,336006,2008,28,18,3.0,9.33
Gagandeep Singh,336031,2008,33,18,3.0,11.0
Gulbadin Naib,1426302,2024,12,6,1.0,12.0
Gurjapneet Singh,1527691,2026,34,24,4.0,8.5
Gurjapneet Singh,1529265,2026,22,7,1.1666666666666667,18.86
Gurjapneet Singh,1529270,2026,33,24,4.0,8.25
Gurjapneet Singh,1529276,2026,7,12,2.0,3.5
Gurjapneet Singh,1529280,2026,36,18,3.0,12.0
Gurjapneet Singh,1529291,2026,28,24,4.0,7.0
Gurjapneet Singh,1529302,2026,34,18,3.0,11.33
Gurjapneet Singh,1529309,2026,27,24,4.0,6.75
Gurkeerat Singh,829791,2015,15,18,3.0,5.0
Gurkeerat Singh,829799,2015,27,18,3.0,9.0
Gurkeerat Singh,829809,2015,22,18,3.0,7.33
Gurkeerat Singh,980955,2016,7,6,1.0,7.0
Gurkeerat Singh,980963,2016,8,6,1.0,8.0
Gurkeerat Singh,981005,2016,14,12,2.0,7.0
Gurnoor Brar,1359512,2023,38,18,3.0,12.67
H Sharma,1359544,2023,28,18,3.0,9.33
H Sharma,1422137,2024,29,12,2.0,14.5
HF Gurney,1178396,2019,24,24,4.0,6.0
HF Gurney,1178398,2019,18,12,2.0,9.0
HF Gurney,1178404,2019,37,24,4.0,9.25
HF Gurney,1178410,2019,39,24,4.0,9.75
HF Gurney,1178413,2019,15,12,2.0,7.5
HF Gurney,1178422,2019,37,24,4.0,9.25
HF Gurney,1178427,2019,41,24,4.0,10.25
HF Gurney,1178431,2019,19,18,3.0,6.33
HH Pandya,829737,2015,35,18,3.0,11.67
HH Pandya,829747,2015,14,12,2.0,7.0
HH Pandya,829783,2015,13,12,2.0,6.5
HH Pandya,829789,2015,4,6,1.0,4.0
HH Pandya,829795,2015,51,18,3.0,17.0
HH Pandya,829805,2015,10,6,1.0,10.0
HH Pandya,829815,2015,9,6,1.0,9.0
HH Pandya,829823,2015,35,24,4.0,8.75
HH Pandya,980909,2016,21,12,2.0,10.5
HH Pandya,980917,2016,14,12,2.0,7.0
HH Pandya,980923,2016,29,18,3.0,9.67
HH Pandya,980927,2016,18,12,2.0,9.0
HH Pandya,980933,2016,7,6,1.0,7.0
HH Pandya,980947,2016,15,12,2.0,7.5
HH Pandya,980957,2016,12,12,2.0,6.0
HH Pandya,980973,2016,10,6,1.0,10.0
HH Pandya,981007,2016,9,6,1.0,9.0
HH Pandya,1082592,2017,36,24,4.0,9.0
HH Pandya,1082600,2017,19,18,3.0,6.33
HH Pandya,1082602,2017,9,12,2.0,4.5
HH Pandya,1082606,2017,15,6,1.0,15.0
HH Pandya,1082612,2017,18,12,2.0,9.0
HH Pandya,1082614,2017,21,18,3.0,7.0
HH Pandya,1082628,2017,5,6,1.0,5.0
HH Pandya,1082635,2017,2,6,1.0,2.0
HH Pandya,1082638,2017,13,6,1.0,13.0
HH Pandya,1082641,2017,28,12,2.0,14.0
HH Pandya,1082644,2017,22,24,4.0,5.5
HH Pandya,1082647,2017,15,6,1.0,15.0
HH Pandya,1082649,2017,4,6,1.0,4.0
HH Pandya,1136561,2018,21,24,4.0,5.25
HH Pandya,1136569,2018,32,12,2.0,16.0
HH Pandya,1136574,2018,4,6,1.0,4.0
HH Pandya,1136581,2018,24,16,2.6666666666666665,9.0
HH Pandya,1136583,2018,18,18,3.0,6.0
HH Pandya,1136587,2018,39,24,4.0,9.75
HH Pandya,1136591,2018,21,18,3.0,7.0
HH Pandya,1136594,2018,41,24,4.0,10.25
HH Pandya,1136597,2018,18,24,4.0,4.5
HH Pandya,1136601,2018,16,18,3.0,5.33
HH Pandya,1136607,2018,52,24,4.0,13.0
HH Pandya,1136610,2018,40,24,4.0,10.0
HH Pandya,1136615,2018,35,24,4.0,8.75
HH Pandya,1175358,2019,40,24,4.0,10.0
HH Pandya,1175362,2019,37,18,3.0,12.33
HH Pandya,1175364,2019,36,18,3.0,12.0
HH Pandya,1175370,2019,19,24,4.0,4.75
HH Pandya,1178394,2019,7,6,1.0,7.0
HH Pandya,1178399,2019,54,24,4.0,13.5
HH Pandya,1178402,2019,11,9,1.5,7.33
HH Pandya,1178406,2019,21,18,3.0,7.0
HH Pandya,1178409,2019,17,12,2.0,8.5
HH Pandya,1178411,2019,31,24,4.0,7.75
HH Pandya,1178419,2019,19,12,2.0,9.5
HH Pandya,1178422,2019,28,18,3.0,9.33
HH Pandya,1178426,2019,20,12,2.0,10.0
HH Pandya,1178431,2019,20,18,3.0,6.67
HH Pandya,1181764,2019,13,12,2.0,6.5
HH Pandya,1181768,2019,2,6,1.0,2.0
HH Pandya,1304050,2022,37,24,4.0,9.25
HH Pandya,1304056,2022,22,24,4.0,5.5
HH Pandya,1304062,2022,35,24,4.0,8.75
HH Pandya,1304067,2022,27,24,4.0,6.75
HH Pandya,1304070,2022,16,15,2.5,6.4
HH Pandya,1304103,2022,8,6,1.0,8.0
HH Pandya,1304108,2022,7,12,2.0,3.5
HH Pandya,1304113,2022,34,18,3.0,11.33
HH Pandya,1312197,2022,13,12,2.0,6.5
HH Pandya,1312200,2022,17,24,4.0,4.25
HH Pandya,1359475,2023,28,18,3.0,9.33
HH Pandya,1359481,2023,18,18,3.0,6.0
HH Pandya,1359497,2023,24,24,4.0,6.0
HH Pandya,1359504,2023,7,6,1.0,7.0
HH Pandya,1359509,2023,10,12,2.0,5.0
HH Pandya,1359513,2023,33,18,3.0,11.0
HH Pandya,1359518,2023,9,6,1.0,9.0
HH Pandya,1359522,2023,22,12,2.0,11.0
HH Pandya,1359525,2023,35,18,3.0,11.67
HH Pandya,1370352,2023,23,12,2.0,11.5
HH Pandya,1370353,2023,13,6,1.0,13.0
HH Pandya,1422123,2024,30,18,3.0,10.0
HH Pandya,1422126,2024,46,24,4.0,11.5
HH Pandya,1426263,2024,11,6,1.0,11.0
HH Pandya,1426267,2024,41,18,3.0,13.67
HH Pandya,1426271,2024,30,24,4.0,7.5
HH Pandya,1426276,2024,21,12,2.0,10.5
HH Pandya,1426281,2024,41,12,2.0,20.5
HH Pandya,1426286,2024,25,24,4.0,6.25
HH Pandya,1426289,2024,43,24,4.0,10.75
HH Pandya,1426293,2024,30,24,4.0,7.5
HH Pandya,1426298,2024,32,18,3.0,10.67
HH Pandya,1426305,2024,27,12,2.0,13.5
HH Pandya,1473446,2025,26,24,4.0,6.5
HH Pandya,1473449,2025,10,12,2.0,5.0
HH Pandya,1473453,2025,32,24,4.0,8.0
HH Pandya,1473458,2025,42,24,4.0,10.5
HH Pandya,1473466,2025,21,12,2.0,10.5
HH Pandya,1473470,2025,40,24,4.0,10.0
HH Pandya,1473475,2025,13,12,2.0,6.5
HH Pandya,1473478,2025,30,18,3.0,10.0
HH Pandya,1473482,2025,10,6,1.0,10.0
HH Pandya,1473487,2025,2,6,1.0,2.0
HH Pandya,1473493,2025,13,6,1.0,13.0
HH Pandya,1473506,2025,28,12,2.0,14.0
HH Pandya,1473509,2025,37,18,3.0,12.33
HH Pandya,1473510,2025,19,12,2.0,9.5
HH Pandya,1527675,2026,37,18,3.0,12.33
HH Pandya,1527686,2026,17,12,2.0,8.5
HH Pandya,1527693,2026,37,24,4.0,9.25
HH Pandya,1529267,2026,38,18,3.0,12.67
HH Pandya,1529273,2026,16,6,1.0,16.0
HH Pandya,1529276,2026,31,12,2.0,15.5
HH Pandya,1529284,2026,36,22,3.6666666666666665,9.82
HH Pandya,1529287,2026,16,12,2.0,8.0
HH Pandya,1529308,2026,12,12,2.0,6.0
HR Shokeen,1304079,2022,22,24,4.0,5.5
HR Shokeen,1304083,2022,11,12,2.0,5.5
HR Shokeen,1304090,2022,47,18,3.0,15.67
HR Shokeen,1304105,2022,11,12,2.0,5.5
HR Shokeen,1304115,2022,32,24,4.0,8.0
HR Shokeen,1359479,2023,17,6,1.0,17.0
HR Shokeen,1359486,2023,19,12,2.0,9.5
HR Shokeen,1359490,2023,36,24,4.0,9.0
HR Shokeen,1359496,2023,33,24,4.0,8.25
HR Shokeen,1359499,2023,12,6,1.0,12.0
HR Shokeen,1359505,2023,22,18,3.0,7.33
HR Shokeen,1359537,2023,20,18,3.0,6.67
HR Shokeen,1370351,2023,17,6,1.0,17.0
HV Patel,548310,2012,10,12,2.0,5.0
HV Patel,548315,2012,46,24,4.0,11.5
HV Patel,548327,2012,29,24,4.0,7.25
HV Patel,548331,2012,43,24,4.0,10.75
HV Patel,548336,2012,31,24,4.0,7.75
HV Patel,548344,2012,35,18,3.0,11.67
HV Patel,548360,2012,24,24,4.0,6.0
HV Patel,548362,2012,36,24,4.0,9.0
HV Patel,548367,2012,24,24,4.0,6.0
HV Patel,548372,2012,33,24,4.0,8.25
HV Patel,548376,2012,26,24,4.0,6.5
HV Patel,733977,2014,28,24,4.0,7.0
HV Patel,733983,2014,28,24,4.0,7.0
HV Patel,733991,2014,51,18,3.0,17.0
HV Patel,829713,2015,36,24,4.0,9.0
HV Patel,829719,2015,22,12,2.0,11.0
HV Patel,829745,2015,28,24,4.0,7.0
HV Patel,829749,2015,23,24,4.0,5.75
HV Patel,829757,2015,14,18,3.0,4.67
HV Patel,829771,2015,21,12,2.0,10.5
HV Patel,829779,2015,16,24,4.0,4.0
HV Patel,829785,2015,13,12,2.0,6.5
HV Patel,829795,2015,35,24,4.0,8.75
HV Patel,829803,2015,12,12,2.0,6.0
HV Patel,829807,2015,29,12,2.0,14.5
HV Patel,829813,2015,30,24,4.0,7.5
HV Patel,829819,2015,15,18,3.0,5.0
HV Patel,829821,2015,25,23,3.8333333333333335,6.52
HV Patel,980907,2016,32,24,4.0,8.0
HV Patel,980921,2016,32,18,3.0,10.67
HV Patel,980927,2016,20,12,2.0,10.0
HV Patel,980931,2016,43,24,4.0,10.75
HV Patel,980953,2016,10,6,1.0,10.0
HV Patel,1082646,2017,42,24,4.0,10.5
HV Patel,1136579,2018,33,18,3.0,11.0
HV Patel,1136602,2018,32,24,4.0,8.0
HV Patel,1136605,2018,46,24,4.0,11.5
HV Patel,1136612,2018,23,24,4.0,5.75
HV Patel,1136615,2018,26,15,2.5,10.4
HV Patel,1175365,2019,38,24,4.0,9.5
HV Patel,1175368,2019,31,24,4.0,7.75
HV Patel,1216500,2020,28,24,4.0,7.0
HV Patel,1216515,2020,30,24,4.0,7.5
HV Patel,1216519,2020,40,24,4.0,10.0
HV Patel,1216529,2020,20,12,2.0,10.0
HV Patel,1216535,2020,7,6,1.0,7.0
HV Patel,1254058,2021,25,24,4.0,6.25
HV Patel,1254063,2021,19,24,4.0,4.75
HV Patel,1254067,2021,17,24,4.0,4.25
HV Patel,1254073,2021,44,24,4.0,11.0
HV Patel,1254076,2021,43,24,4.0,10.75
HV Patel,1254079,2021,35,24,4.0,8.75
HV Patel,1254083,2021,53,24,4.0,13.25
HV Patel,1254087,2021,12,12,2.0,6.0
HV Patel,1254090,2021,27,24,4.0,6.75
HV Patel,1254095,2021,32,24,4.0,8.0
HV Patel,1254101,2021,31,24,4.0,7.75
HV Patel,1254103,2021,33,24,4.0,8.25
HV Patel,1254108,2021,14,19,3.1666666666666665,4.42
HV Patel,1254113,2021,21,19,3.1666666666666665,6.63
HV Patel,1254115,2021,18,24,4.0,4.5
HV Patel,1304049,2022,31,24,4.0,7.75
HV Patel,1304052,2022,11,24,4.0,2.75
HV Patel,1304059,2022,16,24,4.0,4.0
HV Patel,1304064,2022,23,24,4.0,5.75
HV Patel,1304073,2022,39,24,4.0,9.75
HV Patel,1304077,2022,40,24,4.0,10.0
HV Patel,1304082,2022,18,12,2.0,9.0
HV Patel,1304085,2022,33,24,4.0,8.25
HV Patel,1304089,2022,34,24,4.0,8.5
HV Patel,1304095,2022,35,24,4.0,8.75
HV Patel,1304100,2022,19,20,3.3333333333333335,5.7
HV Patel,1304106,2022,33,24,4.0,8.25
HV Patel,1304113,2022,6,6,1.0,6.0
HV Patel,1312198,2022,18,24,4.0,4.5
HV Patel,1312199,2022,29,19,3.1666666666666665,9.16
HV Patel,1359479,2023,39,24,4.0,9.75
HV Patel,1359483,2023,37,18,3.0,12.33
HV Patel,1359489,2023,48,24,4.0,12.0
HV Patel,1359494,2023,29,24,4.0,7.25
HV Patel,1359498,2023,30,20,3.3333333333333335,9.0
HV Patel,1359501,2023,14,20,3.3333333333333335,4.2
HV Patel,1359506,2023,31,24,4.0,7.75
HV Patel,1359510,2023,43,24,4.0,10.75
HV Patel,1359517,2023,20,23,3.8333333333333335,5.22
HV Patel,1359524,2023,31,12,2.0,15.5
HV Patel,1359528,2023,39,22,3.6666666666666665,10.64
HV Patel,1359539,2023,35,24,4.0,8.75
HV Patel,1359544,2023,27,24,4.0,6.75
HV Patel,1422120,2024,47,24,4.0,11.75
HV Patel,1422124,2024,42,24,4.0,10.5
HV Patel,1422129,2024,41,24,4.0,10.25
HV Patel,1422135,2024,41,24,4.0,10.25
HV Patel,1426261,2024,29,24,4.0,7.25
HV Patel,1426265,2024,21,12,2.0,10.5
HV Patel,1426271,2024,29,24,4.0,7.25
HV Patel,1426275,2024,15,18,3.0,5.0
HV Patel,1426280,2024,46,18,3.0,15.33
HV Patel,1426287,2024,7,6,1.0,7.0
HV Patel,1426291,2024,22,24,4.0,5.5
HV Patel,1426296,2024,37,24,4.0,9.25
HV Patel,1426303,2024,27,24,4.0,6.75
HV Patel,1426307,2024,40,24,4.0,10.0
HV Patel,1473439,2025,32,24,4.0,8.0
HV Patel,1473444,2025,24,12,2.0,12.0
HV Patel,1473447,2025,16,18,3.0,5.33
HV Patel,1473452,2025,41,24,4.0,10.25
HV Patel,1473464,2025,36,24,4.0,9.0
HV Patel,1473470,2025,31,18,3.0,10.33
HV Patel,1473478,2025,21,18,3.0,7.0
HV Patel,1473480,2025,20,24,4.0,5.0
HV Patel,1473488,2025,41,18,3.0,13.67
HV Patel,1473492,2025,34,24,4.0,8.5
HV Patel,1473499,2025,34,24,4.0,8.5
HV Patel,1473503,2025,37,23,3.8333333333333335,9.65
HV Patel,1473505,2025,20,12,2.0,10.0
HV Patel,1527674,2026,38,16,2.6666666666666665,14.25
HV Patel,1527683,2026,16,18,3.0,5.33
HV Patel,1527690,2026,39,12,2.0,19.5
HV Patel,1529288,2026,16,12,2.0,8.0
HV Patel,1529310,2026,37,24,4.0,9.25
Harbhajan Singh,335985,2008,35,24,4.0,8.75
Harbhajan Singh,335989,2008,14,12,2.0,7.0
Harbhajan Singh,335991,2008,30,24,4.0,7.5
Harbhajan Singh,392181,2009,15,18,3.0,5.0
Harbhajan Singh,392192,2009,26,24,4.0,6.5
Harbhajan Singh,392197,2009,15,12,2.0,7.5
Harbhajan Singh,392200,2009,23,24,4.0,5.75
Harbhajan Singh,392203,2009,24,24,4.0,6.0
Harbhajan Singh,392208,2009,14,12,2.0,7.0
Harbhajan Singh,392212,2009,23,12,2.0,11.5
Harbhajan Singh,392215,2009,21,24,4.0,5.25
Harbhajan Singh,392218,2009,13,24,4.0,3.25
Harbhajan Singh,392222,2009,9,24,4.0,2.25
Harbhajan Singh,392225,2009,31,24,4.0,7.75
Harbhajan Singh,392227,2009,22,18,3.0,7.33
Harbhajan Singh,392235,2009,16,24,4.0,4.0
Harbhajan Singh,419114,2010,22,15,2.5,8.8
Harbhajan Singh,419119,2010,35,24,4.0,8.75
Harbhajan Singh,419122,2010,17,24,4.0,4.25
Harbhajan Singh,419125,2010,24,24,4.0,6.0
Harbhajan Singh,419130,2010,29,24,4.0,7.25
Harbhajan Singh,419132,2010,21,24,4.0,5.25
Harbhajan Singh,419138,2010,16,18,3.0,5.33
Harbhajan Singh,419142,2010,21,24,4.0,5.25
Harbhajan Singh,419146,2010,33,24,4.0,8.25
Harbhajan Singh,419150,2010,19,24,4.0,4.75
Harbhajan Singh,419152,2010,24,24,4.0,6.0
Harbhajan Singh,419157,2010,28,24,4.0,7.0
Harbhajan Singh,419162,2010,41,24,4.0,10.25
Harbhajan Singh,419165,2010,30,24,4.0,7.5
Harbhajan Singh,501201,2011,13,18,3.0,4.33
Harbhajan Singh,501205,2011,25,24,4.0,6.25
Harbhajan Singh,501210,2011,33,24,4.0,8.25
Harbhajan Singh,501221,2011,17,24,4.0,4.25
Harbhajan Singh,501224,2011,27,24,4.0,6.75
Harbhajan Singh,501231,2011,20,18,3.0,6.67
Harbhajan Singh,501237,2011,25,24,4.0,6.25
Harbhajan Singh,501241,2011,17,18,3.0,5.67
Harbhajan Singh,501246,2011,21,24,4.0,5.25
Harbhajan Singh,501251,2011,20,18,3.0,6.67
Harbhajan Singh,501256,2011,26,24,4.0,6.5
Harbhajan Singh,501263,2011,26,12,2.0,13.0
Harbhajan Singh,501267,2011,24,18,3.0,8.0
Harbhajan Singh,501269,2011,25,24,4.0,6.25
Harbhajan Singh,501270,2011,39,24,4.0,9.75
Harbhajan Singh,548306,2012,22,24,4.0,5.5
Harbhajan Singh,548308,2012,16,18,3.0,5.33
Harbhajan Singh,548314,2012,18,24,4.0,4.5
Harbhajan Singh,548317,2012,43,24,4.0,10.75
Harbhajan Singh,548334,2012,33,24,4.0,8.25
Harbhajan Singh,548339,2012,22,18,3.0,7.33
Harbhajan Singh,548342,2012,42,24,4.0,10.5
Harbhajan Singh,548346,2012,13,24,4.0,3.25
Harbhajan Singh,548351,2012,17,24,4.0,4.25
Harbhajan Singh,548355,2012,12,18,3.0,4.0
Harbhajan Singh,548360,2012,18,24,4.0,4.5
Harbhajan Singh,548363,2012,7,6,1.0,7.0
Harbhajan Singh,548367,2012,31,18,3.0,10.33
Harbhajan Singh,548370,2012,24,18,3.0,8.0
Harbhajan Singh,548377,2012,29,18,3.0,9.67
Harbhajan Singh,548379,2012,20,18,3.0,6.67
Harbhajan Singh,597999,2013,20,24,4.0,5.0
Harbhajan Singh,598002,2013,31,24,4.0,7.75
Harbhajan Singh,598006,2013,25,24,4.0,6.25
Harbhajan Singh,598011,2013,20,18,3.0,6.67
Harbhajan Singh,598019,2013,25,24,4.0,6.25
Harbhajan Singh,598024,2013,30,18,3.0,10.0
Harbhajan Singh,598029,2013,33,12,2.0,16.5
Harbhajan Singh,598033,2013,21,24,4.0,5.25
Harbhajan Singh,598037,2013,14,24,4.0,3.5
Harbhajan Singh,598039,2013,32,24,4.0,8.0
Harbhajan Singh,598046,2013,13,24,4.0,3.25
Harbhajan Singh,598050,2013,27,24,4.0,6.75
Harbhajan Singh,598055,2013,14,24,4.0,3.5
Harbhajan Singh,598060,2013,16,18,3.0,5.33
Harbhajan Singh,598063,2013,23,24,4.0,5.75
Harbhajan Singh,598066,2013,33,24,4.0,8.25
Harbhajan Singh,598070,2013,26,24,4.0,6.5
Harbhajan Singh,598072,2013,22,24,4.0,5.5
Harbhajan Singh,598073,2013,14,18,3.0,4.67
Harbhajan Singh,729279,2014,25,18,3.0,8.33
Harbhajan Singh,729287,2014,14,24,4.0,3.5
Harbhajan Singh,729303,2014,26,24,4.0,6.5
Harbhajan Singh,729309,2014,23,24,4.0,5.75
Harbhajan Singh,729317,2014,16,24,4.0,4.0
Harbhajan Singh,733973,2014,34,24,4.0,8.5
Harbhajan Singh,733983,2014,33,24,4.0,8.25
Harbhajan Singh,733995,2014,22,24,4.0,5.5
Harbhajan Singh,734001,2014,26,24,4.0,6.5
Harbhajan Singh,734009,2014,21,24,4.0,5.25
Harbhajan Singh,734017,2014,12,24,4.0,3.0
Harbhajan Singh,734031,2014,30,24,4.0,7.5
Harbhajan Singh,734041,2014,43,24,4.0,10.75
Harbhajan Singh,734045,2014,25,24,4.0,6.25
Harbhajan Singh,829705,2015,38,24,4.0,9.5
Harbhajan Singh,829717,2015,20,24,4.0,5.0
Harbhajan Singh,829729,2015,44,24,4.0,11.0
Harbhajan Singh,829737,2015,27,24,4.0,6.75
Harbhajan Singh,829747,2015,34,24,4.0,8.5
Harbhajan Singh,829751,2015,36,24,4.0,9.0
Harbhajan Singh,829769,2015,33,24,4.0,8.25
Harbhajan Singh,829775,2015,27,24,4.0,6.75
Harbhajan Singh,829783,2015,11,24,4.0,2.75
Harbhajan Singh,829789,2015,36,24,4.0,9.0
Harbhajan Singh,829795,2015,27,12,2.0,13.5
Harbhajan Singh,829805,2015,28,24,4.0,7.0
Harbhajan Singh,829815,2015,18,18,3.0,6.0
Harbhajan Singh,829817,2015,24,24,4.0,6.0
Harbhajan Singh,829823,2015,33,24,4.0,8.25
Harbhajan Singh,980901,2016,24,18,3.0,8.0
Harbhajan Singh,980909,2016,31,24,4.0,7.75
Harbhajan Singh,980917,2016,20,12,2.0,10.0
Harbhajan Singh,980923,2016,37,24,4.0,9.25
Harbhajan Singh,980927,2016,18,12,2.0,9.0
Harbhajan Singh,980933,2016,24,18,3.0,8.0
Harbhajan Singh,980941,2016,31,24,4.0,7.75
Harbhajan Singh,980947,2016,32,24,4.0,8.0
Harbhajan Singh,980957,2016,23,24,4.0,5.75
Harbhajan Singh,980973,2016,28,24,4.0,7.0
Harbhajan Singh,980981,2016,19,18,3.0,6.33
Harbhajan Singh,980985,2016,29,24,4.0,7.25
Harbhajan Singh,980993,2016,34,24,4.0,8.5
Harbhajan Singh,981007,2016,36,24,4.0,9.0
Harbhajan Singh,1082597,2017,27,24,4.0,6.75
Harbhajan Singh,1082600,2017,23,24,4.0,5.75
Harbhajan Singh,1082602,2017,23,24,4.0,5.75
Harbhajan Singh,1082606,2017,22,24,4.0,5.5
Harbhajan Singh,1082612,2017,12,12,2.0,6.0
Harbhajan Singh,1082614,2017,26,24,4.0,6.5
Harbhajan Singh,1082618,2017,20,24,4.0,5.0
Harbhajan Singh,1082625,2017,22,24,4.0,5.5
Harbhajan Singh,1082635,2017,22,24,4.0,5.5
Harbhajan Singh,1082638,2017,23,24,4.0,5.75
Harbhajan Singh,1082641,2017,45,18,3.0,15.0
Harbhajan Singh,1136561,2018,14,12,2.0,7.0
Harbhajan Singh,1136565,2018,11,12,2.0,5.5
Harbhajan Singh,1136572,2018,41,24,4.0,10.25
Harbhajan Singh,1136584,2018,24,12,2.0,12.0
Harbhajan Singh,1136587,2018,20,23,3.8333333333333335,5.22
Harbhajan Singh,1136590,2018,25,24,4.0,6.25
Harbhajan Singh,1136593,2018,20,18,3.0,6.67
Harbhajan Singh,1136595,2018,22,24,4.0,5.5
Harbhajan Singh,1136603,2018,29,12,2.0,14.5
Harbhajan Singh,1136606,2018,25,12,2.0,12.5
Harbhajan Singh,1136612,2018,24,12,2.0,12.0
Harbhajan Singh,1136616,2018,13,6,1.0,13.0
Harbhajan Singh,1175356,2019,20,24,4.0,5.0
Harbhajan Singh,1175360,2019,28,24,4.0,7.0
Harbhajan Singh,1178393,2019,17,24,4.0,4.25
Harbhajan Singh,1178398,2019,15,24,4.0,3.75
Harbhajan Singh,1178416,2019,39,24,4.0,9.75
Harbhajan Singh,1178419,2019,23,24,4.0,5.75
Harbhajan Singh,1178425,2019,28,24,4.0,7.0
Harbhajan Singh,1178430,2019,56,24,4.0,14.0
Harbhajan Singh,1181764,2019,22,24,4.0,5.5
Harbhajan Singh,1181767,2019,31,24,4.0,7.75
Harbhajan Singh,1181768,2019,26,24,4.0,6.5
Harbhajan Singh,1254060,2021,8,6,1.0,8.0
Harbhajan Singh,1254062,2021,16,12,2.0,8.0
Harbhajan Singh,1254067,2021,36,24,4.0,9.0
Harmeet Singh,392184,2009,22,24,4.0,5.5
Harmeet Singh,392188,2009,40,24,4.0,10.0
Harmeet Singh,392192,2009,19,6,1.0,19.0
Harmeet Singh,392212,2009,28,18,3.0,9.33
Harmeet Singh,392228,2009,40,23,3.8333333333333335,10.43
Harmeet Singh,392237,2009,15,18,3.0,5.0
Harmeet Singh,392239,2009,23,24,4.0,5.75
Harmeet Singh,419135,2010,16,12,2.0,8.0
Harmeet Singh,419141,2010,24,24,4.0,6.0
Harmeet Singh,419145,2010,11,6,1.0,11.0
Harmeet Singh,419147,2010,21,24,4.0,5.25
Harmeet Singh,419151,2010,22,24,4.0,5.5
Harmeet Singh,419160,2010,40,24,4.0,10.0
Harmeet Singh,419163,2010,22,24,4.0,5.5
Harmeet Singh,419164,2010,7,6,1.0,7.0
Harmeet Singh,501216,2011,22,24,4.0,5.5
Harmeet Singh,501236,2011,25,18,3.0,8.33
Harmeet Singh,548309,2012,21,18,3.0,7.0
Harmeet Singh,548313,2012,17,20,3.3333333333333335,5.1
Harmeet Singh,548319,2012,22,18,3.0,7.33
Harmeet Singh,548323,2012,27,24,4.0,6.75
Harmeet Singh,548328,2012,25,12,2.0,12.5
Harmeet Singh,548331,2012,45,24,4.0,11.25
Harmeet Singh,548369,2012,22,18,3.0,7.33
Harmeet Singh,598009,2013,33,24,4.0,8.25
Harmeet Singh,598031,2013,23,20,3.3333333333333335,6.9
Harmeet Singh,598056,2013,39,24,4.0,9.75
Harmeet Singh,598059,2013,22,24,4.0,5.5
Harpreet Brar,1178412,2019,24,12,2.0,12.0
Harpreet Brar,1178430,2019,24,18,3.0,8.0
Harpreet Brar,1216513,2020,40,24,4.0,10.0
Harpreet Brar,1254083,2021,19,24,4.0,4.75
Harpreet Brar,1254086,2021,19,18,3.0,6.33
Harpreet Brar,1254090,2021,26,24,4.0,6.5
Harpreet Brar,1254094,2021,19,24,4.0,4.75
Harpreet Brar,1254099,2021,11,6,1.0,11.0
Harpreet Brar,1254107,2021,23,24,4.0,5.75
Harpreet Brar,1254111,2021,17,18,3.0,5.67
Harpreet Brar,1304049,2022,36,18,3.0,12.0
Harpreet Brar,1304054,2022,19,12,2.0,9.5
Harpreet Brar,1304106,2022,31,24,4.0,7.75
Harpreet Brar,1304110,2022,29,18,3.0,9.67
Harpreet Brar,1304116,2022,26,24,4.0,6.5
Harpreet Brar,1359476,2023,7,6,1.0,7.0
Harpreet Brar,1359482,2023,15,12,2.0,7.5
Harpreet Brar,1359488,2023,26,19,3.1666666666666665,8.21
Harpreet Brar,1359492,2023,20,24,4.0,5.0
Harpreet Brar,1359495,2023,10,12,2.0,5.0
Harpreet Brar,1359501,2023,31,18,3.0,10.33
Harpreet Brar,1359505,2023,15,12,2.0,7.5
Harpreet Brar,1359520,2023,21,12,2.0,10.5
Harpreet Brar,1359527,2023,4,6,1.0,4.0
Harpreet Brar,1359533,2023,29,24,4.0,7.25
Harpreet Brar,1359538,2023,37,18,3.0,12.33
Harpreet Brar,1422120,2024,14,18,3.0,4.67
Harpreet Brar,1422124,2024,13,24,4.0,3.25
Harpreet Brar,1422129,2024,14,12,2.0,7.0
Harpreet Brar,1422135,2024,33,24,4.0,8.25
Harpreet Brar,1426261,2024,48,24,4.0,12.0
Harpreet Brar,1426265,2024,22,18,3.0,7.33
Harpreet Brar,1426271,2024,21,18,3.0,7.0
Harpreet Brar,1426275,2024,35,24,4.0,8.75
Harpreet Brar,1426280,2024,21,12,2.0,10.5
Harpreet Brar,1426287,2024,16,24,4.0,4.0
Harpreet Brar,1426291,2024,19,6,1.0,19.0
Harpreet Brar,1426303,2024,10,6,1.0,10.0
Harpreet Brar,1426307,2024,31,18,3.0,10.33
Harpreet Brar,1473471,2025,18,12,2.0,9.0
Harpreet Brar,1473474,2025,27,24,4.0,6.75
Harpreet Brar,1473486,2025,21,12,2.0,10.5
Harpreet Brar,1473497,2025,22,24,4.0,5.5
Harpreet Brar,1473506,2025,36,24,4.0,9.0
Harpreet Brar,1473508,2025,18,12,2.0,9.0
Harpreet Brar,1485779,2025,40,24,4.0,10.0
Harpreet Brar,1529283,2026,25,24,4.0,6.25
Harpreet Brar,1529304,2026,34,24,4.0,8.5
Harsh Dubey,1473499,2025,43,24,4.0,10.75
Harsh Dubey,1473503,2025,20,12,2.0,10.0
Harsh Dubey,1473505,2025,34,24,4.0,8.5
Harsh Dubey,1527674,2026,35,18,3.0,11.67
Harsh Dubey,1527679,2026,15,12,2.0,7.5
Harsh Dubey,1527683,2026,18,24,4.0,4.5
Harsh Dubey,1527690,2026,36,24,4.0,9.0
Harsh Dubey,1529264,2026,20,12,2.0,10.0
Harsh Dubey,1529274,2026,12,12,2.0,6.0
Harsh Dubey,1529284,2026,50,18,3.0,16.67
Harsh Dubey,1529292,2026,34,12,2.0,17.0
Harshit Rana,1304087,2022,17,18,3.0,5.67
Harshit Rana,1304099,2022,27,12,2.0,13.5
Harshit Rana,1359513,2023,24,18,3.0,8.0
Harshit Rana,1359521,2023,25,24,4.0,6.25
Harshit Rana,1359527,2023,31,18,3.0,10.33
Harshit Rana,1359530,2023,20,12,2.0,10.0
Harshit Rana,1359535,2023,19,12,2.0,9.5
Harshit Rana,1359542,2023,21,18,3.0,7.0
Harshit Rana,1422121,2024,33,24,4.0,8.25
Harshit Rana,1422128,2024,38,24,4.0,9.5
Harshit Rana,1426266,2024,33,24,4.0,8.25
Harshit Rana,1426269,2024,44,24,4.0,11.0
Harshit Rana,1426274,2024,32,24,4.0,8.0
Harshit Rana,1426280,2024,60,24,4.0,15.0
Harshit Rana,1426285,2024,27,24,4.0,6.75
Harshit Rana,1426292,2024,23,19,3.1666666666666665,7.26
Harshit Rana,1426298,2024,33,18,3.0,11.0
Harshit Rana,1426309,2024,26,24,4.0,6.5
Harshit Rana,1426312,2024,23,24,4.0,5.75
Harshit Rana,1473438,2025,32,18,3.0,10.67
Harshit Rana,1473443,2025,36,24,4.0,9.0
Harshit Rana,1473449,2025,24,12,2.0,12.0
Harshit Rana,1473452,2025,14,18,3.0,4.67
Harshit Rana,1473456,2025,51,24,4.0,12.75
Harshit Rana,1473462,2025,15,24,4.0,3.75
Harshit Rana,1473468,2025,23,18,3.0,7.67
Harshit Rana,1473476,2025,43,24,4.0,10.75
Harshit Rana,1473481,2025,27,12,2.0,13.5
Harshit Rana,1473485,2025,49,24,4.0,12.25
Harshit Rana,1473490,2025,37,24,4.0,9.25
Harshit Rana,1473494,2025,42,24,4.0,10.5
Harshit Rana,1473505,2025,40,18,3.0,13.33
I Malhotra,501243,2011,23,6,1.0,23.0
I Sharma,335982,2008,6,18,3.0,2.0
I Sharma,335986,2008,6,18,3.0,2.0
I Sharma,335993,2008,19,18,3.0,6.33
I Sharma,335997,2008,33,22,3.6666666666666665,9.0
I Sharma,336000,2008,25,24,4.0,6.25
I Sharma,336003,2008,39,24,4.0,9.75
I Sharma,336010,2008,25,24,4.0,6.25
I Sharma,336014,2008,27,18,3.0,9.0
I Sharma,336017,2008,18,18,3.0,6.0
I Sharma,336021,2008,21,15,2.5,8.4
I Sharma,336025,2008,16,12,2.0,8.0
I Sharma,336027,2008,23,18,3.0,7.67
I Sharma,336035,2008,42,24,4.0,10.5
I Sharma,392184,2009,13,18,3.0,4.33
I Sharma,392186,2009,24,24,4.0,6.0
I Sharma,392190,2009,36,24,4.0,9.0
I Sharma,392197,2009,23,24,4.0,5.75
I Sharma,392199,2009,14,24,4.0,3.5
I Sharma,392203,2009,20,24,4.0,5.0
I Sharma,392207,2009,27,24,4.0,6.75
I Sharma,392211,2009,43,24,4.0,10.75
I Sharma,392219,2009,21,24,4.0,5.25
I Sharma,392221,2009,30,24,4.0,7.5
I Sharma,392228,2009,23,24,4.0,5.75
I Sharma,419106,2010,29,24,4.0,7.25
I Sharma,419109,2010,26,24,4.0,6.5
I Sharma,419113,2010,38,24,4.0,9.5
I Sharma,419118,2010,31,24,4.0,7.75
I Sharma,419122,2010,43,24,4.0,10.75
I Sharma,419131,2010,15,6,1.0,15.0
I Sharma,419148,2010,43,24,4.0,10.75
I Sharma,501199,2011,22,24,4.0,5.5
I Sharma,501203,2011,27,18,3.0,9.0
I Sharma,501208,2011,21,24,4.0,5.25
I Sharma,501212,2011,20,24,4.0,5.0
I Sharma,501224,2011,38,24,4.0,9.5
I Sharma,501229,2011,11,18,3.0,3.67
I Sharma,501236,2011,40,24,4.0,10.0
I Sharma,501239,2011,35,24,4.0,8.75
I Sharma,501243,2011,14,24,4.0,3.5
I Sharma,501250,2011,25,18,3.0,8.33
I Sharma,501256,2011,29,24,4.0,7.25
I Sharma,501259,2011,19,18,3.0,6.33
I Sharma,598000,2013,21,24,4.0,5.25
I Sharma,598004,2013,27,24,4.0,6.75
I Sharma,598010,2013,28,24,4.0,7.0
I Sharma,598013,2013,32,24,4.0,8.0
I Sharma,598018,2013,22,24,4.0,5.5
I Sharma,598021,2013,27,24,4.0,6.75
I Sharma,598030,2013,32,24,4.0,8.0
I Sharma,598032,2013,35,18,3.0,11.67
I Sharma,598039,2013,14,24,4.0,3.5
I Sharma,598044,2013,8,18,3.0,2.67
I Sharma,598048,2013,30,22,3.6666666666666665,8.18
I Sharma,598051,2013,63,24,4.0,15.75
I Sharma,598056,2013,22,18,3.0,7.33
I Sharma,598060,2013,31,24,4.0,7.75
I Sharma,598065,2013,20,24,4.0,5.0
I Sharma,598071,2013,31,18,3.0,10.33
I Sharma,729285,2014,28,24,4.0,7.0
I Sharma,729311,2014,37,24,4.0,9.25
I Sharma,733977,2014,34,18,3.0,11.33
I Sharma,829711,2015,38,18,3.0,12.67
I Sharma,829787,2015,25,18,3.0,8.33
I Sharma,829793,2015,39,24,4.0,9.75
I Sharma,829799,2015,48,24,4.0,12.0
I Sharma,980901,2016,26,24,4.0,6.5
I Sharma,980911,2016,39,24,4.0,9.75
I Sharma,980919,2016,26,18,3.0,8.67
I Sharma,980931,2016,44,24,4.0,11.0
I Sharma,1082601,2017,14,12,2.0,7.0
I Sharma,1082609,2017,19,24,4.0,4.75
I Sharma,1082612,2017,58,24,4.0,14.5
I Sharma,1082623,2017,41,24,4.0,10.25
I Sharma,1082641,2017,28,18,3.0,9.33
I Sharma,1082645,2017,12,6,1.0,12.0
I Sharma,1175358,2019,34,24,4.0,8.5
I Sharma,1175360,2019,28,18,3.0,9.33
I Sharma,1175371,2019,4,6,1.0,4.0
I Sharma,1178395,2019,30,24,4.0,7.5
I Sharma,1178401,2019,19,24,4.0,4.75
I Sharma,1178405,2019,18,18,3.0,6.0
I Sharma,1178409,2019,17,18,3.0,5.67
I Sharma,1178412,2019,27,24,4.0,6.75
I Sharma,1178415,2019,29,24,4.0,7.25
I Sharma,1178421,2019,40,24,4.0,10.0
I Sharma,1178428,2019,33,24,4.0,8.25
I Sharma,1181766,2019,34,24,4.0,8.5
I Sharma,1181767,2019,24,24,4.0,6.0
I Sharma,1216532,2020,24,18,3.0,8.0
I Sharma,1254079,2021,26,24,4.0,6.5
I Sharma,1254082,2021,34,24,4.0,8.5
I Sharma,1254086,2021,37,24,4.0,9.25
I Sharma,1359502,2023,17,24,4.0,4.25
I Sharma,1359508,2023,18,18,3.0,6.0
I Sharma,1359514,2023,31,18,3.0,10.33
I Sharma,1359518,2023,21,24,4.0,5.25
I Sharma,1359524,2023,27,18,3.0,9.0
I Sharma,1359529,2023,21,12,2.0,10.5
I Sharma,1359533,2023,27,18,3.0,9.0
I Sharma,1359538,2023,29,18,3.0,9.67
I Sharma,1422120,2024,13,12,2.0,6.5
I Sharma,1422131,2024,20,18,3.0,6.67
I Sharma,1422134,2024,43,18,3.0,14.33
I Sharma,1422138,2024,32,18,3.0,10.67
I Sharma,1426264,2024,32,24,4.0,8.0
I Sharma,1426270,2024,7,12,2.0,3.5
I Sharma,1426294,2024,33,18,3.0,11.0
I Sharma,1426300,2024,28,18,3.0,9.33
I Sharma,1426302,2024,32,24,4.0,8.0
I Sharma,1473446,2025,15,12,2.0,7.5
I Sharma,1473451,2025,27,12,2.0,13.5
I Sharma,1473457,2025,53,24,4.0,13.25
I Sharma,1473472,2025,18,18,3.0,6.0
I Sharma,1473476,2025,18,12,2.0,9.0
I Sharma,1473484,2025,34,12,2.0,17.0
I Sharma,1473488,2025,33,20,3.3333333333333335,9.9
I Udana,1216494,2020,6,6,1.0,6.0
I Udana,1216502,2020,20,18,3.0,6.67
I Udana,1216505,2020,24,12,2.0,12.0
I Udana,1216514,2020,40,24,4.0,10.0
I Udana,1216519,2020,39,24,4.0,9.75
I Udana,1216522,2020,41,18,3.0,13.67
I Udana,1216525,2020,30,24,4.0,7.5
I Udana,1216531,2020,13,12,2.0,6.5
I Udana,1216540,2020,19,12,2.0,9.5
I Udana,1216547,2020,42,24,4.0,10.5
IC Pandey,598027,2013,28,12,2.0,14.0
IC Pandey,598061,2013,17,12,2.0,8.5
IC Pandey,729293,2014,23,24,4.0,5.75
IC Pandey,729297,2014,22,24,4.0,5.5
IC Pandey,729303,2014,21,24,4.0,5.25
IC Pandey,729311,2014,22,18,3.0,7.33
IC Pandey,733971,2014,20,12,2.0,10.0
IC Pandey,733981,2014,26,18,3.0,8.67
IC Pandey,733987,2014,41,24,4.0,10.25
IC Pandey,733995,2014,32,24,4.0,8.0
IC Pandey,734003,2014,18,18,3.0,6.0
IC Pandey,734023,2014,31,24,4.0,7.75
IC Pandey,734045,2014,25,18,3.0,8.33
IC Pandey,734047,2014,34,24,4.0,8.5
IC Pandey,829707,2015,30,24,4.0,7.5
IC Pandey,829711,2015,26,18,3.0,8.67
IC Pandey,829729,2015,21,18,3.0,7.0
IC Pandey,829735,2015,12,12,2.0,6.0
IC Pandey,829745,2015,21,24,4.0,5.25
IC Pandey,829753,2015,16,12,2.0,8.0
IC Pandey,829765,2015,17,12,2.0,8.5
IC Pandey,829779,2015,28,24,4.0,7.0
IC Pandey,829801,2015,27,24,4.0,6.75
IC Pandey,829809,2015,22,18,3.0,7.33
IC Porel,1254111,2021,37,24,4.0,9.25
IK Pathan,335983,2008,47,24,4.0,11.75
IK Pathan,335987,2008,19,24,4.0,4.75
IK Pathan,335991,2008,17,24,4.0,4.25
IK Pathan,335995,2008,23,24,4.0,5.75
IK Pathan,335999,2008,29,24,4.0,7.25
IK Pathan,336003,2008,17,24,4.0,4.25
IK Pathan,336006,2008,12,20,3.3333333333333335,3.6
IK Pathan,336013,2008,30,24,4.0,7.5
IK Pathan,336016,2008,22,24,4.0,5.5
IK Pathan,336019,2008,10,24,4.0,2.5
IK Pathan,336022,2008,13,12,2.0,6.5
IK Pathan,336028,2008,35,24,4.0,8.75
IK Pathan,336035,2008,35,22,3.6666666666666665,9.55
IK Pathan,336039,2008,22,24,4.0,5.5
IK Pathan,392183,2009,8,6,1.0,8.0
IK Pathan,392186,2009,25,18,3.0,8.33
IK Pathan,392191,2009,35,24,4.0,8.75
IK Pathan,392195,2009,23,24,4.0,5.75
IK Pathan,392200,2009,18,24,4.0,4.5
IK Pathan,392204,2009,19,24,4.0,4.75
IK Pathan,392207,2009,36,24,4.0,9.0
IK Pathan,392210,2009,40,24,4.0,10.0
IK Pathan,392214,2009,38,24,4.0,9.5
IK Pathan,392216,2009,41,24,4.0,10.25
IK Pathan,392222,2009,14,20,3.3333333333333335,4.2
IK Pathan,392226,2009,22,24,4.0,5.5
IK Pathan,392229,2009,28,18,3.0,9.33
IK Pathan,392234,2009,31,24,4.0,7.75
IK Pathan,419108,2010,25,23,3.8333333333333335,6.52
IK Pathan,419112,2010,33,18,3.0,11.0
IK Pathan,419117,2010,16,18,3.0,5.33
IK Pathan,419121,2010,21,18,3.0,7.0
IK Pathan,419124,2010,45,24,4.0,11.25
IK Pathan,419127,2010,40,24,4.0,10.0
IK Pathan,419132,2010,19,18,3.0,6.33
IK Pathan,419136,2010,35,19,3.1666666666666665,11.05
IK Pathan,419139,2010,35,24,4.0,8.75
IK Pathan,419143,2010,17,6,1.0,17.0
IK Pathan,419146,2010,29,24,4.0,7.25
IK Pathan,419149,2010,21,22,3.6666666666666665,5.73
IK Pathan,419156,2010,34,18,3.0,11.33
IK Pathan,419159,2010,44,22,3.6666666666666665,12.0
IK Pathan,501201,2011,11,17,2.8333333333333335,3.88
IK Pathan,501204,2011,31,18,3.0,10.33
IK Pathan,501213,2011,27,18,3.0,9.0
IK Pathan,501216,2011,27,24,4.0,6.75
IK Pathan,501223,2011,26,18,3.0,8.67
IK Pathan,501227,2011,26,18,3.0,8.67
IK Pathan,501230,2011,16,24,4.0,4.0
IK Pathan,501233,2011,22,24,4.0,5.5
IK Pathan,501238,2011,31,24,4.0,7.75
IK Pathan,501243,2011,18,18,3.0,6.0
IK Pathan,501246,2011,22,24,4.0,5.5
IK Pathan,501253,2011,37,24,4.0,9.25
IK Pathan,501257,2011,27,24,4.0,6.75
IK Pathan,548307,2012,9,6,1.0,9.0
IK Pathan,548310,2012,47,24,4.0,11.75
IK Pathan,548316,2012,25,24,4.0,6.25
IK Pathan,548321,2012,27,24,4.0,6.75
IK Pathan,548325,2012,12,24,4.0,3.0
IK Pathan,548329,2012,46,24,4.0,11.5
IK Pathan,548333,2012,24,24,4.0,6.0
IK Pathan,548337,2012,23,24,4.0,5.75
IK Pathan,548342,2012,45,24,4.0,11.25
IK Pathan,548345,2012,25,24,4.0,6.25
IK Pathan,548349,2012,22,12,2.0,11.0
IK Pathan,548357,2012,27,18,3.0,9.0
IK Pathan,548364,2012,15,12,2.0,7.5
IK Pathan,548369,2012,24,24,4.0,6.0
IK Pathan,548372,2012,44,24,4.0,11.0
IK Pathan,548374,2012,25,24,4.0,6.25
IK Pathan,548378,2012,19,24,4.0,4.75
IK Pathan,597998,2013,15,12,2.0,7.5
IK Pathan,598001,2013,31,24,4.0,7.75
IK Pathan,598006,2013,37,24,4.0,9.25
IK Pathan,598010,2013,18,20,3.3333333333333335,5.4
IK Pathan,598017,2013,39,24,4.0,9.75
IK Pathan,598020,2013,30,24,4.0,7.5
IK Pathan,598024,2013,24,24,4.0,6.0
IK Pathan,598028,2013,26,24,4.0,6.5
IK Pathan,598035,2013,29,24,4.0,7.25
IK Pathan,598040,2013,15,24,4.0,3.75
IK Pathan,598044,2013,6,6,1.0,6.0
IK Pathan,598054,2013,23,24,4.0,5.75
IK Pathan,598059,2013,24,12,2.0,12.0
IK Pathan,598062,2013,23,18,3.0,7.67
IK Pathan,598067,2013,34,24,4.0,8.5
IK Pathan,729295,2014,28,12,2.0,14.0
IK Pathan,729317,2014,9,12,2.0,4.5
IK Pathan,733977,2014,24,17,2.8333333333333335,8.47
IK Pathan,733989,2014,8,11,1.8333333333333335,4.36
IK Pathan,733993,2014,18,18,3.0,6.0
IK Pathan,734001,2014,29,12,2.0,14.5
IK Pathan,734007,2014,5,6,1.0,5.0
IK Pathan,734015,2014,20,18,3.0,6.67
IK Pathan,734021,2014,28,18,3.0,9.33
IK Pathan,734029,2014,34,18,3.0,11.33
IK Pathan,980919,2016,7,6,1.0,7.0
IK Pathan,980997,2016,17,18,3.0,5.67
IK Pathan,981005,2016,37,24,4.0,9.25
IK Pathan,1082625,2017,26,12,2.0,13.0
IS Sodhi,1136588,2018,25,18,3.0,8.33
IS Sodhi,1136600,2018,14,24,4.0,3.5
IS Sodhi,1136603,2018,29,24,4.0,7.25
IS Sodhi,1136609,2018,21,24,4.0,5.25
IS Sodhi,1136613,2018,31,24,4.0,7.75
IS Sodhi,1136618,2018,15,24,4.0,3.75
IS Sodhi,1178407,2019,40,24,4.0,10.0
IS Sodhi,1178428,2019,26,19,3.1666666666666665,8.21
Imran Tahir,733993,2014,5,6,1.0,5.0
Imran Tahir,734005,2014,48,24,4.0,12.0
Imran Tahir,734011,2014,25,24,4.0,6.25
Imran Tahir,734019,2014,20,24,4.0,5.0
Imran Tahir,734031,2014,36,24,4.0,9.0
Imran Tahir,734039,2014,30,23,3.8333333333333335,7.83
Imran Tahir,829707,2015,27,24,4.0,6.75
Imran Tahir,829715,2015,27,24,4.0,6.75
Imran Tahir,829725,2015,43,24,4.0,10.75
Imran Tahir,829731,2015,35,24,4.0,8.75
Imran Tahir,829739,2015,30,24,4.0,7.5
Imran Tahir,829747,2015,20,24,4.0,5.0
Imran Tahir,829757,2015,20,12,2.0,10.0
Imran Tahir,829761,2015,40,24,4.0,10.0
Imran Tahir,829767,2015,31,18,3.0,10.33
Imran Tahir,829783,2015,24,15,2.5,9.6
Imran Tahir,980933,2016,29,24,4.0,7.25
Imran Tahir,980945,2016,24,24,4.0,6.0
Imran Tahir,980965,2016,25,24,4.0,6.25
Imran Tahir,980993,2016,59,24,4.0,14.75
Imran Tahir,1082592,2017,28,24,4.0,7.0
Imran Tahir,1082594,2017,29,24,4.0,7.25
Imran Tahir,1082599,2017,23,24,4.0,5.75
Imran Tahir,1082603,2017,53,24,4.0,13.25
Imran Tahir,1082607,2017,25,24,4.0,6.25
Imran Tahir,1082615,2017,16,18,3.0,5.33
Imran Tahir,1082618,2017,32,24,4.0,8.0
Imran Tahir,1082620,2017,48,24,4.0,12.0
Imran Tahir,1082624,2017,18,24,4.0,4.5
Imran Tahir,1082629,2017,27,24,4.0,6.75
Imran Tahir,1082631,2017,36,24,4.0,9.0
Imran Tahir,1082634,2017,23,24,4.0,5.75
Imran Tahir,1136561,2018,23,12,2.0,11.5
Imran Tahir,1136565,2018,26,24,4.0,6.5
Imran Tahir,1136572,2018,34,24,4.0,8.5
Imran Tahir,1136577,2018,43,24,4.0,10.75
Imran Tahir,1136584,2018,35,24,4.0,8.75
Imran Tahir,1136587,2018,25,16,2.6666666666666665,9.38
Imran Tahir,1175356,2019,9,24,4.0,2.25
Imran Tahir,1175360,2019,20,12,2.0,10.0
Imran Tahir,1175367,2019,23,24,4.0,5.75
Imran Tahir,1175370,2019,25,24,4.0,6.25
Imran Tahir,1178393,2019,20,24,4.0,5.0
Imran Tahir,1178398,2019,21,24,4.0,5.25
Imran Tahir,1178400,2019,28,24,4.0,7.0
Imran Tahir,1178404,2019,26,24,4.0,6.5
Imran Tahir,1178408,2019,20,24,4.0,5.0
Imran Tahir,1178414,2019,31,24,4.0,7.75
Imran Tahir,1178416,2019,38,24,4.0,9.5
Imran Tahir,1178419,2019,37,24,4.0,9.25
Imran Tahir,1178425,2019,12,20,3.3333333333333335,3.6
Imran Tahir,1178430,2019,36,24,4.0,9.0
Imran Tahir,1181764,2019,29,24,4.0,7.25
Imran Tahir,1181767,2019,28,24,4.0,7.0
Imran Tahir,1181768,2019,23,18,3.0,7.67
Imran Tahir,1216506,2020,24,24,4.0,6.0
Imran Tahir,1216521,2020,22,18,3.0,7.33
Imran Tahir,1216544,2020,30,24,4.0,7.5
Imran Tahir,1254076,2021,14,24,4.0,3.5
Iqbal Abdulla,336017,2008,22,18,3.0,7.33
Iqbal Abdulla,419127,2010,12,12,2.0,6.0
Iqbal Abdulla,419144,2010,28,24,4.0,7.0
Iqbal Abdulla,419153,2010,21,15,2.5,8.4
Iqbal Abdulla,501198,2011,26,24,4.0,6.5
Iqbal Abdulla,501203,2011,24,24,4.0,6.0
Iqbal Abdulla,501209,2011,14,12,2.0,7.0
Iqbal Abdulla,501214,2011,17,18,3.0,5.67
Iqbal Abdulla,501219,2011,23,24,4.0,5.75
Iqbal Abdulla,501222,2011,11,12,2.0,5.5
Iqbal Abdulla,501230,2011,24,24,4.0,6.0
Iqbal Abdulla,501234,2011,19,24,4.0,4.75
Iqbal Abdulla,501239,2011,34,24,4.0,8.5
Iqbal Abdulla,501242,2011,16,12,2.0,8.0
Iqbal Abdulla,501245,2011,14,24,4.0,3.5
Iqbal Abdulla,501255,2011,18,18,3.0,6.0
Iqbal Abdulla,501262,2011,11,18,3.0,3.67
Iqbal Abdulla,501267,2011,26,24,4.0,6.5
Iqbal Abdulla,501269,2011,23,18,3.0,7.67
Iqbal Abdulla,548307,2012,8,6,1.0,8.0
Iqbal Abdulla,548312,2012,16,12,2.0,8.0
Iqbal Abdulla,548347,2012,18,18,3.0,6.0
Iqbal Abdulla,548353,2012,25,24,4.0,6.25
Iqbal Abdulla,548370,2012,23,24,4.0,5.75
Iqbal Abdulla,548375,2012,17,18,3.0,5.67
Iqbal Abdulla,548378,2012,24,24,4.0,6.0
Iqbal Abdulla,548381,2012,9,6,1.0,9.0
Iqbal Abdulla,598029,2013,35,24,4.0,8.75
Iqbal Abdulla,598043,2013,22,18,3.0,7.33
Iqbal Abdulla,598050,2013,30,24,4.0,7.5
Iqbal Abdulla,598053,2013,26,24,4.0,6.5
Iqbal Abdulla,598069,2013,29,23,3.8333333333333335,7.57
Iqbal Abdulla,729315,2014,17,12,2.0,8.5
Iqbal Abdulla,829737,2015,32,24,4.0,8.0
Iqbal Abdulla,829745,2015,34,24,4.0,8.5
Iqbal Abdulla,829749,2015,27,24,4.0,6.75
Iqbal Abdulla,829757,2015,16,24,4.0,4.0
Iqbal Abdulla,829779,2015,33,18,3.0,11.0
Iqbal Abdulla,980927,2016,39,24,4.0,9.75
Iqbal Abdulla,980931,2016,21,18,3.0,7.0
Iqbal Abdulla,980937,2016,40,24,4.0,10.0
Iqbal Abdulla,980977,2016,26,18,3.0,8.67
Iqbal Abdulla,980995,2016,21,24,4.0,5.25
Iqbal Abdulla,981011,2016,14,12,2.0,7.0
Iqbal Abdulla,981013,2016,37,24,4.0,9.25
Iqbal Abdulla,981019,2016,10,6,1.0,10.0
Iqbal Abdulla,1082595,2017,33,18,3.0,11.0
Iqbal Abdulla,1082598,2017,18,12,2.0,9.0
J Botha,392225,2009,26,24,4.0,6.5
J Botha,392230,2009,22,24,4.0,5.5
J Botha,392233,2009,19,24,4.0,4.75
J Botha,501199,2011,31,24,4.0,7.75
J Botha,501204,2011,36,24,4.0,9.0
J Botha,501209,2011,13,12,2.0,6.5
J Botha,501225,2011,18,24,4.0,4.5
J Botha,501231,2011,6,12,2.0,3.0
J Botha,501235,2011,23,24,4.0,5.75
J Botha,501240,2011,22,24,4.0,5.5
J Botha,501249,2011,22,24,4.0,5.5
J Botha,501252,2011,42,24,4.0,10.5
J Botha,501263,2011,23,24,4.0,5.75
J Botha,548309,2012,36,24,4.0,9.0
J Botha,548312,2012,32,24,4.0,8.0
J Botha,548317,2012,22,6,1.0,22.0
J Botha,548320,2012,21,24,4.0,5.25
J Botha,548324,2012,30,24,4.0,7.5
J Botha,548326,2012,29,24,4.0,7.25
J Botha,548354,2012,20,24,4.0,5.0
J Botha,548358,2012,25,24,4.0,6.25
J Botha,548361,2012,23,24,4.0,5.75
J Botha,548365,2012,25,24,4.0,6.25
J Botha,548373,2012,29,24,4.0,7.25
J Botha,597998,2013,22,22,3.6666666666666665,6.0
J Botha,598001,2013,19,6,1.0,19.0
J Botha,598010,2013,11,18,3.0,3.67
J Botha,598044,2013,10,18,3.0,3.33
J Botha,598059,2013,23,24,4.0,5.75
J Botha,598062,2013,22,12,2.0,11.0
J Botha,829743,2015,25,24,4.0,6.25
J Botha,829761,2015,14,6,1.0,14.0
J Botha,829781,2015,31,24,4.0,7.75
J Botha,829791,2015,9,6,1.0,9.0
J Little,1359475,2023,41,24,4.0,10.25
J Little,1359481,2023,27,24,4.0,6.75
J Little,1359487,2023,42,24,4.0,10.5
J Little,1359492,2023,28,24,4.0,7.0
J Little,1359509,2023,18,12,2.0,9.0
J Little,1359513,2023,25,24,4.0,6.25
J Little,1359518,2023,27,18,3.0,9.0
J Little,1359522,2023,24,24,4.0,6.0
J Little,1370352,2023,25,18,3.0,8.33
J Little,1370353,2023,30,12,2.0,15.0
J Little,1426290,2024,44,24,4.0,11.0
J Overton,1473448,2025,30,12,2.0,15.0
J Overton,1473467,2025,24,12,2.0,12.0
J Overton,1473475,2025,24,12,2.0,12.0
J Overton,1527676,2026,14,6,1.0,14.0
J Overton,1527684,2026,42,18,3.0,14.0
J Overton,1527691,2026,16,24,4.0,4.0
J Overton,1529265,2026,30,18,3.0,10.0
J Overton,1529270,2026,36,24,4.0,9.0
J Overton,1529276,2026,14,12,2.0,7.0
J Overton,1529280,2026,27,12,2.0,13.5
J Overton,1529287,2026,23,24,4.0,5.75
J Overton,1529291,2026,5,6,1.0,5.0
J Overton,1529296,2026,34,24,4.0,8.5
J Suchith,829717,2015,40,24,4.0,10.0
J Suchith,829721,2015,31,24,4.0,7.75
J Suchith,829729,2015,32,12,2.0,16.0
J Suchith,829751,2015,25,24,4.0,6.25
J Suchith,829769,2015,35,24,4.0,8.75
J Suchith,829775,2015,32,24,4.0,8.0
J Suchith,829783,2015,24,18,3.0,8.0
J Suchith,829789,2015,21,24,4.0,5.25
J Suchith,829795,2015,35,18,3.0,11.67
J Suchith,829805,2015,23,12,2.0,11.5
J Suchith,829815,2015,14,18,3.0,4.67
J Suchith,829817,2015,18,12,2.0,9.0
J Suchith,980909,2016,29,12,2.0,14.5
J Suchith,1178425,2019,28,24,4.0,7.0
J Suchith,1254077,2021,21,24,4.0,5.25
J Suchith,1254080,2021,45,18,3.0,15.0
J Suchith,1304071,2022,32,18,3.0,10.67
J Suchith,1304074,2022,27,24,4.0,6.75
J Suchith,1304082,2022,10,18,3.0,3.33
J Suchith,1304100,2022,27,24,4.0,6.75
J Suchith,1304116,2022,36,24,4.0,9.0
J Syed Mohammad,501222,2011,20,24,4.0,5.0
J Syed Mohammad,501227,2011,17,12,2.0,8.5
J Syed Mohammad,501232,2011,25,12,2.0,12.5
J Syed Mohammad,501270,2011,25,24,4.0,6.25
J Syed Mohammad,501271,2011,39,18,3.0,13.0
J Syed Mohammad,548356,2012,27,18,3.0,9.0
J Syed Mohammad,548360,2012,37,24,4.0,9.25
J Syed Mohammad,598012,2013,14,18,3.0,4.67
J Syed Mohammad,598017,2013,13,12,2.0,6.5
J Syed Mohammad,598033,2013,43,24,4.0,10.75
J Syed Mohammad,598054,2013,19,6,1.0,19.0
J Theron,419121,2010,23,29,4.833333333333333,4.76
J Theron,419124,2010,24,24,4.0,6.0
J Theron,419139,2010,35,24,4.0,8.75
J Theron,419143,2010,23,12,2.0,11.5
J Theron,419149,2010,11,12,2.0,5.5
J Theron,419156,2010,29,24,4.0,7.25
J Theron,419159,2010,42,24,4.0,10.5
J Theron,548341,2012,28,24,4.0,7.0
J Theron,548359,2012,29,24,4.0,7.25
J Theron,829769,2015,38,24,4.0,9.5
J Yadav,829793,2015,19,24,4.0,4.75
J Yadav,829801,2015,8,12,2.0,4.0
J Yadav,829813,2015,2,6,1.0,2.0
J Yadav,980913,2016,22,24,4.0,5.5
J Yadav,980965,2016,25,24,4.0,6.25
J Yadav,980983,2016,31,24,4.0,7.75
J Yadav,981003,2016,37,24,4.0,9.25
J Yadav,981011,2016,8,6,1.0,8.0
J Yadav,1082611,2017,14,12,2.0,7.0
J Yadav,1082630,2017,26,24,4.0,6.5
J Yadav,1178409,2019,25,24,4.0,6.25
J Yadav,1181764,2019,24,18,3.0,8.0
J Yadav,1216535,2020,18,18,3.0,6.0
J Yadav,1237181,2020,25,24,4.0,6.25
J Yadav,1254070,2021,25,24,4.0,6.25
J Yadav,1254074,2021,20,24,4.0,5.0
J Yadav,1254081,2021,34,18,3.0,11.33
J Yadav,1254093,2021,17,12,2.0,8.5
J Yadav,1254112,2021,30,24,4.0,7.5
J Yadav,1359504,2023,26,24,4.0,6.5
JA Duffy,1527674,2026,21,24,4.0,5.25
JA Duffy,1527684,2026,51,24,4.0,12.75
JA Duffy,1527693,2026,54,24,4.0,13.5
JA Duffy,1529300,2026,48,24,4.0,12.0
JA Duffy,1535462,2026,38,24,4.0,9.5
JA Duffy,1535465,2026,35,24,4.0,8.75
JA Morkel,335996,2008,35,24,4.0,8.75
JA Morkel,336001,2008,39,24,4.0,9.75
JA Morkel,336005,2008,2,6,1.0,2.0
JA Morkel,336007,2008,25,24,4.0,6.25
JA Morkel,336009,2008,33,24,4.0,8.25
JA Morkel,336013,2008,25,24,4.0,6.25
JA Morkel,336018,2008,42,18,3.0,14.0
JA Morkel,336025,2008,24,24,4.0,6.0
JA Morkel,336029,2008,32,24,4.0,8.0
JA Morkel,336033,2008,35,24,4.0,8.75
JA Morkel,336037,2008,34,24,4.0,8.5
JA Morkel,336039,2008,27,24,4.0,6.75
JA Morkel,336040,2008,17,24,4.0,4.25
JA Morkel,392185,2009,11,12,2.0,5.5
JA Morkel,392189,2009,41,24,4.0,10.25
JA Morkel,392196,2009,24,18,3.0,8.0
JA Morkel,392202,2009,21,24,4.0,5.25
JA Morkel,392206,2009,32,24,4.0,8.0
JA Morkel,392209,2009,23,18,3.0,7.67
JA Morkel,392214,2009,35,18,3.0,11.67
JA Morkel,392217,2009,22,18,3.0,7.33
JA Morkel,392224,2009,12,24,4.0,3.0
JA Morkel,392227,2009,28,24,4.0,7.0
JA Morkel,392231,2009,34,18,3.0,11.33
JA Morkel,392238,2009,26,18,3.0,8.67
JA Morkel,419110,2010,40,24,4.0,10.0
JA Morkel,419113,2010,5,12,2.0,2.5
JA Morkel,419116,2010,25,18,3.0,8.33
JA Morkel,419121,2010,23,24,4.0,5.75
JA Morkel,419123,2010,28,24,4.0,7.0
JA Morkel,419125,2010,24,24,4.0,6.0
JA Morkel,419129,2010,46,24,4.0,11.5
JA Morkel,419133,2010,40,24,4.0,10.0
JA Morkel,419137,2010,56,24,4.0,14.0
JA Morkel,419153,2010,9,12,2.0,4.5
JA Morkel,419155,2010,15,16,2.6666666666666665,5.62
JA Morkel,419159,2010,47,24,4.0,11.75
JA Morkel,419163,2010,15,18,3.0,5.0
JA Morkel,419165,2010,19,18,3.0,6.33
JA Morkel,501198,2011,31,18,3.0,10.33
JA Morkel,501206,2011,38,18,3.0,12.67
JA Morkel,501211,2011,33,24,4.0,8.25
JA Morkel,501215,2011,17,12,2.0,8.5
JA Morkel,501221,2011,19,24,4.0,4.75
JA Morkel,501226,2011,26,24,4.0,6.5
JA Morkel,501236,2011,36,24,4.0,9.0
JA Morkel,501240,2011,24,24,4.0,6.0
JA Morkel,501245,2011,13,12,2.0,6.5
JA Morkel,501249,2011,20,18,3.0,6.67
JA Morkel,501253,2011,36,18,3.0,12.0
JA Morkel,501266,2011,14,12,2.0,7.0
JA Morkel,501268,2011,40,24,4.0,10.0
JA Morkel,501271,2011,24,18,3.0,8.0
JA Morkel,548306,2012,19,24,4.0,4.75
JA Morkel,548311,2012,19,12,2.0,9.5
JA Morkel,548316,2012,24,12,2.0,12.0
JA Morkel,548318,2012,33,24,4.0,8.25
JA Morkel,548322,2012,21,12,2.0,10.5
JA Morkel,548343,2012,29,24,4.0,7.25
JA Morkel,548347,2012,19,24,4.0,4.75
JA Morkel,548352,2012,16,18,3.0,5.33
JA Morkel,548355,2012,34,18,3.0,11.33
JA Morkel,548361,2012,18,18,3.0,6.0
JA Morkel,548364,2012,14,24,4.0,3.5
JA Morkel,548371,2012,26,21,3.5,7.43
JA Morkel,548379,2012,31,24,4.0,7.75
JA Morkel,548380,2012,28,18,3.0,9.33
JA Morkel,548381,2012,36,24,4.0,9.0
JA Morkel,598020,2013,12,18,3.0,4.0
JA Morkel,598022,2013,35,24,4.0,8.75
JA Morkel,598038,2013,20,18,3.0,6.67
JA Morkel,598041,2013,20,24,4.0,5.0
JA Morkel,598062,2013,29,24,4.0,7.25
JA Morkel,598070,2013,25,18,3.0,8.33
JA Morkel,598073,2013,12,18,3.0,4.0
JA Morkel,729281,2014,18,18,3.0,6.0
JA Morkel,729287,2014,17,18,3.0,5.67
JA Morkel,729299,2014,20,12,2.0,10.0
JA Morkel,729313,2014,22,12,2.0,11.0
JA Morkel,733991,2014,20,24,4.0,5.0
JA Morkel,733999,2014,20,12,2.0,10.0
JA Morkel,829707,2015,27,18,3.0,9.0
JA Morkel,829761,2015,24,18,3.0,8.0
JA Morkel,829793,2015,35,18,3.0,11.67
JA Morkel,829801,2015,21,18,3.0,7.0
JA Morkel,980939,2016,33,18,3.0,11.0
JA Morkel,980949,2016,28,12,2.0,14.0
JA Richardson,1254061,2021,53,24,4.0,13.25
JA Richardson,1254065,2021,21,18,3.0,7.0
JA Richardson,1254068,2021,40,24,4.0,10.0
JA Richardson,1422138,2024,38,24,4.0,9.5
JC Archer,1136581,2018,22,24,4.0,5.5
JC Archer,1136588,2018,26,24,4.0,6.5
JC Archer,1136592,2018,30,19,3.1666666666666665,9.47
JC Archer,1136598,2018,42,22,3.6666666666666665,11.45
JC Archer,1136600,2018,32,24,4.0,8.0
JC Archer,1136603,2018,36,24,4.0,9.0
JC Archer,1136607,2018,13,24,4.0,3.25
JC Archer,1136609,2018,43,24,4.0,10.75
JC Archer,1136613,2018,36,24,4.0,9.0
JC Archer,1136618,2018,29,24,4.0,7.25
JC Archer,1175359,2019,17,24,4.0,4.25
JC Archer,1175363,2019,40,24,4.0,10.0
JC Archer,1175367,2019,17,24,4.0,4.25
JC Archer,1175369,2019,45,24,4.0,11.25
JC Archer,1178396,2019,14,18,3.0,4.67
JC Archer,1178400,2019,19,24,4.0,4.75
JC Archer,1178402,2019,38,24,4.0,9.5
JC Archer,1178407,2019,14,25,4.166666666666667,3.36
JC Archer,1178411,2019,22,24,4.0,5.5
JC Archer,1178415,2019,31,24,4.0,7.75
JC Archer,1178418,2019,27,24,4.0,6.75
JC Archer,1216496,2020,25,24,4.0,6.25
JC Archer,1216500,2020,23,24,4.0,5.75
JC Archer,1216504,2020,18,24,4.0,4.5
JC Archer,1216507,2020,23,24,4.0,5.75
JC Archer,1216511,2020,33,25,4.166666666666667,7.92
JC Archer,1216514,2020,18,24,4.0,4.5
JC Archer,1216518,2020,20,24,4.0,5.0
JC Archer,1216522,2020,37,22,3.6666666666666665,10.09
JC Archer,1216527,2020,45,24,4.0,11.25
JC Archer,1216530,2020,19,24,4.0,4.75
JC Archer,1216533,2020,20,24,4.0,5.0
JC Archer,1216537,2020,26,24,4.0,6.5
JC Archer,1216541,2020,30,24,4.0,7.5
JC Archer,1216543,2020,16,24,4.0,4.0
JC Archer,1359479,2023,33,24,4.0,8.25
JC Archer,1359505,2023,41,24,4.0,10.25
JC Archer,1359516,2023,25,24,4.0,6.25
JC Archer,1359520,2023,48,24,4.0,12.0
JC Archer,1359523,2023,23,24,4.0,5.75
JC Archer,1473439,2025,73,25,4.166666666666667,17.52
JC Archer,1473443,2025,29,15,2.5,11.6
JC Archer,1473448,2025,13,18,3.0,4.33
JC Archer,1473455,2025,24,24,4.0,6.0
JC Archer,1473460,2025,28,24,4.0,7.0
JC Archer,1473465,2025,33,24,4.0,8.25
JC Archer,1473469,2025,30,24,4.0,7.5
JC Archer,1473473,2025,31,24,4.0,7.75
JC Archer,1473479,2025,27,24,4.0,6.75
JC Archer,1473484,2025,49,24,4.0,12.25
JC Archer,1473487,2025,42,24,4.0,10.5
JC Archer,1473490,2025,29,24,4.0,7.25
JC Archer,1527676,2026,18,24,4.0,4.5
JC Archer,1527682,2026,33,24,4.0,8.25
JC Archer,1527686,2026,17,12,2.0,8.5
JC Archer,1527689,2026,33,18,3.0,11.0
JC Archer,1529264,2026,37,24,4.0,9.25
JC Archer,1529271,2026,33,24,4.0,8.25
JC Archer,1529275,2026,19,24,4.0,4.75
JC Archer,1529279,2026,33,24,4.0,8.25
JC Archer,1529283,2026,40,24,4.0,10.0
JC Archer,1529286,2026,44,24,4.0,11.0
JC Archer,1529295,2026,35,18,3.0,11.67
JC Archer,1529305,2026,28,24,4.0,7.0
JC Archer,1529307,2026,39,24,4.0,9.75
JC Archer,1529312,2026,17,24,4.0,4.25
JC Archer,1535463,2026,57,24,4.0,14.25
JC Archer,1535464,2026,44,24,4.0,11.0
JD Ryder,392182,2009,13,24,4.0,3.25
JD Ryder,392188,2009,28,18,3.0,9.33
JD Ryder,392191,2009,23,12,2.0,11.5
JD Ryder,392204,2009,24,24,4.0,6.0
JD Ryder,392221,2009,25,24,4.0,6.25
JD Ryder,501202,2011,8,18,3.0,2.67
JD Ryder,501207,2011,8,12,2.0,4.0
JD Ryder,501213,2011,34,20,3.3333333333333335,10.2
JD Ryder,501218,2011,15,12,2.0,7.5
JD Ryder,501228,2011,20,12,2.0,10.0
JD Ryder,501232,2011,20,12,2.0,10.0
JD Ryder,501241,2011,11,6,1.0,11.0
JD Ryder,548313,2012,23,18,3.0,7.67
JD Ryder,548319,2012,12,12,2.0,6.0
JD Ryder,548333,2012,18,6,1.0,18.0
JD Ryder,548365,2012,15,6,1.0,15.0
JD Unadkat,419139,2010,32,14,2.3333333333333335,13.71
JD Unadkat,419158,2010,26,24,4.0,6.5
JD Unadkat,419161,2010,27,24,4.0,6.75
JD Unadkat,501203,2011,34,24,4.0,8.5
JD Unadkat,501222,2011,24,18,3.0,8.0
JD Unadkat,501230,2011,24,24,4.0,6.0
JD Unadkat,501242,2011,24,24,4.0,6.0
JD Unadkat,501245,2011,11,6,1.0,11.0
JD Unadkat,501255,2011,30,12,2.0,15.0
JD Unadkat,548323,2012,32,18,3.0,10.67
JD Unadkat,597999,2013,26,24,4.0,6.5
JD Unadkat,598004,2013,23,24,4.0,5.75
JD Unadkat,598008,2013,34,24,4.0,8.5
JD Unadkat,598017,2013,22,24,4.0,5.5
JD Unadkat,598023,2013,32,24,4.0,8.0
JD Unadkat,598027,2013,37,24,4.0,9.25
JD Unadkat,598033,2013,32,24,4.0,8.0
JD Unadkat,598036,2013,30,18,3.0,10.0
JD Unadkat,598045,2013,34,24,4.0,8.5
JD Unadkat,598048,2013,29,24,4.0,7.25
JD Unadkat,598054,2013,24,24,4.0,6.0
JD Unadkat,598057,2013,27,24,4.0,6.75
JD Unadkat,598068,2013,15,12,2.0,7.5
JD Unadkat,729289,2014,25,24,4.0,6.25
JD Unadkat,729293,2014,32,24,4.0,8.0
JD Unadkat,729301,2014,43,24,4.0,10.75
JD Unadkat,729309,2014,29,24,4.0,7.25
JD Unadkat,733975,2014,35,21,3.5,10.0
JD Unadkat,733981,2014,47,22,3.6666666666666665,12.82
JD Unadkat,734019,2014,30,24,4.0,7.5
JD Unadkat,734031,2014,24,12,2.0,12.0
JD Unadkat,734039,2014,3,12,2.0,1.5
JD Unadkat,829715,2015,30,18,3.0,10.0
JD Unadkat,980947,2016,48,18,3.0,16.0
JD Unadkat,1082607,2017,24,24,4.0,6.0
JD Unadkat,1082615,2017,41,24,4.0,10.25
JD Unadkat,1082618,2017,39,24,4.0,9.75
JD Unadkat,1082620,2017,25,18,3.0,8.33
JD Unadkat,1082624,2017,18,24,4.0,4.5
JD Unadkat,1082629,2017,29,23,3.8333333333333335,7.57
JD Unadkat,1082631,2017,28,24,4.0,7.0
JD Unadkat,1082634,2017,30,24,4.0,7.5
JD Unadkat,1082642,2017,29,24,4.0,7.25
JD Unadkat,1082645,2017,12,18,3.0,4.0
JD Unadkat,1082647,2017,24,24,4.0,6.0
JD Unadkat,1082650,2017,19,24,4.0,4.75
JD Unadkat,1136564,2018,27,18,3.0,9.0
JD Unadkat,1136566,2018,24,12,2.0,12.0
JD Unadkat,1136571,2018,35,18,3.0,11.67
JD Unadkat,1136575,2018,34,18,3.0,11.33
JD Unadkat,1136577,2018,39,24,4.0,9.75
JD Unadkat,1136581,2018,31,24,4.0,7.75
JD Unadkat,1136588,2018,33,18,3.0,11.0
JD Unadkat,1136592,2018,46,24,4.0,11.5
JD Unadkat,1136598,2018,25,24,4.0,6.25
JD Unadkat,1136600,2018,35,24,4.0,8.75
JD Unadkat,1136603,2018,30,24,4.0,7.5
JD Unadkat,1136607,2018,36,24,4.0,9.0
JD Unadkat,1136609,2018,23,18,3.0,7.67
JD Unadkat,1136613,2018,27,20,3.3333333333333335,8.1
JD Unadkat,1136618,2018,33,12,2.0,16.5
JD Unadkat,1175359,2019,43,18,3.0,14.33
JD Unadkat,1175363,2019,24,18,3.0,8.0
JD Unadkat,1175367,2019,51,24,4.0,12.75
JD Unadkat,1178400,2019,23,18,3.0,7.67
JD Unadkat,1178402,2019,34,24,4.0,8.5
JD Unadkat,1178407,2019,48,24,4.0,12.0
JD Unadkat,1178411,2019,43,24,4.0,10.75
JD Unadkat,1178415,2019,36,20,3.3333333333333335,10.8
JD Unadkat,1178418,2019,49,24,4.0,12.25
JD Unadkat,1178420,2019,26,24,4.0,6.5
JD Unadkat,1178424,2019,9,6,1.0,9.0
JD Unadkat,1216496,2020,42,24,4.0,10.5
JD Unadkat,1216504,2020,14,12,2.0,7.0
JD Unadkat,1216507,2020,30,24,4.0,7.5
JD Unadkat,1216514,2020,31,18,3.0,10.33
JD Unadkat,1216522,2020,45,24,4.0,11.25
JD Unadkat,1216527,2020,26,18,3.0,8.67
JD Unadkat,1216543,2020,32,18,3.0,10.67
JD Unadkat,1254064,2021,15,24,4.0,3.75
JD Unadkat,1254069,2021,40,24,4.0,10.0
JD Unadkat,1254075,2021,25,24,4.0,6.25
JD Unadkat,1254081,2021,33,24,4.0,8.25
JD Unadkat,1254100,2021,19,12,2.0,9.5
JD Unadkat,1254106,2021,34,24,4.0,8.5
JD Unadkat,1304064,2022,30,24,4.0,7.5
JD Unadkat,1304069,2022,42,24,4.0,10.5
JD Unadkat,1304072,2022,31,24,4.0,7.75
JD Unadkat,1304079,2022,47,24,4.0,11.75
JD Unadkat,1304083,2022,36,24,4.0,9.0
JD Unadkat,1359477,2023,33,18,3.0,11.0
JD Unadkat,1359484,2023,25,18,3.0,8.33
JD Unadkat,1359489,2023,26,12,2.0,13.0
JD Unadkat,1422126,2024,45,24,4.0,11.25
JD Unadkat,1422130,2024,33,19,3.1666666666666665,10.42
JD Unadkat,1422136,2024,28,24,4.0,7.0
JD Unadkat,1426261,2024,46,24,4.0,11.5
JD Unadkat,1426268,2024,36,12,2.0,18.0
JD Unadkat,1426279,2024,28,24,4.0,7.0
JD Unadkat,1426284,2024,37,24,4.0,9.25
JD Unadkat,1426288,2024,21,12,2.0,10.5
JD Unadkat,1426295,2024,19,12,2.0,9.5
JD Unadkat,1426311,2024,4,6,1.0,4.0
JD Unadkat,1426312,2024,9,6,1.0,9.0
JD Unadkat,1473457,2025,16,12,2.0,8.0
JD Unadkat,1473478,2025,25,18,3.0,8.33
JD Unadkat,1473480,2025,20,17,2.8333333333333335,7.06
JD Unadkat,1473488,2025,34,24,4.0,8.5
JD Unadkat,1473492,2025,13,24,4.0,3.25
JD Unadkat,1473503,2025,40,24,4.0,10.0
JD Unadkat,1473505,2025,24,24,4.0,6.0
JD Unadkat,1527674,2026,28,18,3.0,9.33
JD Unadkat,1527679,2026,21,18,3.0,7.0
JD Unadkat,1527683,2026,50,23,3.8333333333333335,13.04
JD Unadkat,1527690,2026,40,18,3.0,13.33
JDP Oram,335983,2008,37,24,4.0,9.25
JDP Oram,335989,2008,51,24,4.0,12.75
JDP Oram,335993,2008,32,24,4.0,8.0
JDP Oram,335996,2008,25,24,4.0,6.25
JDP Oram,392181,2009,30,24,4.0,7.5
JDP Oram,392196,2009,28,18,3.0,9.33
JDP Oram,392202,2009,27,24,4.0,6.75
JDP Oram,392206,2009,14,6,1.0,14.0
JDP Oram,392217,2009,8,6,1.0,8.0
JDP Oram,392224,2009,12,10,1.6666666666666665,7.2
JDP Oram,501199,2011,13,12,2.0,6.5
JDP Oram,501258,2011,32,12,2.0,16.0
JDP Oram,597999,2013,20,24,4.0,5.0
JDS Neesham,729281,2014,22,12,2.0,11.0
JDS Neesham,729289,2014,24,12,2.0,12.0
JDS Neesham,729293,2014,28,24,4.0,7.0
JDS Neesham,734039,2014,14,6,1.0,14.0
JDS Neesham,1216503,2020,51,24,4.0,12.75
JDS Neesham,1216506,2020,25,18,3.0,8.33
JDS Neesham,1216510,2020,12,12,2.0,6.0
JDS Neesham,1216527,2020,40,24,4.0,10.0
JDS Neesham,1216546,2020,17,12,2.0,8.5
JDS Neesham,1254084,2021,26,12,2.0,13.0
JDS Neesham,1254088,2021,28,18,3.0,9.33
JDS Neesham,1254093,2021,12,24,4.0,3.0
JDS Neesham,1304070,2022,29,18,3.0,9.67
JE Root,1359530,2023,14,12,2.0,7.0
JE Taylor,501226,2011,28,24,4.0,7.0
JE Taylor,501228,2011,25,24,4.0,6.25
JE Taylor,501232,2011,43,24,4.0,10.75
JE Taylor,501235,2011,22,21,3.5,6.29
JE Taylor,501241,2011,34,24,4.0,8.5
JEC Franklin,501201,2011,9,6,1.0,9.0
JEC Franklin,501205,2011,9,6,1.0,9.0
JEC Franklin,501218,2011,28,18,3.0,9.33
JEC Franklin,501267,2011,35,24,4.0,8.75
JEC Franklin,501269,2011,10,6,1.0,10.0
JEC Franklin,548306,2012,18,12,2.0,9.0
JEC Franklin,548308,2012,12,6,1.0,12.0
JEC Franklin,548317,2012,21,12,2.0,10.5
JEC Franklin,548339,2012,4,6,1.0,4.0
JEC Franklin,548346,2012,18,18,3.0,6.0
JEC Franklin,548351,2012,20,18,3.0,6.67
JEC Franklin,548355,2012,8,6,1.0,8.0
JEC Franklin,548377,2012,6,6,1.0,6.0
JEC Franklin,548379,2012,12,6,1.0,12.0
JH Kallis,335982,2008,47,24,4.0,11.75
JH Kallis,335985,2008,41,18,3.0,13.67
JH Kallis,335992,2008,7,6,1.0,7.0
JH Kallis,335996,2008,36,24,4.0,9.0
JH Kallis,335998,2008,39,24,4.0,9.75
JH Kallis,336002,2008,18,8,1.3333333333333333,13.5
JH Kallis,336006,2008,14,18,3.0,4.67
JH Kallis,336023,2008,34,24,4.0,8.5
JH Kallis,336026,2008,16,12,2.0,8.0
JH Kallis,336029,2008,15,24,4.0,3.75
JH Kallis,336034,2008,35,24,4.0,8.75
JH Kallis,392185,2009,28,12,2.0,14.0
JH Kallis,392188,2009,19,12,2.0,9.5
JH Kallis,392191,2009,45,24,4.0,11.25
JH Kallis,392194,2009,34,18,3.0,11.33
JH Kallis,392204,2009,19,18,3.0,6.33
JH Kallis,392208,2009,20,24,4.0,5.0
JH Kallis,392213,2009,19,24,4.0,4.75
JH Kallis,392218,2009,20,18,3.0,6.67
JH Kallis,392221,2009,34,24,4.0,8.5
JH Kallis,392224,2009,18,24,4.0,4.5
JH Kallis,392232,2009,17,24,4.0,4.25
JH Kallis,392236,2009,8,6,1.0,8.0
JH Kallis,392238,2009,25,24,4.0,6.25
JH Kallis,392239,2009,24,24,4.0,6.0
JH Kallis,419109,2010,34,18,3.0,11.33
JH Kallis,419112,2010,38,24,4.0,9.5
JH Kallis,419115,2010,18,24,4.0,4.5
JH Kallis,419119,2010,35,24,4.0,8.75
JH Kallis,419123,2010,29,24,4.0,7.25
JH Kallis,419128,2010,35,24,4.0,8.75
JH Kallis,419133,2010,21,18,3.0,7.0
JH Kallis,419136,2010,40,24,4.0,10.0
JH Kallis,419140,2010,26,18,3.0,8.67
JH Kallis,419145,2010,32,24,4.0,8.0
JH Kallis,419148,2010,30,24,4.0,7.5
JH Kallis,419151,2010,40,24,4.0,10.0
JH Kallis,419154,2010,18,24,4.0,4.5
JH Kallis,419157,2010,40,24,4.0,10.0
JH Kallis,419162,2010,25,12,2.0,12.5
JH Kallis,419164,2010,3,12,2.0,1.5
JH Kallis,501198,2011,34,18,3.0,11.33
JH Kallis,501209,2011,29,24,4.0,7.25
JH Kallis,501230,2011,11,12,2.0,5.5
JH Kallis,501239,2011,11,12,2.0,5.5
JH Kallis,501242,2011,20,18,3.0,6.67
JH Kallis,501245,2011,9,6,1.0,9.0
JH Kallis,501255,2011,15,18,3.0,5.0
JH Kallis,501262,2011,18,12,2.0,9.0
JH Kallis,501269,2011,17,24,4.0,4.25
JH Kallis,548307,2012,23,18,3.0,7.67
JH Kallis,548312,2012,34,24,4.0,8.5
JH Kallis,548315,2012,7,12,2.0,3.5
JH Kallis,548320,2012,26,18,3.0,8.67
JH Kallis,548323,2012,30,24,4.0,7.5
JH Kallis,548328,2012,23,18,3.0,7.67
JH Kallis,548335,2012,16,12,2.0,8.0
JH Kallis,548344,2012,29,24,4.0,7.25
JH Kallis,548347,2012,20,24,4.0,5.0
JH Kallis,548353,2012,15,12,2.0,7.5
JH Kallis,548357,2012,20,24,4.0,5.0
JH Kallis,548363,2012,38,24,4.0,9.5
JH Kallis,548368,2012,25,18,3.0,8.33
JH Kallis,548370,2012,32,24,4.0,8.0
JH Kallis,548378,2012,21,24,4.0,5.25
JH Kallis,548381,2012,32,24,4.0,8.0
JH Kallis,597998,2013,21,18,3.0,7.0
JH Kallis,598005,2013,26,24,4.0,6.5
JH Kallis,598008,2013,22,24,4.0,5.5
JH Kallis,598013,2013,12,24,4.0,3.0
JH Kallis,598016,2013,24,24,4.0,6.0
JH Kallis,598022,2013,32,24,4.0,8.0
JH Kallis,598031,2013,14,24,4.0,3.5
JH Kallis,598034,2013,50,24,4.0,12.5
JH Kallis,598040,2013,29,18,3.0,9.67
JH Kallis,598043,2013,22,18,3.0,7.33
JH Kallis,598050,2013,20,18,3.0,6.67
JH Kallis,598053,2013,26,24,4.0,6.5
JH Kallis,598057,2013,17,24,4.0,4.25
JH Kallis,598061,2013,47,24,4.0,11.75
JH Kallis,598069,2013,13,6,1.0,13.0
JH Kallis,729279,2014,23,18,3.0,7.67
JH Kallis,729289,2014,15,12,2.0,7.5
JH Kallis,729299,2014,26,24,4.0,6.5
JH Kallis,729307,2014,31,24,4.0,7.75
JH Kallis,729315,2014,4,6,1.0,4.0
JH Kallis,733971,2014,10,6,1.0,10.0
JH Kallis,733985,2014,38,24,4.0,9.5
JH Kallis,733997,2014,37,18,3.0,12.33
JJ Bumrah,597999,2013,32,24,4.0,8.0
JJ Bumrah,598024,2013,35,18,3.0,11.67
JJ Bumrah,729287,2014,14,12,2.0,7.0
JJ Bumrah,733973,2014,21,24,4.0,5.25
JJ Bumrah,733983,2014,22,24,4.0,5.5
JJ Bumrah,733995,2014,32,24,4.0,8.0
JJ Bumrah,734001,2014,24,24,4.0,6.0
JJ Bumrah,734009,2014,23,18,3.0,7.67
JJ Bumrah,734017,2014,21,18,3.0,7.0
JJ Bumrah,734025,2014,31,24,4.0,7.75
JJ Bumrah,734031,2014,36,24,4.0,9.0
JJ Bumrah,734041,2014,29,24,4.0,7.25
JJ Bumrah,734045,2014,39,22,3.6666666666666665,10.64
JJ Bumrah,829705,2015,37,18,3.0,12.33
JJ Bumrah,829737,2015,34,24,4.0,8.5
JJ Bumrah,829747,2015,55,24,4.0,13.75
JJ Bumrah,829795,2015,49,24,4.0,12.25
JJ Bumrah,980901,2016,28,18,3.0,9.33
JJ Bumrah,980909,2016,32,24,4.0,8.0
JJ Bumrah,980917,2016,30,24,4.0,7.5
JJ Bumrah,980923,2016,18,18,3.0,6.0
JJ Bumrah,980927,2016,31,24,4.0,7.75
JJ Bumrah,980933,2016,40,24,4.0,10.0
JJ Bumrah,980941,2016,26,24,4.0,6.5
JJ Bumrah,980947,2016,34,24,4.0,8.5
JJ Bumrah,980957,2016,29,24,4.0,7.25
JJ Bumrah,980973,2016,35,24,4.0,8.75
JJ Bumrah,980981,2016,28,24,4.0,7.0
JJ Bumrah,980985,2016,12,12,2.0,6.0
JJ Bumrah,980993,2016,13,24,4.0,3.25
JJ Bumrah,981007,2016,39,24,4.0,9.75
JJ Bumrah,1082592,2017,29,24,4.0,7.25
JJ Bumrah,1082597,2017,35,24,4.0,8.75
JJ Bumrah,1082600,2017,24,24,4.0,6.0
JJ Bumrah,1082602,2017,37,24,4.0,9.25
JJ Bumrah,1082606,2017,40,24,4.0,10.0
JJ Bumrah,1082612,2017,26,24,4.0,6.5
JJ Bumrah,1082614,2017,20,24,4.0,5.0
JJ Bumrah,1082618,2017,29,24,4.0,7.25
JJ Bumrah,1082625,2017,30,30,5.0,6.0
JJ Bumrah,1082628,2017,33,24,4.0,8.25
JJ Bumrah,1082635,2017,6,6,1.0,6.0
JJ Bumrah,1082638,2017,23,20,3.3333333333333335,6.9
JJ Bumrah,1082641,2017,24,24,4.0,6.0
JJ Bumrah,1082647,2017,33,24,4.0,8.25
JJ Bumrah,1082649,2017,7,18,3.0,2.33
JJ Bumrah,1082650,2017,26,24,4.0,6.5
JJ Bumrah,1136561,2018,36,24,4.0,9.0
JJ Bumrah,1136567,2018,32,24,4.0,8.0
JJ Bumrah,1136569,2018,27,24,4.0,6.75
JJ Bumrah,1136574,2018,27,24,4.0,6.75
JJ Bumrah,1136581,2018,26,24,4.0,6.5
JJ Bumrah,1136583,2018,25,24,4.0,6.25
JJ Bumrah,1136587,2018,24,24,4.0,6.0
JJ Bumrah,1136591,2018,22,24,4.0,5.5
JJ Bumrah,1136594,2018,19,24,4.0,4.75
JJ Bumrah,1136597,2018,34,24,4.0,8.5
JJ Bumrah,1136601,2018,17,18,3.0,5.67
JJ Bumrah,1136607,2018,29,18,3.0,9.67
JJ Bumrah,1136610,2018,14,24,4.0,3.5
JJ Bumrah,1136615,2018,26,24,4.0,6.5
JJ Bumrah,1175358,2019,40,24,4.0,10.0
JJ Bumrah,1175362,2019,19,24,4.0,4.75
JJ Bumrah,1175364,2019,23,22,3.6666666666666665,6.27
JJ Bumrah,1175370,2019,24,24,4.0,6.0
JJ Bumrah,1178394,2019,16,18,3.0,5.33
JJ Bumrah,1178399,2019,36,24,4.0,9.0
JJ Bumrah,1178402,2019,23,24,4.0,5.75
JJ Bumrah,1178406,2019,22,24,4.0,5.5
JJ Bumrah,1178409,2019,18,24,4.0,4.5
JJ Bumrah,1178411,2019,21,24,4.0,5.25
JJ Bumrah,1178419,2019,9,18,3.0,3.0
JJ Bumrah,1178422,2019,41,24,4.0,10.25
JJ Bumrah,1178426,2019,39,28,4.666666666666667,8.36
JJ Bumrah,1178431,2019,26,24,4.0,6.5
JJ Bumrah,1181764,2019,30,24,4.0,7.5
JJ Bumrah,1181768,2019,14,24,4.0,3.5
JJ Bumrah,1216492,2020,37,24,4.0,9.25
JJ Bumrah,1216499,2020,13,24,4.0,3.25
JJ Bumrah,1216503,2020,18,24,4.0,4.5
JJ Bumrah,1216508,2020,31,24,4.0,7.75
JJ Bumrah,1216511,2020,20,24,4.0,5.0
JJ Bumrah,1216517,2020,28,30,5.0,5.6
JJ Bumrah,1216521,2020,25,24,4.0,6.25
JJ Bumrah,1216526,2020,21,24,4.0,5.25
JJ Bumrah,1216529,2020,26,24,4.0,6.5
JJ Bumrah,1216535,2020,16,24,4.0,4.0
JJ Bumrah,1216538,2020,39,24,4.0,9.75
JJ Bumrah,1216541,2020,37,24,4.0,9.25
JJ Bumrah,1216547,2020,52,30,5.0,10.4
JJ Bumrah,1237177,2020,13,24,4.0,3.25
JJ Bumrah,1237181,2020,28,24,4.0,7.0
JJ Bumrah,1254058,2021,26,24,4.0,6.5
JJ Bumrah,1254062,2021,27,24,4.0,6.75
JJ Bumrah,1254066,2021,14,24,4.0,3.5
JJ Bumrah,1254070,2021,26,24,4.0,6.5
JJ Bumrah,1254074,2021,21,18,3.0,7.0
JJ Bumrah,1254081,2021,15,24,4.0,3.75
JJ Bumrah,1254084,2021,47,24,4.0,11.75
JJ Bumrah,1254088,2021,32,24,4.0,8.0
JJ Bumrah,1254093,2021,13,24,4.0,3.25
JJ Bumrah,1254096,2021,38,24,4.0,9.5
JJ Bumrah,1254099,2021,24,24,4.0,6.0
JJ Bumrah,1254104,2021,31,24,4.0,7.75
JJ Bumrah,1254108,2021,34,24,4.0,8.5
JJ Bumrah,1254112,2021,29,24,4.0,7.25
JJ Bumrah,1304048,2022,43,20,3.3333333333333335,12.9
JJ Bumrah,1304055,2022,17,24,4.0,4.25
JJ Bumrah,1304060,2022,26,18,3.0,8.67
JJ Bumrah,1304064,2022,31,24,4.0,7.75
JJ Bumrah,1304069,2022,26,24,4.0,6.5
JJ Bumrah,1304072,2022,22,24,4.0,5.5
JJ Bumrah,1304079,2022,27,24,4.0,6.75
JJ Bumrah,1304083,2022,31,24,4.0,7.75
JJ Bumrah,1304090,2022,25,24,4.0,6.25
JJ Bumrah,1304097,2022,48,24,4.0,12.0
JJ Bumrah,1304102,2022,10,24,4.0,2.5
JJ Bumrah,1304105,2022,12,18,3.0,4.0
JJ Bumrah,1304111,2022,32,24,4.0,8.0
JJ Bumrah,1304115,2022,25,24,4.0,6.25
JJ Bumrah,1422123,2024,14,24,4.0,3.5
JJ Bumrah,1422126,2024,33,24,4.0,8.25
JJ Bumrah,1422132,2024,17,24,4.0,4.25
JJ Bumrah,1422138,2024,22,24,4.0,5.5
JJ Bumrah,1426263,2024,21,24,4.0,5.25
JJ Bumrah,1426267,2024,25,24,4.0,6.25
JJ Bumrah,1426271,2024,19,24,4.0,4.75
JJ Bumrah,1426276,2024,34,24,4.0,8.5
JJ Bumrah,1426281,2024,26,24,4.0,6.5
JJ Bumrah,1426286,2024,17,24,4.0,4.25
JJ Bumrah,1426289,2024,18,23,3.8333333333333335,4.7
JJ Bumrah,1426293,2024,22,24,4.0,5.5
JJ Bumrah,1426298,2024,39,24,4.0,9.75
JJ Bumrah,1473458,2025,29,24,4.0,7.25
JJ Bumrah,1473466,2025,44,24,4.0,11.0
JJ Bumrah,1473470,2025,20,24,4.0,5.0
JJ Bumrah,1473475,2025,24,24,4.0,6.0
JJ Bumrah,1473478,2025,39,24,4.0,9.75
JJ Bumrah,1473482,2025,21,24,4.0,5.25
JJ Bumrah,1473487,2025,15,24,4.0,3.75
JJ Bumrah,1473493,2025,18,24,4.0,4.5
JJ Bumrah,1473501,2025,12,20,3.3333333333333335,3.6
JJ Bumrah,1473506,2025,23,24,4.0,5.75
JJ Bumrah,1473509,2025,26,24,4.0,6.5
JJ Bumrah,1473510,2025,40,24,4.0,10.0
JJ Bumrah,1527675,2026,33,24,4.0,8.25
JJ Bumrah,1527681,2026,20,24,4.0,5.0
JJ Bumrah,1527686,2026,31,18,3.0,10.33
JJ Bumrah,1527693,2026,34,24,4.0,8.5
JJ Bumrah,1529267,2026,38,24,4.0,9.5
JJ Bumrah,1529273,2026,13,18,3.0,4.33
JJ Bumrah,1529276,2026,25,24,4.0,6.25
JJ Bumrah,1529284,2026,52,24,4.0,13.0
JJ Bumrah,1529287,2026,19,18,3.0,6.33
JJ Bumrah,1529290,2026,34,24,4.0,8.5
JJ Bumrah,1529297,2026,18,24,4.0,4.5
JJ Bumrah,1529301,2026,33,24,4.0,8.25
JJ Bumrah,1529308,2026,25,24,4.0,6.25
JJ van der Wath,501208,2011,27,24,4.0,6.75
JJ van der Wath,501211,2011,48,24,4.0,12.0
JJ van der Wath,501260,2011,50,24,4.0,12.5
JL Pattinson,1216492,2020,26,24,4.0,6.5
JL Pattinson,1216495,2020,29,18,3.0,9.67
JL Pattinson,1216499,2020,35,18,3.0,11.67
JL Pattinson,1216503,2020,27,24,4.0,6.75
JL Pattinson,1216508,2020,24,24,4.0,6.0
JL Pattinson,1216511,2020,19,19,3.1666666666666665,6.0
JL Pattinson,1216529,2020,34,18,3.0,11.33
JL Pattinson,1216538,2020,28,24,4.0,7.0
JL Pattinson,1216541,2020,38,20,3.3333333333333335,11.4
JL Pattinson,1216547,2020,51,24,4.0,12.75
JM Kemp,419110,2010,14,13,2.1666666666666665,6.46
JM Kemp,419113,2010,11,18,3.0,3.67
JM Kemp,419116,2010,14,6,1.0,14.0
JM Kemp,419159,2010,12,6,1.0,12.0
JO Holder,598026,2013,28,24,4.0,7.0
JO Holder,598030,2013,29,24,4.0,7.25
JO Holder,598051,2013,27,18,3.0,9.0
JO Holder,598058,2013,20,24,4.0,5.0
JO Holder,598062,2013,39,24,4.0,9.75
JO Holder,598068,2013,20,6,1.0,20.0
JO Holder,734037,2014,23,18,3.0,7.67
JO Holder,980951,2016,34,24,4.0,8.5
JO Holder,981001,2016,13,12,2.0,6.5
JO Holder,981009,2016,20,18,3.0,6.67
JO Holder,981015,2016,31,24,4.0,7.75
JO Holder,1216495,2020,25,24,4.0,6.25
JO Holder,1216498,2020,25,24,4.0,6.25
JO Holder,1216502,2020,26,24,4.0,6.5
JO Holder,1216518,2020,31,24,4.0,7.75
JO Holder,1216524,2020,45,24,4.0,11.25
JO Holder,1237178,2020,23,24,4.0,5.75
JO Holder,1237180,2020,50,24,4.0,12.5
JO Holder,1254063,2021,26,24,4.0,6.5
JO Holder,1254088,2021,45,24,4.0,11.25
JO Holder,1254091,2021,27,24,4.0,6.75
JO Holder,1254095,2021,25,24,4.0,6.25
JO Holder,1254100,2021,26,24,4.0,6.5
JO Holder,1254105,2021,32,23,3.8333333333333335,8.35
JO Holder,1254107,2021,18,24,4.0,4.5
JO Holder,1254109,2021,32,24,4.0,8.0
JO Holder,1304058,2022,32,24,4.0,8.0
JO Holder,1304061,2022,27,24,4.0,6.75
JO Holder,1304066,2022,50,24,4.0,12.5
JO Holder,1304072,2022,32,24,4.0,8.0
JO Holder,1304077,2022,23,24,4.0,5.75
JO Holder,1304083,2022,34,24,4.0,8.5
JO Holder,1304088,2022,8,6,1.0,8.0
JO Holder,1304091,2022,44,24,4.0,11.0
JO Holder,1304099,2022,31,15,2.5,12.4
JO Holder,1304103,2022,38,24,4.0,9.5
JO Holder,1304109,2022,12,12,2.0,6.0
JO Holder,1304112,2022,43,24,4.0,10.75
JO Holder,1359478,2023,16,18,3.0,5.33
JO Holder,1359482,2023,29,24,4.0,7.25
JO Holder,1359485,2023,27,18,3.0,9.0
JO Holder,1359491,2023,36,18,3.0,12.0
JO Holder,1359500,2023,38,24,4.0,9.5
JO Holder,1359506,2023,32,24,4.0,8.0
JO Holder,1359511,2023,48,24,4.0,12.0
JO Holder,1359516,2023,53,21,3.5,15.14
JO Holder,1529277,2026,34,23,3.8333333333333335,8.87
JO Holder,1529280,2026,21,24,4.0,5.25
JO Holder,1529285,2026,29,24,4.0,7.25
JO Holder,1529289,2026,23,24,4.0,5.75
JO Holder,1529295,2026,12,15,2.5,4.8
JO Holder,1529299,2026,19,24,4.0,4.75
JO Holder,1529303,2026,38,24,4.0,9.5
JO Holder,1529309,2026,27,12,2.0,13.5
JO Holder,1535462,2026,39,24,4.0,9.75
JO Holder,1535464,2026,26,24,4.0,6.5
JO Holder,1535465,2026,16,12,2.0,8.0
JP Behrendorff,1175370,2019,21,24,4.0,5.25
JP Behrendorff,1178394,2019,28,24,4.0,7.0
JP Behrendorff,1178399,2019,35,24,4.0,8.75
JP Behrendorff,1178402,2019,30,18,3.0,10.0
JP Behrendorff,1178406,2019,48,24,4.0,12.0
JP Behrendorff,1359479,2023,37,18,3.0,12.33
JP Behrendorff,1359486,2023,23,18,3.0,7.67
JP Behrendorff,1359490,2023,23,18,3.0,7.67
JP Behrendorff,1359499,2023,32,24,4.0,8.0
JP Behrendorff,1359505,2023,40,18,3.0,13.33
JP Behrendorff,1359509,2023,35,24,4.0,8.75
JP Behrendorff,1359528,2023,36,24,4.0,9.0
JP Behrendorff,1359531,2023,36,24,4.0,9.0
JP Behrendorff,1359537,2023,29,24,4.0,7.25
JP Behrendorff,1359543,2023,33,18,3.0,11.0
JP Behrendorff,1370351,2023,21,18,3.0,7.0
JP Behrendorff,1370352,2023,28,24,4.0,7.0
JP Duminy,392200,2009,18,18,3.0,6.0
JP Duminy,392215,2009,13,24,4.0,3.25
JP Duminy,392222,2009,15,24,4.0,3.75
JP Duminy,392225,2009,17,18,3.0,5.67
JP Duminy,392227,2009,9,12,2.0,4.5
JP Duminy,392235,2009,14,9,1.5,9.33
JP Duminy,419146,2010,15,18,3.0,5.0
JP Duminy,419161,2010,22,15,2.5,8.8
JP Duminy,501203,2011,23,12,2.0,11.5
JP Duminy,501212,2011,19,12,2.0,9.5
JP Duminy,501236,2011,20,18,3.0,6.67
JP Duminy,501243,2011,11,6,1.0,11.0
JP Duminy,501250,2011,22,12,2.0,11.0
JP Duminy,501256,2011,3,12,2.0,1.5
JP Duminy,501259,2011,19,12,2.0,9.5
JP Duminy,501264,2011,23,24,4.0,5.75
JP Duminy,548321,2012,33,18,3.0,11.0
JP Duminy,548341,2012,23,18,3.0,7.67
JP Duminy,548346,2012,8,6,1.0,8.0
JP Duminy,548348,2012,22,18,3.0,7.33
JP Duminy,548373,2012,12,12,2.0,6.0
JP Duminy,729281,2014,10,12,2.0,5.0
JP Duminy,729289,2014,25,18,3.0,8.33
JP Duminy,729293,2014,25,24,4.0,6.25
JP Duminy,729301,2014,19,12,2.0,9.5
JP Duminy,729309,2014,13,18,3.0,4.33
JP Duminy,733985,2014,24,12,2.0,12.0
JP Duminy,734005,2014,25,24,4.0,6.25
JP Duminy,734011,2014,23,18,3.0,7.67
JP Duminy,734019,2014,25,24,4.0,6.25
JP Duminy,734031,2014,31,24,4.0,7.75
JP Duminy,734039,2014,10,12,2.0,5.0
JP Duminy,829707,2015,14,12,2.0,7.0
JP Duminy,829725,2015,14,12,2.0,7.0
JP Duminy,829731,2015,16,18,3.0,5.33
JP Duminy,829739,2015,10,6,1.0,10.0
JP Duminy,829747,2015,14,6,1.0,14.0
JP Duminy,829757,2015,7,6,1.0,7.0
JP Duminy,829761,2015,16,6,1.0,16.0
JP Duminy,829767,2015,15,24,4.0,3.75
JP Duminy,829793,2015,15,12,2.0,7.5
JP Duminy,980945,2016,4,6,1.0,4.0
JP Duminy,980961,2016,14,12,2.0,7.0
JP Duminy,980965,2016,9,6,1.0,9.0
JP Duminy,980983,2016,18,12,2.0,9.0
JP Duminy,981003,2016,9,6,1.0,9.0
JP Duminy,1136591,2018,28,12,2.0,14.0
JP Duminy,1136594,2018,8,6,1.0,8.0
JP Faulkner,501265,2011,9,12,2.0,4.5
JP Faulkner,548309,2012,40,24,4.0,10.0
JP Faulkner,548313,2012,31,24,4.0,7.75
JP Faulkner,598009,2013,16,24,4.0,4.0
JP Faulkner,598014,2013,30,23,3.8333333333333335,7.83
JP Faulkner,598019,2013,15,20,3.3333333333333335,4.5
JP Faulkner,598023,2013,20,24,4.0,5.0
JP Faulkner,598026,2013,20,24,4.0,5.0
JP Faulkner,598032,2013,20,24,4.0,5.0
JP Faulkner,598036,2013,39,24,4.0,9.75
JP Faulkner,598043,2013,16,24,4.0,4.0
JP Faulkner,598047,2013,33,24,4.0,8.25
JP Faulkner,598049,2013,37,24,4.0,9.25
JP Faulkner,598052,2013,36,24,4.0,9.0
JP Faulkner,598058,2013,23,24,4.0,5.75
JP Faulkner,598063,2013,31,24,4.0,7.75
JP Faulkner,598065,2013,14,24,4.0,3.5
JP Faulkner,598071,2013,27,24,4.0,6.75
JP Faulkner,598072,2013,34,24,4.0,8.5
JP Faulkner,729285,2014,22,18,3.0,7.33
JP Faulkner,729291,2014,44,22,3.6666666666666665,12.0
JP Faulkner,729297,2014,37,18,3.0,12.33
JP Faulkner,729315,2014,18,18,3.0,6.0
JP Faulkner,733975,2014,26,24,4.0,6.5
JP Faulkner,733979,2014,25,24,4.0,6.25
JP Faulkner,733989,2014,19,24,4.0,4.75
JP Faulkner,733999,2014,41,24,4.0,10.25
JP Faulkner,734003,2014,34,22,3.6666666666666665,9.27
JP Faulkner,734011,2014,6,6,1.0,6.0
JP Faulkner,734017,2014,46,24,4.0,11.5
JP Faulkner,734033,2014,36,18,3.0,12.0
JP Faulkner,734041,2014,53,22,3.6666666666666665,14.45
JP Faulkner,829709,2015,26,24,4.0,6.5
JP Faulkner,829715,2015,54,24,4.0,13.5
JP Faulkner,829721,2015,29,18,3.0,9.67
JP Faulkner,829727,2015,18,12,2.0,9.0
JP Faulkner,829735,2015,25,24,4.0,6.25
JP Faulkner,829741,2015,41,24,4.0,10.25
JP Faulkner,829749,2015,17,12,2.0,8.5
JP Faulkner,829763,2015,25,12,2.0,12.5
JP Faulkner,829777,2015,21,24,4.0,5.25
JP Faulkner,829787,2015,36,24,4.0,9.0
JP Faulkner,829797,2015,40,24,4.0,10.0
JP Faulkner,829811,2015,41,24,4.0,10.25
JP Faulkner,829819,2015,42,24,4.0,10.5
JP Faulkner,980905,2016,37,24,4.0,9.25
JP Faulkner,980911,2016,15,12,2.0,7.5
JP Faulkner,980917,2016,35,24,4.0,8.75
JP Faulkner,980945,2016,23,12,2.0,11.5
JP Faulkner,980949,2016,22,12,2.0,11.0
JP Faulkner,980955,2016,19,12,2.0,9.5
JP Faulkner,980961,2016,9,6,1.0,9.0
JP Faulkner,1082613,2017,38,24,4.0,9.5
JP Faulkner,1082621,2017,15,18,3.0,5.0
JP Faulkner,1082625,2017,45,29,4.833333333333333,9.31
JP Faulkner,1082629,2017,30,17,2.8333333333333335,10.59
JP Faulkner,1082632,2017,34,15,2.5,13.6
JP Faulkner,1082637,2017,43,24,4.0,10.75
JP Faulkner,1082640,2017,39,24,4.0,9.75
JP Faulkner,1082643,2017,24,12,2.0,12.0
JPR Scantlebury-Searles,1136604,2018,49,24,4.0,12.25
JPR Scantlebury-Searles,1136614,2018,24,12,2.0,12.0
JPR Scantlebury-Searles,1136618,2018,13,6,1.0,13.0
JR Hazlewood,1216521,2020,17,12,2.0,8.5
JR Hazlewood,1216533,2020,19,24,4.0,4.75
JR Hazlewood,1216539,2020,27,24,4.0,6.75
JR Hazlewood,1254089,2021,54,24,4.0,13.5
JR Hazlewood,1254091,2021,24,24,4.0,6.0
JR Hazlewood,1254094,2021,22,18,3.0,7.33
JR Hazlewood,1254098,2021,38,24,4.0,9.5
JR Hazlewood,1254104,2021,34,24,4.0,8.5
JR Hazlewood,1254110,2021,27,24,4.0,6.75
JR Hazlewood,1254113,2021,33,24,4.0,8.25
JR Hazlewood,1254114,2021,29,24,4.0,7.25
JR Hazlewood,1254117,2021,27,24,4.0,6.75
JR Hazlewood,1304068,2022,32,24,4.0,8.0
JR Hazlewood,1304073,2022,27,24,4.0,6.75
JR Hazlewood,1304077,2022,23,24,4.0,5.75
JR Hazlewood,1304082,2022,31,18,3.0,10.33
JR Hazlewood,1304085,2022,19,24,4.0,4.75
JR Hazlewood,1304089,2022,35,21,3.5,10.0
JR Hazlewood,1304095,2022,19,24,4.0,4.75
JR Hazlewood,1304100,2022,17,24,4.0,4.25
JR Hazlewood,1304106,2022,62,24,4.0,15.5
JR Hazlewood,1304113,2022,39,24,4.0,9.75
JR Hazlewood,1312198,2022,40,24,4.0,10.0
JR Hazlewood,1312199,2022,23,24,4.0,5.75
JR Hazlewood,1359517,2023,14,18,3.0,4.67
JR Hazlewood,1359524,2023,26,18,3.0,8.67
JR Hazlewood,1359528,2023,31,18,3.0,10.33
JR Hazlewood,1473438,2025,22,24,4.0,5.5
JR Hazlewood,1473445,2025,21,24,4.0,5.25
JR Hazlewood,1473451,2025,42,23,3.8333333333333335,10.96
JR Hazlewood,1473458,2025,36,24,4.0,9.0
JR Hazlewood,1473461,2025,40,18,3.0,13.33
JR Hazlewood,1473465,2025,26,18,3.0,8.67
JR Hazlewood,1473471,2025,14,18,3.0,4.67
JR Hazlewood,1473474,2025,39,24,4.0,9.75
JR Hazlewood,1473479,2025,32,24,4.0,8.0
JR Hazlewood,1473483,2025,35,24,4.0,8.75
JR Hazlewood,1473508,2025,21,19,3.1666666666666665,6.63
JR Hazlewood,1473511,2025,52,24,4.0,13.0
JR Hazlewood,1527689,2026,44,24,4.0,11.0
JR Hazlewood,1529266,2026,19,24,4.0,4.75
JR Hazlewood,1529269,2026,38,24,4.0,9.5
JR Hazlewood,1529277,2026,39,24,4.0,9.75
JR Hazlewood,1529282,2026,12,21,3.5,3.43
JR Hazlewood,1529285,2026,56,24,4.0,14.0
JR Hazlewood,1529293,2026,46,24,4.0,11.5
JR Hazlewood,1529297,2026,32,24,4.0,8.0
JR Hazlewood,1529300,2026,35,24,4.0,8.75
JR Hazlewood,1529304,2026,34,24,4.0,8.5
JR Hazlewood,1529310,2026,51,24,4.0,12.75
JR Hazlewood,1535462,2026,39,24,4.0,9.75
JR Hazlewood,1535465,2026,36,24,4.0,9.0
JR Hopes,335983,2008,53,24,4.0,13.25
JR Hopes,335987,2008,32,24,4.0,8.0
JR Hopes,336003,2008,35,18,3.0,11.67
JR Hopes,336006,2008,10,6,1.0,10.0
JR Hopes,336013,2008,34,24,4.0,8.5
JR Hopes,336016,2008,22,12,2.0,11.0
JR Hopes,336019,2008,29,18,3.0,9.67
JR Hopes,336022,2008,2,6,1.0,2.0
JR Hopes,336028,2008,13,12,2.0,6.5
JR Hopes,336035,2008,23,12,2.0,11.5
JR Hopes,336039,2008,20,12,2.0,10.0
JR Hopes,501213,2011,25,24,4.0,6.25
JR Hopes,501216,2011,36,24,4.0,9.0
JR Hopes,501223,2011,43,24,4.0,10.75
JR Hopes,501227,2011,24,24,4.0,6.0
JR Hopes,501230,2011,22,24,4.0,5.5
JR Hopes,501243,2011,28,18,3.0,9.33
JR Hopes,501246,2011,45,24,4.0,11.25
JR Hopes,501253,2011,16,12,2.0,8.0
JR Hopes,501257,2011,27,18,3.0,9.0
JW Hastings,734029,2014,28,18,3.0,9.33
JW Hastings,980903,2016,6,16,2.6666666666666665,2.25
JW Hastings,980909,2016,29,24,4.0,7.25
Jalaj S Saxena,1254068,2021,27,18,3.0,9.0
Jaskaran Singh,392236,2009,31,18,3.0,10.33
Jaskaran Singh,419106,2010,34,24,4.0,8.5
Jaskaran Singh,419110,2010,15,6,1.0,15.0
Jaskaran Singh,419117,2010,12,6,1.0,12.0
Jaskaran Singh,419130,2010,19,18,3.0,6.33
Jaskaran Singh,419135,2010,18,18,3.0,6.0
Jaskaran Singh,419138,2010,27,12,2.0,13.5
Joginder Sharma,335983,2008,46,24,4.0,11.5
Joginder Sharma,335989,2008,27,24,4.0,6.75
Joginder Sharma,335993,2008,30,24,4.0,7.5
Joginder Sharma,335996,2008,26,22,3.6666666666666665,7.09
Joginder Sharma,336001,2008,28,18,3.0,9.33
Joginder Sharma,336007,2008,38,18,3.0,12.67
Joginder Sharma,336018,2008,21,18,3.0,7.0
Joginder Sharma,392181,2009,25,24,4.0,6.25
Joginder Sharma,392185,2009,9,6,1.0,9.0
Joginder Sharma,392189,2009,8,6,1.0,8.0
Joginder Sharma,392196,2009,14,6,1.0,14.0
Joginder Sharma,419116,2010,38,24,4.0,9.5
Joginder Sharma,419125,2010,17,12,2.0,8.5
Joginder Sharma,419129,2010,23,12,2.0,11.5
Joginder Sharma,501221,2011,32,18,3.0,10.67
K Goel,335983,2008,25,12,2.0,12.5
K Goel,392200,2009,10,12,2.0,5.0
K Goel,392210,2009,11,6,1.0,11.0
K Goel,392214,2009,23,18,3.0,7.67
K Goel,392222,2009,16,12,2.0,8.0
K Goel,419132,2010,7,6,1.0,7.0
K Gowtham,1136564,2018,9,6,1.0,9.0
K Gowtham,1136566,2018,10,6,1.0,10.0
K Gowtham,1136571,2018,36,24,4.0,9.0
K Gowtham,1136575,2018,23,24,4.0,5.75
K Gowtham,1136577,2018,35,18,3.0,11.67
K Gowtham,1136581,2018,20,18,3.0,6.67
K Gowtham,1136588,2018,18,24,4.0,4.5
K Gowtham,1136592,2018,27,12,2.0,13.5
K Gowtham,1136598,2018,17,18,3.0,5.67
K Gowtham,1136600,2018,11,18,3.0,3.67
K Gowtham,1136603,2018,28,18,3.0,9.33
K Gowtham,1136607,2018,21,12,2.0,10.5
K Gowtham,1136609,2018,32,12,2.0,16.0
K Gowtham,1136613,2018,6,12,2.0,3.0
K Gowtham,1136618,2018,15,18,3.0,5.0
K Gowtham,1175359,2019,31,24,4.0,7.75
K Gowtham,1175363,2019,25,12,2.0,12.5
K Gowtham,1175367,2019,12,12,2.0,6.0
K Gowtham,1175369,2019,19,24,4.0,4.75
K Gowtham,1178396,2019,22,6,1.0,22.0
K Gowtham,1178402,2019,39,18,3.0,13.0
K Gowtham,1178428,2019,16,24,4.0,4.0
K Gowtham,1216493,2020,39,24,4.0,9.75
K Gowtham,1216503,2020,45,24,4.0,11.25
K Gowtham,1304061,2022,23,24,4.0,5.75
K Gowtham,1304066,2022,30,24,4.0,7.5
K Gowtham,1304091,2022,23,12,2.0,11.5
K Gowtham,1304112,2022,23,12,2.0,11.5
K Gowtham,1359477,2023,22,24,4.0,5.5
K Gowtham,1359480,2023,20,6,1.0,20.0
K Gowtham,1359495,2023,30,24,4.0,7.5
K Gowtham,1359517,2023,10,12,2.0,5.0
K Gowtham,1359542,2023,24,24,4.0,6.0
K Gowtham,1370351,2023,8,6,1.0,8.0
K Gowtham,1426295,2024,28,12,2.0,14.0
K Kartikeya,1304090,2022,19,24,4.0,4.75
K Kartikeya,1304097,2022,29,18,3.0,9.67
K Kartikeya,1304102,2022,32,18,3.0,10.67
K Kartikeya,1304105,2022,22,18,3.0,7.33
K Kartikeya,1359486,2023,24,24,4.0,6.0
K Kartikeya,1359509,2023,39,24,4.0,9.75
K Kartikeya,1359516,2023,14,12,2.0,7.0
K Kartikeya,1359520,2023,21,18,3.0,7.0
K Kartikeya,1359528,2023,34,24,4.0,8.5
K Kartikeya,1359531,2023,35,18,3.0,11.67
K Kartikeya,1359543,2023,37,24,4.0,9.25
K Kartikeya,1370352,2023,15,12,2.0,7.5
K Kartikeya,1473448,2025,10,6,1.0,10.0
K Kartikeya,1473455,2025,21,12,2.0,10.5
K Kartikeya,1473465,2025,23,18,3.0,7.67
K Kartikeya,1473487,2025,22,12,2.0,11.0
K Khejroliya,1136563,2018,30,23,3.8333333333333335,7.83
K Khejroliya,1136568,2018,33,24,4.0,8.25
K Khejroliya,1136571,2018,39,18,3.0,13.0
K Khejroliya,1178424,2019,17,6,1.0,17.0
K Khejroliya,1178429,2019,28,24,4.0,7.0
K Khejroliya,1359502,2023,17,8,1.3333333333333333,12.75
K Khejroliya,1359507,2023,43,18,3.0,14.33
K Khejroliya,1473460,2025,28,18,3.0,9.33
K Khejroliya,1535462,2026,23,12,2.0,11.5
K Rabada,1082614,2017,23,24,4.0,5.75
K Rabada,1082622,2017,19,20,3.3333333333333335,5.7
K Rabada,1082626,2017,17,12,2.0,8.5
K Rabada,1082630,2017,54,24,4.0,13.5
K Rabada,1082632,2017,28,24,4.0,7.0
K Rabada,1082635,2017,29,24,4.0,7.25
K Rabada,1175358,2019,19,24,4.0,4.75
K Rabada,1175360,2019,26,22,3.6666666666666665,7.09
K Rabada,1175365,2019,47,30,5.0,9.4
K Rabada,1175368,2019,32,24,4.0,8.0
K Rabada,1175371,2019,32,21,3.5,9.14
K Rabada,1178395,2019,20,24,4.0,5.0
K Rabada,1178401,2019,42,24,4.0,10.5
K Rabada,1178405,2019,20,23,3.8333333333333335,5.22
K Rabada,1178409,2019,36,24,4.0,9.0
K Rabada,1178412,2019,23,24,4.0,5.75
K Rabada,1178415,2019,36,24,4.0,9.0
K Rabada,1178421,2019,30,24,4.0,7.5
K Rabada,1216493,2020,29,27,4.5,6.44
K Rabada,1216497,2020,30,24,4.0,7.5
K Rabada,1216500,2020,32,23,3.8333333333333335,8.35
K Rabada,1216505,2020,30,24,4.0,7.5
K Rabada,1216509,2020,31,24,4.0,7.75
K Rabada,1216515,2020,51,24,4.0,12.75
K Rabada,1216519,2020,22,24,4.0,5.5
K Rabada,1216524,2020,54,24,4.0,13.5
K Rabada,1216529,2020,25,24,4.0,6.25
K Rabada,1216532,2020,21,24,4.0,5.25
K Rabada,1216535,2020,27,18,3.0,9.0
K Rabada,1216539,2020,26,24,4.0,6.5
K Rabada,1216543,2020,28,24,4.0,7.0
K Rabada,1216546,2020,26,24,4.0,6.5
K Rabada,1237177,2020,41,24,4.0,10.25
K Rabada,1237180,2020,27,24,4.0,6.75
K Rabada,1237181,2020,32,18,3.0,10.67
K Rabada,1254064,2021,30,24,4.0,7.5
K Rabada,1254068,2021,43,24,4.0,10.75
K Rabada,1254070,2021,25,18,3.0,8.33
K Rabada,1254077,2021,24,18,3.0,8.0
K Rabada,1254079,2021,38,24,4.0,9.5
K Rabada,1254082,2021,30,24,4.0,7.5
K Rabada,1254086,2021,36,24,4.0,9.0
K Rabada,1254092,2021,26,18,3.0,8.67
K Rabada,1254097,2021,24,24,4.0,6.0
K Rabada,1254101,2021,37,24,4.0,9.25
K Rabada,1254105,2021,36,24,4.0,9.0
K Rabada,1254110,2021,21,24,4.0,5.25
K Rabada,1254112,2021,30,24,4.0,7.5
K Rabada,1254114,2021,23,18,3.0,7.67
K Rabada,1254116,2021,21,24,4.0,5.25
K Rabada,1304054,2022,22,18,3.0,7.33
K Rabada,1304057,2022,23,18,3.0,7.67
K Rabada,1304062,2022,33,24,4.0,8.25
K Rabada,1304069,2022,29,24,4.0,7.25
K Rabada,1304074,2022,29,24,4.0,7.25
K Rabada,1304078,2022,34,18,3.0,11.33
K Rabada,1304084,2022,23,24,4.0,5.75
K Rabada,1304088,2022,37,24,4.0,9.25
K Rabada,1304094,2022,30,24,4.0,7.5
K Rabada,1304098,2022,49,24,4.0,12.25
K Rabada,1304106,2022,18,24,4.0,4.5
K Rabada,1304110,2022,24,18,3.0,8.0
K Rabada,1304116,2022,31,24,4.0,7.75
K Rabada,1359492,2023,36,24,4.0,9.0
K Rabada,1359495,2023,32,24,4.0,8.0
K Rabada,1359512,2023,42,25,4.166666666666667,10.08
K Rabada,1359515,2023,33,24,4.0,8.25
K Rabada,1359538,2023,36,18,3.0,12.0
K Rabada,1359540,2023,38,24,4.0,9.5
K Rabada,1422120,2024,35,24,4.0,8.75
K Rabada,1422124,2024,22,24,4.0,5.5
K Rabada,1422129,2024,38,24,4.0,9.5
K Rabada,1422135,2024,43,24,4.0,10.75
K Rabada,1426261,2024,31,24,4.0,7.75
K Rabada,1426265,2024,18,24,4.0,4.5
K Rabada,1426271,2024,42,24,4.0,10.5
K Rabada,1426275,2024,40,24,4.0,10.0
K Rabada,1426280,2024,48,18,3.0,16.0
K Rabada,1426287,2024,22,24,4.0,5.5
K Rabada,1426291,2024,23,18,3.0,7.67
K Rabada,1473442,2025,39,24,4.0,9.75
K Rabada,1473446,2025,41,24,4.0,10.25
K Rabada,1473498,2025,34,12,2.0,17.0
K Rabada,1473502,2025,44,24,4.0,11.0
K Rabada,1527677,2026,34,18,3.0,11.33
K Rabada,1527682,2026,39,24,4.0,9.75
K Rabada,1527687,2026,30,24,4.0,7.5
K Rabada,1527692,2026,54,24,4.0,13.5
K Rabada,1529268,2026,28,24,4.0,7.0
K Rabada,1529273,2026,32,24,4.0,8.0
K Rabada,1529277,2026,44,24,4.0,11.0
K Rabada,1529280,2026,25,24,4.0,6.25
K Rabada,1529285,2026,43,24,4.0,10.75
K Rabada,1529289,2026,20,24,4.0,5.0
K Rabada,1529295,2026,33,18,3.0,11.0
K Rabada,1529299,2026,28,24,4.0,7.0
K Rabada,1529303,2026,39,24,4.0,9.75
K Rabada,1529309,2026,31,22,3.6666666666666665,8.45
K Rabada,1535462,2026,54,24,4.0,13.5
K Rabada,1535464,2026,35,24,4.0,8.75
K Rabada,1535465,2026,44,18,3.0,14.67
K Santokie,734017,2014,47,24,4.0,11.75
K Santokie,734025,2014,40,24,4.0,10.0
K Upadhyay,548362,2012,33,24,4.0,8.25
K Upadhyay,598047,2013,28,18,3.0,9.33
K Upadhyay,598053,2013,18,12,2.0,9.0
K Yadav,1254093,2021,16,12,2.0,8.0
K Yadav,1359511,2023,18,18,3.0,6.0
K Yadav,1359526,2023,50,24,4.0,12.5
KA Jamieson,1254058,2021,22,24,4.0,5.5
KA Jamieson,1254063,2021,29,18,3.0,9.67
KA Jamieson,1254067,2021,40,18,3.0,13.33
KA Jamieson,1254073,2021,26,24,4.0,6.5
KA Jamieson,1254076,2021,30,18,3.0,10.0
KA Jamieson,1254079,2021,32,24,4.0,8.0
KA Jamieson,1254083,2021,31,18,3.0,10.33
KA Jamieson,1254087,2021,23,12,2.0,11.5
KA Jamieson,1254108,2021,19,12,2.0,9.5
KA Jamieson,1473506,2025,42,24,4.0,10.5
KA Jamieson,1473508,2025,27,18,3.0,9.0
KA Jamieson,1473510,2025,29,24,4.0,7.25
KA Jamieson,1473511,2025,45,24,4.0,11.25
KA Jamieson,1529282,2026,42,18,3.0,14.0
KA Jamieson,1529286,2026,48,24,4.0,12.0
KA Maharaj,1426262,2024,16,12,2.0,8.0
KA Maharaj,1426265,2024,23,24,4.0,5.75
KA Pollard,419114,2010,23,24,4.0,5.75
KA Pollard,419119,2010,24,12,2.0,12.0
KA Pollard,419130,2010,20,12,2.0,10.0
KA Pollard,419132,2010,18,12,2.0,9.0
KA Pollard,419138,2010,22,24,4.0,5.5
KA Pollard,419142,2010,27,24,4.0,6.75
KA Pollard,419146,2010,8,6,1.0,8.0
KA Pollard,419150,2010,19,12,2.0,9.5
KA Pollard,419152,2010,15,24,4.0,3.75
KA Pollard,419157,2010,26,24,4.0,6.5
KA Pollard,419162,2010,15,24,4.0,3.75
KA Pollard,419165,2010,45,24,4.0,11.25
KA Pollard,501201,2011,17,18,3.0,5.67
KA Pollard,501205,2011,24,24,4.0,6.0
KA Pollard,501210,2011,39,18,3.0,13.0
KA Pollard,501218,2011,12,6,1.0,12.0
KA Pollard,501221,2011,26,24,4.0,6.5
KA Pollard,501224,2011,14,12,2.0,7.0
KA Pollard,501231,2011,15,12,2.0,7.5
KA Pollard,501237,2011,17,18,3.0,5.67
KA Pollard,501241,2011,36,24,4.0,9.0
KA Pollard,501246,2011,24,15,2.5,9.6
KA Pollard,501251,2011,11,12,2.0,5.5
KA Pollard,501256,2011,10,12,2.0,5.0
KA Pollard,501263,2011,19,12,2.0,9.5
KA Pollard,501267,2011,23,12,2.0,11.5
KA Pollard,501269,2011,31,18,3.0,10.33
KA Pollard,501270,2011,22,18,3.0,7.33
KA Pollard,548306,2012,13,24,4.0,3.25
KA Pollard,548308,2012,29,24,4.0,7.25
KA Pollard,548314,2012,31,24,4.0,7.75
KA Pollard,548317,2012,42,24,4.0,10.5
KA Pollard,548334,2012,14,24,4.0,3.5
KA Pollard,548339,2012,27,18,3.0,9.0
KA Pollard,548342,2012,22,6,1.0,22.0
KA Pollard,548360,2012,32,18,3.0,10.67
KA Pollard,548363,2012,28,24,4.0,7.0
KA Pollard,548367,2012,17,18,3.0,5.67
KA Pollard,548370,2012,17,18,3.0,5.67
KA Pollard,548377,2012,26,18,3.0,8.67
KA Pollard,548379,2012,26,18,3.0,8.67
KA Pollard,597999,2013,15,6,1.0,15.0
KA Pollard,598002,2013,37,24,4.0,9.25
KA Pollard,598006,2013,33,24,4.0,8.25
KA Pollard,598011,2013,18,18,3.0,6.0
KA Pollard,598019,2013,22,12,2.0,11.0
KA Pollard,598024,2013,11,6,1.0,11.0
KA Pollard,598029,2013,14,12,2.0,7.0
KA Pollard,598033,2013,19,12,2.0,9.5
KA Pollard,598037,2013,15,6,1.0,15.0
KA Pollard,598060,2013,10,6,1.0,10.0
KA Pollard,598066,2013,22,12,2.0,11.0
KA Pollard,598070,2013,28,18,3.0,9.33
KA Pollard,598072,2013,6,6,1.0,6.0
KA Pollard,598073,2013,31,24,4.0,7.75
KA Pollard,729279,2014,19,12,2.0,9.5
KA Pollard,729303,2014,10,6,1.0,10.0
KA Pollard,729317,2014,35,24,4.0,8.75
KA Pollard,733973,2014,31,15,2.5,12.4
KA Pollard,733983,2014,36,24,4.0,9.0
KA Pollard,733995,2014,39,15,2.5,15.6
KA Pollard,734001,2014,20,12,2.0,10.0
KA Pollard,734009,2014,7,6,1.0,7.0
KA Pollard,734017,2014,11,6,1.0,11.0
KA Pollard,734031,2014,4,6,1.0,4.0
KA Pollard,734041,2014,32,18,3.0,10.67
KA Pollard,734045,2014,8,6,1.0,8.0
KA Pollard,829717,2015,11,6,1.0,11.0
KA Pollard,829729,2015,23,10,1.6666666666666665,13.8
KA Pollard,829737,2015,9,6,1.0,9.0
KA Pollard,829747,2015,24,12,2.0,12.0
KA Pollard,829775,2015,7,6,1.0,7.0
KA Pollard,829805,2015,5,6,1.0,5.0
KA Pollard,829815,2015,14,12,2.0,7.0
KA Pollard,829817,2015,22,18,3.0,7.33
KA Pollard,980933,2016,11,6,1.0,11.0
KA Pollard,980941,2016,25,12,2.0,12.5
KA Pollard,980973,2016,22,12,2.0,11.0
KA Pollard,980981,2016,22,6,1.0,22.0
KA Pollard,1082592,2017,29,11,1.8333333333333335,15.82
KA Pollard,1216499,2020,5,6,1.0,5.0
KA Pollard,1216508,2020,20,18,3.0,6.67
KA Pollard,1216511,2020,24,12,2.0,12.0
KA Pollard,1216517,2020,24,12,2.0,12.0
KA Pollard,1216521,2020,4,6,1.0,4.0
KA Pollard,1216529,2020,10,6,1.0,10.0
KA Pollard,1216538,2020,18,18,3.0,6.0
KA Pollard,1216541,2020,15,12,2.0,7.5
KA Pollard,1216547,2020,13,6,1.0,13.0
KA Pollard,1237177,2020,33,24,4.0,8.25
KA Pollard,1237181,2020,12,6,1.0,12.0
KA Pollard,1254062,2021,12,6,1.0,12.0
KA Pollard,1254066,2021,10,12,2.0,5.0
KA Pollard,1254070,2021,8,7,1.1666666666666667,6.86
KA Pollard,1254074,2021,11,6,1.0,11.0
KA Pollard,1254084,2021,11,12,2.0,5.5
KA Pollard,1254093,2021,9,12,2.0,4.5
KA Pollard,1254099,2021,7,6,1.0,7.0
KA Pollard,1254104,2021,14,12,2.0,7.0
KA Pollard,1254112,2021,7,6,1.0,7.0
KA Pollard,1304055,2022,45,24,4.0,11.25
KA Pollard,1304064,2022,23,18,3.0,7.67
KA Pollard,1304083,2022,8,12,2.0,4.0
KA Pollard,1304090,2022,8,6,1.0,8.0
KA Pollard,1304097,2022,13,12,2.0,6.5
KA Pollard,1304102,2022,25,12,2.0,12.5
KAJ Roach,419130,2010,30,24,4.0,7.5
KAJ Roach,419135,2010,46,24,4.0,11.5
KC Cariappa,829713,2015,28,12,2.0,14.0
KC Cariappa,980955,2016,15,18,3.0,5.0
KC Cariappa,980971,2016,36,24,4.0,9.0
KC Cariappa,980977,2016,16,18,3.0,5.33
KC Cariappa,980985,2016,35,24,4.0,8.75
KC Cariappa,980999,2016,48,18,3.0,16.0
KC Cariappa,1082605,2017,22,18,3.0,7.33
KC Cariappa,1082609,2017,37,24,4.0,9.25
KC Cariappa,1082616,2017,24,24,4.0,6.0
KC Cariappa,1082623,2017,40,24,4.0,10.0
KC Cariappa,1178413,2019,33,12,2.0,16.5
KH Pandya,980917,2016,20,24,4.0,5.0
KH Pandya,980927,2016,19,24,4.0,4.75
KH Pandya,980933,2016,24,24,4.0,6.0
KH Pandya,980941,2016,20,12,2.0,10.0
KH Pandya,980947,2016,21,12,2.0,10.5
KH Pandya,980957,2016,27,12,2.0,13.5
KH Pandya,980973,2016,5,6,1.0,5.0
KH Pandya,980981,2016,15,24,4.0,3.75
KH Pandya,980985,2016,32,24,4.0,8.0
KH Pandya,980993,2016,14,13,2.1666666666666665,6.46
KH Pandya,981007,2016,28,12,2.0,14.0
KH Pandya,1082592,2017,21,12,2.0,10.5
KH Pandya,1082597,2017,24,24,4.0,6.0
KH Pandya,1082600,2017,9,6,1.0,9.0
KH Pandya,1082602,2017,21,24,4.0,5.25
KH Pandya,1082606,2017,18,18,3.0,6.0
KH Pandya,1082612,2017,27,24,4.0,6.75
KH Pandya,1082614,2017,8,6,1.0,8.0
KH Pandya,1082625,2017,13,24,4.0,3.25
KH Pandya,1082628,2017,33,24,4.0,8.25
KH Pandya,1082644,2017,14,12,2.0,7.0
KH Pandya,1082647,2017,22,24,4.0,5.5
KH Pandya,1082649,2017,25,18,3.0,8.33
KH Pandya,1082650,2017,31,24,4.0,7.75
KH Pandya,1136567,2018,10,12,2.0,5.0
KH Pandya,1136569,2018,21,18,3.0,7.0
KH Pandya,1136574,2018,27,24,4.0,6.75
KH Pandya,1136581,2018,31,24,4.0,7.75
KH Pandya,1136583,2018,13,12,2.0,6.5
KH Pandya,1136587,2018,31,24,4.0,7.75
KH Pandya,1136591,2018,24,24,4.0,6.0
KH Pandya,1136594,2018,10,6,1.0,10.0
KH Pandya,1136597,2018,29,18,3.0,9.67
KH Pandya,1136601,2018,12,19,3.1666666666666665,3.79
KH Pandya,1136607,2018,24,24,4.0,6.0
KH Pandya,1136610,2018,36,24,4.0,9.0
KH Pandya,1136615,2018,11,12,2.0,5.5
KH Pandya,1175358,2019,21,12,2.0,10.5
KH Pandya,1175362,2019,28,24,4.0,7.0
KH Pandya,1175364,2019,42,24,4.0,10.5
KH Pandya,1175370,2019,10,12,2.0,5.0
KH Pandya,1178394,2019,9,12,2.0,4.5
KH Pandya,1178399,2019,17,12,2.0,8.5
KH Pandya,1178402,2019,33,24,4.0,8.25
KH Pandya,1178406,2019,10,6,1.0,10.0
KH Pandya,1178409,2019,7,12,2.0,3.5
KH Pandya,1178411,2019,24,12,2.0,12.0
KH Pandya,1178419,2019,7,18,3.0,2.33
KH Pandya,1178422,2019,27,18,3.0,9.0
KH Pandya,1178426,2019,21,24,4.0,5.25
KH Pandya,1178431,2019,13,24,4.0,3.25
KH Pandya,1181764,2019,21,24,4.0,5.25
KH Pandya,1181768,2019,39,18,3.0,13.0
KH Pandya,1216492,2020,36,24,4.0,9.0
KH Pandya,1216495,2020,32,19,3.1666666666666665,10.11
KH Pandya,1216499,2020,27,24,4.0,6.75
KH Pandya,1216503,2020,24,24,4.0,6.0
KH Pandya,1216508,2020,10,6,1.0,10.0
KH Pandya,1216511,2020,22,12,2.0,11.0
KH Pandya,1216517,2020,12,12,2.0,6.0
KH Pandya,1216521,2020,14,18,3.0,4.67
KH Pandya,1216526,2020,23,24,4.0,5.75
KH Pandya,1216529,2020,26,24,4.0,6.5
KH Pandya,1216535,2020,12,18,3.0,4.0
KH Pandya,1216538,2020,30,24,4.0,7.5
KH Pandya,1216541,2020,20,12,2.0,10.0
KH Pandya,1216547,2020,22,18,3.0,7.33
KH Pandya,1237177,2020,21,24,4.0,5.25
KH Pandya,1237181,2020,29,18,3.0,9.67
KH Pandya,1254058,2021,25,24,4.0,6.25
KH Pandya,1254062,2021,11,24,4.0,2.75
KH Pandya,1254066,2021,30,18,3.0,10.0
KH Pandya,1254070,2021,17,12,2.0,8.5
KH Pandya,1254074,2021,28,18,3.0,9.33
KH Pandya,1254081,2021,12,6,1.0,12.0
KH Pandya,1254088,2021,9,6,1.0,9.0
KH Pandya,1254096,2021,25,18,3.0,8.33
KH Pandya,1254099,2021,23,24,4.0,5.75
KH Pandya,1254104,2021,22,12,2.0,11.0
KH Pandya,1254108,2021,24,24,4.0,6.0
KH Pandya,1254112,2021,18,13,2.1666666666666665,8.31
KH Pandya,1304050,2022,17,24,4.0,4.25
KH Pandya,1304053,2022,35,18,3.0,11.67
KH Pandya,1304058,2022,27,24,4.0,6.75
KH Pandya,1304061,2022,12,12,2.0,6.0
KH Pandya,1304072,2022,16,12,2.0,8.0
KH Pandya,1304077,2022,29,24,4.0,7.25
KH Pandya,1304083,2022,18,24,4.0,4.5
KH Pandya,1304088,2022,10,24,4.0,2.5
KH Pandya,1304091,2022,19,6,1.0,19.0
KH Pandya,1304103,2022,24,24,4.0,6.0
KH Pandya,1304109,2022,16,12,2.0,8.0
KH Pandya,1312198,2022,38,24,4.0,9.5
KH Pandya,1359480,2023,21,12,2.0,10.5
KH Pandya,1359484,2023,18,24,4.0,4.5
KH Pandya,1359489,2023,35,24,4.0,8.75
KH Pandya,1359495,2023,32,18,3.0,10.67
KH Pandya,1359504,2023,16,24,4.0,4.0
KH Pandya,1359512,2023,12,6,1.0,12.0
KH Pandya,1359517,2023,21,24,4.0,5.25
KH Pandya,1359525,2023,38,24,4.0,9.5
KH Pandya,1359532,2023,24,24,4.0,6.0
KH Pandya,1359537,2023,27,24,4.0,6.75
KH Pandya,1359542,2023,30,24,4.0,7.5
KH Pandya,1370351,2023,38,24,4.0,9.5
KH Pandya,1422122,2024,19,24,4.0,4.75
KH Pandya,1422129,2024,26,18,3.0,8.67
KH Pandya,1422133,2024,10,6,1.0,10.0
KH Pandya,1422139,2024,11,24,4.0,2.75
KH Pandya,1426264,2024,38,18,3.0,12.67
KH Pandya,1426266,2024,14,6,1.0,14.0
KH Pandya,1426272,2024,16,18,3.0,5.33
KH Pandya,1426277,2024,15,12,2.0,7.5
KH Pandya,1426282,2024,24,24,4.0,6.0
KH Pandya,1426292,2024,20,12,2.0,10.0
KH Pandya,1426302,2024,19,12,2.0,9.5
KH Pandya,1426305,2024,28,24,4.0,7.0
KH Pandya,1473438,2025,28,24,4.0,7.0
KH Pandya,1473445,2025,26,12,2.0,13.0
KH Pandya,1473451,2025,34,18,3.0,11.33
KH Pandya,1473458,2025,42,24,4.0,10.5
KH Pandya,1473461,2025,19,12,2.0,9.5
KH Pandya,1473465,2025,29,24,4.0,7.25
KH Pandya,1473471,2025,10,6,1.0,10.0
KH Pandya,1473474,2025,23,24,4.0,5.75
KH Pandya,1473479,2025,29,24,4.0,7.25
KH Pandya,1473483,2025,28,24,4.0,7.0
KH Pandya,1473489,2025,24,18,3.0,8.0
KH Pandya,1473503,2025,38,24,4.0,9.5
KH Pandya,1473507,2025,13,12,2.0,6.5
KH Pandya,1473508,2025,10,6,1.0,10.0
KH Pandya,1473511,2025,17,24,4.0,4.25
KH Pandya,1527674,2026,26,12,2.0,13.0
KH Pandya,1527684,2026,36,18,3.0,12.0
KH Pandya,1527689,2026,30,24,4.0,7.5
KH Pandya,1527693,2026,25,24,4.0,6.25
KH Pandya,1529266,2026,36,24,4.0,9.0
KH Pandya,1529269,2026,24,24,4.0,6.0
KH Pandya,1529277,2026,49,24,4.0,12.25
KH Pandya,1529282,2026,9,12,2.0,4.5
KH Pandya,1529293,2026,30,24,4.0,7.5
KH Pandya,1529297,2026,25,18,3.0,8.33
KH Pandya,1529300,2026,38,24,4.0,9.5
KH Pandya,1529304,2026,26,18,3.0,8.67
KH Pandya,1529310,2026,23,12,2.0,11.5
KH Pandya,1535462,2026,15,21,3.5,4.29
KH Pandya,1535465,2026,23,24,4.0,5.75
KJ Abbott,980919,2016,37,24,4.0,9.25
KJ Abbott,980925,2016,30,18,3.0,10.0
KJ Abbott,980935,2016,34,18,3.0,11.33
KJ Abbott,980999,2016,43,18,3.0,14.33
KJ Abbott,981005,2016,25,18,3.0,8.33
KK Ahmed,1136619,2018,37,18,3.0,12.33
KK Ahmed,1178405,2019,29,24,4.0,7.25
KK Ahmed,1178408,2019,21,24,4.0,5.25
KK Ahmed,1178413,2019,30,24,4.0,7.5
KK Ahmed,1178416,2019,26,24,4.0,6.5
KK Ahmed,1178420,2019,33,24,4.0,8.25
KK Ahmed,1178423,2019,37,24,4.0,9.25
KK Ahmed,1178426,2019,42,24,4.0,10.5
KK Ahmed,1178429,2019,33,24,4.0,8.25
KK Ahmed,1181766,2019,23,17,2.8333333333333335,8.12
KK Ahmed,1216498,2020,31,24,4.0,7.75
KK Ahmed,1216507,2020,37,23,3.8333333333333335,9.65
KK Ahmed,1216516,2020,32,23,3.8333333333333335,8.35
KK Ahmed,1216528,2020,44,24,4.0,11.0
KK Ahmed,1216532,2020,42,24,4.0,10.5
KK Ahmed,1216542,2020,24,18,3.0,8.0
KK Ahmed,1216545,2020,28,18,3.0,9.33
KK Ahmed,1254066,2021,21,24,4.0,5.25
KK Ahmed,1254071,2021,21,24,4.0,5.25
KK Ahmed,1254077,2021,42,24,4.0,10.5
KK Ahmed,1254080,2021,35,24,4.0,8.75
KK Ahmed,1254085,2021,41,24,4.0,10.25
KK Ahmed,1254105,2021,31,24,4.0,7.75
KK Ahmed,1254107,2021,21,18,3.0,7.0
KK Ahmed,1304048,2022,27,24,4.0,6.75
KK Ahmed,1304056,2022,34,24,4.0,8.5
KK Ahmed,1304065,2022,25,24,4.0,6.25
KK Ahmed,1304073,2022,36,24,4.0,9.0
KK Ahmed,1304078,2022,20,24,4.0,5.0
KK Ahmed,1304080,2022,46,24,4.0,11.5
KK Ahmed,1304096,2022,30,24,4.0,7.5
KK Ahmed,1304101,2022,25,24,4.0,6.25
KK Ahmed,1304110,2022,43,24,4.0,10.75
KK Ahmed,1304115,2022,22,19,3.1666666666666665,6.95
KK Ahmed,1359477,2023,29,24,4.0,7.25
KK Ahmed,1359481,2023,37,24,4.0,9.25
KK Ahmed,1359485,2023,28,12,2.0,14.0
KK Ahmed,1359518,2023,24,24,4.0,6.0
KK Ahmed,1359524,2023,43,24,4.0,10.75
KK Ahmed,1359529,2023,30,24,4.0,7.5
KK Ahmed,1359533,2023,33,24,4.0,8.25
KK Ahmed,1359538,2023,15,18,3.0,5.0
KK Ahmed,1359541,2023,42,24,4.0,10.5
KK Ahmed,1422120,2024,43,24,4.0,10.75
KK Ahmed,1422127,2024,22,24,4.0,5.5
KK Ahmed,1422131,2024,17,24,4.0,4.25
KK Ahmed,1422134,2024,33,24,4.0,8.25
KK Ahmed,1422138,2024,39,24,4.0,9.75
KK Ahmed,1426264,2024,40,24,4.0,10.0
KK Ahmed,1426270,2024,17,24,4.0,4.25
KK Ahmed,1426273,2024,51,18,3.0,17.0
KK Ahmed,1426278,2024,25,12,2.0,12.5
KK Ahmed,1426281,2024,45,24,4.0,11.25
KK Ahmed,1426285,2024,28,18,3.0,9.33
KK Ahmed,1426294,2024,40,24,4.0,10.0
KK Ahmed,1426300,2024,31,24,4.0,7.75
KK Ahmed,1426302,2024,21,12,2.0,10.5
KK Ahmed,1473440,2025,28,24,4.0,7.0
KK Ahmed,1473445,2025,28,24,4.0,7.0
KK Ahmed,1473448,2025,37,24,4.0,9.25
KK Ahmed,1473454,2025,25,24,4.0,6.25
KK Ahmed,1473459,2025,44,24,4.0,11.0
KK Ahmed,1473462,2025,38,18,3.0,12.67
KK Ahmed,1473467,2025,38,24,4.0,9.5
KK Ahmed,1473475,2025,24,12,2.0,12.0
KK Ahmed,1473480,2025,20,18,3.0,6.67
KK Ahmed,1473486,2025,27,22,3.6666666666666665,7.36
KK Ahmed,1473489,2025,58,18,3.0,19.33
KK Ahmed,1473494,2025,13,12,2.0,6.5
KK Ahmed,1473500,2025,35,18,3.0,11.67
KK Ahmed,1473504,2025,16,18,3.0,5.33
KK Ahmed,1527676,2026,17,18,3.0,5.67
KK Ahmed,1527680,2026,25,18,3.0,8.33
KK Ahmed,1527684,2026,36,24,4.0,9.0
KK Ahmed,1527691,2026,39,18,3.0,13.0
KK Ahmed,1529265,2026,24,23,3.8333333333333335,6.26
KK Cooper,548309,2012,26,24,4.0,6.5
KK Cooper,548312,2012,26,24,4.0,6.5
KK Cooper,548317,2012,43,24,4.0,10.75
KK Cooper,548332,2012,23,24,4.0,5.75
KK Cooper,548336,2012,33,24,4.0,8.25
KK Cooper,548345,2012,18,24,4.0,4.5
KK Cooper,598001,2013,28,24,4.0,7.0
KK Cooper,598005,2013,14,24,4.0,3.5
KK Cooper,598009,2013,26,24,4.0,6.5
KK Cooper,598014,2013,28,18,3.0,9.33
KK Cooper,598019,2013,24,18,3.0,8.0
KK Cooper,598026,2013,49,24,4.0,12.25
KK Cooper,598032,2013,38,24,4.0,9.5
KK Cooper,598047,2013,33,24,4.0,8.25
KK Cooper,598052,2013,21,24,4.0,5.25
KK Cooper,598058,2013,32,24,4.0,8.0
KK Cooper,598063,2013,26,24,4.0,6.5
KK Cooper,598065,2013,39,24,4.0,9.75
KK Cooper,598071,2013,34,24,4.0,8.5
KK Cooper,598072,2013,32,24,4.0,8.0
KK Cooper,734003,2014,25,24,4.0,6.25
KK Cooper,734011,2014,18,18,3.0,6.0
KK Cooper,734017,2014,26,18,3.0,8.67
KK Cooper,734033,2014,25,24,4.0,6.25
KK Cooper,734041,2014,38,24,4.0,9.5
KL Nagarkoti,1216497,2020,11,12,2.0,5.5
KL Nagarkoti,1216501,2020,21,18,3.0,7.0
KL Nagarkoti,1216504,2020,13,12,2.0,6.5
KL Nagarkoti,1216515,2020,33,18,3.0,11.0
KL Nagarkoti,1216523,2020,40,18,3.0,13.33
KL Nagarkoti,1216530,2020,23,24,4.0,5.75
KL Nagarkoti,1216536,2020,34,18,3.0,11.33
KL Nagarkoti,1216540,2020,36,24,4.0,9.0
KL Nagarkoti,1216545,2020,16,12,2.0,8.0
KL Nagarkoti,1254072,2021,25,12,2.0,12.5
KL Nagarkoti,1304048,2022,28,12,2.0,14.0
KM Asif,1136590,2018,42,18,3.0,14.0
KM Asif,1136593,2018,31,18,3.0,10.33
KM Asif,1254089,2021,16,13,2.1666666666666665,7.38
KM Asif,1359478,2023,14,18,3.0,4.67
KM Asif,1359482,2023,49,25,4.166666666666667,11.76
KM Asif,1359530,2023,26,18,3.0,8.67
KM Asif,1359534,2023,40,24,4.0,10.0
KMA Paul,1175358,2019,19,18,3.0,6.33
KMA Paul,1175360,2019,18,18,3.0,6.0
KMA Paul,1178401,2019,44,24,4.0,11.0
KMA Paul,1178405,2019,14,24,4.0,3.5
KMA Paul,1178409,2019,30,18,3.0,10.0
KMA Paul,1178428,2019,14,19,3.1666666666666665,4.42
KMA Paul,1181766,2019,20,24,4.0,5.0
KMA Paul,1181767,2019,43,18,3.0,14.33
KMDN Kulasekara,501228,2011,25,18,3.0,8.33
KMDN Kulasekara,548322,2012,37,24,4.0,9.25
KMDN Kulasekara,548330,2012,10,12,2.0,5.0
KMDN Kulasekara,548332,2012,17,24,4.0,4.25
KMDN Kulasekara,548343,2012,26,24,4.0,6.5
KP Appanna,392194,2009,24,24,4.0,6.0
KP Appanna,392199,2009,30,18,3.0,10.0
KP Appanna,392204,2009,10,12,2.0,5.0
KP Appanna,392218,2009,13,12,2.0,6.5
KP Appanna,392221,2009,10,6,1.0,10.0
KP Appanna,419140,2010,24,24,4.0,6.0
KP Appanna,419151,2010,25,18,3.0,8.33
KP Appanna,548327,2012,22,12,2.0,11.0
KP Appanna,548336,2012,17,24,4.0,4.25
KP Appanna,548344,2012,25,18,3.0,8.33
KP Appanna,548350,2012,30,18,3.0,10.0
KP Appanna,548362,2012,29,24,4.0,7.25
KP Appanna,548367,2012,19,6,1.0,19.0
KP Pietersen,392185,2009,14,18,3.0,4.67
KP Pietersen,392188,2009,31,24,4.0,7.75
KP Pietersen,392191,2009,16,12,2.0,8.0
KP Pietersen,392199,2009,18,24,4.0,4.5
KP Pietersen,419133,2010,26,12,2.0,13.0
KP Pietersen,419136,2010,8,6,1.0,8.0
KP Pietersen,419140,2010,3,6,1.0,3.0
KP Pietersen,419157,2010,10,6,1.0,10.0
KP Pietersen,419162,2010,20,24,4.0,5.0
KP Pietersen,419164,2010,10,6,1.0,10.0
KP Pietersen,548316,2012,16,12,2.0,8.0
KP Pietersen,548321,2012,15,12,2.0,7.5
KP Pietersen,548333,2012,18,12,2.0,9.0
KR Mayers,1359477,2023,6,6,1.0,6.0
KR Mayers,1359480,2023,15,12,2.0,7.5
KR Mayers,1359484,2023,5,6,1.0,5.0
KR Mayers,1359512,2023,4,6,1.0,4.0
KR Mayers,1359525,2023,14,6,1.0,14.0
KR Mayers,1359532,2023,9,6,1.0,9.0
KR Sen,1304066,2022,35,24,4.0,8.75
KR Sen,1304070,2022,51,24,4.0,12.75
KR Sen,1304085,2022,20,21,3.5,5.71
KR Sen,1304090,2022,28,20,3.3333333333333335,8.4
KR Sen,1304093,2022,24,19,3.1666666666666665,7.58
KR Sen,1304098,2022,40,24,4.0,10.0
KR Sen,1304104,2022,32,19,3.1666666666666665,10.11
KR Sen,1359491,2023,8,12,2.0,4.0
KR Sen,1359516,2023,15,6,1.0,15.0
KR Sen,1426262,2024,32,24,4.0,8.0
KR Sen,1426265,2024,35,24,4.0,8.75
KR Sen,1426269,2024,44,24,4.0,11.0
KS Williamson,981009,2016,7,6,1.0,7.0
KS Williamson,1216538,2020,24,12,2.0,12.0
KT Maphaka,1422126,2024,63,24,4.0,15.75
KT Maphaka,1422132,2024,23,12,2.0,11.5
KT Maphaka,1473497,2025,32,18,3.0,10.67
KT Maphaka,1473500,2025,20,12,2.0,10.0
KV Sharma,598013,2013,13,12,2.0,6.5
KV Sharma,598018,2013,13,18,3.0,4.33
KV Sharma,598021,2013,19,18,3.0,6.33
KV Sharma,598030,2013,8,24,4.0,2.0
KV Sharma,598032,2013,24,11,1.8333333333333335,13.09
KV Sharma,598039,2013,25,24,4.0,6.25
KV Sharma,598044,2013,9,12,2.0,4.5
KV Sharma,598051,2013,18,12,2.0,9.0
KV Sharma,598056,2013,6,6,1.0,6.0
KV Sharma,598060,2013,21,18,3.0,7.0
KV Sharma,598065,2013,33,24,4.0,8.25
KV Sharma,598069,2013,15,18,3.0,5.0
KV Sharma,598071,2013,24,12,2.0,12.0
KV Sharma,729285,2014,8,12,2.0,4.0
KV Sharma,729295,2014,36,24,4.0,9.0
KV Sharma,729301,2014,22,24,4.0,5.5
KV Sharma,729311,2014,35,24,4.0,8.75
KV Sharma,729317,2014,33,24,4.0,8.25
KV Sharma,733977,2014,17,24,4.0,4.25
KV Sharma,733989,2014,20,24,4.0,5.0
KV Sharma,733993,2014,28,18,3.0,9.33
KV Sharma,734001,2014,25,16,2.6666666666666665,9.38
KV Sharma,734007,2014,46,24,4.0,11.5
KV Sharma,734015,2014,19,24,4.0,4.75
KV Sharma,734021,2014,27,18,3.0,9.0
KV Sharma,734029,2014,19,24,4.0,4.75
KV Sharma,734037,2014,38,24,4.0,9.5
KV Sharma,829711,2015,51,24,4.0,12.75
KV Sharma,829719,2015,20,24,4.0,5.0
KV Sharma,829727,2015,19,18,3.0,6.33
KV Sharma,829731,2015,25,12,2.0,12.5
KV Sharma,829743,2015,5,6,1.0,5.0
KV Sharma,829751,2015,30,24,4.0,7.5
KV Sharma,829759,2015,22,24,4.0,5.5
KV Sharma,829773,2015,19,12,2.0,9.5
KV Sharma,829781,2015,29,24,4.0,7.25
KV Sharma,829787,2015,28,18,3.0,9.33
KV Sharma,829793,2015,12,18,3.0,4.0
KV Sharma,829799,2015,20,12,2.0,10.0
KV Sharma,829807,2015,14,6,1.0,14.0
KV Sharma,829815,2015,38,17,2.8333333333333335,13.41
KV Sharma,980907,2016,56,24,4.0,14.0
KV Sharma,980915,2016,24,14,2.3333333333333335,10.29
KV Sharma,980991,2016,26,24,4.0,6.5
KV Sharma,981003,2016,25,18,3.0,8.33
KV Sharma,981009,2016,38,18,3.0,12.67
KV Sharma,1082618,2017,39,24,4.0,9.75
KV Sharma,1082628,2017,22,18,3.0,7.33
KV Sharma,1082635,2017,10,22,3.6666666666666665,2.73
KV Sharma,1082638,2017,19,12,2.0,9.5
KV Sharma,1082641,2017,32,18,3.0,10.67
KV Sharma,1082644,2017,26,18,3.0,8.67
KV Sharma,1082647,2017,30,24,4.0,7.5
KV Sharma,1082649,2017,15,24,4.0,3.75
KV Sharma,1082650,2017,16,24,4.0,4.0
KV Sharma,1136577,2018,13,9,1.5,8.67
KV Sharma,1136580,2018,30,18,3.0,10.0
KV Sharma,1136593,2018,11,6,1.0,11.0
KV Sharma,1136603,2018,10,6,1.0,10.0
KV Sharma,1136620,2018,24,18,3.0,8.0
KV Sharma,1178408,2019,33,17,2.8333333333333335,11.65
KV Sharma,1216501,2020,25,24,4.0,6.25
KV Sharma,1216509,2020,34,18,3.0,11.33
KV Sharma,1216525,2020,33,24,4.0,8.25
KV Sharma,1216528,2020,34,24,4.0,8.5
KV Sharma,1216536,2020,35,24,4.0,8.75
KV Sharma,1359479,2023,31,24,4.0,7.75
KV Sharma,1359483,2023,26,18,3.0,8.67
KV Sharma,1359489,2023,47,18,3.0,15.67
KV Sharma,1359517,2023,20,24,4.0,5.0
KV Sharma,1359524,2023,33,18,3.0,11.0
KV Sharma,1359534,2023,19,9,1.5,12.67
KV Sharma,1359539,2023,44,18,3.0,14.67
KV Sharma,1422119,2024,24,12,2.0,12.0
KV Sharma,1426274,2024,33,24,4.0,8.25
KV Sharma,1426279,2024,27,24,4.0,6.75
KV Sharma,1426283,2024,37,18,3.0,12.33
KV Sharma,1426290,2024,42,18,3.0,14.0
KV Sharma,1426296,2024,36,18,3.0,12.0
KV Sharma,1426300,2024,19,12,2.0,9.5
KV Sharma,1426306,2024,14,6,1.0,14.0
KV Sharma,1426310,2024,17,12,2.0,8.5
KV Sharma,1473466,2025,35,24,4.0,8.75
KV Sharma,1473482,2025,25,12,2.0,12.5
KV Sharma,1473487,2025,23,24,4.0,5.75
KV Sharma,1473493,2025,13,12,2.0,6.5
KV Sharma,1473501,2025,31,18,3.0,10.33
KW Richardson,598035,2013,37,24,4.0,9.25
KW Richardson,598038,2013,35,24,4.0,8.75
KW Richardson,598055,2013,27,23,3.8333333333333335,7.04
KW Richardson,729285,2014,23,24,4.0,5.75
KW Richardson,729291,2014,24,18,3.0,8.0
KW Richardson,729305,2014,18,24,4.0,4.5
KW Richardson,729315,2014,27,24,4.0,6.75
KW Richardson,733975,2014,38,24,4.0,9.5
KW Richardson,733989,2014,28,24,4.0,7.0
KW Richardson,733999,2014,43,24,4.0,10.75
KW Richardson,980927,2016,25,18,3.0,8.33
KW Richardson,980931,2016,13,18,3.0,4.33
KW Richardson,980937,2016,47,24,4.0,11.75
KW Richardson,980953,2016,45,24,4.0,11.25
KW Richardson,1254073,2021,28,18,3.0,9.33
Kamran Khan,392182,2009,21,18,3.0,7.0
Kamran Khan,392190,2009,29,30,5.0,5.8
Kamran Khan,392195,2009,12,24,4.0,3.0
Kamran Khan,392198,2009,34,24,4.0,8.5
Kamran Khan,392202,2009,33,16,2.6666666666666665,12.38
Kamran Khan,419107,2010,10,6,1.0,10.0
Kamran Khan,419154,2010,30,18,3.0,10.0
Kamran Khan,419158,2010,11,12,2.0,5.5
Kamran Khan,501232,2011,47,18,3.0,15.67
Karanveer Singh,734033,2014,15,24,4.0,3.75
Karanveer Singh,734039,2014,22,24,4.0,5.5
Karanveer Singh,734043,2014,39,24,4.0,9.75
Karanveer Singh,734047,2014,31,24,4.0,7.75
Karanveer Singh,734049,2014,51,24,4.0,12.75
Karanveer Singh,829709,2015,43,24,4.0,10.75
Karanveer Singh,829753,2015,42,24,4.0,10.5
Karanveer Singh,829775,2015,30,24,4.0,7.5
Karanveer Singh,829785,2015,39,12,2.0,19.5
Karim Janat,1473484,2025,30,6,1.0,30.0
Kartik Tyagi,1216500,2020,34,24,4.0,8.5
Kartik Tyagi,1216507,2020,29,18,3.0,9.67
Kartik Tyagi,1216511,2020,33,24,4.0,8.25
Kartik Tyagi,1216518,2020,40,19,3.1666666666666665,12.63
Kartik Tyagi,1216522,2020,29,24,4.0,7.25
Kartik Tyagi,1216530,2020,36,24,4.0,9.0
Kartik Tyagi,1216533,2020,34,24,4.0,8.5
Kartik Tyagi,1216537,2020,42,24,4.0,10.5
Kartik Tyagi,1216541,2020,45,24,4.0,11.25
Kartik Tyagi,1216543,2020,29,24,4.0,7.25
Kartik Tyagi,1254085,2021,31,24,4.0,7.75
Kartik Tyagi,1254097,2021,35,24,4.0,8.75
Kartik Tyagi,1254103,2021,19,12,2.0,9.5
Kartik Tyagi,1254111,2021,27,24,4.0,6.75
Kartik Tyagi,1304096,2022,34,24,4.0,8.5
Kartik Tyagi,1304100,2022,38,24,4.0,9.5
Kartik Tyagi,1359521,2023,27,12,2.0,13.5
Kartik Tyagi,1359539,2023,20,8,1.3333333333333333,15.0
Kartik Tyagi,1359543,2023,31,17,2.8333333333333335,10.94
Kartik Tyagi,1426297,2024,49,24,4.0,12.25
Kartik Tyagi,1527675,2026,41,24,4.0,10.25
Kartik Tyagi,1527679,2026,46,24,4.0,11.5
Kartik Tyagi,1527688,2026,31,18,3.0,10.33
Kartik Tyagi,1529265,2026,34,24,4.0,8.5
Kartik Tyagi,1529268,2026,39,24,4.0,9.75
Kartik Tyagi,1529271,2026,21,24,4.0,5.25
Kartik Tyagi,1529281,2026,37,24,4.0,9.25
Kartik Tyagi,1529288,2026,29,24,4.0,7.25
Kartik Tyagi,1529294,2026,25,24,4.0,6.25
Kartik Tyagi,1529300,2026,31,24,4.0,7.75
Kartik Tyagi,1529303,2026,59,24,4.0,14.75
Kartik Tyagi,1529308,2026,37,24,4.0,9.25
Kartik Tyagi,1529313,2026,54,24,4.0,13.5
Krish Bhagat,1529273,2026,10,12,2.0,5.0
Krish Bhagat,1529276,2026,31,12,2.0,15.5
Krish Bhagat,1529287,2026,22,12,2.0,11.0
Kuldeep Yadav,980909,2016,32,24,4.0,8.0
Kuldeep Yadav,981009,2016,27,24,4.0,6.75
Kuldeep Yadav,981015,2016,35,24,4.0,8.75
Kuldeep Yadav,1082593,2017,25,24,4.0,6.25
Kuldeep Yadav,1082597,2017,34,24,4.0,8.5
Kuldeep Yadav,1082604,2017,23,24,4.0,5.75
Kuldeep Yadav,1082608,2017,29,18,3.0,9.67
Kuldeep Yadav,1082613,2017,33,24,4.0,8.25
Kuldeep Yadav,1082620,2017,31,24,4.0,7.75
Kuldeep Yadav,1082622,2017,27,24,4.0,6.75
Kuldeep Yadav,1082627,2017,40,24,4.0,10.0
Kuldeep Yadav,1082631,2017,35,24,4.0,8.75
Kuldeep Yadav,1082639,2017,33,18,3.0,11.0
Kuldeep Yadav,1082644,2017,25,18,3.0,8.33
Kuldeep Yadav,1136563,2018,28,18,3.0,9.33
Kuldeep Yadav,1136565,2018,26,18,3.0,8.67
Kuldeep Yadav,1136570,2018,23,24,4.0,5.75
Kuldeep Yadav,1136573,2018,32,20,3.3333333333333335,9.6
Kuldeep Yadav,1136575,2018,23,24,4.0,5.75
Kuldeep Yadav,1136578,2018,13,6,1.0,13.0
Kuldeep Yadav,1136586,2018,22,12,2.0,11.0
Kuldeep Yadav,1136589,2018,20,24,4.0,5.0
Kuldeep Yadav,1136593,2018,33,24,4.0,8.25
Kuldeep Yadav,1136597,2018,17,12,2.0,8.5
Kuldeep Yadav,1136601,2018,43,18,3.0,14.33
Kuldeep Yadav,1136604,2018,28,12,2.0,14.0
Kuldeep Yadav,1136609,2018,20,24,4.0,5.0
Kuldeep Yadav,1136614,2018,35,24,4.0,8.75
Kuldeep Yadav,1136618,2018,18,24,4.0,4.5
Kuldeep Yadav,1136619,2018,29,24,4.0,7.25
Kuldeep Yadav,1175357,2019,18,12,2.0,9.0
Kuldeep Yadav,1175361,2019,30,24,4.0,7.5
Kuldeep Yadav,1175365,2019,41,24,4.0,10.25
Kuldeep Yadav,1175372,2019,31,24,4.0,7.75
Kuldeep Yadav,1178396,2019,33,24,4.0,8.25
Kuldeep Yadav,1178398,2019,16,24,4.0,4.0
Kuldeep Yadav,1178401,2019,27,24,4.0,6.75
Kuldeep Yadav,1178404,2019,28,18,3.0,9.33
Kuldeep Yadav,1178410,2019,58,24,4.0,14.5
Kuldeep Yadav,1216504,2020,20,18,3.0,6.67
Kuldeep Yadav,1216508,2020,37,24,4.0,9.25
Kuldeep Yadav,1216512,2020,17,18,3.0,5.67
Kuldeep Yadav,1216545,2020,15,12,2.0,7.5
Kuldeep Yadav,1304048,2022,18,24,4.0,4.5
Kuldeep Yadav,1304056,2022,32,24,4.0,8.0
Kuldeep Yadav,1304061,2022,31,22,3.6666666666666665,8.45
Kuldeep Yadav,1304065,2022,33,24,4.0,8.25
Kuldeep Yadav,1304073,2022,43,24,4.0,10.75
Kuldeep Yadav,1304078,2022,24,24,4.0,6.0
Kuldeep Yadav,1304080,2022,39,18,3.0,13.0
Kuldeep Yadav,1304087,2022,14,18,3.0,4.67
Kuldeep Yadav,1304091,2022,29,18,3.0,9.67
Kuldeep Yadav,1304096,2022,40,24,4.0,10.0
Kuldeep Yadav,1304101,2022,41,18,3.0,13.67
Kuldeep Yadav,1304104,2022,20,18,3.0,6.67
Kuldeep Yadav,1304110,2022,14,18,3.0,4.67
Kuldeep Yadav,1304115,2022,33,24,4.0,8.25
Kuldeep Yadav,1359477,2023,35,24,4.0,8.75
Kuldeep Yadav,1359481,2023,17,18,3.0,5.67
Kuldeep Yadav,1359485,2023,31,24,4.0,7.75
Kuldeep Yadav,1359490,2023,23,12,2.0,11.5
Kuldeep Yadav,1359494,2023,23,24,4.0,5.75
Kuldeep Yadav,1359502,2023,14,18,3.0,4.67
Kuldeep Yadav,1359508,2023,22,24,4.0,5.5
Kuldeep Yadav,1359514,2023,27,18,3.0,9.0
Kuldeep Yadav,1359518,2023,15,24,4.0,3.75
Kuldeep Yadav,1359524,2023,37,24,4.0,9.25
Kuldeep Yadav,1359529,2023,25,24,4.0,6.25
Kuldeep Yadav,1359533,2023,32,24,4.0,8.0
Kuldeep Yadav,1359538,2023,20,18,3.0,6.67
Kuldeep Yadav,1359541,2023,34,18,3.0,11.33
Kuldeep Yadav,1422120,2024,20,24,4.0,5.0
Kuldeep Yadav,1422127,2024,39,24,4.0,9.75
Kuldeep Yadav,1426264,2024,19,24,4.0,4.75
Kuldeep Yadav,1426270,2024,16,24,4.0,4.0
Kuldeep Yadav,1426273,2024,53,24,4.0,13.25
Kuldeep Yadav,1426278,2024,28,24,4.0,7.0
Kuldeep Yadav,1426281,2024,46,18,3.0,15.33
Kuldeep Yadav,1426285,2024,34,24,4.0,8.5
Kuldeep Yadav,1426294,2024,24,24,4.0,6.0
Kuldeep Yadav,1426300,2024,51,24,4.0,12.75
Kuldeep Yadav,1426302,2024,33,24,4.0,8.25
Kuldeep Yadav,1473441,2025,20,24,4.0,5.0
Kuldeep Yadav,1473447,2025,22,24,4.0,5.5
Kuldeep Yadav,1473454,2025,30,24,4.0,7.5
Kuldeep Yadav,1473461,2025,17,24,4.0,4.25
Kuldeep Yadav,1473466,2025,23,24,4.0,5.75
Kuldeep Yadav,1473469,2025,33,24,4.0,8.25
Kuldeep Yadav,1473472,2025,29,24,4.0,7.25
Kuldeep Yadav,1473477,2025,32,24,4.0,8.0
Kuldeep Yadav,1473483,2025,28,24,4.0,7.0
Kuldeep Yadav,1473485,2025,27,18,3.0,9.0
Kuldeep Yadav,1473495,2025,28,12,2.0,14.0
Kuldeep Yadav,1473498,2025,36,24,4.0,9.0
Kuldeep Yadav,1473501,2025,21,24,4.0,5.25
Kuldeep Yadav,1485779,2025,37,24,4.0,9.25
Kuldeep Yadav,1527678,2026,31,24,4.0,7.75
Kuldeep Yadav,1527681,2026,31,18,3.0,10.33
Kuldeep Yadav,1527687,2026,42,24,4.0,10.5
Kuldeep Yadav,1527691,2026,24,12,2.0,12.0
Kuldeep Yadav,1529269,2026,31,24,4.0,7.75
Kuldeep Yadav,1529274,2026,30,12,2.0,15.0
Kuldeep Yadav,1529278,2026,44,24,4.0,11.0
Kuldeep Yadav,1529286,2026,41,24,4.0,10.25
Kuldeep Yadav,1529291,2026,34,18,3.0,11.33
Kuldeep Yadav,1529294,2026,41,18,3.0,13.67
Kuldeep Yadav,1529313,2026,27,24,4.0,6.75
L Ablish,419146,2010,16,12,2.0,8.0
L Ablish,419149,2010,17,12,2.0,8.5
L Ablish,501244,2011,39,18,3.0,13.0
L Balaji,336009,2008,35,24,4.0,8.75
L Balaji,336013,2008,23,24,4.0,5.75
L Balaji,336018,2008,6,12,2.0,3.0
L Balaji,336025,2008,34,24,4.0,8.5
L Balaji,336029,2008,34,24,4.0,8.5
L Balaji,336033,2008,45,18,3.0,15.0
L Balaji,336037,2008,34,24,4.0,8.5
L Balaji,336039,2008,27,24,4.0,6.75
L Balaji,336040,2008,40,24,4.0,10.0
L Balaji,392185,2009,18,14,2.3333333333333335,7.71
L Balaji,392189,2009,18,24,4.0,4.5
L Balaji,392196,2009,40,21,3.5,11.43
L Balaji,392202,2009,20,21,3.5,5.71
L Balaji,392206,2009,26,18,3.0,8.67
L Balaji,392209,2009,18,6,1.0,18.0
L Balaji,392214,2009,40,24,4.0,10.0
L Balaji,392217,2009,13,18,3.0,4.33
L Balaji,392224,2009,31,24,4.0,7.75
L Balaji,392227,2009,17,12,2.0,8.5
L Balaji,392231,2009,40,18,3.0,13.33
L Balaji,392234,2009,14,12,2.0,7.0
L Balaji,392238,2009,16,12,2.0,8.0
L Balaji,419110,2010,35,24,4.0,8.75
L Balaji,419113,2010,9,14,2.3333333333333335,3.86
L Balaji,419116,2010,21,18,3.0,7.0
L Balaji,419121,2010,28,24,4.0,7.0
L Balaji,419123,2010,47,24,4.0,11.75
L Balaji,419125,2010,42,24,4.0,10.5
L Balaji,419155,2010,10,12,2.0,5.0
L Balaji,501198,2011,25,24,4.0,6.25
L Balaji,501203,2011,30,24,4.0,7.5
L Balaji,501209,2011,29,24,4.0,7.25
L Balaji,501214,2011,15,18,3.0,5.0
L Balaji,501219,2011,21,24,4.0,5.25
L Balaji,501222,2011,39,24,4.0,9.75
L Balaji,501230,2011,38,24,4.0,9.5
L Balaji,501234,2011,21,18,3.0,7.0
L Balaji,501239,2011,25,18,3.0,8.33
L Balaji,501245,2011,32,24,4.0,8.0
L Balaji,501255,2011,6,8,1.3333333333333333,4.5
L Balaji,501262,2011,4,6,1.0,4.0
L Balaji,501267,2011,49,18,3.0,16.33
L Balaji,501269,2011,16,12,2.0,8.0
L Balaji,548315,2012,17,24,4.0,4.25
L Balaji,548320,2012,24,24,4.0,6.0
L Balaji,548328,2012,20,24,4.0,5.0
L Balaji,548335,2012,22,24,4.0,5.5
L Balaji,548368,2012,32,24,4.0,8.0
L Balaji,548370,2012,10,24,4.0,2.5
L Balaji,548375,2012,17,24,4.0,4.25
L Balaji,548378,2012,9,12,2.0,4.5
L Balaji,597998,2013,20,24,4.0,5.0
L Balaji,598008,2013,31,21,3.5,8.86
L Balaji,598013,2013,30,24,4.0,7.5
L Balaji,598016,2013,37,24,4.0,9.25
L Balaji,598022,2013,27,24,4.0,6.75
L Balaji,598029,2013,24,24,4.0,6.0
L Balaji,598031,2013,44,24,4.0,11.0
L Balaji,598034,2013,44,24,4.0,11.0
L Balaji,598040,2013,35,24,4.0,8.75
L Balaji,598050,2013,5,18,3.0,1.67
L Balaji,598053,2013,16,21,3.5,4.57
L Balaji,598057,2013,21,24,4.0,5.25
L Balaji,598061,2013,41,24,4.0,10.25
L Balaji,729283,2014,41,24,4.0,10.25
L Balaji,729291,2014,46,24,4.0,11.5
L Balaji,729295,2014,12,24,4.0,3.0
L Balaji,729307,2014,20,18,3.0,6.67
L Balaji,729313,2014,17,24,4.0,4.25
L Balaji,733973,2014,38,24,4.0,9.5
L Balaji,733991,2014,35,18,3.0,11.67
L Balaji,734033,2014,36,24,4.0,9.0
L Balaji,734049,2014,41,24,4.0,10.25
L Ngidi,1136590,2018,24,24,4.0,6.0
L Ngidi,1136593,2018,35,18,3.0,11.67
L Ngidi,1136595,2018,23,24,4.0,5.75
L Ngidi,1136612,2018,12,18,3.0,4.0
L Ngidi,1136616,2018,9,24,4.0,2.25
L Ngidi,1136617,2018,20,24,4.0,5.0
L Ngidi,1136620,2018,26,24,4.0,6.5
L Ngidi,1216492,2020,36,24,4.0,9.0
L Ngidi,1216496,2020,40,24,4.0,10.0
L Ngidi,1216506,2020,38,24,4.0,9.5
L Ngidi,1216536,2020,33,24,4.0,8.25
L Ngidi,1254072,2021,27,24,4.0,6.75
L Ngidi,1254080,2021,33,24,4.0,8.25
L Ngidi,1254084,2021,62,24,4.0,15.5
L Ngidi,1473489,2025,30,24,4.0,7.5
L Ngidi,1473503,2025,51,24,4.0,12.75
L Ngidi,1527678,2026,27,22,3.6666666666666665,7.36
L Ngidi,1527681,2026,33,24,4.0,8.25
L Ngidi,1527687,2026,22,24,4.0,5.5
L Ngidi,1527691,2026,41,24,4.0,10.25
L Ngidi,1529269,2026,38,24,4.0,9.5
L Ngidi,1529274,2026,39,24,4.0,9.75
L Ngidi,1529291,2026,29,24,4.0,7.25
L Ngidi,1529294,2026,7,12,2.0,3.5
L Ngidi,1529298,2026,46,24,4.0,11.5
L Ngidi,1529305,2026,24,24,4.0,6.0
L Ngidi,1529313,2026,27,22,3.6666666666666665,7.36
L Wood,1422123,2024,23,12,2.0,11.5
L Wood,1426281,2024,68,24,4.0,17.0
LA Carseldine,392213,2009,5,6,1.0,5.0
LB Williams,1426281,2024,25,18,3.0,8.33
LB Williams,1426285,2024,36,19,3.1666666666666665,11.37
LE Plunkett,1136582,2018,16,24,4.0,4.0
LE Plunkett,1136586,2018,24,24,4.0,6.0
LE Plunkett,1136590,2018,52,18,3.0,17.33
LE Plunkett,1136592,2018,37,18,3.0,12.33
LE Plunkett,1136596,2018,26,24,4.0,6.5
LE Plunkett,1136602,2018,41,24,4.0,10.25
LE Plunkett,1136615,2018,25,18,3.0,8.33
LH Ferguson,1082603,2017,42,24,4.0,10.5
LH Ferguson,1082624,2017,6,24,4.0,1.5
LH Ferguson,1082647,2017,16,18,3.0,5.33
LH Ferguson,1082650,2017,20,12,2.0,10.0
LH Ferguson,1175357,2019,34,24,4.0,8.5
LH Ferguson,1175361,2019,40,24,4.0,10.0
LH Ferguson,1175365,2019,36,24,4.0,9.0
LH Ferguson,1175372,2019,32,12,2.0,16.0
LH Ferguson,1178401,2019,36,18,3.0,12.0
LH Ferguson,1216494,2020,16,24,4.0,4.0
LH Ferguson,1216497,2020,30,24,4.0,7.5
LH Ferguson,1216512,2020,17,27,4.5,3.78
LH Ferguson,1216520,2020,31,23,3.8333333333333335,8.09
LH Ferguson,1216536,2020,49,24,4.0,12.25
LH Ferguson,1254087,2021,22,24,4.0,5.5
LH Ferguson,1254092,2021,10,12,2.0,5.0
LH Ferguson,1254096,2021,27,24,4.0,6.75
LH Ferguson,1254098,2021,31,24,4.0,7.75
LH Ferguson,1254106,2021,18,24,4.0,4.5
LH Ferguson,1254115,2021,29,24,4.0,7.25
LH Ferguson,1254116,2021,26,24,4.0,6.5
LH Ferguson,1254117,2021,54,24,4.0,13.5
LH Ferguson,1304050,2022,23,24,4.0,5.75
LH Ferguson,1304056,2022,27,24,4.0,6.75
LH Ferguson,1304062,2022,32,24,4.0,8.0
LH Ferguson,1304067,2022,44,24,4.0,11.0
LH Ferguson,1304070,2022,23,24,4.0,5.75
LH Ferguson,1304075,2022,46,24,4.0,11.5
LH Ferguson,1304081,2022,32,24,4.0,8.0
LH Ferguson,1304086,2022,50,24,4.0,12.5
LH Ferguson,1304089,2022,36,24,4.0,9.0
LH Ferguson,1304094,2022,22,18,3.0,7.33
LH Ferguson,1304097,2022,33,24,4.0,8.25
LH Ferguson,1304113,2022,21,10,1.6666666666666665,12.6
LH Ferguson,1312200,2022,22,18,3.0,7.33
LH Ferguson,1359487,2023,34,24,4.0,8.5
LH Ferguson,1359493,2023,27,12,2.0,13.5
LH Ferguson,1359496,2023,19,10,1.6666666666666665,11.4
LH Ferguson,1426268,2024,52,24,4.0,13.0
LH Ferguson,1426274,2024,46,24,4.0,11.5
LH Ferguson,1426279,2024,28,12,2.0,14.0
LH Ferguson,1426296,2024,29,18,3.0,9.67
LH Ferguson,1426300,2024,23,24,4.0,5.75
LH Ferguson,1426306,2024,33,18,3.0,11.0
LH Ferguson,1426310,2024,37,24,4.0,9.25
LH Ferguson,1473450,2025,24,18,3.0,8.0
LH Ferguson,1473455,2025,34,24,4.0,8.5
LH Ferguson,1473459,2025,34,24,4.0,8.5
LH Ferguson,1529283,2026,56,24,4.0,14.0
LH Ferguson,1529292,2026,40,24,4.0,10.0
LH Ferguson,1529304,2026,41,18,3.0,13.67
LI Meriwala,1254068,2021,27,18,3.0,9.0
LJ Wright,548337,2012,24,12,2.0,12.0
LJ Wright,598025,2013,35,17,2.8333333333333335,12.35
LJ Wright,598027,2013,24,24,4.0,6.0
LJ Wright,598035,2013,14,6,1.0,14.0
LJ Wright,598038,2013,12,6,1.0,12.0
LJ Wright,598061,2013,11,6,1.0,11.0
LMP Simmons,734009,2014,34,18,3.0,11.33
LPC Silva,336002,2008,21,6,1.0,21.0
LR Shukla,335982,2008,9,7,1.1666666666666667,7.71
LR Shukla,335993,2008,18,12,2.0,9.0
LR Shukla,335997,2008,11,6,1.0,11.0
LR Shukla,336000,2008,14,6,1.0,14.0
LR Shukla,336010,2008,15,6,1.0,15.0
LR Shukla,336014,2008,14,12,2.0,7.0
LR Shukla,336027,2008,7,6,1.0,7.0
LR Shukla,336035,2008,22,12,2.0,11.0
LR Shukla,392186,2009,20,12,2.0,10.0
LR Shukla,392197,2009,25,24,4.0,6.25
LR Shukla,392203,2009,25,18,3.0,8.33
LR Shukla,392207,2009,6,6,1.0,6.0
LR Shukla,392233,2009,19,24,4.0,4.75
LR Shukla,419106,2010,30,18,3.0,10.0
LR Shukla,419113,2010,37,24,4.0,9.25
LR Shukla,419153,2010,9,6,1.0,9.0
LR Shukla,419158,2010,30,24,4.0,7.5
LR Shukla,548344,2012,5,6,1.0,5.0
LR Shukla,548347,2012,7,6,1.0,7.0
LR Shukla,597998,2013,8,6,1.0,8.0
LR Shukla,598005,2013,14,12,2.0,7.0
LR Shukla,729301,2014,21,12,2.0,10.5
LR Shukla,729309,2014,5,6,1.0,5.0
LR Shukla,733981,2014,30,24,4.0,7.5
LR Shukla,733985,2014,18,12,2.0,9.0
LRPL Taylor,392185,2009,12,6,1.0,12.0
LRPL Taylor,501252,2011,11,6,1.0,11.0
LS Livingstone,1178402,2019,13,6,1.0,13.0
LS Livingstone,1304049,2022,13,6,1.0,13.0
LS Livingstone,1304057,2022,24,18,3.0,8.0
LS Livingstone,1304062,2022,12,6,1.0,12.0
LS Livingstone,1304069,2022,11,6,1.0,11.0
LS Livingstone,1304074,2022,19,12,2.0,9.5
LS Livingstone,1304084,2022,12,6,1.0,12.0
LS Livingstone,1304088,2022,22,12,2.0,11.0
LS Livingstone,1304094,2022,15,15,2.5,6.0
LS Livingstone,1304098,2022,5,6,1.0,5.0
LS Livingstone,1304110,2022,25,24,4.0,6.25
LS Livingstone,1304116,2022,25,24,4.0,6.25
LS Livingstone,1359501,2023,9,6,1.0,9.0
LS Livingstone,1359505,2023,23,12,2.0,11.5
LS Livingstone,1359512,2023,19,6,1.0,19.0
LS Livingstone,1359515,2023,16,6,1.0,16.0
LS Livingstone,1359527,2023,27,12,2.0,13.5
LS Livingstone,1426265,2024,20,18,3.0,6.67
LS Livingstone,1426271,2024,16,12,2.0,8.0
LS Livingstone,1426275,2024,18,24,4.0,4.5
LS Livingstone,1426296,2024,27,18,3.0,9.0
LS Livingstone,1473438,2025,14,12,2.0,7.0
LS Livingstone,1473445,2025,28,24,4.0,7.0
LS Livingstone,1473451,2025,12,6,1.0,12.0
LS Livingstone,1473461,2025,14,6,1.0,14.0
LS Livingstone,1473465,2025,8,6,1.0,8.0
Lalit Yadav,1254068,2021,11,6,1.0,11.0
Lalit Yadav,1254070,2021,17,24,4.0,4.25
Lalit Yadav,1254082,2021,13,18,3.0,4.33
Lalit Yadav,1254086,2021,25,18,3.0,8.33
Lalit Yadav,1254092,2021,35,18,3.0,11.67
Lalit Yadav,1304048,2022,15,12,2.0,7.5
Lalit Yadav,1304061,2022,21,24,4.0,5.25
Lalit Yadav,1304065,2022,8,6,1.0,8.0
Lalit Yadav,1304078,2022,11,12,2.0,5.5
Lalit Yadav,1304080,2022,41,24,4.0,10.25
Lalit Yadav,1304087,2022,25,18,3.0,8.33
Lalit Yadav,1304091,2022,16,6,1.0,16.0
Lalit Yadav,1304110,2022,5,6,1.0,5.0
Lalit Yadav,1359490,2023,22,24,4.0,5.5
Lalit Yadav,1359494,2023,28,24,4.0,7.0
Lalit Yadav,1359529,2023,34,18,3.0,11.33
Lalit Yadav,1359541,2023,30,12,2.0,15.0
Lalit Yadav,1422138,2024,15,6,1.0,15.0
Lalit Yadav,1426273,2024,41,12,2.0,20.5
M Ashwin,980901,2016,16,24,4.0,4.0
M Ashwin,980911,2016,27,24,4.0,6.75
M Ashwin,980919,2016,36,24,4.0,9.0
M Ashwin,980931,2016,29,12,2.0,14.5
M Ashwin,980939,2016,31,24,4.0,7.75
M Ashwin,980943,2016,6,6,1.0,6.0
M Ashwin,980949,2016,22,18,3.0,7.33
M Ashwin,980957,2016,25,15,2.5,10.0
M Ashwin,980965,2016,31,18,3.0,10.33
M Ashwin,980989,2016,11,6,1.0,11.0
M Ashwin,1136589,2018,35,24,4.0,8.75
M Ashwin,1136595,2018,15,18,3.0,5.0
M Ashwin,1175364,2019,25,24,4.0,6.25
M Ashwin,1175368,2019,19,12,2.0,9.5
M Ashwin,1178393,2019,22,24,4.0,5.5
M Ashwin,1178403,2019,24,24,4.0,6.0
M Ashwin,1178407,2019,23,24,4.0,5.75
M Ashwin,1178412,2019,16,18,3.0,5.33
M Ashwin,1178417,2019,31,24,4.0,7.75
M Ashwin,1178423,2019,30,24,4.0,7.5
M Ashwin,1178427,2019,24,12,2.0,12.0
M Ashwin,1178430,2019,33,18,3.0,11.0
M Ashwin,1216498,2020,27,24,4.0,6.75
M Ashwin,1216506,2020,17,24,4.0,4.25
M Ashwin,1216510,2020,20,18,3.0,6.67
M Ashwin,1216517,2020,28,18,3.0,9.33
M Ashwin,1216520,2020,27,24,4.0,6.75
M Ashwin,1216527,2020,16,9,1.5,10.67
M Ashwin,1216531,2020,23,24,4.0,5.75
M Ashwin,1216537,2020,43,24,4.0,10.75
M Ashwin,1216546,2020,32,24,4.0,8.0
M Ashwin,1254061,2021,39,24,4.0,9.75
M Ashwin,1254065,2021,31,18,3.0,10.33
M Ashwin,1254071,2021,21,24,4.0,5.25
M Ashwin,1304048,2022,14,24,4.0,3.5
M Ashwin,1304055,2022,29,18,3.0,9.67
M Ashwin,1304060,2022,25,18,3.0,8.33
M Ashwin,1304064,2022,25,18,3.0,8.33
M Ashwin,1304069,2022,34,24,4.0,8.5
M Ashwin,1304072,2022,33,24,4.0,8.25
M Ashwin,1304097,2022,29,24,4.0,7.25
M Ashwin,1304102,2022,34,24,4.0,8.5
M Ashwin,1359485,2023,10,6,1.0,10.0
M Ashwin,1359526,2023,42,18,3.0,14.0
M Jansen,1254058,2021,23,24,4.0,5.75
M Jansen,1254062,2021,17,12,2.0,8.5
M Jansen,1304063,2022,30,24,4.0,7.5
M Jansen,1304067,2022,25,24,4.0,6.25
M Jansen,1304071,2022,25,24,4.0,6.25
M Jansen,1304074,2022,34,24,4.0,8.5
M Jansen,1304082,2022,22,24,4.0,5.5
M Jansen,1304086,2022,57,24,4.0,14.25
M Jansen,1304092,2022,38,24,4.0,9.5
M Jansen,1304107,2022,30,24,4.0,7.5
M Jansen,1359488,2023,15,18,3.0,5.0
M Jansen,1359493,2023,25,25,4.166666666666667,6.0
M Jansen,1359499,2023,42,24,4.0,10.5
M Jansen,1359503,2023,37,18,3.0,12.33
M Jansen,1359508,2023,27,12,2.0,13.5
M Jansen,1359521,2023,19,18,3.0,6.33
M Jansen,1359526,2023,43,24,4.0,10.75
M Jansen,1359536,2023,23,24,4.0,5.75
M Jansen,1422121,2024,39,18,3.0,13.0
M Jansen,1426288,2024,37,24,4.0,9.25
M Jansen,1426293,2024,39,18,3.0,13.0
M Jansen,1473442,2025,43,24,4.0,10.75
M Jansen,1473450,2025,27,24,4.0,6.75
M Jansen,1473455,2025,44,24,4.0,11.0
M Jansen,1473459,2025,47,24,4.0,11.75
M Jansen,1473464,2025,39,12,2.0,19.5
M Jansen,1473468,2025,17,19,3.1666666666666665,5.37
M Jansen,1473471,2025,10,18,3.0,3.33
M Jansen,1473474,2025,19,18,3.0,6.33
M Jansen,1473481,2025,5,6,1.0,5.0
M Jansen,1473486,2025,28,24,4.0,7.0
M Jansen,1473491,2025,30,24,4.0,7.5
M Jansen,1473497,2025,39,18,3.0,13.0
M Jansen,1473506,2025,30,24,4.0,7.5
M Jansen,1485779,2025,39,25,4.166666666666667,9.36
M Jansen,1527677,2026,20,24,4.0,5.0
M Jansen,1527680,2026,37,24,4.0,9.25
M Jansen,1527690,2026,39,24,4.0,9.75
M Jansen,1529267,2026,29,24,4.0,7.25
M Jansen,1529272,2026,37,24,4.0,9.25
M Jansen,1529278,2026,45,24,4.0,11.25
M Jansen,1529283,2026,40,20,3.3333333333333335,12.0
M Jansen,1529289,2026,32,24,4.0,8.0
M Jansen,1529292,2026,59,24,4.0,14.75
M Jansen,1529298,2026,44,24,4.0,11.0
M Jansen,1529301,2026,55,24,4.0,13.75
M Jansen,1529311,2026,32,24,4.0,8.0
M Kartik,335986,2008,17,22,3.6666666666666665,4.64
M Kartik,335993,2008,33,18,3.0,11.0
M Kartik,335997,2008,23,18,3.0,7.67
M Kartik,336010,2008,24,12,2.0,12.0
M Kartik,336014,2008,29,18,3.0,9.67
M Kartik,392184,2009,23,24,4.0,5.75
M Kartik,392186,2009,7,6,1.0,7.0
M Kartik,392199,2009,24,24,4.0,6.0
M Kartik,392203,2009,20,18,3.0,6.67
M Kartik,392207,2009,17,18,3.0,5.67
M Kartik,392211,2009,18,24,4.0,4.5
M Kartik,392219,2009,20,24,4.0,5.0
M Kartik,392221,2009,26,24,4.0,6.5
M Kartik,392228,2009,12,24,4.0,3.0
M Kartik,392231,2009,22,18,3.0,7.33
M Kartik,419106,2010,17,18,3.0,5.67
M Kartik,419109,2010,20,24,4.0,5.0
M Kartik,419113,2010,20,24,4.0,5.0
M Kartik,419118,2010,24,24,4.0,6.0
M Kartik,419122,2010,21,24,4.0,5.25
M Kartik,419131,2010,26,24,4.0,6.5
M Kartik,419135,2010,29,24,4.0,7.25
M Kartik,419139,2010,40,24,4.0,10.0
M Kartik,419158,2010,31,24,4.0,7.75
M Kartik,419161,2010,20,24,4.0,5.0
M Kartik,501207,2011,27,24,4.0,6.75
M Kartik,501218,2011,27,24,4.0,6.75
M Kartik,501226,2011,29,24,4.0,7.25
M Kartik,501228,2011,27,24,4.0,6.75
M Kartik,501235,2011,39,24,4.0,9.75
M Kartik,548308,2012,14,18,3.0,4.67
M Kartik,548313,2012,20,18,3.0,6.67
M Kartik,548322,2012,18,18,3.0,6.0
M Kartik,548330,2012,24,24,4.0,6.0
M Kartik,548333,2012,24,18,3.0,8.0
M Kartik,548337,2012,25,24,4.0,6.25
M Kartik,548348,2012,16,12,2.0,8.0
M Kartik,548351,2012,22,18,3.0,7.33
M Kartik,548353,2012,20,24,4.0,5.0
M Kartik,548358,2012,32,18,3.0,10.67
M Kartik,548365,2012,36,24,4.0,9.0
M Kartik,597999,2013,22,24,4.0,5.5
M Kartik,598004,2013,24,24,4.0,6.0
M Kartik,598012,2013,29,18,3.0,9.67
M Kartik,598023,2013,35,24,4.0,8.75
M Kartik,598027,2013,23,18,3.0,7.67
M Kartik,598036,2013,32,18,3.0,10.67
M Kartik,598042,2013,29,24,4.0,7.25
M Kartik,598048,2013,20,18,3.0,6.67
M Kartik,598054,2013,21,24,4.0,5.25
M Kartik,598057,2013,17,24,4.0,4.25
M Kartik,598064,2013,23,18,3.0,7.67
M Kartik,729291,2014,50,24,4.0,12.5
M Kartik,733987,2014,40,24,4.0,10.0
M Manhas,501202,2011,14,18,3.0,4.67
M Manhas,501232,2011,9,6,1.0,9.0
M Manhas,501259,2011,19,18,3.0,6.33
M Markande,1136561,2018,23,24,4.0,5.75
M Markande,1136567,2018,23,24,4.0,5.75
M Markande,1136569,2018,42,18,3.0,14.0
M Markande,1136574,2018,24,24,4.0,6.0
M Markande,1136581,2018,15,12,2.0,7.5
M Markande,1136583,2018,15,18,3.0,5.0
M Markande,1136587,2018,29,18,3.0,9.67
M Markande,1136591,2018,28,18,3.0,9.33
M Markande,1136594,2018,28,18,3.0,9.33
M Markande,1136597,2018,25,18,3.0,8.33
M Markande,1136601,2018,26,24,4.0,6.5
M Markande,1136607,2018,32,18,3.0,10.67
M Markande,1136610,2018,33,18,3.0,11.0
M Markande,1136615,2018,21,12,2.0,10.5
M Markande,1175362,2019,23,18,3.0,7.67
M Markande,1175364,2019,11,6,1.0,11.0
M Markande,1178411,2019,24,12,2.0,12.0
M Markande,1254089,2021,26,18,3.0,8.67
M Markande,1304111,2022,31,18,3.0,10.33
M Markande,1304115,2022,26,24,4.0,6.5
M Markande,1359488,2023,15,24,4.0,3.75
M Markande,1359493,2023,27,24,4.0,6.75
M Markande,1359499,2023,34,24,4.0,8.5
M Markande,1359503,2023,23,24,4.0,5.75
M Markande,1359508,2023,32,24,4.0,8.0
M Markande,1359514,2023,20,24,4.0,5.0
M Markande,1359521,2023,29,24,4.0,7.25
M Markande,1359526,2023,51,24,4.0,12.75
M Markande,1359532,2023,39,18,3.0,13.0
M Markande,1359536,2023,27,18,3.0,9.0
M Markande,1422121,2024,39,24,4.0,9.75
M Markande,1422126,2024,49,24,4.0,12.25
M Markande,1422130,2024,31,18,3.0,10.33
M Markande,1422136,2024,21,12,2.0,10.5
M Markande,1426268,2024,43,24,4.0,10.75
M Markande,1426273,2024,24,12,2.0,12.0
M Markande,1426279,2024,41,18,3.0,13.67
M Markande,1527675,2026,16,6,1.0,16.0
M Markande,1527681,2026,19,12,2.0,9.5
M Markande,1527693,2026,40,12,2.0,20.0
M Morkel,392213,2009,19,24,4.0,4.75
M Morkel,392220,2009,19,18,3.0,6.33
M Morkel,419115,2010,30,18,3.0,10.0
M Morkel,419141,2010,32,24,4.0,8.0
M Morkel,501201,2011,26,24,4.0,6.5
M Morkel,501204,2011,11,24,4.0,2.75
M Morkel,501216,2011,30,24,4.0,7.5
M Morkel,501223,2011,26,24,4.0,6.5
M Morkel,501227,2011,23,24,4.0,5.75
M Morkel,501230,2011,41,24,4.0,10.25
M Morkel,501233,2011,18,24,4.0,4.5
M Morkel,501238,2011,26,18,3.0,8.67
M Morkel,501243,2011,37,24,4.0,9.25
M Morkel,501246,2011,46,24,4.0,11.5
M Morkel,501257,2011,21,24,4.0,5.25
M Morkel,548307,2012,18,18,3.0,6.0
M Morkel,548310,2012,29,24,4.0,7.25
M Morkel,548316,2012,17,24,4.0,4.25
M Morkel,548321,2012,22,24,4.0,5.5
M Morkel,548325,2012,21,24,4.0,5.25
M Morkel,548329,2012,31,24,4.0,7.75
M Morkel,548333,2012,44,24,4.0,11.0
M Morkel,548337,2012,34,24,4.0,8.5
M Morkel,548342,2012,20,24,4.0,5.0
M Morkel,548345,2012,26,24,4.0,6.5
M Morkel,548349,2012,23,24,4.0,5.75
M Morkel,548357,2012,34,24,4.0,8.5
M Morkel,548364,2012,31,24,4.0,7.75
M Morkel,548369,2012,32,24,4.0,8.0
M Morkel,548374,2012,15,24,4.0,3.75
M Morkel,548378,2012,37,24,4.0,9.25
M Morkel,598006,2013,41,24,4.0,10.25
M Morkel,598010,2013,26,24,4.0,6.5
M Morkel,598017,2013,31,24,4.0,7.75
M Morkel,598020,2013,41,24,4.0,10.25
M Morkel,598028,2013,22,24,4.0,5.5
M Morkel,598035,2013,35,24,4.0,8.75
M Morkel,598040,2013,21,24,4.0,5.25
M Morkel,598049,2013,40,24,4.0,10.0
M Morkel,598054,2013,34,24,4.0,8.5
M Morkel,598067,2013,36,24,4.0,9.0
M Morkel,729279,2014,16,24,4.0,4.0
M Morkel,729289,2014,38,24,4.0,9.5
M Morkel,729299,2014,34,24,4.0,8.5
M Morkel,729307,2014,25,24,4.0,6.25
M Morkel,729315,2014,35,24,4.0,8.75
M Morkel,733997,2014,20,24,4.0,5.0
M Morkel,734009,2014,28,24,4.0,7.0
M Morkel,734015,2014,34,24,4.0,8.5
M Morkel,734027,2014,21,24,4.0,5.25
M Morkel,734037,2014,26,24,4.0,6.5
M Morkel,734043,2014,22,24,4.0,5.5
M Morkel,734049,2014,40,24,4.0,10.0
M Morkel,829705,2015,18,24,4.0,4.5
M Morkel,829713,2015,35,24,4.0,8.75
M Morkel,829733,2015,27,24,4.0,6.75
M Morkel,829739,2015,28,24,4.0,7.0
M Morkel,829743,2015,31,24,4.0,7.75
M Morkel,829805,2015,24,24,4.0,6.0
M Morkel,829811,2015,37,24,4.0,9.25
M Morkel,980915,2016,31,24,4.0,7.75
M Morkel,980925,2016,27,24,4.0,6.75
M Morkel,980939,2016,30,18,3.0,10.0
M Morkel,980959,2016,28,24,4.0,7.0
M Morkel,980963,2016,26,24,4.0,6.5
M Morkel,980975,2016,38,24,4.0,9.5
M Morkel,980989,2016,21,18,3.0,7.0
M Morkel,980995,2016,20,12,2.0,10.0
M Morkel,981001,2016,38,21,3.5,10.86
M Morkel,981015,2016,31,24,4.0,7.75
M Muralitharan,335983,2008,31,24,4.0,7.75
M Muralitharan,335989,2008,36,24,4.0,9.0
M Muralitharan,335993,2008,9,24,4.0,2.25
M Muralitharan,336001,2008,25,24,4.0,6.25
M Muralitharan,336005,2008,14,24,4.0,3.5
M Muralitharan,336007,2008,23,24,4.0,5.75
M Muralitharan,336009,2008,22,24,4.0,5.5
M Muralitharan,336013,2008,31,24,4.0,7.75
M Muralitharan,336018,2008,19,12,2.0,9.5
M Muralitharan,336025,2008,41,24,4.0,10.25
M Muralitharan,336029,2008,19,24,4.0,4.75
M Muralitharan,336033,2008,30,24,4.0,7.5
M Muralitharan,336037,2008,20,24,4.0,5.0
M Muralitharan,336039,2008,18,24,4.0,4.5
M Muralitharan,336040,2008,39,24,4.0,9.75
M Muralitharan,392185,2009,11,24,4.0,2.75
M Muralitharan,392189,2009,26,18,3.0,8.67
M Muralitharan,392196,2009,16,24,4.0,4.0
M Muralitharan,392202,2009,32,24,4.0,8.0
M Muralitharan,392206,2009,22,24,4.0,5.5
M Muralitharan,392209,2009,10,18,3.0,3.33
M Muralitharan,392214,2009,36,24,4.0,9.0
M Muralitharan,392217,2009,22,24,4.0,5.5
M Muralitharan,392224,2009,24,24,4.0,6.0
M Muralitharan,392227,2009,19,24,4.0,4.75
M Muralitharan,392231,2009,16,24,4.0,4.0
M Muralitharan,392234,2009,8,24,4.0,2.0
M Muralitharan,392238,2009,15,24,4.0,3.75
M Muralitharan,419110,2010,24,24,4.0,6.0
M Muralitharan,419113,2010,15,24,4.0,3.75
M Muralitharan,419116,2010,22,24,4.0,5.5
M Muralitharan,419121,2010,26,28,4.666666666666667,5.57
M Muralitharan,419123,2010,24,24,4.0,6.0
M Muralitharan,419125,2010,31,24,4.0,7.75
M Muralitharan,419129,2010,33,24,4.0,8.25
M Muralitharan,419133,2010,21,24,4.0,5.25
M Muralitharan,419137,2010,51,24,4.0,12.75
M Muralitharan,419153,2010,40,24,4.0,10.0
M Muralitharan,419163,2010,16,24,4.0,4.0
M Muralitharan,419165,2010,17,24,4.0,4.25
M Muralitharan,501200,2011,27,24,4.0,6.75
M Muralitharan,501207,2011,41,23,3.8333333333333335,10.7
M Muralitharan,501219,2011,16,24,4.0,4.0
M Muralitharan,501225,2011,27,19,3.1666666666666665,8.53
M Muralitharan,501261,2011,26,24,4.0,6.5
M Muralitharan,548310,2012,25,24,4.0,6.25
M Muralitharan,548315,2012,29,24,4.0,7.25
M Muralitharan,548318,2012,21,24,4.0,5.25
M Muralitharan,548324,2012,35,24,4.0,8.75
M Muralitharan,548356,2012,18,24,4.0,4.5
M Muralitharan,548360,2012,24,24,4.0,6.0
M Muralitharan,548362,2012,16,24,4.0,4.0
M Muralitharan,548367,2012,15,24,4.0,3.75
M Muralitharan,548372,2012,43,24,4.0,10.75
M Muralitharan,548376,2012,29,24,4.0,7.25
M Muralitharan,597999,2013,30,24,4.0,7.5
M Muralitharan,598004,2013,17,24,4.0,4.25
M Muralitharan,598008,2013,29,24,4.0,7.25
M Muralitharan,598042,2013,31,18,3.0,10.33
M Muralitharan,598045,2013,44,24,4.0,11.0
M Muralitharan,598048,2013,23,24,4.0,5.75
M Muralitharan,729299,2014,25,12,2.0,12.5
M Muralitharan,734005,2014,25,24,4.0,6.25
M Muralitharan,734013,2014,27,24,4.0,6.75
M Muralitharan,734021,2014,26,24,4.0,6.5
M Muralitharan,734027,2014,18,12,2.0,9.0
M Ntini,336001,2008,29,24,4.0,7.25
M Ntini,336005,2008,17,18,3.0,5.67
M Ntini,336007,2008,37,24,4.0,9.25
M Ntini,336025,2008,19,24,4.0,4.75
M Ntini,336029,2008,27,24,4.0,6.75
M Ntini,336033,2008,42,24,4.0,10.5
M Ntini,336037,2008,22,24,4.0,5.5
M Ntini,336039,2008,23,24,4.0,5.75
M Ntini,336040,2008,21,24,4.0,5.25
M Pathirana,1304108,2022,21,19,3.1666666666666665,6.63
M Pathirana,1304114,2022,20,22,3.6666666666666665,5.45
M Pathirana,1359498,2023,40,24,4.0,10.0
M Pathirana,1359503,2023,21,24,4.0,5.25
M Pathirana,1359507,2023,24,24,4.0,6.0
M Pathirana,1359511,2023,46,24,4.0,11.5
M Pathirana,1359515,2023,31,24,4.0,7.75
M Pathirana,1359519,2023,16,20,3.3333333333333335,4.8
M Pathirana,1359523,2023,15,24,4.0,3.75
M Pathirana,1359529,2023,33,24,4.0,8.25
M Pathirana,1359535,2023,16,18,3.0,5.33
M Pathirana,1359541,2023,16,24,4.0,4.0
M Pathirana,1370350,2023,29,24,4.0,7.25
M Pathirana,1370353,2023,42,24,4.0,10.5
M Pathirana,1422125,2024,24,24,4.0,6.0
M Pathirana,1422131,2024,29,24,4.0,7.25
M Pathirana,1426267,2024,26,24,4.0,6.5
M Pathirana,1426272,2024,27,24,4.0,6.75
M Pathirana,1426277,2024,33,24,4.0,8.25
M Pathirana,1426284,2024,15,12,2.0,7.5
M Pathirana,1473445,2025,33,24,4.0,8.25
M Pathirana,1473448,2025,23,24,4.0,5.75
M Pathirana,1473454,2025,27,24,4.0,6.75
M Pathirana,1473459,2025,51,24,4.0,12.75
M Pathirana,1473467,2025,37,24,4.0,9.25
M Pathirana,1473475,2025,31,10,1.6666666666666665,18.6
M Pathirana,1473480,2025,22,18,3.0,7.33
M Pathirana,1473486,2025,43,24,4.0,10.75
M Pathirana,1473489,2025,33,24,4.0,8.25
M Pathirana,1473494,2025,39,24,4.0,9.75
M Pathirana,1473500,2025,21,13,2.1666666666666665,9.69
M Pathirana,1473504,2025,27,18,3.0,9.0
M Pathirana,1529303,2026,7,8,1.3333333333333333,5.25
M Prasidh Krishna,1136597,2018,38,24,4.0,9.5
M Prasidh Krishna,1136601,2018,40,24,4.0,10.0
M Prasidh Krishna,1136604,2018,29,24,4.0,7.25
M Prasidh Krishna,1136609,2018,35,24,4.0,8.75
M Prasidh Krishna,1136614,2018,28,24,4.0,7.0
M Prasidh Krishna,1136618,2018,28,24,4.0,7.0
M Prasidh Krishna,1136619,2018,53,24,4.0,13.25
M Prasidh Krishna,1175357,2019,28,24,4.0,7.0
M Prasidh Krishna,1175361,2019,41,24,4.0,10.25
M Prasidh Krishna,1175365,2019,42,30,5.0,8.4
M Prasidh Krishna,1175372,2019,40,18,3.0,13.33
M Prasidh Krishna,1178396,2019,31,24,4.0,7.75
M Prasidh Krishna,1178398,2019,22,24,4.0,5.5
M Prasidh Krishna,1178401,2019,25,18,3.0,8.33
M Prasidh Krishna,1178404,2019,29,24,4.0,7.25
M Prasidh Krishna,1178410,2019,52,24,4.0,13.0
M Prasidh Krishna,1178418,2019,42,20,3.3333333333333335,12.6
M Prasidh Krishna,1178431,2019,22,18,3.0,7.33
M Prasidh Krishna,1216494,2020,19,15,2.5,7.6
M Prasidh Krishna,1216497,2020,16,13,2.1666666666666665,7.38
M Prasidh Krishna,1216520,2020,24,18,3.0,8.0
M Prasidh Krishna,1216523,2020,29,24,4.0,7.25
M Prasidh Krishna,1216526,2020,30,12,2.0,15.0
M Prasidh Krishna,1216540,2020,42,24,4.0,10.5
M Prasidh Krishna,1254060,2021,31,24,4.0,7.75
M Prasidh Krishna,1254062,2021,42,24,4.0,10.5
M Prasidh Krishna,1254067,2021,29,24,4.0,7.25
M Prasidh Krishna,1254072,2021,44,24,4.0,11.0
M Prasidh Krishna,1254075,2021,18,18,3.0,6.0
M Prasidh Krishna,1254078,2021,28,24,4.0,7.0
M Prasidh Krishna,1254082,2021,35,21,3.5,10.0
M Prasidh Krishna,1254087,2021,20,24,4.0,5.0
M Prasidh Krishna,1254096,2021,34,24,4.0,8.5
M Prasidh Krishna,1254098,2021,41,24,4.0,10.25
M Prasidh Krishna,1304051,2022,16,24,4.0,4.0
M Prasidh Krishna,1304055,2022,31,24,4.0,7.75
M Prasidh Krishna,1304059,2022,38,24,4.0,9.5
M Prasidh Krishna,1304066,2022,34,24,4.0,8.5
M Prasidh Krishna,1304070,2022,33,24,4.0,8.25
M Prasidh Krishna,1304076,2022,38,24,4.0,9.5
M Prasidh Krishna,1304080,2022,22,24,4.0,5.5
M Prasidh Krishna,1304085,2022,20,24,4.0,5.0
M Prasidh Krishna,1304090,2022,28,24,4.0,7.0
M Prasidh Krishna,1304093,2022,32,24,4.0,8.0
M Prasidh Krishna,1304098,2022,44,24,4.0,11.0
M Prasidh Krishna,1304104,2022,20,18,3.0,6.67
M Prasidh Krishna,1304109,2022,26,24,4.0,6.5
M Prasidh Krishna,1304114,2022,32,24,4.0,8.0
M Prasidh Krishna,1312197,2022,35,21,3.5,10.0
M Prasidh Krishna,1312199,2022,21,24,4.0,5.25
M Prasidh Krishna,1312200,2022,34,24,4.0,8.5
M Prasidh Krishna,1473442,2025,41,18,3.0,13.67
M Prasidh Krishna,1473446,2025,18,24,4.0,4.5
M Prasidh Krishna,1473451,2025,26,24,4.0,6.5
M Prasidh Krishna,1473457,2025,23,24,4.0,5.75
M Prasidh Krishna,1473460,2025,24,24,4.0,6.0
M Prasidh Krishna,1473463,2025,24,24,4.0,6.0
M Prasidh Krishna,1473472,2025,39,24,4.0,9.75
M Prasidh Krishna,1473476,2025,24,24,4.0,6.0
M Prasidh Krishna,1473484,2025,47,24,4.0,11.75
M Prasidh Krishna,1473488,2025,18,24,4.0,4.5
M Prasidh Krishna,1473493,2025,37,24,4.0,9.25
M Prasidh Krishna,1473498,2025,40,24,4.0,10.0
M Prasidh Krishna,1473502,2025,43,24,4.0,10.75
M Prasidh Krishna,1473504,2025,20,24,4.0,5.0
M Prasidh Krishna,1473509,2025,53,24,4.0,13.25
M Prasidh Krishna,1527677,2026,27,24,4.0,6.75
M Prasidh Krishna,1527682,2026,42,24,4.0,10.5
M Prasidh Krishna,1527687,2026,52,24,4.0,13.0
M Prasidh Krishna,1527692,2026,28,24,4.0,7.0
M Prasidh Krishna,1529268,2026,30,24,4.0,7.5
M Prasidh Krishna,1529273,2026,53,24,4.0,13.25
M Prasidh Krishna,1529277,2026,31,12,2.0,15.5
M Prasidh Krishna,1529299,2026,23,18,3.0,7.67
M Prasidh Krishna,1529309,2026,13,6,1.0,13.0
M Prasidh Krishna,1535462,2026,51,24,4.0,12.75
M Prasidh Krishna,1535464,2026,42,24,4.0,10.5
M Prasidh Krishna,1535465,2026,7,6,1.0,7.0
M Shahrukh Khan,1426275,2024,7,6,1.0,7.0
M Shahrukh Khan,1426278,2024,8,6,1.0,8.0
M Shahrukh Khan,1473504,2025,13,6,1.0,13.0
M Siddharth,1422129,2024,21,12,2.0,10.5
M Siddharth,1422133,2024,21,18,3.0,7.0
M Siddharth,1422139,2024,20,25,4.166666666666667,4.8
M Siddharth,1473441,2025,39,24,4.0,9.75
M Siddharth,1473450,2025,26,18,3.0,8.67
M Siddharth,1527683,2026,28,24,4.0,7.0
M Siddharth,1527688,2026,32,24,4.0,8.0
M Siddharth,1529272,2026,35,18,3.0,11.67
M Siddharth,1529290,2026,47,24,4.0,11.75
M Theekshana,1304063,2022,31,24,4.0,7.75
M Theekshana,1304068,2022,33,24,4.0,8.25
M Theekshana,1304075,2022,24,24,4.0,6.0
M Theekshana,1304079,2022,35,24,4.0,8.75
M Theekshana,1304084,2022,30,24,4.0,7.5
M Theekshana,1304092,2022,26,24,4.0,6.5
M Theekshana,1304095,2022,27,24,4.0,6.75
M Theekshana,1304101,2022,29,24,4.0,7.25
M Theekshana,1304105,2022,24,18,3.0,8.0
M Theekshana,1359491,2023,42,24,4.0,10.5
M Theekshana,1359498,2023,40,24,4.0,10.0
M Theekshana,1359503,2023,27,24,4.0,6.75
M Theekshana,1359507,2023,31,24,4.0,7.75
M Theekshana,1359511,2023,23,24,4.0,5.75
M Theekshana,1359515,2023,34,24,4.0,8.5
M Theekshana,1359519,2023,37,24,4.0,9.25
M Theekshana,1359523,2023,28,24,4.0,7.0
M Theekshana,1359529,2023,16,12,2.0,8.0
M Theekshana,1359535,2023,22,18,3.0,7.33
M Theekshana,1359541,2023,23,24,4.0,5.75
M Theekshana,1370350,2023,28,24,4.0,7.0
M Theekshana,1370353,2023,36,24,4.0,9.0
M Theekshana,1422119,2024,36,24,4.0,9.0
M Theekshana,1422136,2024,27,24,4.0,6.75
M Theekshana,1426260,2024,28,24,4.0,7.0
M Theekshana,1426299,2024,28,24,4.0,7.0
M Theekshana,1426306,2024,24,24,4.0,6.0
M Theekshana,1473439,2025,47,24,4.0,11.75
M Theekshana,1473443,2025,27,24,4.0,6.75
M Theekshana,1473448,2025,30,24,4.0,7.5
M Theekshana,1473455,2025,22,24,4.0,5.5
M Theekshana,1473460,2025,49,24,4.0,12.25
M Theekshana,1473465,2025,21,12,2.0,10.5
M Theekshana,1473469,2025,40,24,4.0,10.0
M Theekshana,1473473,2025,31,24,4.0,7.75
M Theekshana,1473484,2025,32,24,4.0,8.0
M Theekshana,1473487,2025,44,24,4.0,11.0
M Theekshana,1473490,2025,41,24,4.0,10.25
M Tiwari,1473495,2025,14,6,1.0,14.0
M Tiwari,1529298,2026,38,24,4.0,9.5
M Tiwari,1529305,2026,23,24,4.0,5.75
M Tiwari,1529313,2026,17,12,2.0,8.5
M Vijay,729293,2014,13,6,1.0,13.0
M Vijay,829759,2015,16,18,3.0,5.33
M Vijay,829775,2015,12,6,1.0,12.0
M Vijay,980991,2016,7,6,1.0,7.0
M de Lange,548307,2012,35,18,3.0,11.67
M de Lange,548353,2012,31,24,4.0,7.75
M de Lange,548368,2012,37,18,3.0,12.33
M de Lange,734031,2014,29,24,4.0,7.25
M de Lange,829789,2015,24,24,4.0,6.0
MA Khote,335989,2008,29,18,3.0,9.67
MA Khote,335991,2008,22,12,2.0,11.0
MA Starc,729281,2014,31,24,4.0,7.75
MA Starc,729287,2014,21,24,4.0,5.25
MA Starc,729299,2014,32,24,4.0,8.0
MA Starc,729305,2014,28,24,4.0,7.0
MA Starc,729313,2014,11,24,4.0,2.75
MA Starc,733977,2014,21,24,4.0,5.25
MA Starc,733983,2014,28,24,4.0,7.0
MA Starc,733991,2014,37,24,4.0,9.25
MA Starc,733999,2014,31,18,3.0,10.33
MA Starc,734005,2014,25,24,4.0,6.25
MA Starc,734013,2014,23,24,4.0,5.75
MA Starc,734021,2014,30,22,3.6666666666666665,8.18
MA Starc,734027,2014,31,24,4.0,7.75
MA Starc,734035,2014,32,18,3.0,10.67
MA Starc,829745,2015,24,24,4.0,6.0
MA Starc,829749,2015,20,24,4.0,5.0
MA Starc,829757,2015,19,24,4.0,4.75
MA Starc,829771,2015,9,12,2.0,4.5
MA Starc,829779,2015,23,24,4.0,5.75
MA Starc,829785,2015,11,24,4.0,2.75
MA Starc,829795,2015,40,24,4.0,10.0
MA Starc,829803,2015,19,12,2.0,9.5
MA Starc,829807,2015,26,18,3.0,8.67
MA Starc,829813,2015,34,24,4.0,8.5
MA Starc,829819,2015,21,24,4.0,5.25
MA Starc,829821,2015,27,24,4.0,6.75
MA Starc,1422121,2024,47,24,4.0,11.75
MA Starc,1422128,2024,46,24,4.0,11.5
MA Starc,1422134,2024,25,18,3.0,8.33
MA Starc,1426260,2024,27,18,3.0,9.0
MA Starc,1426266,2024,27,24,4.0,6.75
MA Starc,1426269,2024,41,24,4.0,10.25
MA Starc,1426274,2024,54,18,3.0,18.0
MA Starc,1426285,2024,37,18,3.0,12.33
MA Starc,1426289,2024,30,23,3.8333333333333335,7.83
MA Starc,1426292,2024,22,12,2.0,11.0
MA Starc,1426298,2024,11,6,1.0,11.0
MA Starc,1426309,2024,33,24,4.0,8.25
MA Starc,1426312,2024,14,18,3.0,4.67
MA Starc,1473441,2025,42,24,4.0,10.5
MA Starc,1473447,2025,28,22,3.6666666666666665,7.64
MA Starc,1473454,2025,19,24,4.0,4.75
MA Starc,1473461,2025,25,18,3.0,8.33
MA Starc,1473466,2025,42,18,3.0,14.0
MA Starc,1473469,2025,40,29,4.833333333333333,8.28
MA Starc,1473472,2025,49,20,3.3333333333333335,14.7
MA Starc,1473477,2025,25,24,4.0,6.25
MA Starc,1473483,2025,31,18,3.0,10.33
MA Starc,1473485,2025,42,24,4.0,10.5
MA Starc,1473495,2025,23,12,2.0,11.5
MA Starc,1529286,2026,37,24,4.0,9.25
MA Starc,1529291,2026,29,24,4.0,7.25
MA Starc,1529294,2026,31,18,3.0,10.33
MA Starc,1529298,2026,50,24,4.0,12.5
MA Starc,1529305,2026,39,24,4.0,9.75
MA Starc,1529313,2026,26,18,3.0,8.67
MA Wood,1136561,2018,48,24,4.0,12.0
MA Wood,1359477,2023,12,24,4.0,3.0
MA Wood,1359480,2023,49,24,4.0,12.25
MA Wood,1359489,2023,30,24,4.0,7.5
MA Wood,1359495,2023,33,24,4.0,8.25
MB Parmar,419135,2010,32,18,3.0,10.67
MC Henriques,392186,2009,31,24,4.0,7.75
MC Henriques,392211,2009,36,24,4.0,9.0
MC Henriques,392219,2009,33,24,4.0,8.25
MC Henriques,419120,2010,35,24,4.0,8.75
MC Henriques,598004,2013,13,18,3.0,4.33
MC Henriques,598008,2013,23,24,4.0,5.75
MC Henriques,598036,2013,5,12,2.0,2.5
MC Henriques,598042,2013,44,24,4.0,11.0
MC Henriques,598045,2013,28,13,2.1666666666666665,12.92
MC Henriques,598048,2013,18,6,1.0,18.0
MC Henriques,598054,2013,21,12,2.0,10.5
MC Henriques,598064,2013,28,18,3.0,9.33
MC Henriques,733989,2014,11,12,2.0,5.5
MC Henriques,733993,2014,26,18,3.0,8.67
MC Henriques,734001,2014,20,18,3.0,6.67
MC Henriques,734007,2014,36,12,2.0,18.0
MC Henriques,829743,2015,8,6,1.0,8.0
MC Henriques,829759,2015,30,24,4.0,7.5
MC Henriques,829773,2015,19,24,4.0,4.75
MC Henriques,829781,2015,20,18,3.0,6.67
MC Henriques,829787,2015,28,18,3.0,9.33
MC Henriques,829793,2015,14,12,2.0,7.0
MC Henriques,829799,2015,14,24,4.0,3.5
MC Henriques,829807,2015,2,6,1.0,2.0
MC Henriques,829815,2015,16,18,3.0,5.33
MC Henriques,980907,2016,41,24,4.0,10.25
MC Henriques,980915,2016,18,12,2.0,9.0
MC Henriques,980923,2016,22,24,4.0,5.5
MC Henriques,980929,2016,16,18,3.0,5.33
MC Henriques,980935,2016,32,24,4.0,8.0
MC Henriques,980943,2016,16,12,2.0,8.0
MC Henriques,980953,2016,40,24,4.0,10.0
MC Henriques,980967,2016,22,18,3.0,7.33
MC Henriques,980973,2016,18,24,4.0,4.5
MC Henriques,980979,2016,20,18,3.0,6.67
MC Henriques,980983,2016,19,18,3.0,6.33
MC Henriques,980991,2016,29,18,3.0,9.67
MC Henriques,981003,2016,18,12,2.0,9.0
MC Henriques,981009,2016,14,12,2.0,7.0
MC Henriques,981015,2016,17,18,3.0,5.67
MC Henriques,981017,2016,27,18,3.0,9.0
MC Henriques,981019,2016,40,18,3.0,13.33
MC Henriques,1082591,2017,18,12,2.0,9.0
MC Henriques,1082596,2017,12,6,1.0,12.0
MC Henriques,1082604,2017,21,12,2.0,10.5
MC Henriques,1082609,2017,6,12,2.0,3.0
MC Henriques,1082611,2017,31,18,3.0,10.33
MC Henriques,1082615,2017,4,6,1.0,4.0
MC Henriques,1082623,2017,39,18,3.0,13.0
MC Henriques,1082627,2017,31,18,3.0,10.33
MC Henriques,1082630,2017,35,13,2.1666666666666665,16.15
MC Henriques,1082634,2017,15,17,2.8333333333333335,5.29
MC Henriques,1082638,2017,15,6,1.0,15.0
MC Henriques,1082643,2017,12,6,1.0,12.0
MC Henriques,1254071,2021,7,6,1.0,7.0
MC Henriques,1254074,2021,12,18,3.0,4.0
MC Henriques,1254078,2021,5,6,1.0,5.0
MC Henriques,1254090,2021,12,24,4.0,3.0
MC Henriques,1254094,2021,8,6,1.0,8.0
MD Shanaka,1529305,2026,29,18,3.0,9.67
MD Shanaka,1529307,2026,9,6,1.0,9.0
MD Shanaka,1529312,2026,20,12,2.0,10.0
MF Maharoof,335984,2008,11,24,4.0,2.75
MF Maharoof,335988,2008,35,24,4.0,8.75
MF Maharoof,335995,2008,30,18,3.0,10.0
MF Maharoof,336015,2008,20,24,4.0,5.0
MF Maharoof,336017,2008,24,24,4.0,6.0
MF Maharoof,336020,2008,39,24,4.0,9.75
MF Maharoof,336022,2008,11,6,1.0,11.0
MF Maharoof,336026,2008,13,24,4.0,3.25
MF Maharoof,336032,2008,21,24,4.0,5.25
MF Maharoof,336038,2008,34,24,4.0,8.5
MF Maharoof,392226,2009,22,24,4.0,5.5
MF Maharoof,392230,2009,27,24,4.0,6.75
MF Maharoof,392232,2009,9,12,2.0,4.5
MF Maharoof,419108,2010,35,24,4.0,8.75
MF Maharoof,419111,2010,31,24,4.0,7.75
MF Maharoof,419114,2010,43,24,4.0,10.75
MF Maharoof,419134,2010,13,18,3.0,4.33
MF Maharoof,419140,2010,28,24,4.0,7.0
MF Maharoof,419144,2010,30,18,3.0,10.0
MF Maharoof,419149,2010,16,12,2.0,8.0
MG Bracewell,1359479,2023,16,12,2.0,8.0
MG Bracewell,1359483,2023,34,18,3.0,11.33
MG Bracewell,1359534,2023,16,18,3.0,5.33
MG Bracewell,1359539,2023,13,12,2.0,6.5
MG Bracewell,1359544,2023,16,6,1.0,16.0
MG Johnson,597999,2013,13,18,3.0,4.33
MG Johnson,598002,2013,20,24,4.0,5.0
MG Johnson,598006,2013,48,24,4.0,12.0
MG Johnson,598011,2013,32,24,4.0,8.0
MG Johnson,598019,2013,39,24,4.0,9.75
MG Johnson,598029,2013,25,24,4.0,6.25
MG Johnson,598033,2013,27,24,4.0,6.75
MG Johnson,598037,2013,26,24,4.0,6.5
MG Johnson,598039,2013,21,18,3.0,7.0
MG Johnson,598046,2013,21,18,3.0,7.0
MG Johnson,598050,2013,13,24,4.0,3.25
MG Johnson,598055,2013,8,24,4.0,2.0
MG Johnson,598060,2013,42,24,4.0,10.5
MG Johnson,598063,2013,22,24,4.0,5.5
MG Johnson,598070,2013,40,24,4.0,10.0
MG Johnson,598072,2013,22,18,3.0,7.33
MG Johnson,598073,2013,17,24,4.0,4.25
MG Johnson,729283,2014,45,24,4.0,11.25
MG Johnson,729291,2014,24,24,4.0,6.0
MG Johnson,729295,2014,24,24,4.0,6.0
MG Johnson,729307,2014,21,20,3.3333333333333335,6.3
MG Johnson,729313,2014,17,24,4.0,4.25
MG Johnson,733973,2014,35,24,4.0,8.75
MG Johnson,733987,2014,37,24,4.0,9.25
MG Johnson,733991,2014,25,24,4.0,6.25
MG Johnson,733997,2014,33,18,3.0,11.0
MG Johnson,734007,2014,23,24,4.0,5.75
MG Johnson,734039,2014,27,19,3.1666666666666665,8.53
MG Johnson,734043,2014,29,24,4.0,7.25
MG Johnson,734047,2014,40,24,4.0,10.0
MG Johnson,734049,2014,39,24,4.0,9.75
MG Johnson,829709,2015,25,24,4.0,6.25
MG Johnson,829717,2015,23,24,4.0,5.75
MG Johnson,829725,2015,41,24,4.0,10.25
MG Johnson,829733,2015,41,23,3.8333333333333335,10.7
MG Johnson,829741,2015,32,27,4.5,7.11
MG Johnson,829753,2015,38,24,4.0,9.5
MG Johnson,829759,2015,39,24,4.0,9.75
MG Johnson,829775,2015,41,24,4.0,10.25
MG Johnson,829785,2015,41,24,4.0,10.25
MG Johnson,980905,2016,33,24,4.0,8.25
MG Johnson,980913,2016,28,18,3.0,9.33
MG Johnson,980941,2016,42,24,4.0,10.5
MG Johnson,1082614,2017,22,24,4.0,5.5
MG Johnson,1082618,2017,33,24,4.0,8.25
MG Johnson,1082644,2017,29,24,4.0,7.25
MG Johnson,1082649,2017,25,24,4.0,6.25
MG Johnson,1082650,2017,26,24,4.0,6.5
MG Johnson,1136563,2018,30,24,4.0,7.5
MG Johnson,1136570,2018,26,18,3.0,8.67
MG Johnson,1136586,2018,42,24,4.0,10.5
MG Johnson,1136589,2018,37,18,3.0,12.33
MG Johnson,1136593,2018,51,24,4.0,12.75
MG Johnson,1136597,2018,23,18,3.0,7.67
MG Neser,598064,2013,59,24,4.0,14.75
MJ Clarke,548351,2012,9,12,2.0,4.5
MJ Clarke,548353,2012,14,12,2.0,7.0
MJ Clarke,548358,2012,12,12,2.0,6.0
MJ Clarke,548362,2012,5,6,1.0,5.0
MJ Clarke,548375,2012,27,24,4.0,6.75
MJ Henry,1082639,2017,31,18,3.0,10.33
MJ Henry,1082641,2017,39,12,2.0,19.5
MJ Henry,1426272,2024,26,18,3.0,8.67
MJ Henry,1426277,2024,28,24,4.0,7.0
MJ Henry,1426282,2024,32,18,3.0,10.67
MJ Henry,1426305,2024,22,12,2.0,11.0
MJ Henry,1527676,2026,39,18,3.0,13.0
MJ Henry,1527680,2026,54,24,4.0,13.5
MJ Henry,1527684,2026,36,18,3.0,12.0
MJ McClenaghan,829737,2015,38,24,4.0,9.5
MJ McClenaghan,829747,2015,35,24,4.0,8.75
MJ McClenaghan,829751,2015,19,24,4.0,4.75
MJ McClenaghan,829769,2015,27,24,4.0,6.75
MJ McClenaghan,829775,2015,24,24,4.0,6.0
MJ McClenaghan,829783,2015,36,24,4.0,9.0
MJ McClenaghan,829789,2015,34,24,4.0,8.5
MJ McClenaghan,829795,2015,39,24,4.0,9.75
MJ McClenaghan,829805,2015,28,24,4.0,7.0
MJ McClenaghan,829815,2015,15,24,4.0,3.75
MJ McClenaghan,829817,2015,43,18,3.0,14.33
MJ McClenaghan,829823,2015,25,24,4.0,6.25
MJ McClenaghan,980901,2016,27,18,3.0,9.0
MJ McClenaghan,980909,2016,24,24,4.0,6.0
MJ McClenaghan,980917,2016,21,24,4.0,5.25
MJ McClenaghan,980923,2016,33,21,3.5,9.43
MJ McClenaghan,980927,2016,46,24,4.0,11.5
MJ McClenaghan,980933,2016,28,24,4.0,7.0
MJ McClenaghan,980941,2016,25,24,4.0,6.25
MJ McClenaghan,980947,2016,33,24,4.0,8.25
MJ McClenaghan,980957,2016,26,24,4.0,6.5
MJ McClenaghan,980973,2016,37,24,4.0,9.25
MJ McClenaghan,980981,2016,34,24,4.0,8.5
MJ McClenaghan,980985,2016,22,18,3.0,7.33
MJ McClenaghan,980993,2016,26,24,4.0,6.5
MJ McClenaghan,981007,2016,38,23,3.8333333333333335,9.91
MJ McClenaghan,1082592,2017,36,24,4.0,9.0
MJ McClenaghan,1082597,2017,43,24,4.0,10.75
MJ McClenaghan,1082600,2017,42,24,4.0,10.5
MJ McClenaghan,1082602,2017,19,24,4.0,4.75
MJ McClenaghan,1082606,2017,22,24,4.0,5.5
MJ McClenaghan,1082612,2017,41,24,4.0,10.25
MJ McClenaghan,1082614,2017,23,24,4.0,5.75
MJ McClenaghan,1082618,2017,35,24,4.0,8.75
MJ McClenaghan,1082625,2017,49,24,4.0,12.25
MJ McClenaghan,1082628,2017,34,24,4.0,8.5
MJ McClenaghan,1082635,2017,18,12,2.0,9.0
MJ McClenaghan,1082638,2017,25,24,4.0,6.25
MJ McClenaghan,1082641,2017,40,24,4.0,10.0
MJ McClenaghan,1082647,2017,37,24,4.0,9.25
MJ McClenaghan,1136561,2018,43,24,4.0,10.75
MJ McClenaghan,1136574,2018,24,18,3.0,8.0
MJ McClenaghan,1136581,2018,31,18,3.0,10.33
MJ McClenaghan,1136583,2018,17,18,3.0,5.67
MJ McClenaghan,1136587,2018,26,24,4.0,6.5
MJ McClenaghan,1136591,2018,26,24,4.0,6.5
MJ McClenaghan,1136594,2018,30,24,4.0,7.5
MJ McClenaghan,1136597,2018,30,24,4.0,7.5
MJ McClenaghan,1136601,2018,24,18,3.0,8.0
MJ McClenaghan,1136607,2018,24,24,4.0,6.0
MJ McClenaghan,1136610,2018,36,24,4.0,9.0
MJ McClenaghan,1175358,2019,40,24,4.0,10.0
MJ McClenaghan,1175362,2019,24,12,2.0,12.0
MJ McClenaghan,1175364,2019,34,24,4.0,8.5
MJ McClenaghan,1178431,2019,16,24,4.0,4.0
MJ McClenaghan,1181768,2019,22,24,4.0,5.5
MJ Santner,1175367,2019,21,12,2.0,10.5
MJ Santner,1178400,2019,20,24,4.0,5.0
MJ Santner,1178404,2019,25,24,4.0,6.25
MJ Santner,1178419,2019,13,24,4.0,3.25
MJ Santner,1216536,2020,30,18,3.0,10.0
MJ Santner,1216544,2020,23,24,4.0,5.75
MJ Santner,1304047,2022,31,24,4.0,7.75
MJ Santner,1304079,2022,16,18,3.0,5.33
MJ Santner,1304084,2022,8,12,2.0,4.0
MJ Santner,1304092,2022,36,18,3.0,12.0
MJ Santner,1304108,2022,24,24,4.0,6.0
MJ Santner,1304114,2022,15,18,3.0,5.0
MJ Santner,1359475,2023,32,24,4.0,8.0
MJ Santner,1359480,2023,21,24,4.0,5.25
MJ Santner,1359486,2023,28,24,4.0,7.0
MJ Santner,1426291,2024,10,18,3.0,3.33
MJ Santner,1426297,2024,31,12,2.0,15.5
MJ Santner,1426306,2024,23,24,4.0,5.75
MJ Santner,1473440,2025,24,13,2.1666666666666665,11.08
MJ Santner,1473446,2025,25,18,3.0,8.33
MJ Santner,1473449,2025,15,20,3.3333333333333335,4.5
MJ Santner,1473453,2025,46,24,4.0,11.5
MJ Santner,1473458,2025,39,24,4.0,9.75
MJ Santner,1473466,2025,40,24,4.0,10.0
MJ Santner,1473470,2025,8,6,1.0,8.0
MJ Santner,1473475,2025,12,18,3.0,4.0
MJ Santner,1473478,2025,19,24,4.0,4.75
MJ Santner,1473501,2025,11,24,4.0,2.75
MJ Santner,1473506,2025,38,24,4.0,9.5
MJ Santner,1473509,2025,10,6,1.0,10.0
MJ Santner,1473510,2025,15,12,2.0,7.5
MJ Santner,1527681,2026,22,18,3.0,7.33
MJ Santner,1527693,2026,42,24,4.0,10.5
MJ Santner,1529273,2026,16,18,3.0,5.33
MJ Santner,1529276,2026,42,24,4.0,10.5
MJ Suthar,1426290,2024,26,12,2.0,13.0
MJ Suthar,1529277,2026,19,12,2.0,9.5
MJ Suthar,1529280,2026,20,18,3.0,6.67
MJ Suthar,1529289,2026,27,6,1.0,27.0
MK Lomror,1136588,2018,8,6,1.0,8.0
MK Lomror,1136600,2018,19,12,2.0,9.5
MK Lomror,1254097,2021,5,6,1.0,5.0
MK Lomror,1254100,2021,22,18,3.0,7.33
MK Lomror,1254103,2021,12,12,2.0,6.0
MK Lomror,1254111,2021,7,6,1.0,7.0
MK Lomror,1304100,2022,7,6,1.0,7.0
MK Lomror,1304113,2022,11,6,1.0,11.0
MK Lomror,1359517,2023,4,6,1.0,4.0
MK Lomror,1359524,2023,13,6,1.0,13.0
MK Lomror,1426268,2024,15,6,1.0,15.0
MK Tiwary,392189,2009,11,6,1.0,11.0
MK Tiwary,419161,2010,10,6,1.0,10.0
MK Tiwary,501222,2011,14,6,1.0,14.0
MK Tiwary,501234,2011,8,6,1.0,8.0
MK Tiwary,734011,2014,28,12,2.0,14.0
MK Tiwary,1136585,2018,7,6,1.0,7.0
MM Ali,1136599,2018,19,18,3.0,6.33
MM Ali,1136605,2018,23,24,4.0,5.75
MM Ali,1136608,2018,13,13,2.1666666666666665,6.0
MM Ali,1136611,2018,21,12,2.0,10.5
MM Ali,1136613,2018,19,12,2.0,9.5
MM Ali,1175356,2019,19,24,4.0,4.75
MM Ali,1175362,2019,13,6,1.0,13.0
MM Ali,1175366,2019,29,18,3.0,9.67
MM Ali,1175369,2019,14,6,1.0,14.0
MM Ali,1178395,2019,22,24,4.0,5.5
MM Ali,1178403,2019,18,24,4.0,4.5
MM Ali,1178406,2019,18,24,4.0,4.5
MM Ali,1178410,2019,13,6,1.0,13.0
MM Ali,1178417,2019,22,18,3.0,7.33
MM Ali,1216519,2020,19,12,2.0,9.5
MM Ali,1216544,2020,17,12,2.0,8.5
MM Ali,1237178,2020,4,6,1.0,4.0
MM Ali,1254059,2021,32,18,3.0,10.67
MM Ali,1254065,2021,17,18,3.0,5.67
MM Ali,1254069,2021,7,18,3.0,2.33
MM Ali,1254080,2021,16,12,2.0,8.0
MM Ali,1254084,2021,1,6,1.0,1.0
MM Ali,1254089,2021,23,14,2.3333333333333335,9.86
MM Ali,1254091,2021,5,6,1.0,5.0
MM Ali,1254104,2021,16,18,3.0,5.33
MM Ali,1254110,2021,16,18,3.0,5.33
MM Ali,1254114,2021,26,24,4.0,6.5
MM Ali,1304053,2022,14,6,1.0,14.0
MM Ali,1304057,2022,8,6,1.0,8.0
MM Ali,1304063,2022,10,6,1.0,10.0
MM Ali,1304068,2022,19,18,3.0,6.33
MM Ali,1304075,2022,17,12,2.0,8.5
MM Ali,1304095,2022,25,24,4.0,6.25
MM Ali,1304101,2022,13,24,4.0,3.25
MM Ali,1304105,2022,17,11,1.8333333333333335,9.27
MM Ali,1304108,2022,11,12,2.0,5.5
MM Ali,1304114,2022,21,24,4.0,5.25
MM Ali,1359480,2023,25,24,4.0,6.25
MM Ali,1359491,2023,21,12,2.0,10.5
MM Ali,1359498,2023,13,6,1.0,13.0
MM Ali,1359503,2023,18,12,2.0,9.0
MM Ali,1359507,2023,20,6,1.0,20.0
MM Ali,1359511,2023,17,12,2.0,8.5
MM Ali,1359515,2023,10,6,1.0,10.0
MM Ali,1359519,2023,13,24,4.0,3.25
MM Ali,1359523,2023,10,6,1.0,10.0
MM Ali,1359529,2023,16,24,4.0,4.0
MM Ali,1359535,2023,31,24,4.0,7.75
MM Ali,1422136,2024,22,18,3.0,7.33
MM Ali,1426272,2024,5,6,1.0,5.0
MM Ali,1426277,2024,21,12,2.0,10.5
MM Ali,1426287,2024,22,12,2.0,11.0
MM Ali,1473443,2025,23,24,4.0,5.75
MM Ali,1473462,2025,19,24,4.0,4.75
MM Ali,1473476,2025,27,18,3.0,9.0
MM Ali,1473490,2025,41,18,3.0,13.67
MM Ali,1473494,2025,23,12,2.0,11.5
MM Patel,335984,2008,25,18,3.0,8.33
MM Patel,335987,2008,36,24,4.0,9.0
MM Patel,335990,2008,53,24,4.0,13.25
MM Patel,335992,2008,20,18,3.0,6.67
MM Patel,336000,2008,29,24,4.0,7.25
MM Patel,336005,2008,16,24,4.0,4.0
MM Patel,336008,2008,20,18,3.0,6.67
MM Patel,336011,2008,28,24,4.0,7.0
MM Patel,336015,2008,23,24,4.0,5.75
MM Patel,336019,2008,36,24,4.0,9.0
MM Patel,336023,2008,21,24,4.0,5.25
MM Patel,336027,2008,22,24,4.0,5.5
MM Patel,336033,2008,48,24,4.0,12.0
MM Patel,336038,2008,17,24,4.0,4.25
MM Patel,336040,2008,14,12,2.0,7.0
MM Patel,392182,2009,24,18,3.0,8.0
MM Patel,392190,2009,29,18,3.0,9.67
MM Patel,392195,2009,22,24,4.0,5.5
MM Patel,392198,2009,13,24,4.0,3.25
MM Patel,392202,2009,25,24,4.0,6.25
MM Patel,392205,2009,23,12,2.0,11.5
MM Patel,392213,2009,15,12,2.0,7.5
MM Patel,392220,2009,3,6,1.0,3.0
MM Patel,392225,2009,22,23,3.8333333333333335,5.74
MM Patel,392230,2009,30,24,4.0,7.5
MM Patel,392233,2009,13,24,4.0,3.25
MM Patel,419111,2010,32,18,3.0,10.67
MM Patel,419115,2010,23,18,3.0,7.67
MM Patel,419118,2010,20,18,3.0,6.67
MM Patel,419124,2010,43,24,4.0,10.75
MM Patel,501201,2011,20,18,3.0,6.67
MM Patel,501205,2011,10,18,3.0,3.33
MM Patel,501210,2011,15,18,3.0,5.0
MM Patel,501218,2011,8,14,2.3333333333333335,3.43
MM Patel,501221,2011,39,24,4.0,9.75
MM Patel,501224,2011,35,24,4.0,8.75
MM Patel,501231,2011,18,24,4.0,4.5
MM Patel,501237,2011,18,24,4.0,4.5
MM Patel,501241,2011,30,24,4.0,7.5
MM Patel,501246,2011,28,24,4.0,7.0
MM Patel,501251,2011,21,24,4.0,5.25
MM Patel,501256,2011,37,24,4.0,9.25
MM Patel,501263,2011,22,18,3.0,7.33
MM Patel,501269,2011,27,24,4.0,6.75
MM Patel,501270,2011,27,24,4.0,6.75
MM Patel,548308,2012,26,24,4.0,6.5
MM Patel,548314,2012,20,24,4.0,5.0
MM Patel,548317,2012,28,22,3.6666666666666665,7.64
MM Patel,548325,2012,15,18,3.0,5.0
MM Patel,548334,2012,41,24,4.0,10.25
MM Patel,548339,2012,40,24,4.0,10.0
MM Patel,548346,2012,22,24,4.0,5.5
MM Patel,548351,2012,23,24,4.0,5.75
MM Patel,548355,2012,45,24,4.0,11.25
MM Patel,548363,2012,32,24,4.0,8.0
MM Patel,548367,2012,45,24,4.0,11.25
MM Patel,548370,2012,17,24,4.0,4.25
MM Patel,597999,2013,40,24,4.0,10.0
MM Patel,598002,2013,28,24,4.0,7.0
MM Patel,598024,2013,36,24,4.0,9.0
MM Patel,598070,2013,32,18,3.0,10.67
MM Patel,1082606,2017,35,24,4.0,8.75
MM Patel,1082643,2017,22,18,3.0,7.33
MM Sharma,598012,2013,13,12,2.0,6.5
MM Sharma,598020,2013,8,18,3.0,2.67
MM Sharma,598022,2013,13,18,3.0,4.33
MM Sharma,598026,2013,19,12,2.0,9.5
MM Sharma,598030,2013,33,24,4.0,8.25
MM Sharma,598034,2013,23,24,4.0,5.75
MM Sharma,598038,2013,20,24,4.0,5.0
MM Sharma,598041,2013,31,24,4.0,7.75
MM Sharma,598046,2013,19,24,4.0,4.75
MM Sharma,598051,2013,27,24,4.0,6.75
MM Sharma,598058,2013,21,24,4.0,5.25
MM Sharma,598062,2013,21,24,4.0,5.25
MM Sharma,598068,2013,13,6,1.0,13.0
MM Sharma,598070,2013,32,22,3.6666666666666665,8.73
MM Sharma,598073,2013,26,24,4.0,6.5
MM Sharma,729283,2014,35,17,2.8333333333333335,12.35
MM Sharma,729293,2014,17,18,3.0,5.67
MM Sharma,729297,2014,13,12,2.0,6.5
MM Sharma,729303,2014,14,24,4.0,3.5
MM Sharma,729311,2014,27,24,4.0,6.75
MM Sharma,733971,2014,22,18,3.0,7.33
MM Sharma,733981,2014,51,24,4.0,12.75
MM Sharma,733987,2014,38,24,4.0,9.5
MM Sharma,733995,2014,26,24,4.0,6.5
MM Sharma,734003,2014,31,24,4.0,7.75
MM Sharma,734013,2014,13,12,2.0,6.5
MM Sharma,734023,2014,28,18,3.0,9.33
MM Sharma,734029,2014,33,18,3.0,11.0
MM Sharma,734035,2014,16,18,3.0,5.33
MM Sharma,734045,2014,42,24,4.0,10.5
MM Sharma,734047,2014,45,24,4.0,11.25
MM Sharma,829707,2015,32,24,4.0,8.0
MM Sharma,829711,2015,36,24,4.0,9.0
MM Sharma,829723,2015,22,24,4.0,5.5
MM Sharma,829729,2015,43,24,4.0,10.75
MM Sharma,829735,2015,33,24,4.0,8.25
MM Sharma,829745,2015,39,24,4.0,9.75
MM Sharma,829753,2015,10,18,3.0,3.33
MM Sharma,829765,2015,23,18,3.0,7.67
MM Sharma,829773,2015,51,24,4.0,12.75
MM Sharma,829779,2015,29,24,4.0,7.25
MM Sharma,829789,2015,19,12,2.0,9.5
MM Sharma,829797,2015,22,24,4.0,5.5
MM Sharma,829801,2015,17,12,2.0,8.5
MM Sharma,829817,2015,30,18,3.0,10.0
MM Sharma,829821,2015,22,24,4.0,5.5
MM Sharma,829823,2015,38,24,4.0,9.5
MM Sharma,980905,2016,24,16,2.6666666666666665,9.0
MM Sharma,980913,2016,9,12,2.0,4.5
MM Sharma,980919,2016,23,24,4.0,5.75
MM Sharma,980925,2016,28,19,3.1666666666666665,8.84
MM Sharma,980935,2016,17,18,3.0,5.67
MM Sharma,980941,2016,36,24,4.0,9.0
MM Sharma,980955,2016,32,24,4.0,8.0
MM Sharma,980963,2016,39,24,4.0,9.75
MM Sharma,980971,2016,21,24,4.0,5.25
MM Sharma,980977,2016,30,18,3.0,10.0
MM Sharma,980985,2016,25,24,4.0,6.25
MM Sharma,980991,2016,39,22,3.6666666666666665,10.64
MM Sharma,980999,2016,33,18,3.0,11.0
MM Sharma,981005,2016,38,24,4.0,9.5
MM Sharma,1082594,2017,34,24,4.0,8.5
MM Sharma,1082598,2017,47,24,4.0,11.75
MM Sharma,1082601,2017,30,18,3.0,10.0
MM Sharma,1082605,2017,35,24,4.0,8.75
MM Sharma,1082609,2017,25,24,4.0,6.25
MM Sharma,1082612,2017,28,15,2.5,11.2
MM Sharma,1082616,2017,24,24,4.0,6.0
MM Sharma,1082623,2017,34,18,3.0,11.33
MM Sharma,1082626,2017,3,7,1.1666666666666667,2.57
MM Sharma,1082633,2017,24,24,4.0,6.0
MM Sharma,1082637,2017,35,24,4.0,8.75
MM Sharma,1082639,2017,24,18,3.0,8.0
MM Sharma,1082641,2017,57,24,4.0,14.25
MM Sharma,1082645,2017,6,6,1.0,6.0
MM Sharma,1136562,2018,33,24,4.0,8.25
MM Sharma,1136568,2018,45,21,3.5,12.86
MM Sharma,1136572,2018,46,24,4.0,11.5
MM Sharma,1136576,2018,50,24,4.0,12.5
MM Sharma,1136600,2018,26,18,3.0,8.67
MM Sharma,1136604,2018,39,24,4.0,9.75
MM Sharma,1136608,2018,15,6,1.0,15.0
MM Sharma,1136610,2018,31,18,3.0,10.33
MM Sharma,1136616,2018,27,19,3.1666666666666665,8.53
MM Sharma,1175370,2019,27,18,3.0,9.0
MM Sharma,1216493,2020,44,24,4.0,11.0
MM Sharma,1359492,2023,18,24,4.0,4.5
MM Sharma,1359497,2023,7,12,2.0,3.5
MM Sharma,1359504,2023,17,18,3.0,5.67
MM Sharma,1359509,2023,38,24,4.0,9.5
MM Sharma,1359513,2023,12,6,1.0,12.0
MM Sharma,1359518,2023,33,24,4.0,8.25
MM Sharma,1359525,2023,28,24,4.0,7.0
MM Sharma,1359531,2023,43,24,4.0,10.75
MM Sharma,1359536,2023,28,24,4.0,7.0
MM Sharma,1359544,2023,52,24,4.0,13.0
MM Sharma,1370350,2023,31,24,4.0,7.75
MM Sharma,1370352,2023,10,14,2.3333333333333335,4.29
MM Sharma,1370353,2023,36,18,3.0,12.0
MM Sharma,1422123,2024,31,24,4.0,7.75
MM Sharma,1422125,2024,35,24,4.0,8.75
MM Sharma,1422130,2024,25,24,4.0,6.25
MM Sharma,1422135,2024,38,24,4.0,9.5
MM Sharma,1422139,2024,34,18,3.0,11.33
MM Sharma,1426262,2024,47,24,4.0,11.75
MM Sharma,1426275,2024,31,24,4.0,7.75
MM Sharma,1426278,2024,72,24,4.0,18.0
MM Sharma,1426283,2024,34,12,2.0,17.0
MM Sharma,1426290,2024,32,12,2.0,16.0
MM Sharma,1426297,2024,29,24,4.0,7.25
MM Sharma,1473441,2025,34,24,4.0,8.5
MM Sharma,1473447,2025,24,18,3.0,8.0
MM Sharma,1473454,2025,22,18,3.0,7.33
MM Sharma,1473461,2025,10,12,2.0,5.0
MM Sharma,1473466,2025,39,18,3.0,13.0
MM Sharma,1473469,2025,37,24,4.0,9.25
MM Sharma,1473472,2025,28,12,2.0,14.0
MM Sharma,1485779,2025,45,24,4.0,11.25
MN Samuels,548308,2012,20,24,4.0,5.0
MN Samuels,548313,2012,23,24,4.0,5.75
MN Samuels,548319,2012,27,22,3.6666666666666665,7.36
MN Samuels,548322,2012,27,24,4.0,6.75
MN Samuels,548327,2012,5,12,2.0,2.5
MN Samuels,548330,2012,39,24,4.0,9.75
MN Samuels,548341,2012,37,24,4.0,9.25
MN Samuels,548348,2012,33,18,3.0,11.0
MN Samuels,598000,2013,33,24,4.0,8.25
MN Samuels,1082632,2017,22,12,2.0,11.0
MN Samuels,1082642,2017,12,6,1.0,12.0
MP Stoinis,980905,2016,27,12,2.0,13.5
MP Stoinis,980955,2016,23,24,4.0,5.75
MP Stoinis,980963,2016,26,18,3.0,8.67
MP Stoinis,980971,2016,38,24,4.0,9.5
MP Stoinis,980977,2016,35,18,3.0,11.67
MP Stoinis,980985,2016,15,24,4.0,3.75
MP Stoinis,980991,2016,27,18,3.0,9.0
MP Stoinis,1082594,2017,25,18,3.0,8.33
MP Stoinis,1082598,2017,27,18,3.0,9.0
MP Stoinis,1082601,2017,14,9,1.5,9.33
MP Stoinis,1082612,2017,27,12,2.0,13.5
MP Stoinis,1082616,2017,11,6,1.0,11.0
MP Stoinis,1136562,2018,7,6,1.0,7.0
MP Stoinis,1136594,2018,37,18,3.0,12.33
MP Stoinis,1136598,2018,6,6,1.0,6.0
MP Stoinis,1136600,2018,15,12,2.0,7.5
MP Stoinis,1136608,2018,12,6,1.0,12.0
MP Stoinis,1136610,2018,43,18,3.0,14.33
MP Stoinis,1175369,2019,28,18,3.0,9.33
MP Stoinis,1175372,2019,27,10,1.6666666666666665,16.2
MP Stoinis,1178410,2019,31,24,4.0,7.75
MP Stoinis,1178414,2019,19,18,3.0,6.33
MP Stoinis,1178417,2019,13,12,2.0,6.5
MP Stoinis,1178421,2019,24,18,3.0,8.0
MP Stoinis,1216493,2020,29,18,3.0,9.67
MP Stoinis,1216497,2020,39,24,4.0,9.75
MP Stoinis,1216500,2020,16,12,2.0,8.0
MP Stoinis,1216509,2020,10,6,1.0,10.0
MP Stoinis,1216515,2020,45,24,4.0,11.25
MP Stoinis,1216524,2020,15,12,2.0,7.5
MP Stoinis,1216529,2020,31,16,2.6666666666666665,11.62
MP Stoinis,1216532,2020,22,18,3.0,7.33
MP Stoinis,1216535,2020,4,6,1.0,4.0
MP Stoinis,1216546,2020,12,6,1.0,12.0
MP Stoinis,1237177,2020,5,6,1.0,5.0
MP Stoinis,1237180,2020,25,18,3.0,8.33
MP Stoinis,1237181,2020,23,12,2.0,11.5
MP Stoinis,1254059,2021,19,12,2.0,9.5
MP Stoinis,1254064,2021,15,6,1.0,15.0
MP Stoinis,1254070,2021,20,18,3.0,6.67
MP Stoinis,1254077,2021,12,6,1.0,12.0
MP Stoinis,1254079,2021,22,6,1.0,22.0
MP Stoinis,1254082,2021,7,6,1.0,7.0
MP Stoinis,1254086,2021,6,6,1.0,6.0
MP Stoinis,1254105,2021,8,7,1.1666666666666667,6.86
MP Stoinis,1304072,2022,13,12,2.0,6.5
MP Stoinis,1304077,2022,13,6,1.0,13.0
MP Stoinis,1304091,2022,13,6,1.0,13.0
MP Stoinis,1304109,2022,15,6,1.0,15.0
MP Stoinis,1304112,2022,23,12,2.0,11.5
MP Stoinis,1359500,2023,28,24,4.0,7.0
MP Stoinis,1359504,2023,20,18,3.0,6.67
MP Stoinis,1359512,2023,17,11,1.8333333333333335,9.27
MP Stoinis,1359517,2023,11,6,1.0,11.0
MP Stoinis,1359525,2023,20,6,1.0,20.0
MP Stoinis,1422133,2024,4,6,1.0,4.0
MP Stoinis,1426264,2024,10,6,1.0,10.0
MP Stoinis,1426272,2024,7,12,2.0,3.5
MP Stoinis,1426277,2024,48,24,4.0,12.0
MP Stoinis,1426282,2024,3,6,1.0,3.0
MP Stoinis,1426286,2024,18,18,3.0,6.0
MP Stoinis,1426292,2024,29,12,2.0,14.5
MP Stoinis,1473442,2025,31,12,2.0,15.5
MP Stoinis,1473450,2025,15,12,2.0,7.5
MP Stoinis,1473455,2025,48,24,4.0,12.0
MP Stoinis,1473459,2025,9,6,1.0,9.0
MP Stoinis,1473474,2025,13,6,1.0,13.0
MP Stoinis,1473491,2025,15,6,1.0,15.0
MP Stoinis,1473510,2025,7,6,1.0,7.0
MP Stoinis,1485779,2025,20,9,1.5,13.33
MP Stoinis,1527680,2026,16,6,1.0,16.0
MP Stoinis,1529278,2026,9,6,1.0,9.0
MP Stoinis,1529289,2026,25,17,2.8333333333333335,8.82
MP Stoinis,1529298,2026,42,18,3.0,14.0
MP Yadav,1422129,2024,27,24,4.0,6.75
MP Yadav,1422133,2024,14,24,4.0,3.5
MP Yadav,1422139,2024,13,6,1.0,13.0
MP Yadav,1426286,2024,27,19,3.1666666666666665,8.53
MP Yadav,1473482,2025,36,24,4.0,9.0
MP Yadav,1473491,2025,59,24,4.0,14.75
MP Yadav,1529275,2026,55,24,4.0,13.75
MP Yadav,1529293,2026,49,24,4.0,12.25
MP Yadav,1529302,2026,23,24,4.0,5.75
MP Yadav,1529307,2026,50,24,4.0,12.5
MR Marsh,419145,2010,34,24,4.0,8.5
MR Marsh,419156,2010,32,24,4.0,8.0
MR Marsh,419160,2010,17,12,2.0,8.5
MR Marsh,501228,2011,7,6,1.0,7.0
MR Marsh,501248,2011,26,24,4.0,6.5
MR Marsh,501250,2011,25,24,4.0,6.25
MR Marsh,501259,2011,29,18,3.0,9.67
MR Marsh,501265,2011,11,13,2.1666666666666665,5.08
MR Marsh,598003,2013,22,20,3.3333333333333335,6.6
MR Marsh,598009,2013,10,6,1.0,10.0
MR Marsh,598011,2013,23,12,2.0,11.5
MR Marsh,598015,2013,34,24,4.0,8.5
MR Marsh,598018,2013,25,24,4.0,6.25
MR Marsh,598027,2013,55,18,3.0,18.33
MR Marsh,598053,2013,7,12,2.0,3.5
MR Marsh,980901,2016,20,24,4.0,5.0
MR Marsh,980911,2016,10,6,1.0,10.0
MR Marsh,980943,2016,14,24,4.0,3.5
MR Marsh,1304096,2022,35,24,4.0,8.75
MR Marsh,1304101,2022,31,18,3.0,10.33
MR Marsh,1304104,2022,25,18,3.0,8.33
MR Marsh,1304115,2022,7,12,2.0,3.5
MR Marsh,1359481,2023,23,19,3.1666666666666665,7.26
MR Marsh,1359494,2023,18,12,2.0,9.0
MR Marsh,1359502,2023,23,12,2.0,11.5
MR Marsh,1359508,2023,15,12,2.0,7.5
MR Marsh,1359514,2023,25,24,4.0,6.25
MR Marsh,1359524,2023,20,18,3.0,6.67
MR Marsh,1359529,2023,15,18,3.0,5.0
MR Marsh,1359533,2023,20,6,1.0,20.0
MR Marsh,1422120,2024,51,24,4.0,12.75
MR Marsh,1422131,2024,13,6,1.0,13.0
MR Marsh,1422134,2024,33,18,3.0,11.0
MS Gony,335983,2008,40,24,4.0,10.0
MS Gony,335989,2008,16,24,4.0,4.0
MS Gony,335993,2008,39,24,4.0,9.75
MS Gony,335996,2008,34,24,4.0,8.5
MS Gony,336001,2008,38,24,4.0,9.5
MS Gony,336005,2008,25,18,3.0,8.33
MS Gony,336007,2008,15,18,3.0,5.0
MS Gony,336009,2008,35,24,4.0,8.75
MS Gony,336013,2008,38,24,4.0,9.5
MS Gony,336018,2008,28,18,3.0,9.33
MS Gony,336025,2008,17,24,4.0,4.25
MS Gony,336029,2008,10,24,4.0,2.5
MS Gony,336033,2008,32,18,3.0,10.67
MS Gony,336037,2008,21,24,4.0,5.25
MS Gony,336039,2008,13,24,4.0,3.25
MS Gony,336040,2008,30,24,4.0,7.5
MS Gony,392181,2009,31,24,4.0,7.75
MS Gony,392185,2009,22,18,3.0,7.33
MS Gony,392189,2009,45,24,4.0,11.25
MS Gony,392196,2009,19,6,1.0,19.0
MS Gony,392214,2009,19,6,1.0,19.0
MS Gony,392234,2009,9,12,2.0,4.5
MS Gony,392238,2009,21,12,2.0,10.5
MS Gony,419113,2010,33,18,3.0,11.0
MS Gony,419121,2010,20,12,2.0,10.0
MS Gony,419133,2010,36,18,3.0,12.0
MS Gony,501208,2011,31,24,4.0,7.75
MS Gony,501212,2011,34,12,2.0,17.0
MS Gony,501229,2011,19,18,3.0,6.33
MS Gony,548311,2012,53,24,4.0,13.25
MS Gony,548329,2012,21,24,4.0,5.25
MS Gony,548341,2012,26,24,4.0,6.5
MS Gony,548366,2012,39,24,4.0,9.75
MS Gony,548373,2012,25,24,4.0,6.25
MS Gony,548376,2012,36,24,4.0,9.0
MS Gony,598016,2013,16,24,4.0,4.0
MS Gony,598021,2013,24,24,4.0,6.0
MS Gony,598025,2013,32,24,4.0,8.0
MS Gony,598037,2013,41,24,4.0,10.25
MS Gony,598041,2013,29,12,2.0,14.5
MS Gony,598045,2013,44,24,4.0,11.0
MS Gony,598052,2013,22,12,2.0,11.0
MS Gony,598064,2013,41,24,4.0,10.25
MS Gony,1082593,2017,29,12,2.0,14.5
MW Short,1359492,2023,8,6,1.0,8.0
MW Short,1359495,2023,10,12,2.0,5.0
MW Short,1359505,2023,6,6,1.0,6.0
MW Short,1529270,2026,37,18,3.0,12.33
Mandeep Singh,1175361,2019,18,6,1.0,18.0
Mandeep Singh,1178407,2019,8,6,1.0,8.0
Mashrafe Mortaza,392228,2009,50,24,4.0,12.5
Mayank Dagar,1359503,2023,21,18,3.0,7.0
Mayank Dagar,1359539,2023,25,24,4.0,6.25
Mayank Dagar,1359543,2023,37,24,4.0,9.25
Mayank Dagar,1422119,2024,6,12,2.0,3.0
Mayank Dagar,1422124,2024,34,18,3.0,11.33
Mayank Dagar,1422128,2024,23,17,2.8333333333333335,8.12
Mayank Dagar,1422133,2024,18,12,2.0,9.0
Mayank Dagar,1422137,2024,34,12,2.0,17.0
Mohammad Asif,335988,2008,19,24,4.0,4.75
Mohammad Asif,335995,2008,37,24,4.0,9.25
Mohammad Asif,335998,2008,42,24,4.0,10.5
Mohammad Asif,336001,2008,33,24,4.0,8.25
Mohammad Asif,336004,2008,43,24,4.0,10.75
Mohammad Asif,336009,2008,33,24,4.0,8.25
Mohammad Asif,336020,2008,49,24,4.0,12.25
Mohammad Asif,336038,2008,32,24,4.0,8.0
Mohammad Hafeez,335986,2008,7,24,4.0,1.75
Mohammad Hafeez,335993,2008,15,12,2.0,7.5
Mohammad Hafeez,335997,2008,11,6,1.0,11.0
Mohammad Hafeez,336003,2008,28,18,3.0,9.33
Mohammad Nabi,1082609,2017,28,24,4.0,7.0
Mohammad Nabi,1082638,2017,13,24,4.0,3.25
Mohammad Nabi,1082643,2017,17,18,3.0,5.67
Mohammad Nabi,1136583,2018,23,18,3.0,7.67
Mohammad Nabi,1136585,2018,24,12,2.0,12.0
Mohammad Nabi,1175366,2019,11,24,4.0,2.75
Mohammad Nabi,1175371,2019,21,24,4.0,5.25
Mohammad Nabi,1178394,2019,13,24,4.0,3.25
Mohammad Nabi,1178397,2019,42,23,3.8333333333333335,10.96
Mohammad Nabi,1178423,2019,28,18,3.0,9.33
Mohammad Nabi,1178426,2019,24,24,4.0,6.0
Mohammad Nabi,1178429,2019,26,14,2.3333333333333335,11.14
Mohammad Nabi,1181766,2019,29,24,4.0,7.25
Mohammad Nabi,1216545,2020,20,24,4.0,5.0
Mohammad Nabi,1254060,2021,32,24,4.0,8.0
Mohammad Nabi,1254085,2021,21,6,1.0,21.0
Mohammad Nabi,1254088,2021,33,18,3.0,11.0
Mohammad Nabi,1422138,2024,17,12,2.0,8.5
Mohammad Nabi,1426263,2024,7,6,1.0,7.0
Mohammad Nabi,1426267,2024,19,18,3.0,6.33
Mohammad Nabi,1426276,2024,30,18,3.0,10.0
Mohammad Nabi,1426281,2024,20,12,2.0,10.0
Mohammad Nabi,1426286,2024,16,8,1.3333333333333333,12.0
Mohammed Shami,598005,2013,26,18,3.0,8.67
Mohammed Shami,598034,2013,19,12,2.0,9.5
Mohammed Shami,598069,2013,26,24,4.0,6.5
Mohammed Shami,729281,2014,28,24,4.0,7.0
Mohammed Shami,729289,2014,24,24,4.0,6.0
Mohammed Shami,729293,2014,44,24,4.0,11.0
Mohammed Shami,729301,2014,35,24,4.0,8.75
Mohammed Shami,729309,2014,36,24,4.0,9.0
Mohammed Shami,733975,2014,22,24,4.0,5.5
Mohammed Shami,733981,2014,41,24,4.0,10.25
Mohammed Shami,733985,2014,23,24,4.0,5.75
Mohammed Shami,733993,2014,5,6,1.0,5.0
Mohammed Shami,734005,2014,30,24,4.0,7.5
Mohammed Shami,734019,2014,36,24,4.0,9.0
Mohammed Shami,734039,2014,24,18,3.0,8.0
Mohammed Shami,980921,2016,33,24,4.0,8.25
Mohammed Shami,980933,2016,24,18,3.0,8.0
Mohammed Shami,980951,2016,32,24,4.0,8.0
Mohammed Shami,980961,2016,31,24,4.0,7.75
Mohammed Shami,980965,2016,43,19,3.1666666666666665,13.58
Mohammed Shami,980971,2016,33,18,3.0,11.0
Mohammed Shami,980983,2016,26,18,3.0,8.67
Mohammed Shami,980997,2016,12,6,1.0,12.0
Mohammed Shami,1082608,2017,22,18,3.0,7.33
Mohammed Shami,1082626,2017,18,12,2.0,9.0
Mohammed Shami,1082630,2017,35,24,4.0,8.75
Mohammed Shami,1082632,2017,40,18,3.0,13.33
Mohammed Shami,1082635,2017,16,12,2.0,8.0
Mohammed Shami,1082640,2017,34,24,4.0,8.5
Mohammed Shami,1082642,2017,35,24,4.0,8.75
Mohammed Shami,1082646,2017,30,24,4.0,7.5
Mohammed Shami,1136562,2018,26,12,2.0,13.0
Mohammed Shami,1136566,2018,28,23,3.8333333333333335,7.3
Mohammed Shami,1136569,2018,36,24,4.0,9.0
Mohammed Shami,1136573,2018,52,24,4.0,13.0
Mohammed Shami,1175359,2019,33,24,4.0,8.25
Mohammed Shami,1175361,2019,43,24,4.0,10.75
Mohammed Shami,1175364,2019,41,24,4.0,10.25
Mohammed Shami,1175368,2019,27,24,4.0,6.75
Mohammed Shami,1178393,2019,40,24,4.0,10.0
Mohammed Shami,1178397,2019,30,24,4.0,7.5
Mohammed Shami,1178399,2019,18,24,4.0,4.5
Mohammed Shami,1178403,2019,43,24,4.0,10.75
Mohammed Shami,1178407,2019,46,24,4.0,11.5
Mohammed Shami,1178412,2019,21,24,4.0,5.25
Mohammed Shami,1178417,2019,52,24,4.0,13.0
Mohammed Shami,1178423,2019,35,24,4.0,8.75
Mohammed Shami,1178427,2019,15,18,3.0,5.0
Mohammed Shami,1178430,2019,17,18,3.0,5.67
Mohammed Shami,1216493,2020,15,26,4.333333333333333,3.46
Mohammed Shami,1216498,2020,33,24,4.0,8.25
Mohammed Shami,1216503,2020,34,24,4.0,8.5
Mohammed Shami,1216506,2020,24,24,4.0,6.0
Mohammed Shami,1216510,2020,14,18,3.0,4.67
Mohammed Shami,1216513,2020,29,22,3.6666666666666665,7.91
Mohammed Shami,1216517,2020,35,30,5.0,7.0
Mohammed Shami,1216520,2020,35,24,4.0,8.75
Mohammed Shami,1216523,2020,30,24,4.0,7.5
Mohammed Shami,1216527,2020,52,24,4.0,13.0
Mohammed Shami,1216531,2020,45,24,4.0,11.25
Mohammed Shami,1216537,2020,36,18,3.0,12.0
Mohammed Shami,1216542,2020,40,24,4.0,10.0
Mohammed Shami,1216546,2020,26,24,4.0,6.5
Mohammed Shami,1254061,2021,31,24,4.0,7.75
Mohammed Shami,1254065,2021,21,24,4.0,5.25
Mohammed Shami,1254068,2021,50,24,4.0,12.5
Mohammed Shami,1254071,2021,16,12,2.0,8.0
Mohammed Shami,1254074,2021,21,24,4.0,5.25
Mohammed Shami,1254078,2021,24,24,4.0,6.0
Mohammed Shami,1254083,2021,28,22,3.6666666666666665,7.64
Mohammed Shami,1254086,2021,37,18,3.0,12.33
Mohammed Shami,1254090,2021,39,24,4.0,9.75
Mohammed Shami,1254094,2021,21,24,4.0,5.25
Mohammed Shami,1254099,2021,42,24,4.0,10.5
Mohammed Shami,1254102,2021,22,24,4.0,5.5
Mohammed Shami,1254107,2021,14,24,4.0,3.5
Mohammed Shami,1254111,2021,21,24,4.0,5.25
Mohammed Shami,1304050,2022,25,24,4.0,6.25
Mohammed Shami,1304056,2022,30,24,4.0,7.5
Mohammed Shami,1304062,2022,36,24,4.0,9.0
Mohammed Shami,1304067,2022,32,24,4.0,8.0
Mohammed Shami,1304070,2022,39,24,4.0,9.75
Mohammed Shami,1304075,2022,18,24,4.0,4.5
Mohammed Shami,1304081,2022,19,24,4.0,4.75
Mohammed Shami,1304086,2022,29,24,4.0,7.25
Mohammed Shami,1304089,2022,38,24,4.0,9.5
Mohammed Shami,1304094,2022,43,24,4.0,10.75
Mohammed Shami,1304097,2022,40,24,4.0,10.0
Mohammed Shami,1304103,2022,4,18,3.0,1.33
Mohammed Shami,1304108,2022,19,24,4.0,4.75
Mohammed Shami,1304113,2022,18,12,2.0,9.0
Mohammed Shami,1312197,2022,37,24,4.0,9.25
Mohammed Shami,1312200,2022,33,24,4.0,8.25
Mohammed Shami,1359475,2023,28,24,4.0,7.0
Mohammed Shami,1359481,2023,31,24,4.0,7.75
Mohammed Shami,1359487,2023,28,24,4.0,7.0
Mohammed Shami,1359492,2023,43,24,4.0,10.75
Mohammed Shami,1359497,2023,24,24,4.0,6.0
Mohammed Shami,1359504,2023,18,18,3.0,6.0
Mohammed Shami,1359509,2023,17,24,4.0,4.25
Mohammed Shami,1359513,2023,33,24,4.0,8.25
Mohammed Shami,1359518,2023,11,24,4.0,2.75
Mohammed Shami,1359522,2023,25,24,4.0,6.25
Mohammed Shami,1359525,2023,36,24,4.0,9.0
Mohammed Shami,1359531,2023,53,24,4.0,13.25
Mohammed Shami,1359536,2023,21,24,4.0,5.25
Mohammed Shami,1359544,2023,38,24,4.0,9.5
Mohammed Shami,1370350,2023,27,25,4.166666666666667,6.48
Mohammed Shami,1370352,2023,41,18,3.0,13.67
Mohammed Shami,1370353,2023,29,18,3.0,9.67
Mohammed Shami,1473439,2025,32,18,3.0,10.67
Mohammed Shami,1473444,2025,32,18,3.0,10.67
Mohammed Shami,1473447,2025,30,18,3.0,10.0
Mohammed Shami,1473452,2025,28,24,4.0,7.0
Mohammed Shami,1473457,2025,26,24,4.0,6.5
Mohammed Shami,1473464,2025,75,24,4.0,18.75
Mohammed Shami,1473470,2025,28,18,3.0,9.33
Mohammed Shami,1473480,2025,27,18,3.0,9.0
Mohammed Shami,1473488,2025,48,18,3.0,16.0
Mohammed Shami,1527678,2026,24,24,4.0,6.0
Mohammed Shami,1527683,2026,8,24,4.0,2.0
Mohammed Shami,1527688,2026,26,24,4.0,6.5
Mohammed Shami,1527692,2026,36,24,4.0,9.0
Mohammed Shami,1529266,2026,30,18,3.0,10.0
Mohammed Shami,1529272,2026,51,24,4.0,12.75
Mohammed Shami,1529275,2026,27,24,4.0,6.75
Mohammed Shami,1529281,2026,33,24,4.0,8.25
Mohammed Shami,1529290,2026,53,24,4.0,13.25
Mohammed Shami,1529293,2026,30,24,4.0,7.5
Mohammed Shami,1529296,2026,37,24,4.0,9.25
Mohammed Shami,1529302,2026,40,24,4.0,10.0
Mohammed Shami,1529311,2026,43,24,4.0,10.75
Mohammed Siraj,1082611,2017,39,24,4.0,9.75
Mohammed Siraj,1082615,2017,42,24,4.0,10.5
Mohammed Siraj,1082627,2017,26,24,4.0,6.5
Mohammed Siraj,1082630,2017,41,24,4.0,10.25
Mohammed Siraj,1082638,2017,29,18,3.0,9.67
Mohammed Siraj,1082643,2017,32,24,4.0,8.0
Mohammed Siraj,1136574,2018,28,24,4.0,7.0
Mohammed Siraj,1136579,2018,33,24,4.0,8.25
Mohammed Siraj,1136584,2018,44,24,4.0,11.0
Mohammed Siraj,1136589,2018,36,24,4.0,9.0
Mohammed Siraj,1136591,2018,25,24,4.0,6.25
Mohammed Siraj,1136595,2018,18,12,2.0,9.0
Mohammed Siraj,1136599,2018,24,24,4.0,6.0
Mohammed Siraj,1136605,2018,46,24,4.0,11.5
Mohammed Siraj,1136608,2018,16,18,3.0,5.33
Mohammed Siraj,1136611,2018,42,24,4.0,10.5
Mohammed Siraj,1136613,2018,33,24,4.0,8.25
Mohammed Siraj,1175356,2019,5,12,2.0,2.5
Mohammed Siraj,1175362,2019,37,24,4.0,9.25
Mohammed Siraj,1175366,2019,38,24,4.0,9.5
Mohammed Siraj,1175369,2019,24,24,4.0,6.0
Mohammed Siraj,1175372,2019,21,14,2.3333333333333335,9.0
Mohammed Siraj,1178395,2019,14,11,1.8333333333333335,7.64
Mohammed Siraj,1178403,2019,54,24,4.0,13.5
Mohammed Siraj,1178406,2019,19,12,2.0,9.5
Mohammed Siraj,1178410,2019,31,24,4.0,7.75
Mohammed Siraj,1216494,2020,8,24,4.0,2.0
Mohammed Siraj,1216499,2020,27,19,3.1666666666666665,8.53
Mohammed Siraj,1216502,2020,12,6,1.0,12.0
Mohammed Siraj,1216505,2020,27,18,3.0,9.0
Mohammed Siraj,1216519,2020,26,24,4.0,6.5
Mohammed Siraj,1216531,2020,43,18,3.0,14.33
Mohammed Siraj,1216540,2020,24,18,3.0,8.0
Mohammed Siraj,1216544,2020,29,12,2.0,14.5
Mohammed Siraj,1237178,2020,25,24,4.0,6.25
Mohammed Siraj,1254058,2021,21,24,4.0,5.25
Mohammed Siraj,1254063,2021,24,24,4.0,6.0
Mohammed Siraj,1254067,2021,16,18,3.0,5.33
Mohammed Siraj,1254073,2021,26,24,4.0,6.5
Mohammed Siraj,1254076,2021,32,24,4.0,8.0
Mohammed Siraj,1254079,2021,44,24,4.0,11.0
Mohammed Siraj,1254083,2021,23,18,3.0,7.67
Mohammed Siraj,1254087,2021,11,12,2.0,5.5
Mohammed Siraj,1254090,2021,32,24,4.0,8.0
Mohammed Siraj,1254095,2021,16,18,3.0,5.33
Mohammed Siraj,1254101,2021,25,24,4.0,6.25
Mohammed Siraj,1254103,2021,17,18,3.0,5.67
Mohammed Siraj,1254108,2021,15,18,3.0,5.0
Mohammed Siraj,1254113,2021,23,18,3.0,7.67
Mohammed Siraj,1254115,2021,19,24,4.0,4.75
Mohammed Siraj,1304049,2022,45,24,4.0,11.25
Mohammed Siraj,1304052,2022,25,24,4.0,6.25
Mohammed Siraj,1304059,2022,41,24,4.0,10.25
Mohammed Siraj,1304064,2022,47,24,4.0,11.75
Mohammed Siraj,1304068,2022,36,24,4.0,9.0
Mohammed Siraj,1304073,2022,31,24,4.0,7.75
Mohammed Siraj,1304077,2022,30,24,4.0,7.5
Mohammed Siraj,1304082,2022,14,12,2.0,7.0
Mohammed Siraj,1304085,2022,30,24,4.0,7.5
Mohammed Siraj,1304089,2022,33,24,4.0,8.25
Mohammed Siraj,1304095,2022,22,12,2.0,11.0
Mohammed Siraj,1304100,2022,26,18,3.0,8.67
Mohammed Siraj,1304106,2022,35,12,2.0,17.5
Mohammed Siraj,1312198,2022,38,24,4.0,9.5
Mohammed Siraj,1312199,2022,31,12,2.0,15.5
Mohammed Siraj,1359479,2023,15,24,4.0,3.75
Mohammed Siraj,1359483,2023,30,24,4.0,7.5
Mohammed Siraj,1359489,2023,18,24,4.0,4.5
Mohammed Siraj,1359494,2023,23,24,4.0,5.75
Mohammed Siraj,1359498,2023,29,24,4.0,7.25
Mohammed Siraj,1359501,2023,21,24,4.0,5.25
Mohammed Siraj,1359506,2023,35,24,4.0,8.75
Mohammed Siraj,1359510,2023,33,24,4.0,8.25
Mohammed Siraj,1359517,2023,20,18,3.0,6.67
Mohammed Siraj,1359524,2023,27,12,2.0,13.5
Mohammed Siraj,1359528,2023,30,18,3.0,10.0
Mohammed Siraj,1359534,2023,9,12,2.0,4.5
Mohammed Siraj,1359539,2023,15,24,4.0,3.75
Mohammed Siraj,1359544,2023,30,24,4.0,7.5
Mohammed Siraj,1422119,2024,37,24,4.0,9.25
Mohammed Siraj,1422124,2024,26,24,4.0,6.5
Mohammed Siraj,1422128,2024,44,18,3.0,14.67
Mohammed Siraj,1422133,2024,44,24,4.0,11.0
Mohammed Siraj,1422137,2024,34,24,4.0,8.5
Mohammed Siraj,1426263,2024,37,18,3.0,12.33
Mohammed Siraj,1426274,2024,38,24,4.0,9.5
Mohammed Siraj,1426279,2024,18,24,4.0,4.5
Mohammed Siraj,1426283,2024,30,24,4.0,7.5
Mohammed Siraj,1426290,2024,26,24,4.0,6.5
Mohammed Siraj,1426296,2024,40,24,4.0,10.0
Mohammed Siraj,1426300,2024,31,24,4.0,7.75
Mohammed Siraj,1426306,2024,34,24,4.0,8.5
Mohammed Siraj,1426310,2024,30,24,4.0,7.5
Mohammed Siraj,1473442,2025,51,24,4.0,12.75
Mohammed Siraj,1473446,2025,32,24,4.0,8.0
Mohammed Siraj,1473451,2025,18,24,4.0,4.5
Mohammed Siraj,1473457,2025,17,24,4.0,4.25
Mohammed Siraj,1473460,2025,26,24,4.0,6.5
Mohammed Siraj,1473463,2025,45,24,4.0,11.25
Mohammed Siraj,1473472,2025,44,24,4.0,11.0
Mohammed Siraj,1473476,2025,30,24,4.0,7.5
Mohammed Siraj,1473484,2025,22,12,2.0,11.0
Mohammed Siraj,1473488,2025,31,24,4.0,7.75
Mohammed Siraj,1473493,2025,29,18,3.0,9.67
Mohammed Siraj,1473498,2025,36,24,4.0,9.0
Mohammed Siraj,1473502,2025,35,24,4.0,8.75
Mohammed Siraj,1473504,2025,45,24,4.0,11.25
Mohammed Siraj,1473509,2025,36,24,4.0,9.0
Mohammed Siraj,1527677,2026,15,12,2.0,7.5
Mohammed Siraj,1527682,2026,47,24,4.0,11.75
Mohammed Siraj,1527687,2026,48,24,4.0,12.0
Mohammed Siraj,1527692,2026,18,24,4.0,4.5
Mohammed Siraj,1529268,2026,23,24,4.0,5.75
Mohammed Siraj,1529273,2026,25,24,4.0,6.25
Mohammed Siraj,1529277,2026,25,18,3.0,8.33
Mohammed Siraj,1529280,2026,23,24,4.0,5.75
Mohammed Siraj,1529285,2026,38,24,4.0,9.5
Mohammed Siraj,1529289,2026,27,24,4.0,6.75
Mohammed Siraj,1529295,2026,53,24,4.0,13.25
Mohammed Siraj,1529299,2026,11,18,3.0,3.67
Mohammed Siraj,1529303,2026,47,24,4.0,11.75
Mohammed Siraj,1529309,2026,26,18,3.0,8.67
Mohammed Siraj,1535462,2026,46,18,3.0,15.33
Mohammed Siraj,1535464,2026,37,24,4.0,9.25
Mohammed Siraj,1535465,2026,35,24,4.0,8.75
Mohit Rathee,1359488,2023,29,12,2.0,14.5
Mohsin Khan,1304050,2022,18,12,2.0,9.0
Mohsin Khan,1304083,2022,21,24,4.0,5.25
Mohsin Khan,1304088,2022,22,24,4.0,5.5
Mohsin Khan,1304091,2022,15,24,4.0,3.75
Mohsin Khan,1304099,2022,6,18,3.0,2.0
Mohsin Khan,1304103,2022,18,24,4.0,4.5
Mohsin Khan,1304109,2022,42,24,4.0,10.5
Mohsin Khan,1304112,2022,19,24,4.0,4.75
Mohsin Khan,1312198,2022,24,24,4.0,6.0
Mohsin Khan,1359525,2023,40,18,3.0,13.33
Mohsin Khan,1359537,2023,24,18,3.0,8.0
Mohsin Khan,1359542,2023,15,6,1.0,15.0
Mohsin Khan,1370351,2023,24,18,3.0,8.0
Mohsin Khan,1422122,2024,44,24,4.0,11.0
Mohsin Khan,1422129,2024,33,24,4.0,8.25
Mohsin Khan,1426266,2024,28,24,4.0,7.0
Mohsin Khan,1426272,2024,34,24,4.0,8.5
Mohsin Khan,1426277,2024,50,24,4.0,12.5
Mohsin Khan,1426282,2024,52,24,4.0,13.0
Mohsin Khan,1426286,2024,36,24,4.0,9.0
Mohsin Khan,1426292,2024,27,12,2.0,13.5
Mohsin Khan,1426302,2024,29,24,4.0,7.25
Mohsin Khan,1426305,2024,42,24,4.0,10.5
Mohsin Khan,1527678,2026,18,24,4.0,4.5
Mohsin Khan,1529272,2026,43,24,4.0,10.75
Mohsin Khan,1529275,2026,17,24,4.0,4.25
Mohsin Khan,1529281,2026,22,24,4.0,5.5
Mohsin Khan,1529290,2026,46,24,4.0,11.5
Mohsin Khan,1529307,2026,31,24,4.0,7.75
Mohsin Khan,1529311,2026,48,24,4.0,12.0
Monu Kumar,1216544,2020,14,12,2.0,7.0
Mujeeb Ur Rahman,1136562,2018,27,24,4.0,6.75
Mujeeb Ur Rahman,1136568,2018,29,24,4.0,7.25
Mujeeb Ur Rahman,1136572,2018,18,18,3.0,6.0
Mujeeb Ur Rahman,1136576,2018,26,24,4.0,6.5
Mujeeb Ur Rahman,1136578,2018,31,24,4.0,7.75
Mujeeb Ur Rahman,1136582,2018,25,24,4.0,6.25
Mujeeb Ur Rahman,1136585,2018,15,24,4.0,3.75
Mujeeb Ur Rahman,1136594,2018,36,24,4.0,9.0
Mujeeb Ur Rahman,1136598,2018,26,24,4.0,6.5
Mujeeb Ur Rahman,1136600,2018,21,24,4.0,5.25
Mujeeb Ur Rahman,1136604,2018,28,14,2.3333333333333335,12.0
Mujeeb Ur Rahman,1175359,2019,30,24,4.0,7.5
Mujeeb Ur Rahman,1175368,2019,35,24,4.0,8.75
Mujeeb Ur Rahman,1178397,2019,32,24,4.0,8.0
Mujeeb Ur Rahman,1178407,2019,19,18,3.0,6.33
Mujeeb Ur Rahman,1178423,2019,59,24,4.0,14.75
Mujeeb Ur Rahman,1216523,2020,41,24,4.0,10.25
Mujeeb Ur Rahman,1216542,2020,39,24,4.0,9.75
Mujeeb Ur Rahman,1254066,2021,27,24,4.0,6.75
Mujeeb Ur Rahman,1473446,2025,23,12,2.0,11.5
Mukesh Choudhary,1304053,2022,36,21,3.5,10.29
Mukesh Choudhary,1304057,2022,49,24,4.0,12.25
Mukesh Choudhary,1304063,2022,30,24,4.0,7.5
Mukesh Choudhary,1304068,2022,38,18,3.0,12.67
Mukesh Choudhary,1304075,2022,17,18,3.0,5.67
Mukesh Choudhary,1304079,2022,18,18,3.0,6.0
Mukesh Choudhary,1304084,2022,33,24,4.0,8.25
Mukesh Choudhary,1304092,2022,45,24,4.0,11.25
Mukesh Choudhary,1304095,2022,29,18,3.0,9.67
Mukesh Choudhary,1304101,2022,22,18,3.0,7.33
Mukesh Choudhary,1304105,2022,20,24,4.0,5.0
Mukesh Choudhary,1304108,2022,28,18,3.0,9.33
Mukesh Choudhary,1304114,2022,41,24,4.0,10.25
Mukesh Choudhary,1422136,2024,20,6,1.0,20.0
Mukesh Choudhary,1473454,2025,50,24,4.0,12.5
Mukesh Choudhary,1473459,2025,21,12,2.0,10.5
Mukesh Choudhary,1529270,2026,21,12,2.0,10.5
Mukesh Choudhary,1529276,2026,28,24,4.0,7.0
Mukesh Choudhary,1529287,2026,25,18,3.0,8.33
Mukesh Choudhary,1529291,2026,30,24,4.0,7.5
Mukesh Choudhary,1529296,2026,43,24,4.0,10.75
Mukesh Choudhary,1529302,2026,23,18,3.0,7.67
Mukesh Choudhary,1529306,2026,33,24,4.0,8.25
Mukesh Choudhary,1529309,2026,36,24,4.0,9.0
Mukesh Kumar,1359477,2023,33,24,4.0,8.25
Mukesh Kumar,1359481,2023,41,24,4.0,10.25
Mukesh Kumar,1359485,2023,36,24,4.0,9.0
Mukesh Kumar,1359490,2023,30,12,2.0,15.0
Mukesh Kumar,1359502,2023,30,24,4.0,7.5
Mukesh Kumar,1359508,2023,27,18,3.0,9.0
Mukesh Kumar,1359514,2023,33,12,2.0,16.5
Mukesh Kumar,1359524,2023,29,18,3.0,9.67
Mukesh Kumar,1359533,2023,3,6,1.0,3.0
Mukesh Kumar,1359538,2023,51,24,4.0,12.75
Mukesh Kumar,1422127,2024,48,24,4.0,12.0
Mukesh Kumar,1422131,2024,20,18,3.0,6.67
Mukesh Kumar,1426264,2024,40,24,4.0,10.0
Mukesh Kumar,1426270,2024,11,15,2.5,4.4
Mukesh Kumar,1426273,2024,57,24,4.0,14.25
Mukesh Kumar,1426278,2024,40,24,4.0,10.0
Mukesh Kumar,1426281,2024,59,24,4.0,14.75
Mukesh Kumar,1426294,2024,29,18,3.0,9.67
Mukesh Kumar,1426300,2024,23,18,3.0,7.67
Mukesh Kumar,1426302,2024,31,24,4.0,7.75
Mukesh Kumar,1473441,2025,21,12,2.0,10.5
Mukesh Kumar,1473447,2025,15,12,2.0,7.5
Mukesh Kumar,1473454,2025,35,24,4.0,8.75
Mukesh Kumar,1473461,2025,23,18,3.0,7.67
Mukesh Kumar,1473466,2025,37,24,4.0,9.25
Mukesh Kumar,1473469,2025,31,18,3.0,10.33
Mukesh Kumar,1473472,2025,36,24,4.0,9.0
Mukesh Kumar,1473477,2025,33,24,4.0,8.25
Mukesh Kumar,1473483,2025,46,21,3.5,13.14
Mukesh Kumar,1473485,2025,15,12,2.0,7.5
Mukesh Kumar,1473501,2025,48,24,4.0,12.0
Mukesh Kumar,1485779,2025,45,24,4.0,11.25
Mukesh Kumar,1527678,2026,15,18,3.0,5.0
Mukesh Kumar,1527681,2026,25,18,3.0,8.33
Mukesh Kumar,1527687,2026,53,24,4.0,13.25
Mukesh Kumar,1527691,2026,36,24,4.0,9.0
Mukesh Kumar,1529269,2026,26,24,4.0,6.5
Mukesh Kumar,1529274,2026,52,24,4.0,13.0
Mukesh Kumar,1529278,2026,54,18,3.0,18.0
Mukesh Kumar,1529298,2026,29,24,4.0,7.25
Mukesh Kumar,1529305,2026,39,12,2.0,19.5
Musheer Khan,1473508,2025,27,12,2.0,13.5
Mustafizur Rahman,980907,2016,26,24,4.0,6.5
Mustafizur Rahman,980915,2016,28,24,4.0,7.0
Mustafizur Rahman,980923,2016,31,24,4.0,7.75
Mustafizur Rahman,980929,2016,19,24,4.0,4.75
Mustafizur Rahman,980935,2016,9,24,4.0,2.25
Mustafizur Rahman,980943,2016,19,12,2.0,9.5
Mustafizur Rahman,980953,2016,34,24,4.0,8.5
Mustafizur Rahman,980967,2016,17,24,4.0,4.25
Mustafizur Rahman,980973,2016,14,18,3.0,4.67
Mustafizur Rahman,980979,2016,26,24,4.0,6.5
Mustafizur Rahman,980983,2016,38,24,4.0,9.5
Mustafizur Rahman,980991,2016,32,24,4.0,8.0
Mustafizur Rahman,981003,2016,22,24,4.0,5.5
Mustafizur Rahman,981009,2016,31,24,4.0,7.75
Mustafizur Rahman,981015,2016,28,24,4.0,7.0
Mustafizur Rahman,981019,2016,37,24,4.0,9.25
Mustafizur Rahman,1082600,2017,33,16,2.6666666666666665,12.38
Mustafizur Rahman,1136561,2018,39,23,3.8333333333333335,10.17
Mustafizur Rahman,1136567,2018,24,24,4.0,6.0
Mustafizur Rahman,1136569,2018,25,24,4.0,6.25
Mustafizur Rahman,1136574,2018,53,24,4.0,13.25
Mustafizur Rahman,1136581,2018,34,24,4.0,8.5
Mustafizur Rahman,1136583,2018,18,22,3.6666666666666665,4.91
Mustafizur Rahman,1136615,2018,34,24,4.0,8.5
Mustafizur Rahman,1254061,2021,41,24,4.0,10.25
Mustafizur Rahman,1254064,2021,27,24,4.0,6.75
Mustafizur Rahman,1254069,2021,33,24,4.0,8.25
Mustafizur Rahman,1254073,2021,29,21,3.5,8.29
Mustafizur Rahman,1254075,2021,22,24,4.0,5.5
Mustafizur Rahman,1254081,2021,37,21,3.5,10.57
Mustafizur Rahman,1254085,2021,18,24,4.0,4.5
Mustafizur Rahman,1254089,2021,50,24,4.0,12.5
Mustafizur Rahman,1254093,2021,31,14,2.3333333333333335,13.29
Mustafizur Rahman,1254097,2021,22,24,4.0,5.5
Mustafizur Rahman,1254100,2021,25,21,3.5,7.14
Mustafizur Rahman,1254103,2021,20,18,3.0,6.67
Mustafizur Rahman,1254106,2021,30,24,4.0,7.5
Mustafizur Rahman,1254111,2021,30,24,4.0,7.5
Mustafizur Rahman,1304056,2022,22,24,4.0,5.5
Mustafizur Rahman,1304061,2022,24,24,4.0,6.0
Mustafizur Rahman,1304065,2022,21,24,4.0,5.25
Mustafizur Rahman,1304073,2022,47,24,4.0,11.75
Mustafizur Rahman,1304078,2022,28,24,4.0,7.0
Mustafizur Rahman,1304080,2022,43,24,4.0,10.75
Mustafizur Rahman,1304087,2022,17,24,4.0,4.25
Mustafizur Rahman,1304091,2022,35,24,4.0,8.75
Mustafizur Rahman,1359490,2023,38,24,4.0,9.5
Mustafizur Rahman,1359494,2023,41,18,3.0,13.67
Mustafizur Rahman,1422119,2024,27,24,4.0,6.75
Mustafizur Rahman,1422125,2024,30,24,4.0,7.5
Mustafizur Rahman,1422131,2024,43,25,4.166666666666667,10.32
Mustafizur Rahman,1426260,2024,15,24,4.0,3.75
Mustafizur Rahman,1426267,2024,52,24,4.0,13.0
Mustafizur Rahman,1426272,2024,41,24,4.0,10.25
Mustafizur Rahman,1426277,2024,46,21,3.5,13.14
Mustafizur Rahman,1426284,2024,19,17,2.8333333333333335,6.71
Mustafizur Rahman,1426287,2024,17,24,4.0,4.25
Mustafizur Rahman,1473498,2025,24,18,3.0,8.0
Mustafizur Rahman,1473501,2025,30,24,4.0,7.5
Mustafizur Rahman,1485779,2025,33,24,4.0,8.25
N Burger,1422122,2024,30,18,3.0,10.0
N Burger,1422127,2024,29,18,3.0,9.67
N Burger,1422132,2024,31,24,4.0,7.75
N Burger,1422137,2024,27,24,4.0,6.75
N Burger,1426299,2024,21,18,3.0,7.0
N Burger,1527676,2026,22,24,4.0,5.5
N Burger,1527682,2026,28,18,3.0,9.33
N Burger,1527686,2026,20,12,2.0,10.0
N Burger,1527689,2026,27,18,3.0,9.0
N Burger,1529264,2026,31,24,4.0,7.75
N Burger,1529271,2026,20,12,2.0,10.0
N Burger,1529275,2026,27,24,4.0,6.75
N Burger,1529279,2026,43,21,3.5,12.29
N Burger,1529283,2026,59,24,4.0,14.75
N Burger,1529286,2026,41,18,3.0,13.67
N Burger,1529312,2026,41,24,4.0,10.25
N Burger,1535463,2026,20,18,3.0,6.67
N Burger,1535464,2026,28,24,4.0,7.0
N Rana,980993,2016,3,6,1.0,3.0
N Rana,1136563,2018,11,6,1.0,11.0
N Rana,1136575,2018,11,12,2.0,5.5
N Rana,1136597,2018,16,12,2.0,8.0
N Rana,1136614,2018,5,6,1.0,5.0
N Rana,1175357,2019,9,6,1.0,9.0
N Rana,1175365,2019,8,6,1.0,8.0
N Rana,1175372,2019,20,12,2.0,10.0
N Rana,1178401,2019,12,12,2.0,6.0
N Rana,1178418,2019,13,6,1.0,13.0
N Rana,1178427,2019,8,6,1.0,8.0
N Rana,1216523,2020,7,6,1.0,7.0
N Rana,1216536,2020,15,6,1.0,15.0
N Rana,1254096,2021,5,6,1.0,5.0
N Rana,1254102,2021,7,6,1.0,7.0
N Rana,1304087,2022,14,6,1.0,14.0
N Rana,1304112,2022,9,6,1.0,9.0
N Rana,1359502,2023,17,24,4.0,4.25
N Rana,1359510,2023,8,6,1.0,8.0
N Rana,1359527,2023,7,6,1.0,7.0
N Rana,1359530,2023,26,6,1.0,26.0
N Rana,1359542,2023,3,6,1.0,3.0
N Rana,1473439,2025,9,6,1.0,9.0
N Rana,1473443,2025,9,6,1.0,9.0
N Rana,1529274,2026,53,24,4.0,13.25
N Thushara,1426276,2024,28,18,3.0,9.33
N Thushara,1426281,2024,54,24,4.0,13.5
N Thushara,1426286,2024,27,24,4.0,6.75
N Thushara,1426289,2024,38,24,4.0,9.5
N Thushara,1426293,2024,34,24,4.0,8.5
N Thushara,1426298,2024,29,18,3.0,9.67
N Thushara,1426305,2024,26,24,4.0,6.5
N Thushara,1473507,2025,24,24,4.0,6.0
N Wadhera,1426305,2024,13,12,2.0,6.5
NA Saini,1359478,2023,23,12,2.0,11.5
NB Singh,1082616,2017,7,12,2.0,3.5
NB Singh,1082621,2017,7,12,2.0,3.5
ND Doshi,419164,2010,16,24,4.0,4.0
ND Doshi,501209,2011,23,12,2.0,11.5
ND Doshi,501240,2011,24,12,2.0,12.0
ND Doshi,501258,2011,15,8,1.3333333333333333,11.25
NJ Rimmington,501202,2011,19,18,3.0,6.33
NL McCullum,501226,2011,12,12,2.0,6.0
NL McCullum,501235,2011,22,18,3.0,7.33
NLTC Perera,419125,2010,19,6,1.0,19.0
NLTC Perera,501210,2011,37,24,4.0,9.25
NLTC Perera,501215,2011,31,24,4.0,7.75
NLTC Perera,501225,2011,11,12,2.0,5.5
NLTC Perera,501229,2011,30,24,4.0,7.5
NLTC Perera,548334,2012,19,9,1.5,12.67
NLTC Perera,548351,2012,8,6,1.0,8.0
NLTC Perera,598000,2013,28,24,4.0,7.0
NLTC Perera,598004,2013,20,24,4.0,5.0
NLTC Perera,598010,2013,31,24,4.0,7.75
NLTC Perera,598013,2013,42,24,4.0,10.5
NLTC Perera,598018,2013,20,24,4.0,5.0
NLTC Perera,598021,2013,25,24,4.0,6.25
NLTC Perera,598032,2013,34,24,4.0,8.5
NLTC Perera,598039,2013,33,24,4.0,8.25
NLTC Perera,598044,2013,10,19,3.1666666666666665,3.16
NLTC Perera,598048,2013,33,18,3.0,11.0
NLTC Perera,598051,2013,42,24,4.0,10.5
NLTC Perera,598056,2013,19,24,4.0,4.75
NLTC Perera,598060,2013,54,21,3.5,15.43
NLTC Perera,598065,2013,25,18,3.0,8.33
NLTC Perera,598069,2013,33,24,4.0,8.25
NLTC Perera,598071,2013,14,18,3.0,4.67
NLTC Perera,829733,2015,32,24,4.0,8.0
NLTC Perera,829767,2015,22,12,2.0,11.0
NLTC Perera,980919,2016,30,16,2.6666666666666665,11.25
NLTC Perera,980931,2016,32,24,4.0,8.0
NLTC Perera,980939,2016,28,21,3.5,8.0
NLTC Perera,980943,2016,32,24,4.0,8.0
NLTC Perera,980949,2016,40,24,4.0,10.0
NLTC Perera,980957,2016,35,24,4.0,8.75
NLTC Perera,980965,2016,9,6,1.0,9.0
NLTC Perera,980969,2016,40,18,3.0,13.33
NLTC Perera,980979,2016,26,12,2.0,13.0
NLTC Perera,980997,2016,27,18,3.0,9.0
NLTC Perera,981005,2016,24,12,2.0,12.0
NM Coulter-Nile,598066,2013,28,24,4.0,7.0
NM Coulter-Nile,729289,2014,21,24,4.0,5.25
NM Coulter-Nile,829707,2015,29,24,4.0,7.25
NM Coulter-Nile,829715,2015,41,24,4.0,10.25
NM Coulter-Nile,829725,2015,13,18,3.0,4.33
NM Coulter-Nile,829731,2015,26,24,4.0,6.5
NM Coulter-Nile,829739,2015,29,24,4.0,7.25
NM Coulter-Nile,829747,2015,33,24,4.0,8.25
NM Coulter-Nile,829757,2015,29,21,3.5,8.29
NM Coulter-Nile,829767,2015,19,24,4.0,4.75
NM Coulter-Nile,829777,2015,38,24,4.0,9.5
NM Coulter-Nile,829783,2015,30,24,4.0,7.5
NM Coulter-Nile,829793,2015,25,24,4.0,6.25
NM Coulter-Nile,980903,2016,32,24,4.0,8.0
NM Coulter-Nile,980983,2016,18,24,4.0,4.5
NM Coulter-Nile,980997,2016,20,18,3.0,6.67
NM Coulter-Nile,981003,2016,36,24,4.0,9.0
NM Coulter-Nile,1082608,2017,21,24,4.0,5.25
NM Coulter-Nile,1082613,2017,40,20,3.3333333333333335,12.0
NM Coulter-Nile,1082617,2017,18,18,3.0,6.0
NM Coulter-Nile,1082622,2017,34,24,4.0,8.5
NM Coulter-Nile,1082627,2017,33,24,4.0,8.25
NM Coulter-Nile,1082631,2017,39,18,3.0,13.0
NM Coulter-Nile,1082648,2017,20,24,4.0,5.0
NM Coulter-Nile,1082649,2017,15,18,3.0,5.0
NM Coulter-Nile,1216495,2020,26,24,4.0,6.5
NM Coulter-Nile,1216517,2020,33,24,4.0,8.25
NM Coulter-Nile,1216521,2020,20,24,4.0,5.0
NM Coulter-Nile,1216526,2020,48,24,4.0,12.0
NM Coulter-Nile,1216535,2020,14,12,2.0,7.0
NM Coulter-Nile,1237177,2020,26,24,4.0,6.5
NM Coulter-Nile,1237181,2020,28,24,4.0,7.0
NM Coulter-Nile,1254081,2021,34,24,4.0,8.5
NM Coulter-Nile,1254088,2021,40,24,4.0,10.0
NM Coulter-Nile,1254093,2021,14,24,4.0,3.5
NM Coulter-Nile,1254099,2021,19,24,4.0,4.75
NM Coulter-Nile,1254112,2021,19,24,4.0,4.75
NM Coulter-Nile,1304051,2022,46,18,3.0,15.33
NT Ellis,1254099,2021,12,18,3.0,4.0
NT Ellis,1254102,2021,45,24,4.0,11.25
NT Ellis,1254107,2021,31,24,4.0,7.75
NT Ellis,1304078,2022,13,12,2.0,6.5
NT Ellis,1304116,2022,38,24,4.0,9.5
NT Ellis,1359476,2023,18,18,3.0,6.0
NT Ellis,1359482,2023,30,24,4.0,7.5
NT Ellis,1359488,2023,28,18,3.0,9.33
NT Ellis,1359501,2023,39,24,4.0,9.75
NT Ellis,1359505,2023,44,24,4.0,11.0
NT Ellis,1359520,2023,34,24,4.0,8.5
NT Ellis,1359527,2023,29,24,4.0,7.25
NT Ellis,1359533,2023,25,24,4.0,6.25
NT Ellis,1359538,2023,46,24,4.0,11.5
NT Ellis,1359540,2023,33,24,4.0,8.25
NT Ellis,1426303,2024,24,24,4.0,6.0
NT Ellis,1473440,2025,37,24,4.0,9.25
Naman Dhir,1422123,2024,13,6,1.0,13.0
Naman Dhir,1426289,2024,24,18,3.0,8.0
Naman Dhir,1473440,2025,12,18,3.0,4.0
Naman Dhir,1473509,2025,9,6,1.0,9.0
Navdeep Saini,1175356,2019,21,24,4.0,5.25
Navdeep Saini,1175362,2019,37,24,4.0,9.25
Navdeep Saini,1175369,2019,34,24,4.0,8.5
Navdeep Saini,1175372,2019,30,24,4.0,7.5
Navdeep Saini,1178395,2019,21,24,4.0,5.25
Navdeep Saini,1178403,2019,22,24,4.0,5.5
Navdeep Saini,1178406,2019,33,18,3.0,11.0
Navdeep Saini,1178410,2019,31,24,4.0,7.75
Navdeep Saini,1178414,2019,17,24,4.0,4.25
Navdeep Saini,1178417,2019,33,24,4.0,8.25
Navdeep Saini,1178421,2019,44,24,4.0,11.0
Navdeep Saini,1178424,2019,12,6,1.0,12.0
Navdeep Saini,1178429,2019,39,24,4.0,9.75
Navdeep Saini,1216494,2020,23,18,3.0,7.67
Navdeep Saini,1216502,2020,28,12,2.0,14.0
Navdeep Saini,1216510,2020,35,24,4.0,8.75
Navdeep Saini,1216514,2020,36,24,4.0,9.0
Navdeep Saini,1216519,2020,47,18,3.0,15.67
Navdeep Saini,1216522,2020,30,24,4.0,7.5
Navdeep Saini,1216525,2020,15,24,4.0,3.75
Navdeep Saini,1216531,2020,21,24,4.0,5.25
Navdeep Saini,1216534,2020,20,24,4.0,5.0
Navdeep Saini,1216540,2020,14,18,3.0,4.67
Navdeep Saini,1216544,2020,19,18,3.0,6.33
Navdeep Saini,1216547,2020,47,30,5.0,9.4
Navdeep Saini,1237178,2020,31,22,3.6666666666666665,8.45
Navdeep Saini,1254076,2021,25,12,2.0,12.5
Navdeep Saini,1254113,2021,25,12,2.0,12.5
Navdeep Saini,1304055,2022,30,18,3.0,10.0
Navdeep Saini,1304059,2022,35,18,3.0,11.67
Navdeep Saini,1359540,2023,39,24,4.0,9.75
Navdeep Saini,1527688,2026,36,18,3.0,12.0
Naveen-ul-Haq,1359500,2023,18,24,4.0,4.5
Naveen-ul-Haq,1359504,2023,19,24,4.0,4.75
Naveen-ul-Haq,1359512,2023,24,24,4.0,6.0
Naveen-ul-Haq,1359517,2023,30,24,4.0,7.5
Naveen-ul-Haq,1359537,2023,36,25,4.166666666666667,8.64
Naveen-ul-Haq,1359542,2023,46,24,4.0,11.5
Naveen-ul-Haq,1370351,2023,35,24,4.0,8.75
Naveen-ul-Haq,1422122,2024,37,24,4.0,9.25
Naveen-ul-Haq,1422129,2024,42,24,4.0,10.5
Naveen-ul-Haq,1422133,2024,24,22,3.6666666666666665,6.55
Naveen-ul-Haq,1422139,2024,33,24,4.0,8.25
Naveen-ul-Haq,1426264,2024,24,18,3.0,8.0
Naveen-ul-Haq,1426286,2024,13,23,3.8333333333333335,3.39
Naveen-ul-Haq,1426292,2024,48,24,4.0,12.0
Naveen-ul-Haq,1426295,2024,37,12,2.0,18.5
Naveen-ul-Haq,1426302,2024,50,24,4.0,12.5
Naveen-ul-Haq,1426305,2024,48,24,4.0,12.0
Nithish Kumar Reddy,1359539,2023,18,12,2.0,9.0
Nithish Kumar Reddy,1359543,2023,35,18,3.0,11.67
Nithish Kumar Reddy,1426261,2024,32,18,3.0,10.67
Nithish Kumar Reddy,1426273,2024,16,13,2.1666666666666665,7.38
Nithish Kumar Reddy,1426284,2024,7,6,1.0,7.0
Nithish Kumar Reddy,1426288,2024,10,6,1.0,10.0
Nithish Kumar Reddy,1426293,2024,16,12,2.0,8.0
Nithish Kumar Reddy,1426307,2024,51,18,3.0,17.0
Nithish Kumar Reddy,1426309,2024,13,6,1.0,13.0
Nithish Kumar Reddy,1473499,2025,25,12,2.0,12.5
Nithish Kumar Reddy,1473503,2025,13,12,2.0,6.5
Nithish Kumar Reddy,1473505,2025,5,6,1.0,5.0
Nithish Kumar Reddy,1527674,2026,19,12,2.0,9.5
Nithish Kumar Reddy,1527679,2026,17,12,2.0,8.5
Nithish Kumar Reddy,1527683,2026,14,6,1.0,14.0
Nithish Kumar Reddy,1527690,2026,20,12,2.0,10.0
Nithish Kumar Reddy,1529264,2026,18,12,2.0,9.0
Nithish Kumar Reddy,1529270,2026,28,24,4.0,7.0
Nithish Kumar Reddy,1529274,2026,56,24,4.0,14.0
Nithish Kumar Reddy,1529279,2026,18,12,2.0,9.0
Nithish Kumar Reddy,1529284,2026,30,12,2.0,15.0
Nithish Kumar Reddy,1529292,2026,11,12,2.0,5.5
Nithish Kumar Reddy,1529299,2026,27,18,3.0,9.0
Nithish Kumar Reddy,1529306,2026,33,12,2.0,16.5
Nithish Kumar Reddy,1529310,2026,9,6,1.0,9.0
Nithish Kumar Reddy,1535463,2026,12,12,2.0,6.0
Noor Ahmad,1359497,2023,28,14,2.3333333333333335,12.0
Noor Ahmad,1359504,2023,18,24,4.0,4.5
Noor Ahmad,1359509,2023,37,24,4.0,9.25
Noor Ahmad,1359513,2023,20,24,4.0,5.0
Noor Ahmad,1359518,2023,18,24,4.0,4.5
Noor Ahmad,1359522,2023,22,18,3.0,7.33
Noor Ahmad,1359525,2023,25,24,4.0,6.25
Noor Ahmad,1359531,2023,38,24,4.0,9.5
Noor Ahmad,1359536,2023,34,17,2.8333333333333335,12.0
Noor Ahmad,1359544,2023,37,24,4.0,9.25
Noor Ahmad,1370350,2023,29,24,4.0,7.25
Noor Ahmad,1370352,2023,32,24,4.0,8.0
Noor Ahmad,1370353,2023,14,18,3.0,4.67
Noor Ahmad,1422130,2024,32,24,4.0,8.0
Noor Ahmad,1422135,2024,29,24,4.0,7.25
Noor Ahmad,1422139,2024,22,24,4.0,5.5
Noor Ahmad,1426262,2024,42,24,4.0,10.5
Noor Ahmad,1426270,2024,14,11,1.8333333333333335,7.64
Noor Ahmad,1426275,2024,20,24,4.0,5.0
Noor Ahmad,1426278,2024,35,18,3.0,11.67
Noor Ahmad,1426283,2024,42,24,4.0,10.5
Noor Ahmad,1426290,2024,23,24,4.0,5.75
Noor Ahmad,1426297,2024,25,12,2.0,12.5
Noor Ahmad,1473440,2025,15,24,4.0,3.75
Noor Ahmad,1473445,2025,35,24,4.0,8.75
Noor Ahmad,1473448,2025,27,24,4.0,6.75
Noor Ahmad,1473454,2025,36,18,3.0,12.0
Noor Ahmad,1473459,2025,32,18,3.0,10.67
Noor Ahmad,1473462,2025,8,12,2.0,4.0
Noor Ahmad,1473467,2025,12,24,4.0,3.0
Noor Ahmad,1473475,2025,36,18,3.0,12.0
Noor Ahmad,1473480,2025,33,24,4.0,8.25
Noor Ahmad,1473486,2025,39,24,4.0,9.75
Noor Ahmad,1473489,2025,26,24,4.0,6.5
Noor Ahmad,1473494,2025,30,24,4.0,7.5
Noor Ahmad,1473500,2025,35,18,3.0,11.67
Noor Ahmad,1473504,2025,20,24,4.0,5.0
Noor Ahmad,1527676,2026,24,12,2.0,12.0
Noor Ahmad,1527680,2026,32,24,4.0,8.0
Noor Ahmad,1527684,2026,49,24,4.0,12.25
Noor Ahmad,1527691,2026,33,18,3.0,11.0
Noor Ahmad,1529265,2026,21,24,4.0,5.25
Noor Ahmad,1529270,2026,32,24,4.0,8.0
Noor Ahmad,1529276,2026,22,24,4.0,5.5
Noor Ahmad,1529280,2026,28,24,4.0,7.0
Noor Ahmad,1529287,2026,26,24,4.0,6.5
Noor Ahmad,1529291,2026,22,18,3.0,7.33
Noor Ahmad,1529296,2026,24,24,4.0,6.0
Noor Ahmad,1529302,2026,21,24,4.0,5.25
Noor Ahmad,1529306,2026,40,24,4.0,10.0
Noor Ahmad,1529309,2026,39,18,3.0,13.0
O Thomas,1178418,2019,30,24,4.0,7.5
O Thomas,1178420,2019,27,24,4.0,6.75
O Thomas,1178424,2019,5,6,1.0,5.0
O Thomas,1178428,2019,13,6,1.0,13.0
OC McCoy,1304076,2022,37,22,3.6666666666666665,10.09
OC McCoy,1304080,2022,49,19,3.1666666666666665,15.47
OC McCoy,1304109,2022,31,24,4.0,7.75
OC McCoy,1304114,2022,18,24,4.0,4.5
OC McCoy,1312197,2022,36,24,4.0,9.0
OC McCoy,1312199,2022,22,24,4.0,5.5
OC McCoy,1312200,2022,26,19,3.1666666666666665,8.21
OC McCoy,1359526,2023,12,6,1.0,12.0
OF Smith,1304049,2022,51,24,4.0,12.75
OF Smith,1304054,2022,37,12,2.0,18.5
OF Smith,1304057,2022,14,12,2.0,7.0
OF Smith,1304062,2022,34,18,3.0,11.33
OF Smith,1304069,2022,28,18,3.0,9.33
OF Smith,1304074,2022,8,6,1.0,8.0
P Amarnath,335983,2008,42,24,4.0,10.5
P Amarnath,335989,2008,57,24,4.0,14.25
P Amarnath,335993,2008,29,24,4.0,7.25
P Amarnath,335996,2008,38,24,4.0,9.5
P Amarnath,336009,2008,35,18,3.0,11.67
P Amarnath,336013,2008,35,18,3.0,11.67
P Awana,548319,2012,18,24,4.0,4.5
P Awana,548331,2012,32,24,4.0,8.0
P Awana,548334,2012,19,24,4.0,4.75
P Awana,548339,2012,38,24,4.0,9.5
P Awana,548343,2012,33,24,4.0,8.25
P Awana,548350,2012,46,24,4.0,11.5
P Awana,548354,2012,32,24,4.0,8.0
P Awana,548359,2012,26,24,4.0,6.5
P Awana,548366,2012,40,24,4.0,10.0
P Awana,548369,2012,22,24,4.0,5.5
P Awana,548371,2012,12,24,4.0,3.0
P Awana,548374,2012,40,18,3.0,13.33
P Awana,598003,2013,16,24,4.0,4.0
P Awana,598007,2013,20,12,2.0,10.0
P Awana,598014,2013,35,24,4.0,8.75
P Awana,598016,2013,39,24,4.0,9.75
P Awana,598025,2013,37,24,4.0,9.25
P Awana,598028,2013,25,24,4.0,6.25
P Awana,598037,2013,15,24,4.0,3.75
P Awana,598041,2013,28,24,4.0,7.0
P Awana,598045,2013,32,24,4.0,8.0
P Awana,598052,2013,37,24,4.0,9.25
P Awana,598056,2013,35,24,4.0,8.75
P Awana,598059,2013,21,24,4.0,5.25
P Awana,598064,2013,27,24,4.0,6.75
P Awana,598066,2013,29,24,4.0,7.25
P Awana,729283,2014,33,18,3.0,11.0
P Awana,729291,2014,39,24,4.0,9.75
P Awana,733997,2014,19,12,2.0,9.5
P Awana,734039,2014,15,18,3.0,5.0
P Awana,734043,2014,33,24,4.0,8.25
P Awana,734047,2014,54,24,4.0,13.5
P Awana,734049,2014,43,21,3.5,12.29
P Dubey,1216535,2020,29,18,3.0,9.67
P Dubey,1237180,2020,14,12,2.0,7.0
P Dubey,1237181,2020,29,18,3.0,9.67
P Dubey,1359533,2023,18,18,3.0,6.0
P Dubey,1485779,2025,20,12,2.0,10.0
P Kumar,335982,2008,37,24,4.0,9.25
P Kumar,335985,2008,28,24,4.0,7.0
P Kumar,335992,2008,42,18,3.0,14.0
P Kumar,335996,2008,29,24,4.0,7.25
P Kumar,335998,2008,24,24,4.0,6.0
P Kumar,336006,2008,22,24,4.0,5.5
P Kumar,336010,2008,36,18,3.0,12.0
P Kumar,336012,2008,15,12,2.0,7.5
P Kumar,336016,2008,15,16,2.6666666666666665,5.62
P Kumar,336023,2008,23,24,4.0,5.75
P Kumar,336026,2008,33,12,2.0,16.5
P Kumar,336029,2008,25,24,4.0,6.25
P Kumar,336034,2008,23,24,4.0,5.75
P Kumar,392182,2009,4,18,3.0,1.33
P Kumar,392185,2009,37,24,4.0,9.25
P Kumar,392188,2009,37,24,4.0,9.25
P Kumar,392191,2009,35,24,4.0,8.75
P Kumar,392199,2009,24,24,4.0,6.0
P Kumar,392204,2009,25,24,4.0,6.25
P Kumar,392208,2009,15,18,3.0,5.0
P Kumar,392213,2009,30,24,4.0,7.5
P Kumar,392224,2009,35,22,3.6666666666666665,9.55
P Kumar,392232,2009,30,24,4.0,7.5
P Kumar,392236,2009,44,24,4.0,11.0
P Kumar,392238,2009,26,24,4.0,6.5
P Kumar,392239,2009,38,24,4.0,9.5
P Kumar,419109,2010,16,24,4.0,4.0
P Kumar,419112,2010,39,24,4.0,9.75
P Kumar,419115,2010,16,24,4.0,4.0
P Kumar,419119,2010,36,24,4.0,9.0
P Kumar,419123,2010,19,24,4.0,4.75
P Kumar,419128,2010,42,24,4.0,10.5
P Kumar,419133,2010,41,18,3.0,13.67
P Kumar,419136,2010,36,24,4.0,9.0
P Kumar,419145,2010,36,24,4.0,9.0
P Kumar,419148,2010,35,18,3.0,11.67
P Kumar,419162,2010,24,18,3.0,8.0
P Kumar,419164,2010,18,24,4.0,4.5
P Kumar,501202,2011,27,18,3.0,9.0
P Kumar,501206,2011,37,24,4.0,9.25
P Kumar,501212,2011,29,24,4.0,7.25
P Kumar,501220,2011,22,24,4.0,5.5
P Kumar,501223,2011,42,24,4.0,10.5
P Kumar,501234,2011,14,12,2.0,7.0
P Kumar,501237,2011,28,18,3.0,9.33
P Kumar,501244,2011,37,24,4.0,9.25
P Kumar,501248,2011,17,24,4.0,4.25
P Kumar,501251,2011,19,24,4.0,4.75
P Kumar,501257,2011,26,24,4.0,6.5
P Kumar,501260,2011,11,18,3.0,3.67
P Kumar,501264,2011,25,18,3.0,8.33
P Kumar,548309,2012,40,24,4.0,10.0
P Kumar,548313,2012,24,24,4.0,6.0
P Kumar,548319,2012,16,24,4.0,4.0
P Kumar,548323,2012,20,24,4.0,5.0
P Kumar,548328,2012,23,18,3.0,7.67
P Kumar,548331,2012,31,24,4.0,7.75
P Kumar,548334,2012,36,24,4.0,9.0
P Kumar,548339,2012,24,24,4.0,6.0
P Kumar,548343,2012,39,24,4.0,9.75
P Kumar,548350,2012,8,24,4.0,2.0
P Kumar,548354,2012,31,24,4.0,7.75
P Kumar,548359,2012,15,24,4.0,3.75
P Kumar,548366,2012,31,24,4.0,7.75
P Kumar,548369,2012,28,24,4.0,7.0
P Kumar,548371,2012,18,24,4.0,4.5
P Kumar,548374,2012,28,24,4.0,7.0
P Kumar,598003,2013,30,24,4.0,7.5
P Kumar,598007,2013,17,14,2.3333333333333335,7.29
P Kumar,598014,2013,9,24,4.0,2.25
P Kumar,598016,2013,24,24,4.0,6.0
P Kumar,598021,2013,12,18,3.0,4.0
P Kumar,598025,2013,33,24,4.0,8.25
P Kumar,598028,2013,19,24,4.0,4.75
P Kumar,598031,2013,27,24,4.0,6.75
P Kumar,598037,2013,23,24,4.0,5.75
P Kumar,598041,2013,38,24,4.0,9.5
P Kumar,598052,2013,24,24,4.0,6.0
P Kumar,598056,2013,31,24,4.0,7.75
P Kumar,598059,2013,28,24,4.0,7.0
P Kumar,598064,2013,26,24,4.0,6.5
P Kumar,598066,2013,14,18,3.0,4.67
P Kumar,733995,2014,31,24,4.0,7.75
P Kumar,734025,2014,19,24,4.0,4.75
P Kumar,734045,2014,27,24,4.0,6.75
P Kumar,829719,2015,34,24,4.0,8.5
P Kumar,829727,2015,28,24,4.0,7.0
P Kumar,829731,2015,36,24,4.0,9.0
P Kumar,829743,2015,18,12,2.0,9.0
P Kumar,829751,2015,32,24,4.0,8.0
P Kumar,829759,2015,32,24,4.0,8.0
P Kumar,829773,2015,31,24,4.0,7.75
P Kumar,829781,2015,10,6,1.0,10.0
P Kumar,829787,2015,40,24,4.0,10.0
P Kumar,829793,2015,33,12,2.0,16.5
P Kumar,829807,2015,10,6,1.0,10.0
P Kumar,829815,2015,11,12,2.0,5.5
P Kumar,980905,2016,25,24,4.0,6.25
P Kumar,980911,2016,12,12,2.0,6.0
P Kumar,980917,2016,17,18,3.0,5.67
P Kumar,980929,2016,25,12,2.0,12.5
P Kumar,980937,2016,28,18,3.0,9.33
P Kumar,980945,2016,13,24,4.0,3.25
P Kumar,980949,2016,37,24,4.0,9.25
P Kumar,980955,2016,25,17,2.8333333333333335,8.82
P Kumar,980961,2016,19,12,2.0,9.5
P Kumar,980967,2016,27,24,4.0,6.75
P Kumar,980975,2016,19,24,4.0,4.75
P Kumar,980987,2016,45,24,4.0,11.25
P Kumar,981001,2016,10,12,2.0,5.0
P Kumar,981007,2016,24,24,4.0,6.0
P Kumar,981013,2016,26,20,3.3333333333333335,7.8
P Kumar,981017,2016,31,20,3.3333333333333335,9.3
P Kumar,1082593,2017,13,12,2.0,6.5
P Kumar,1082596,2017,16,12,2.0,8.0
P Kumar,1082603,2017,48,24,4.0,12.0
P Kumar,1082606,2017,18,15,2.5,7.2
P Kumar,1082613,2017,24,12,2.0,12.0
P Kumar,1082643,2017,21,24,4.0,5.25
P Negi,548337,2012,22,24,4.0,5.5
P Negi,548349,2012,17,24,4.0,4.25
P Negi,548369,2012,24,18,3.0,8.0
P Negi,548372,2012,37,18,3.0,12.33
P Negi,548378,2012,18,24,4.0,4.5
P Negi,548380,2012,33,24,4.0,8.25
P Negi,598049,2013,26,24,4.0,6.5
P Negi,729283,2014,36,18,3.0,12.0
P Negi,734029,2014,38,24,4.0,9.5
P Negi,829723,2015,22,24,4.0,5.5
P Negi,829773,2015,20,12,2.0,10.0
P Negi,829779,2015,19,12,2.0,9.5
P Negi,829789,2015,34,24,4.0,8.5
P Negi,829797,2015,34,24,4.0,8.5
P Negi,829801,2015,28,18,3.0,9.33
P Negi,829809,2015,24,24,4.0,6.0
P Negi,829817,2015,46,24,4.0,11.5
P Negi,829821,2015,4,6,1.0,4.0
P Negi,829823,2015,18,12,2.0,9.0
P Negi,980913,2016,10,6,1.0,10.0
P Negi,980921,2016,26,18,3.0,8.67
P Negi,980933,2016,19,6,1.0,19.0
P Negi,980965,2016,10,6,1.0,10.0
P Negi,981011,2016,19,18,3.0,6.33
P Negi,1082595,2017,3,6,1.0,3.0
P Negi,1082598,2017,7,6,1.0,7.0
P Negi,1082602,2017,26,12,2.0,13.0
P Negi,1082607,2017,11,18,3.0,3.67
P Negi,1082610,2017,20,24,4.0,5.0
P Negi,1082617,2017,14,18,3.0,4.67
P Negi,1082621,2017,23,12,2.0,11.5
P Negi,1082624,2017,17,24,4.0,4.25
P Negi,1082628,2017,17,24,4.0,4.25
P Negi,1082633,2017,21,18,3.0,7.0
P Negi,1082636,2017,21,19,3.1666666666666665,6.63
P Negi,1082646,2017,10,12,2.0,5.0
P Negi,1136571,2018,13,6,1.0,13.0
P Negi,1136584,2018,36,18,3.0,12.0
P Negi,1175372,2019,21,19,3.1666666666666665,6.63
P Negi,1178395,2019,26,18,3.0,8.67
P Negi,1178406,2019,45,24,4.0,11.25
P Negi,1178414,2019,7,6,1.0,7.0
P Parameswaran,501238,2011,29,24,4.0,7.25
P Parameswaran,501242,2011,21,24,4.0,5.25
P Parameswaran,501247,2011,37,13,2.1666666666666665,17.08
P Parameswaran,501254,2011,22,12,2.0,11.0
P Parameswaran,501258,2011,19,21,3.5,5.43
P Parameswaran,548356,2012,44,24,4.0,11.0
P Parameswaran,548372,2012,29,18,3.0,9.67
P Parameswaran,548376,2012,12,18,3.0,4.0
P Prasanth,501258,2011,18,6,1.0,18.0
P Ray Barman,1175366,2019,56,24,4.0,14.0
P Sahu,980905,2016,35,24,4.0,8.75
P Sahu,980913,2016,26,15,2.5,10.4
P Sahu,980919,2016,30,24,4.0,7.5
P Sahu,980925,2016,18,24,4.0,4.5
P Sahu,980941,2016,35,18,3.0,11.67
P Suyal,598046,2013,20,18,3.0,6.67
P Suyal,733983,2014,32,18,3.0,10.67
P Suyal,829717,2015,21,18,3.0,7.0
P Suyal,829721,2015,40,24,4.0,10.0
P Suyal,829729,2015,24,18,3.0,8.0
PC Valthaty,501212,2011,28,24,4.0,7.0
PC Valthaty,501220,2011,19,12,2.0,9.5
PC Valthaty,501223,2011,13,6,1.0,13.0
PC Valthaty,501234,2011,13,12,2.0,6.5
PC Valthaty,501237,2011,10,6,1.0,10.0
PC Valthaty,501248,2011,17,13,2.1666666666666665,7.85
PC Valthaty,501257,2011,34,24,4.0,8.5
PC Valthaty,501260,2011,30,24,4.0,7.5
PC Valthaty,501264,2011,19,24,4.0,4.75
PC Valthaty,548309,2012,16,6,1.0,16.0
PD Collingwood,419134,2010,6,6,1.0,6.0
PD Collingwood,419144,2010,18,12,2.0,9.0
PD Collingwood,419149,2010,19,24,4.0,4.75
PD Collingwood,419152,2010,27,24,4.0,6.75
PD Collingwood,419160,2010,23,18,3.0,7.67
PH Solanki,1304108,2022,18,24,4.0,4.5
PH Solanki,1304114,2022,20,12,2.0,10.0
PHKD Mendis,1473452,2025,4,6,1.0,4.0
PHKD Mendis,1473457,2025,12,6,1.0,12.0
PHKD Mendis,1473480,2025,26,18,3.0,8.67
PHKD Mendis,1473488,2025,18,12,2.0,9.0
PJ Cummins,734023,2014,29,24,4.0,7.25
PJ Cummins,829723,2015,48,24,4.0,12.0
PJ Cummins,829765,2015,23,24,4.0,5.75
PJ Cummins,829771,2015,16,12,2.0,8.0
PJ Cummins,1082595,2017,28,24,4.0,7.0
PJ Cummins,1082599,2017,23,19,3.1666666666666665,7.26
PJ Cummins,1082605,2017,23,24,4.0,5.75
PJ Cummins,1082608,2017,38,24,4.0,9.5
PJ Cummins,1082611,2017,36,24,4.0,9.0
PJ Cummins,1082614,2017,19,24,4.0,4.75
PJ Cummins,1082622,2017,22,18,3.0,7.33
PJ Cummins,1082632,2017,30,24,4.0,7.5
PJ Cummins,1082635,2017,55,24,4.0,13.75
PJ Cummins,1082640,2017,38,24,4.0,9.5
PJ Cummins,1082642,2017,30,24,4.0,7.5
PJ Cummins,1082646,2017,19,24,4.0,4.75
PJ Cummins,1216494,2020,17,18,3.0,5.67
PJ Cummins,1216497,2020,17,24,4.0,4.25
PJ Cummins,1216501,2020,23,24,4.0,5.75
PJ Cummins,1216504,2020,13,18,3.0,4.33
PJ Cummins,1216508,2020,45,18,3.0,15.0
PJ Cummins,1216512,2020,28,24,4.0,7.0
PJ Cummins,1216515,2020,49,24,4.0,12.25
PJ Cummins,1216520,2020,31,24,4.0,7.75
PJ Cummins,1216523,2020,29,24,4.0,7.25
PJ Cummins,1216526,2020,28,18,3.0,9.33
PJ Cummins,1216530,2020,32,24,4.0,8.0
PJ Cummins,1216536,2020,26,24,4.0,6.5
PJ Cummins,1216540,2020,36,24,4.0,9.0
PJ Cummins,1216545,2020,19,24,4.0,4.75
PJ Cummins,1254060,2021,30,24,4.0,7.5
PJ Cummins,1254062,2021,24,24,4.0,6.0
PJ Cummins,1254067,2021,32,24,4.0,8.0
PJ Cummins,1254072,2021,51,24,4.0,12.75
PJ Cummins,1254075,2021,35,23,3.8333333333333335,9.13
PJ Cummins,1254078,2021,30,18,3.0,10.0
PJ Cummins,1254082,2021,24,24,4.0,6.0
PJ Cummins,1304060,2022,48,24,4.0,12.0
PJ Cummins,1304065,2022,49,24,4.0,12.25
PJ Cummins,1304071,2022,34,23,3.8333333333333335,8.87
PJ Cummins,1304076,2022,48,24,4.0,12.0
PJ Cummins,1304102,2022,21,24,4.0,5.25
PJ Cummins,1422121,2024,32,24,4.0,8.0
PJ Cummins,1422126,2024,34,24,4.0,8.5
PJ Cummins,1422130,2024,27,24,4.0,6.75
PJ Cummins,1422136,2024,29,24,4.0,7.25
PJ Cummins,1426261,2024,22,24,4.0,5.5
PJ Cummins,1426268,2024,42,24,4.0,10.5
PJ Cummins,1426273,2024,35,24,4.0,8.75
PJ Cummins,1426279,2024,54,24,4.0,13.5
PJ Cummins,1426284,2024,48,24,4.0,12.0
PJ Cummins,1426288,2024,34,24,4.0,8.5
PJ Cummins,1426293,2024,34,24,4.0,8.5
PJ Cummins,1426295,2024,47,24,4.0,11.75
PJ Cummins,1426307,2024,36,24,4.0,9.0
PJ Cummins,1426309,2024,37,18,3.0,12.33
PJ Cummins,1426311,2024,29,24,4.0,7.25
PJ Cummins,1426312,2024,16,12,2.0,8.0
PJ Cummins,1473439,2025,57,24,4.0,14.25
PJ Cummins,1473444,2025,26,18,3.0,8.67
PJ Cummins,1473447,2025,27,12,2.0,13.5
PJ Cummins,1473452,2025,44,24,4.0,11.0
PJ Cummins,1473457,2025,26,22,3.6666666666666665,7.09
PJ Cummins,1473464,2025,38,24,4.0,9.5
PJ Cummins,1473470,2025,25,24,4.0,6.25
PJ Cummins,1473478,2025,31,18,3.0,10.33
PJ Cummins,1473480,2025,21,24,4.0,5.25
PJ Cummins,1473488,2025,39,24,4.0,9.75
PJ Cummins,1473492,2025,18,24,4.0,4.5
PJ Cummins,1473499,2025,33,24,4.0,8.25
PJ Cummins,1473503,2025,26,24,4.0,6.5
PJ Cummins,1473505,2025,24,12,2.0,12.0
PJ Cummins,1529279,2026,27,24,4.0,6.75
PJ Cummins,1529284,2026,38,24,4.0,9.5
PJ Cummins,1529288,2026,40,24,4.0,10.0
PJ Cummins,1529292,2026,33,24,4.0,8.25
PJ Cummins,1529299,2026,20,24,4.0,5.0
PJ Cummins,1529306,2026,27,24,4.0,6.75
PJ Cummins,1529310,2026,43,24,4.0,10.75
PJ Cummins,1535463,2026,63,24,4.0,15.75
PJ Sangwan,336001,2008,38,24,4.0,9.5
PJ Sangwan,336004,2008,19,24,4.0,4.75
PJ Sangwan,336009,2008,28,24,4.0,7.0
PJ Sangwan,336015,2008,33,24,4.0,8.25
PJ Sangwan,336017,2008,26,24,4.0,6.5
PJ Sangwan,336022,2008,11,6,1.0,11.0
PJ Sangwan,336026,2008,44,18,3.0,14.67
PJ Sangwan,392183,2009,19,12,2.0,9.5
PJ Sangwan,392189,2009,25,24,4.0,6.25
PJ Sangwan,392194,2009,31,24,4.0,7.75
PJ Sangwan,392198,2009,26,24,4.0,6.5
PJ Sangwan,392201,2009,24,24,4.0,6.0
PJ Sangwan,392206,2009,40,18,3.0,13.33
PJ Sangwan,392211,2009,24,24,4.0,6.0
PJ Sangwan,392215,2009,17,24,4.0,4.25
PJ Sangwan,392219,2009,31,18,3.0,10.33
PJ Sangwan,392223,2009,15,24,4.0,3.75
PJ Sangwan,392226,2009,42,24,4.0,10.5
PJ Sangwan,392235,2009,25,24,4.0,6.25
PJ Sangwan,392237,2009,20,16,2.6666666666666665,7.5
PJ Sangwan,419108,2010,32,24,4.0,8.0
PJ Sangwan,419111,2010,18,24,4.0,4.5
PJ Sangwan,419114,2010,39,24,4.0,9.75
PJ Sangwan,419116,2010,46,24,4.0,11.5
PJ Sangwan,419128,2010,28,24,4.0,7.0
PJ Sangwan,419140,2010,22,24,4.0,5.5
PJ Sangwan,419144,2010,29,18,3.0,9.67
PJ Sangwan,419152,2010,30,24,4.0,7.5
PJ Sangwan,548357,2012,37,24,4.0,9.25
PJ Sangwan,598008,2013,30,12,2.0,15.0
PJ Sangwan,598069,2013,17,12,2.0,8.5
PJ Sangwan,980905,2016,21,12,2.0,10.5
PJ Sangwan,980967,2016,27,12,2.0,13.5
PJ Sangwan,1082629,2017,37,24,4.0,9.25
PJ Sangwan,1082632,2017,42,24,4.0,10.5
PJ Sangwan,1082637,2017,28,18,3.0,9.33
PJ Sangwan,1082640,2017,35,18,3.0,11.67
PJ Sangwan,1082643,2017,37,24,4.0,9.25
PJ Sangwan,1136567,2018,19,12,2.0,9.5
PJ Sangwan,1304089,2022,19,24,4.0,4.75
PJ Sangwan,1304094,2022,23,12,2.0,11.5
PJ Sangwan,1304097,2022,21,18,3.0,7.0
PM Sarvesh Kumar,336020,2008,23,18,3.0,7.67
PM Sarvesh Kumar,336037,2008,18,12,2.0,9.0
PP Chawla,335983,2008,19,6,1.0,19.0
PP Chawla,335987,2008,27,12,2.0,13.5
PP Chawla,335991,2008,15,24,4.0,3.75
PP Chawla,335995,2008,27,24,4.0,6.75
PP Chawla,335999,2008,28,24,4.0,7.0
PP Chawla,336003,2008,16,6,1.0,16.0
PP Chawla,336006,2008,20,24,4.0,5.0
PP Chawla,336013,2008,35,18,3.0,11.67
PP Chawla,336016,2008,28,24,4.0,7.0
PP Chawla,336019,2008,35,24,4.0,8.75
PP Chawla,336022,2008,13,6,1.0,13.0
PP Chawla,336028,2008,22,24,4.0,5.5
PP Chawla,336031,2008,31,24,4.0,7.75
PP Chawla,336035,2008,36,24,4.0,9.0
PP Chawla,336039,2008,23,17,2.8333333333333335,8.12
PP Chawla,392186,2009,8,12,2.0,4.0
PP Chawla,392191,2009,19,24,4.0,4.75
PP Chawla,392195,2009,22,24,4.0,5.5
PP Chawla,392200,2009,26,18,3.0,8.67
PP Chawla,392204,2009,28,24,4.0,7.0
PP Chawla,392207,2009,25,24,4.0,6.25
PP Chawla,392210,2009,30,24,4.0,7.5
PP Chawla,392214,2009,28,18,3.0,9.33
PP Chawla,392216,2009,26,18,3.0,8.67
PP Chawla,392222,2009,32,24,4.0,8.0
PP Chawla,392226,2009,15,18,3.0,5.0
PP Chawla,392229,2009,20,24,4.0,5.0
PP Chawla,392234,2009,13,12,2.0,6.5
PP Chawla,419108,2010,33,24,4.0,8.25
PP Chawla,419112,2010,20,18,3.0,6.67
PP Chawla,419117,2010,24,18,3.0,8.0
PP Chawla,419121,2010,27,24,4.0,6.75
PP Chawla,419124,2010,29,24,4.0,7.25
PP Chawla,419127,2010,34,24,4.0,8.5
PP Chawla,419132,2010,27,18,3.0,9.0
PP Chawla,419136,2010,22,12,2.0,11.0
PP Chawla,419139,2010,26,12,2.0,13.0
PP Chawla,419143,2010,27,24,4.0,6.75
PP Chawla,419146,2010,24,24,4.0,6.0
PP Chawla,419149,2010,16,24,4.0,4.0
PP Chawla,419156,2010,24,24,4.0,6.0
PP Chawla,419159,2010,28,24,4.0,7.0
PP Chawla,501202,2011,12,6,1.0,12.0
PP Chawla,501206,2011,33,18,3.0,11.0
PP Chawla,501212,2011,17,12,2.0,8.5
PP Chawla,501220,2011,24,24,4.0,6.0
PP Chawla,501223,2011,36,24,4.0,9.0
PP Chawla,501234,2011,25,20,3.3333333333333335,7.5
PP Chawla,501237,2011,37,24,4.0,9.25
PP Chawla,501244,2011,37,24,4.0,9.25
PP Chawla,501254,2011,24,24,4.0,6.0
PP Chawla,501257,2011,16,24,4.0,4.0
PP Chawla,501260,2011,17,24,4.0,4.25
PP Chawla,501264,2011,46,24,4.0,11.5
PP Chawla,548309,2012,33,24,4.0,8.25
PP Chawla,548313,2012,14,12,2.0,7.0
PP Chawla,548319,2012,23,24,4.0,5.75
PP Chawla,548323,2012,18,24,4.0,4.5
PP Chawla,548328,2012,19,24,4.0,4.75
PP Chawla,548331,2012,21,24,4.0,5.25
PP Chawla,548334,2012,19,24,4.0,4.75
PP Chawla,548339,2012,44,24,4.0,11.0
PP Chawla,548343,2012,19,24,4.0,4.75
PP Chawla,548350,2012,33,18,3.0,11.0
PP Chawla,548354,2012,38,24,4.0,9.5
PP Chawla,548359,2012,33,24,4.0,8.25
PP Chawla,548366,2012,27,18,3.0,9.0
PP Chawla,548369,2012,33,24,4.0,8.25
PP Chawla,548371,2012,12,6,1.0,12.0
PP Chawla,548374,2012,27,24,4.0,6.75
PP Chawla,598003,2013,19,24,4.0,4.75
PP Chawla,598007,2013,21,24,4.0,5.25
PP Chawla,598014,2013,22,20,3.3333333333333335,6.6
PP Chawla,598016,2013,28,18,3.0,9.33
PP Chawla,598021,2013,25,24,4.0,6.25
PP Chawla,598025,2013,33,24,4.0,8.25
PP Chawla,598028,2013,44,24,4.0,11.0
PP Chawla,598031,2013,33,24,4.0,8.25
PP Chawla,598037,2013,24,12,2.0,12.0
PP Chawla,598041,2013,32,24,4.0,8.0
PP Chawla,598045,2013,27,24,4.0,6.75
PP Chawla,598052,2013,27,24,4.0,6.75
PP Chawla,598056,2013,20,24,4.0,5.0
PP Chawla,598059,2013,17,12,2.0,8.5
PP Chawla,598064,2013,25,24,4.0,6.25
PP Chawla,598066,2013,19,24,4.0,4.75
PP Chawla,729279,2014,14,18,3.0,4.67
PP Chawla,729289,2014,27,15,2.5,10.8
PP Chawla,729307,2014,19,24,4.0,4.75
PP Chawla,729315,2014,27,18,3.0,9.0
PP Chawla,733971,2014,31,18,3.0,10.33
PP Chawla,733997,2014,19,24,4.0,4.75
PP Chawla,734009,2014,32,24,4.0,8.0
PP Chawla,734015,2014,24,24,4.0,6.0
PP Chawla,734023,2014,42,24,4.0,10.5
PP Chawla,734043,2014,23,24,4.0,5.75
PP Chawla,734049,2014,44,24,4.0,11.0
PP Chawla,829705,2015,16,12,2.0,8.0
PP Chawla,829713,2015,10,6,1.0,10.0
PP Chawla,829723,2015,21,24,4.0,5.25
PP Chawla,829733,2015,29,24,4.0,7.25
PP Chawla,829739,2015,22,24,4.0,5.5
PP Chawla,829743,2015,15,6,1.0,15.0
PP Chawla,829761,2015,32,24,4.0,8.0
PP Chawla,829765,2015,26,24,4.0,6.5
PP Chawla,829771,2015,21,12,2.0,10.5
PP Chawla,829781,2015,16,24,4.0,4.0
PP Chawla,829791,2015,35,18,3.0,11.67
PP Chawla,829805,2015,9,6,1.0,9.0
PP Chawla,829811,2015,10,6,1.0,10.0
PP Chawla,980903,2016,16,24,4.0,4.0
PP Chawla,980909,2016,29,19,3.1666666666666665,9.16
PP Chawla,980915,2016,13,6,1.0,13.0
PP Chawla,980925,2016,17,18,3.0,5.67
PP Chawla,980939,2016,26,18,3.0,8.67
PP Chawla,980951,2016,23,12,2.0,11.5
PP Chawla,980959,2016,32,24,4.0,8.0
PP Chawla,980963,2016,26,24,4.0,6.5
PP Chawla,980975,2016,30,24,4.0,7.5
PP Chawla,980989,2016,21,24,4.0,5.25
PP Chawla,980995,2016,32,19,3.1666666666666665,10.11
PP Chawla,1082593,2017,32,24,4.0,8.0
PP Chawla,1082601,2017,36,18,3.0,12.0
PP Chawla,1082620,2017,36,24,4.0,9.0
PP Chawla,1082636,2017,13,12,2.0,6.5
PP Chawla,1082648,2017,27,18,3.0,9.0
PP Chawla,1082649,2017,33,24,4.0,8.25
PP Chawla,1136563,2018,31,24,4.0,7.75
PP Chawla,1136565,2018,48,24,4.0,12.0
PP Chawla,1136570,2018,20,24,4.0,5.0
PP Chawla,1136573,2018,15,12,2.0,7.5
PP Chawla,1136575,2018,18,24,4.0,4.5
PP Chawla,1136578,2018,24,12,2.0,12.0
PP Chawla,1136586,2018,33,24,4.0,8.25
PP Chawla,1136589,2018,22,18,3.0,7.33
PP Chawla,1136593,2018,35,24,4.0,8.75
PP Chawla,1136597,2018,35,18,3.0,11.67
PP Chawla,1136601,2018,48,24,4.0,12.0
PP Chawla,1136604,2018,16,12,2.0,8.0
PP Chawla,1136614,2018,19,12,2.0,9.5
PP Chawla,1136618,2018,24,24,4.0,6.0
PP Chawla,1136619,2018,22,18,3.0,7.33
PP Chawla,1175357,2019,23,18,3.0,7.67
PP Chawla,1175361,2019,26,18,3.0,8.67
PP Chawla,1175365,2019,36,24,4.0,9.0
PP Chawla,1175372,2019,32,24,4.0,8.0
PP Chawla,1178396,2019,19,24,4.0,4.75
PP Chawla,1178398,2019,28,24,4.0,7.0
PP Chawla,1178401,2019,35,17,2.8333333333333335,12.35
PP Chawla,1178404,2019,32,22,3.6666666666666665,8.73
PP Chawla,1178410,2019,10,6,1.0,10.0
PP Chawla,1178413,2019,38,18,3.0,12.67
PP Chawla,1178418,2019,20,24,4.0,5.0
PP Chawla,1178422,2019,57,24,4.0,14.25
PP Chawla,1178427,2019,43,24,4.0,10.75
PP Chawla,1216492,2020,20,24,4.0,5.0
PP Chawla,1216496,2020,53,24,4.0,13.25
PP Chawla,1216513,2020,22,12,2.0,11.0
PP Chawla,1216516,2020,20,18,3.0,6.67
PP Chawla,1216528,2020,8,6,1.0,8.0
PP Chawla,1216533,2020,32,18,3.0,10.67
PP Chawla,1216539,2020,33,24,4.0,8.25
PP Chawla,1254088,2021,38,24,4.0,9.5
PP Chawla,1359479,2023,26,24,4.0,6.5
PP Chawla,1359486,2023,33,24,4.0,8.25
PP Chawla,1359490,2023,22,24,4.0,5.5
PP Chawla,1359496,2023,19,24,4.0,4.75
PP Chawla,1359499,2023,43,24,4.0,10.75
PP Chawla,1359505,2023,14,18,3.0,4.67
PP Chawla,1359509,2023,33,24,4.0,8.25
PP Chawla,1359516,2023,34,24,4.0,8.5
PP Chawla,1359520,2023,29,24,4.0,7.25
PP Chawla,1359523,2023,25,24,4.0,6.25
PP Chawla,1359528,2023,41,24,4.0,10.25
PP Chawla,1359531,2023,36,24,4.0,9.0
PP Chawla,1359537,2023,26,18,3.0,8.67
PP Chawla,1359543,2023,39,24,4.0,9.75
PP Chawla,1370351,2023,26,24,4.0,6.5
PP Chawla,1370352,2023,44,18,3.0,14.67
PP Chawla,1422123,2024,26,18,3.0,8.67
PP Chawla,1422126,2024,34,12,2.0,17.0
PP Chawla,1422132,2024,18,18,3.0,6.0
PP Chawla,1422138,2024,32,12,2.0,16.0
PP Chawla,1426276,2024,33,24,4.0,8.25
PP Chawla,1426281,2024,34,24,4.0,8.5
PP Chawla,1426286,2024,23,18,3.0,7.67
PP Chawla,1426289,2024,15,18,3.0,5.0
PP Chawla,1426293,2024,31,24,4.0,7.75
PP Chawla,1426298,2024,28,18,3.0,9.33
PP Chawla,1426305,2024,29,24,4.0,7.25
PP Hinge,1529264,2026,32,24,4.0,8.0
PP Hinge,1529270,2026,54,24,4.0,13.5
PP Hinge,1529279,2026,48,24,4.0,12.0
PP Hinge,1529284,2026,54,24,4.0,13.5
PP Hinge,1529299,2026,17,18,3.0,5.67
PP Hinge,1529306,2026,34,18,3.0,11.33
PP Hinge,1535463,2026,48,24,4.0,12.0
PP Ojha,335986,2008,16,24,4.0,4.0
PP Ojha,335988,2008,3,6,1.0,3.0
PP Ojha,335990,2008,23,12,2.0,11.5
PP Ojha,335994,2008,14,12,2.0,7.0
PP Ojha,336007,2008,21,24,4.0,5.25
PP Ojha,336011,2008,41,24,4.0,10.25
PP Ojha,336014,2008,24,12,2.0,12.0
PP Ojha,336020,2008,18,12,2.0,9.0
PP Ojha,336024,2008,23,24,4.0,5.75
PP Ojha,336031,2008,27,24,4.0,6.75
PP Ojha,336034,2008,28,24,4.0,7.0
PP Ojha,336037,2008,26,24,4.0,6.5
PP Ojha,392184,2009,14,24,4.0,3.5
PP Ojha,392188,2009,27,24,4.0,6.75
PP Ojha,392192,2009,20,24,4.0,5.0
PP Ojha,392196,2009,11,12,2.0,5.5
PP Ojha,392201,2009,23,24,4.0,5.75
PP Ojha,392205,2009,26,24,4.0,6.5
PP Ojha,392209,2009,25,24,4.0,6.25
PP Ojha,392216,2009,23,24,4.0,5.75
PP Ojha,392220,2009,25,21,3.5,7.14
PP Ojha,392223,2009,25,24,4.0,6.25
PP Ojha,392228,2009,24,18,3.0,8.0
PP Ojha,392229,2009,12,12,2.0,6.0
PP Ojha,392236,2009,32,24,4.0,8.0
PP Ojha,392237,2009,27,18,3.0,9.0
PP Ojha,392239,2009,28,24,4.0,7.0
PP Ojha,419106,2010,19,24,4.0,4.75
PP Ojha,419110,2010,28,24,4.0,7.0
PP Ojha,419117,2010,31,24,4.0,7.75
PP Ojha,419120,2010,36,24,4.0,9.0
PP Ojha,419126,2010,33,18,3.0,11.0
PP Ojha,419130,2010,24,24,4.0,6.0
PP Ojha,419135,2010,36,24,4.0,9.0
PP Ojha,419138,2010,26,24,4.0,6.5
PP Ojha,419141,2010,36,18,3.0,12.0
PP Ojha,419145,2010,24,24,4.0,6.0
PP Ojha,419147,2010,20,18,3.0,6.67
PP Ojha,419151,2010,22,24,4.0,5.5
PP Ojha,419156,2010,18,12,2.0,9.0
PP Ojha,419160,2010,16,24,4.0,4.0
PP Ojha,419163,2010,27,24,4.0,6.75
PP Ojha,419164,2010,22,23,3.8333333333333335,5.74
PP Ojha,501199,2011,44,23,3.8333333333333335,11.48
PP Ojha,501203,2011,25,24,4.0,6.25
PP Ojha,501216,2011,21,18,3.0,7.0
PP Ojha,501224,2011,28,24,4.0,7.0
PP Ojha,501236,2011,25,24,4.0,6.25
PP Ojha,501239,2011,32,24,4.0,8.0
PP Ojha,501250,2011,13,18,3.0,4.33
PP Ojha,501256,2011,16,24,4.0,4.0
PP Ojha,501259,2011,35,24,4.0,8.75
PP Ojha,501264,2011,25,18,3.0,8.33
PP Ojha,548306,2012,17,24,4.0,4.25
PP Ojha,548308,2012,23,24,4.0,5.75
PP Ojha,548314,2012,37,24,4.0,9.25
PP Ojha,548317,2012,19,12,2.0,9.5
PP Ojha,548325,2012,19,24,4.0,4.75
PP Ojha,548334,2012,23,18,3.0,7.67
PP Ojha,548351,2012,23,24,4.0,5.75
PP Ojha,548360,2012,18,12,2.0,9.0
PP Ojha,548363,2012,26,18,3.0,8.67
PP Ojha,598002,2013,16,24,4.0,4.0
PP Ojha,598006,2013,29,24,4.0,7.25
PP Ojha,598011,2013,18,12,2.0,9.0
PP Ojha,598019,2013,31,24,4.0,7.75
PP Ojha,598029,2013,21,24,4.0,5.25
PP Ojha,598037,2013,22,18,3.0,7.33
PP Ojha,598039,2013,18,24,4.0,4.5
PP Ojha,598046,2013,10,14,2.3333333333333335,4.29
PP Ojha,598050,2013,23,24,4.0,5.75
PP Ojha,598055,2013,28,18,3.0,9.33
PP Ojha,598060,2013,37,24,4.0,9.25
PP Ojha,598063,2013,36,24,4.0,9.0
PP Ojha,598070,2013,20,12,2.0,10.0
PP Ojha,598072,2013,36,24,4.0,9.0
PP Ojha,598073,2013,28,24,4.0,7.0
PP Ojha,729279,2014,36,24,4.0,9.0
PP Ojha,729287,2014,37,24,4.0,9.25
PP Ojha,729303,2014,25,24,4.0,6.25
PP Ojha,729309,2014,26,24,4.0,6.5
PP Ojha,729317,2014,33,18,3.0,11.0
PP Ojha,734001,2014,32,24,4.0,8.0
PP Ojha,734009,2014,25,24,4.0,6.25
PP Ojha,734017,2014,30,24,4.0,7.5
PP Ojha,734025,2014,26,24,4.0,6.5
PP Ojha,734031,2014,32,24,4.0,8.0
PP Ojha,734041,2014,30,24,4.0,7.5
PP Ojha,734045,2014,34,18,3.0,11.33
PP Ojha,829705,2015,23,12,2.0,11.5
PR Veer,1529287,2026,25,12,2.0,12.5
PV Tambe,598049,2013,30,24,4.0,7.5
PV Tambe,598063,2013,37,24,4.0,9.25
PV Tambe,598065,2013,17,18,3.0,5.67
PV Tambe,729285,2014,22,24,4.0,5.5
PV Tambe,729291,2014,26,24,4.0,6.5
PV Tambe,729297,2014,22,24,4.0,5.5
PV Tambe,729305,2014,20,24,4.0,5.0
PV Tambe,729315,2014,30,24,4.0,7.5
PV Tambe,733975,2014,25,24,4.0,6.25
PV Tambe,733979,2014,25,24,4.0,6.25
PV Tambe,733989,2014,20,24,4.0,5.0
PV Tambe,733999,2014,37,24,4.0,9.25
PV Tambe,734003,2014,33,24,4.0,8.25
PV Tambe,734011,2014,22,18,3.0,7.33
PV Tambe,734033,2014,36,24,4.0,9.0
PV Tambe,734041,2014,24,12,2.0,12.0
PV Tambe,829709,2015,15,18,3.0,5.0
PV Tambe,829715,2015,18,18,3.0,6.0
PV Tambe,829721,2015,25,18,3.0,8.33
PV Tambe,829727,2015,21,24,4.0,5.25
PV Tambe,829735,2015,36,24,4.0,9.0
PV Tambe,829741,2015,20,18,3.0,6.67
PV Tambe,829749,2015,36,24,4.0,9.0
PV Tambe,829763,2015,39,18,3.0,13.0
PV Tambe,829787,2015,32,24,4.0,8.0
PV Tambe,829797,2015,24,18,3.0,8.0
PV Tambe,980911,2016,33,24,4.0,8.25
PV Tambe,980917,2016,12,12,2.0,6.0
PV Tambe,980929,2016,16,12,2.0,8.0
PV Tambe,980937,2016,24,18,3.0,8.0
PV Tambe,980945,2016,17,6,1.0,17.0
PV Tambe,980975,2016,15,12,2.0,7.5
PV Tambe,980987,2016,25,12,2.0,12.5
PVD Chameera,1304050,2022,21,18,3.0,7.0
PVD Chameera,1304053,2022,48,24,4.0,12.0
PVD Chameera,1304066,2022,20,24,4.0,5.0
PVD Chameera,1304072,2022,43,24,4.0,10.75
PVD Chameera,1304077,2022,30,18,3.0,10.0
PVD Chameera,1304083,2022,12,24,4.0,3.0
PVD Chameera,1304088,2022,15,24,4.0,3.75
PVD Chameera,1304091,2022,44,24,4.0,11.0
PVD Chameera,1304099,2022,14,18,3.0,4.67
PVD Chameera,1304103,2022,32,24,4.0,8.0
PVD Chameera,1304109,2022,30,18,3.0,10.0
PVD Chameera,1312198,2022,52,24,4.0,13.0
PVD Chameera,1426280,2024,47,18,3.0,15.67
PVD Chameera,1473477,2025,25,18,3.0,8.33
PVD Chameera,1473483,2025,23,18,3.0,7.67
PVD Chameera,1473485,2025,40,18,3.0,13.33
PVD Chameera,1473495,2025,25,12,2.0,12.5
PVD Chameera,1473498,2025,21,12,2.0,10.5
PVD Chameera,1473501,2025,54,24,4.0,13.5
PVD Chameera,1529282,2026,18,12,2.0,9.0
PVSN Raju,1473440,2025,12,6,1.0,12.0
PVSN Raju,1473446,2025,36,18,3.0,12.0
PWA Mulder,1473447,2025,16,6,1.0,16.0
PWH de Silva,1254087,2021,20,12,2.0,10.0
PWH de Silva,1254113,2021,40,24,4.0,10.0
PWH de Silva,1304049,2022,38,24,4.0,9.5
PWH de Silva,1304052,2022,20,24,4.0,5.0
PWH de Silva,1304059,2022,32,24,4.0,8.0
PWH de Silva,1304064,2022,28,24,4.0,7.0
PWH de Silva,1304068,2022,34,18,3.0,11.33
PWH de Silva,1304073,2022,40,24,4.0,10.0
PWH de Silva,1304077,2022,20,12,2.0,10.0
PWH de Silva,1304082,2022,7,6,1.0,7.0
PWH de Silva,1304085,2022,22,24,4.0,5.5
PWH de Silva,1304089,2022,28,24,4.0,7.0
PWH de Silva,1304095,2022,31,18,3.0,10.33
PWH de Silva,1304100,2022,18,24,4.0,4.5
PWH de Silva,1304106,2022,15,24,4.0,3.75
PWH de Silva,1304113,2022,24,24,4.0,6.0
PWH de Silva,1312198,2022,42,24,4.0,10.5
PWH de Silva,1312199,2022,26,24,4.0,6.5
PWH de Silva,1359494,2023,37,18,3.0,12.33
PWH de Silva,1359498,2023,21,12,2.0,10.5
PWH de Silva,1359501,2023,39,24,4.0,9.75
PWH de Silva,1359506,2023,32,24,4.0,8.0
PWH de Silva,1359510,2023,24,24,4.0,6.0
PWH de Silva,1359517,2023,20,24,4.0,5.0
PWH de Silva,1359524,2023,32,24,4.0,8.0
PWH de Silva,1359528,2023,51,24,4.0,12.75
PWH de Silva,1473443,2025,34,18,3.0,11.33
PWH de Silva,1473448,2025,35,24,4.0,8.75
PWH de Silva,1473455,2025,36,24,4.0,9.0
PWH de Silva,1473465,2025,33,18,3.0,11.0
PWH de Silva,1473469,2025,38,24,4.0,9.5
PWH de Silva,1473473,2025,31,24,4.0,7.75
PWH de Silva,1473479,2025,29,24,4.0,7.25
PWH de Silva,1473484,2025,38,24,4.0,9.5
PWH de Silva,1473490,2025,34,24,4.0,8.5
PWH de Silva,1473497,2025,33,18,3.0,11.0
PWH de Silva,1473500,2025,25,24,4.0,6.25
Pankaj Singh,335987,2008,12,6,1.0,12.0
Pankaj Singh,335990,2008,14,12,2.0,7.0
Pankaj Singh,336019,2008,44,18,3.0,14.67
Pankaj Singh,336033,2008,29,24,4.0,7.25
Pankaj Singh,336036,2008,24,12,2.0,12.0
Pankaj Singh,392191,2009,18,12,2.0,9.0
Pankaj Singh,392194,2009,30,24,4.0,7.5
Pankaj Singh,392199,2009,14,6,1.0,14.0
Pankaj Singh,419154,2010,27,24,4.0,6.75
Pankaj Singh,419157,2010,47,24,4.0,11.75
Pankaj Singh,501252,2011,23,12,2.0,11.5
Pankaj Singh,548324,2012,18,24,4.0,4.5
Pankaj Singh,548326,2012,37,18,3.0,12.33
Pankaj Singh,548336,2012,32,24,4.0,8.0
Pankaj Singh,548345,2012,25,24,4.0,6.25
Pankaj Singh,548349,2012,24,12,2.0,12.0
Pankaj Singh,548361,2012,33,24,4.0,8.25
Parvez Rasool,598053,2013,23,24,4.0,5.75
Parvez Rasool,598055,2013,5,6,1.0,5.0
Parvez Rasool,734021,2014,23,24,4.0,5.75
Parvez Rasool,734029,2014,35,24,4.0,8.75
Parvez Rasool,734037,2014,22,6,1.0,22.0
Parvez Rasool,829711,2015,11,6,1.0,11.0
Parvez Rasool,829793,2015,20,24,4.0,5.0
Parvez Rasool,980907,2016,31,24,4.0,7.75
Parvez Rasool,980921,2016,28,18,3.0,9.33
Parvez Rasool,980953,2016,33,24,4.0,8.25
Parvez Rasool,980969,2016,37,18,3.0,12.33
Prince Yadav,1473441,2025,46,24,4.0,11.5
Prince Yadav,1473444,2025,25,24,4.0,6.25
Prince Yadav,1473473,2025,39,24,4.0,9.75
Prince Yadav,1473477,2025,23,17,2.8333333333333335,8.12
Prince Yadav,1473482,2025,43,24,4.0,10.75
Prince Yadav,1473491,2025,42,24,4.0,10.5
Prince Yadav,1527678,2026,16,18,3.0,5.33
Prince Yadav,1527683,2026,34,24,4.0,8.5
Prince Yadav,1527688,2026,44,24,4.0,11.0
Prince Yadav,1527692,2026,30,24,4.0,7.5
Prince Yadav,1529266,2026,31,18,3.0,10.33
Prince Yadav,1529272,2026,25,24,4.0,6.25
Prince Yadav,1529275,2026,29,24,4.0,7.25
Prince Yadav,1529281,2026,25,25,4.166666666666667,6.0
Prince Yadav,1529290,2026,23,18,3.0,7.67
Prince Yadav,1529293,2026,33,24,4.0,8.25
Prince Yadav,1529296,2026,34,24,4.0,8.5
Prince Yadav,1529302,2026,47,24,4.0,11.75
Prince Yadav,1529307,2026,42,24,4.0,10.5
Prince Yadav,1529311,2026,31,18,3.0,10.33
R Ashwin,392234,2009,13,24,4.0,3.25
R Ashwin,419110,2010,24,24,4.0,6.0
R Ashwin,419113,2010,22,24,4.0,5.5
R Ashwin,419116,2010,39,24,4.0,9.75
R Ashwin,419121,2010,32,24,4.0,8.0
R Ashwin,419123,2010,40,24,4.0,10.0
R Ashwin,419142,2010,20,24,4.0,5.0
R Ashwin,419147,2010,12,24,4.0,3.0
R Ashwin,419153,2010,15,24,4.0,3.75
R Ashwin,419155,2010,24,24,4.0,6.0
R Ashwin,419159,2010,20,24,4.0,5.0
R Ashwin,419163,2010,14,24,4.0,3.5
R Ashwin,419165,2010,22,24,4.0,5.5
R Ashwin,501198,2011,21,24,4.0,5.25
R Ashwin,501206,2011,36,24,4.0,9.0
R Ashwin,501211,2011,21,24,4.0,5.25
R Ashwin,501215,2011,31,24,4.0,7.75
R Ashwin,501221,2011,25,24,4.0,6.25
R Ashwin,501226,2011,19,24,4.0,4.75
R Ashwin,501228,2011,29,24,4.0,7.25
R Ashwin,501236,2011,23,24,4.0,5.75
R Ashwin,501240,2011,35,24,4.0,8.75
R Ashwin,501245,2011,11,18,3.0,3.67
R Ashwin,501249,2011,24,24,4.0,6.0
R Ashwin,501253,2011,19,24,4.0,4.75
R Ashwin,501261,2011,16,24,4.0,4.0
R Ashwin,501266,2011,18,24,4.0,4.5
R Ashwin,501268,2011,32,24,4.0,8.0
R Ashwin,501271,2011,16,24,4.0,4.0
R Ashwin,548306,2012,20,24,4.0,5.0
R Ashwin,548311,2012,12,18,3.0,4.0
R Ashwin,548316,2012,21,20,3.3333333333333335,6.3
R Ashwin,548318,2012,46,24,4.0,11.5
R Ashwin,548322,2012,19,24,4.0,4.75
R Ashwin,548330,2012,28,24,4.0,7.0
R Ashwin,548332,2012,19,24,4.0,4.75
R Ashwin,548343,2012,24,24,4.0,6.0
R Ashwin,548347,2012,21,22,3.6666666666666665,5.73
R Ashwin,548352,2012,18,18,3.0,6.0
R Ashwin,548355,2012,27,24,4.0,6.75
R Ashwin,548361,2012,13,12,2.0,6.5
R Ashwin,548364,2012,17,24,4.0,4.25
R Ashwin,548368,2012,26,24,4.0,6.5
R Ashwin,548371,2012,27,24,4.0,6.75
R Ashwin,548379,2012,18,18,3.0,6.0
R Ashwin,548380,2012,22,23,3.8333333333333335,5.74
R Ashwin,548381,2012,41,24,4.0,10.25
R Ashwin,598002,2013,21,24,4.0,5.25
R Ashwin,598007,2013,22,18,3.0,7.33
R Ashwin,598012,2013,27,24,4.0,6.75
R Ashwin,598015,2013,24,24,4.0,6.0
R Ashwin,598020,2013,18,24,4.0,4.5
R Ashwin,598022,2013,21,24,4.0,5.25
R Ashwin,598026,2013,20,24,4.0,5.0
R Ashwin,598030,2013,20,24,4.0,5.0
R Ashwin,598034,2013,26,18,3.0,8.67
R Ashwin,598038,2013,20,12,2.0,10.0
R Ashwin,598041,2013,33,24,4.0,8.25
R Ashwin,598046,2013,11,12,2.0,5.5
R Ashwin,598051,2013,22,24,4.0,5.5
R Ashwin,598058,2013,22,6,1.0,22.0
R Ashwin,598062,2013,18,24,4.0,4.5
R Ashwin,598068,2013,21,12,2.0,10.5
R Ashwin,598070,2013,17,12,2.0,8.5
R Ashwin,598073,2013,21,18,3.0,7.0
R Ashwin,729283,2014,37,24,4.0,9.25
R Ashwin,729293,2014,2,12,2.0,1.0
R Ashwin,729297,2014,26,23,3.8333333333333335,6.78
R Ashwin,729303,2014,20,24,4.0,5.0
R Ashwin,729311,2014,15,24,4.0,3.75
R Ashwin,733971,2014,21,24,4.0,5.25
R Ashwin,733981,2014,25,24,4.0,6.25
R Ashwin,733987,2014,36,12,2.0,18.0
R Ashwin,733995,2014,28,24,4.0,7.0
R Ashwin,734003,2014,36,24,4.0,9.0
R Ashwin,734013,2014,16,24,4.0,4.0
R Ashwin,734023,2014,24,24,4.0,6.0
R Ashwin,734029,2014,29,24,4.0,7.25
R Ashwin,734035,2014,33,24,4.0,8.25
R Ashwin,734045,2014,26,24,4.0,6.5
R Ashwin,734047,2014,40,24,4.0,10.0
R Ashwin,829707,2015,24,24,4.0,6.0
R Ashwin,829711,2015,22,24,4.0,5.5
R Ashwin,829729,2015,13,6,1.0,13.0
R Ashwin,829735,2015,21,12,2.0,10.5
R Ashwin,829745,2015,16,6,1.0,16.0
R Ashwin,829753,2015,10,24,4.0,2.5
R Ashwin,829765,2015,5,12,2.0,2.5
R Ashwin,829789,2015,16,24,4.0,4.0
R Ashwin,829801,2015,24,24,4.0,6.0
R Ashwin,829809,2015,13,24,4.0,3.25
R Ashwin,829817,2015,22,18,3.0,7.33
R Ashwin,829821,2015,13,24,4.0,3.25
R Ashwin,829823,2015,20,12,2.0,10.0
R Ashwin,980901,2016,7,6,1.0,7.0
R Ashwin,980911,2016,24,24,4.0,6.0
R Ashwin,980919,2016,27,24,4.0,6.75
R Ashwin,980931,2016,16,18,3.0,5.33
R Ashwin,980939,2016,18,12,2.0,9.0
R Ashwin,980943,2016,14,24,4.0,3.5
R Ashwin,980949,2016,36,24,4.0,9.0
R Ashwin,980957,2016,21,18,3.0,7.0
R Ashwin,980965,2016,31,24,4.0,7.75
R Ashwin,980969,2016,7,6,1.0,7.0
R Ashwin,980979,2016,14,24,4.0,3.5
R Ashwin,980989,2016,29,12,2.0,14.5
R Ashwin,980997,2016,21,24,4.0,5.25
R Ashwin,981005,2016,34,24,4.0,8.5
R Ashwin,1136562,2018,22,24,4.0,5.5
R Ashwin,1136568,2018,30,24,4.0,7.5
R Ashwin,1136572,2018,30,24,4.0,7.5
R Ashwin,1136576,2018,48,24,4.0,12.0
R Ashwin,1136578,2018,32,24,4.0,8.0
R Ashwin,1136582,2018,19,24,4.0,4.75
R Ashwin,1136585,2018,34,24,4.0,8.5
R Ashwin,1136594,2018,23,24,4.0,5.75
R Ashwin,1136598,2018,30,24,4.0,7.5
R Ashwin,1136600,2018,34,24,4.0,8.5
R Ashwin,1136604,2018,35,16,2.6666666666666665,13.12
R Ashwin,1136608,2018,9,6,1.0,9.0
R Ashwin,1136610,2018,18,18,3.0,6.0
R Ashwin,1136616,2018,35,24,4.0,8.75
R Ashwin,1175359,2019,20,24,4.0,5.0
R Ashwin,1175361,2019,46,24,4.0,11.5
R Ashwin,1175364,2019,25,24,4.0,6.25
R Ashwin,1175368,2019,28,24,4.0,7.0
R Ashwin,1178393,2019,22,24,4.0,5.5
R Ashwin,1178397,2019,30,24,4.0,7.5
R Ashwin,1178399,2019,37,24,4.0,9.25
R Ashwin,1178403,2019,29,24,4.0,7.25
R Ashwin,1178407,2019,23,24,4.0,5.75
R Ashwin,1178412,2019,24,18,3.0,8.0
R Ashwin,1178417,2019,15,24,4.0,3.75
R Ashwin,1178423,2019,29,24,4.0,7.25
R Ashwin,1178427,2019,37,24,4.0,9.25
R Ashwin,1178430,2019,23,24,4.0,5.75
R Ashwin,1216493,2020,2,6,1.0,2.0
R Ashwin,1216497,2020,45,18,3.0,15.0
R Ashwin,1216500,2020,21,24,4.0,5.25
R Ashwin,1216505,2020,18,24,4.0,4.5
R Ashwin,1216509,2020,30,18,3.0,10.0
R Ashwin,1216515,2020,25,12,2.0,12.5
R Ashwin,1216519,2020,25,24,4.0,6.25
R Ashwin,1216524,2020,35,18,3.0,11.67
R Ashwin,1216529,2020,35,24,4.0,8.75
R Ashwin,1216535,2020,18,24,4.0,4.5
R Ashwin,1216543,2020,17,24,4.0,4.25
R Ashwin,1216546,2020,26,24,4.0,6.5
R Ashwin,1237177,2020,29,24,4.0,7.25
R Ashwin,1237180,2020,31,18,3.0,10.33
R Ashwin,1237181,2020,28,24,4.0,7.0
R Ashwin,1254059,2021,47,24,4.0,11.75
R Ashwin,1254064,2021,14,18,3.0,4.67
R Ashwin,1254068,2021,28,24,4.0,7.0
R Ashwin,1254070,2021,31,24,4.0,7.75
R Ashwin,1254077,2021,26,24,4.0,6.5
R Ashwin,1254092,2021,23,24,4.0,5.75
R Ashwin,1254097,2021,19,24,4.0,4.75
R Ashwin,1254101,2021,11,6,1.0,11.0
R Ashwin,1254105,2021,19,17,2.8333333333333335,6.71
R Ashwin,1254110,2021,18,24,4.0,4.5
R Ashwin,1254112,2021,39,24,4.0,9.75
R Ashwin,1254114,2021,19,12,2.0,9.5
R Ashwin,1254116,2021,26,23,3.8333333333333335,6.78
R Ashwin,1304051,2022,21,24,4.0,5.25
R Ashwin,1304055,2022,30,24,4.0,7.5
R Ashwin,1304059,2022,31,24,4.0,7.75
R Ashwin,1304066,2022,20,24,4.0,5.0
R Ashwin,1304070,2022,32,24,4.0,8.0
R Ashwin,1304076,2022,38,24,4.0,9.5
R Ashwin,1304080,2022,30,24,4.0,7.5
R Ashwin,1304085,2022,16,24,4.0,4.0
R Ashwin,1304090,2022,21,24,4.0,5.25
R Ashwin,1304093,2022,33,24,4.0,8.25
R Ashwin,1304098,2022,31,24,4.0,7.75
R Ashwin,1304104,2022,30,24,4.0,7.5
R Ashwin,1304109,2022,23,24,4.0,5.75
R Ashwin,1304114,2022,26,24,4.0,6.5
R Ashwin,1312197,2022,37,24,4.0,9.25
R Ashwin,1312199,2022,30,24,4.0,7.5
R Ashwin,1312200,2022,32,18,3.0,10.67
R Ashwin,1359478,2023,25,24,4.0,6.25
R Ashwin,1359482,2023,24,24,4.0,6.0
R Ashwin,1359485,2023,22,24,4.0,5.5
R Ashwin,1359491,2023,23,24,4.0,5.75
R Ashwin,1359497,2023,37,24,4.0,9.25
R Ashwin,1359500,2023,22,24,4.0,5.5
R Ashwin,1359506,2023,34,24,4.0,8.5
R Ashwin,1359511,2023,35,24,4.0,8.75
R Ashwin,1359516,2023,26,24,4.0,6.5
R Ashwin,1359522,2023,8,6,1.0,8.0
R Ashwin,1359526,2023,32,24,4.0,8.0
R Ashwin,1359530,2023,32,24,4.0,8.0
R Ashwin,1359534,2023,32,24,4.0,8.0
R Ashwin,1422122,2024,30,24,4.0,7.5
R Ashwin,1422127,2024,29,18,3.0,9.67
R Ashwin,1422132,2024,26,24,4.0,6.5
R Ashwin,1422137,2024,27,24,4.0,6.75
R Ashwin,1426262,2024,40,24,4.0,10.0
R Ashwin,1426269,2024,40,24,4.0,10.0
R Ashwin,1426276,2024,30,24,4.0,7.5
R Ashwin,1426282,2024,33,24,4.0,8.25
R Ashwin,1426288,2024,35,24,4.0,8.75
R Ashwin,1426294,2024,24,24,4.0,6.0
R Ashwin,1426299,2024,34,24,4.0,8.5
R Ashwin,1426303,2024,31,24,4.0,7.75
R Ashwin,1426310,2024,17,24,4.0,4.25
R Ashwin,1426311,2024,43,24,4.0,10.75
R Ashwin,1473440,2025,31,24,4.0,7.75
R Ashwin,1473445,2025,21,12,2.0,10.5
R Ashwin,1473448,2025,45,24,4.0,11.25
R Ashwin,1473454,2025,21,18,3.0,7.0
R Ashwin,1473459,2025,47,24,4.0,11.75
R Ashwin,1473462,2025,30,18,3.0,10.0
R Ashwin,1473475,2025,25,24,4.0,6.25
R Ashwin,1473494,2025,19,18,3.0,6.33
R Ashwin,1473500,2025,41,24,4.0,10.25
R Bhatia,335984,2008,15,24,4.0,3.75
R Bhatia,335988,2008,27,24,4.0,6.75
R Bhatia,335995,2008,4,6,1.0,4.0
R Bhatia,335998,2008,14,6,1.0,14.0
R Bhatia,336001,2008,11,6,1.0,11.0
R Bhatia,336004,2008,22,12,2.0,11.0
R Bhatia,336020,2008,32,24,4.0,8.0
R Bhatia,336022,2008,8,6,1.0,8.0
R Bhatia,336026,2008,47,24,4.0,11.75
R Bhatia,392206,2009,17,18,3.0,5.67
R Bhatia,392211,2009,35,24,4.0,8.75
R Bhatia,392215,2009,14,24,4.0,3.5
R Bhatia,392219,2009,13,6,1.0,13.0
R Bhatia,392223,2009,15,16,2.6666666666666665,5.62
R Bhatia,392226,2009,21,18,3.0,7.0
R Bhatia,392235,2009,27,24,4.0,6.75
R Bhatia,419116,2010,31,12,2.0,15.5
R Bhatia,419131,2010,27,24,4.0,6.75
R Bhatia,419140,2010,24,24,4.0,6.0
R Bhatia,419144,2010,29,24,4.0,7.25
R Bhatia,419149,2010,19,12,2.0,9.5
R Bhatia,501198,2011,19,18,3.0,6.33
R Bhatia,501203,2011,29,24,4.0,7.25
R Bhatia,501209,2011,12,6,1.0,12.0
R Bhatia,501214,2011,4,6,1.0,4.0
R Bhatia,501222,2011,28,18,3.0,9.33
R Bhatia,501234,2011,17,24,4.0,4.25
R Bhatia,501239,2011,26,24,4.0,6.5
R Bhatia,501242,2011,22,18,3.0,7.33
R Bhatia,501245,2011,10,12,2.0,5.0
R Bhatia,501262,2011,6,12,2.0,3.0
R Bhatia,501267,2011,22,24,4.0,5.5
R Bhatia,501269,2011,9,6,1.0,9.0
R Bhatia,548307,2012,7,7,1.1666666666666667,6.0
R Bhatia,548312,2012,27,24,4.0,6.75
R Bhatia,548315,2012,30,24,4.0,7.5
R Bhatia,548320,2012,18,12,2.0,9.0
R Bhatia,548323,2012,14,24,4.0,3.5
R Bhatia,548328,2012,22,24,4.0,5.5
R Bhatia,548335,2012,24,24,4.0,6.0
R Bhatia,548344,2012,41,18,3.0,13.67
R Bhatia,548347,2012,21,18,3.0,7.0
R Bhatia,548353,2012,27,24,4.0,6.75
R Bhatia,548357,2012,26,24,4.0,6.5
R Bhatia,548363,2012,41,24,4.0,10.25
R Bhatia,548368,2012,33,24,4.0,8.25
R Bhatia,548375,2012,14,18,3.0,4.67
R Bhatia,548378,2012,16,12,2.0,8.0
R Bhatia,548381,2012,23,18,3.0,7.67
R Bhatia,597998,2013,22,24,4.0,5.5
R Bhatia,598005,2013,21,18,3.0,7.0
R Bhatia,598008,2013,9,6,1.0,9.0
R Bhatia,598013,2013,30,24,4.0,7.5
R Bhatia,598016,2013,30,24,4.0,7.5
R Bhatia,598022,2013,12,12,2.0,6.0
R Bhatia,598029,2013,32,23,3.8333333333333335,8.35
R Bhatia,598031,2013,17,12,2.0,8.5
R Bhatia,598034,2013,31,24,4.0,7.75
R Bhatia,598040,2013,21,12,2.0,10.5
R Bhatia,598043,2013,21,24,4.0,5.25
R Bhatia,598050,2013,22,12,2.0,11.0
R Bhatia,598053,2013,19,18,3.0,6.33
R Bhatia,598057,2013,14,12,2.0,7.0
R Bhatia,598061,2013,26,18,3.0,8.67
R Bhatia,729285,2014,22,24,4.0,5.5
R Bhatia,729291,2014,37,18,3.0,12.33
R Bhatia,729297,2014,13,24,4.0,3.25
R Bhatia,729305,2014,7,6,1.0,7.0
R Bhatia,729315,2014,28,24,4.0,7.0
R Bhatia,733975,2014,21,18,3.0,7.0
R Bhatia,733979,2014,30,18,3.0,10.0
R Bhatia,733989,2014,23,24,4.0,5.75
R Bhatia,733999,2014,13,6,1.0,13.0
R Bhatia,734003,2014,29,24,4.0,7.25
R Bhatia,734011,2014,17,18,3.0,5.67
R Bhatia,734017,2014,39,24,4.0,9.75
R Bhatia,829777,2015,23,12,2.0,11.5
R Bhatia,829797,2015,23,18,3.0,7.67
R Bhatia,980901,2016,10,24,4.0,2.5
R Bhatia,980911,2016,28,18,3.0,9.33
R Bhatia,980931,2016,22,18,3.0,7.33
R Bhatia,980939,2016,19,24,4.0,4.75
R Bhatia,980943,2016,23,18,3.0,7.67
R Bhatia,980949,2016,26,18,3.0,8.67
R Bhatia,980957,2016,20,18,3.0,6.67
R Bhatia,980965,2016,20,24,4.0,5.0
R Bhatia,980969,2016,45,24,4.0,11.25
R Bhatia,980979,2016,26,18,3.0,8.67
R Bhatia,1082592,2017,14,18,3.0,4.67
R Bhatia,1082594,2017,18,12,2.0,9.0
R Bhatia,1082599,2017,21,12,2.0,10.5
R Dhawan,598011,2013,27,24,4.0,6.75
R Dhawan,598019,2013,16,12,2.0,8.0
R Dhawan,598066,2013,24,24,4.0,6.0
R Dhawan,598072,2013,30,24,4.0,7.5
R Dhawan,598073,2013,6,6,1.0,6.0
R Dhawan,729283,2014,21,18,3.0,7.0
R Dhawan,729295,2014,22,14,2.3333333333333335,9.43
R Dhawan,729307,2014,22,24,4.0,5.5
R Dhawan,729313,2014,14,24,4.0,3.5
R Dhawan,733973,2014,23,24,4.0,5.75
R Dhawan,733987,2014,22,12,2.0,11.0
R Dhawan,733997,2014,32,24,4.0,8.0
R Dhawan,734007,2014,35,24,4.0,8.75
R Dhawan,734019,2014,42,24,4.0,10.5
R Dhawan,734025,2014,29,24,4.0,7.25
R Dhawan,734033,2014,24,24,4.0,6.0
R Dhawan,734039,2014,16,24,4.0,4.0
R Dhawan,734043,2014,44,24,4.0,11.0
R Dhawan,829717,2015,46,24,4.0,11.5
R Dhawan,829725,2015,21,18,3.0,7.0
R Dhawan,829759,2015,7,6,1.0,7.0
R Dhawan,829803,2015,18,12,2.0,9.0
R Dhawan,829809,2015,10,12,2.0,5.0
R Dhawan,980935,2016,33,24,4.0,8.25
R Dhawan,981005,2016,20,18,3.0,6.67
R Dhawan,1304084,2022,37,24,4.0,9.25
R Dhawan,1304088,2022,13,12,2.0,6.5
R Dhawan,1304094,2022,23,24,4.0,5.75
R Dhawan,1304098,2022,25,18,3.0,8.33
R Dhawan,1304106,2022,36,24,4.0,9.0
R Dhawan,1304110,2022,17,12,2.0,8.5
R Dhawan,1359476,2023,15,6,1.0,15.0
R Dhawan,1359520,2023,20,18,3.0,6.67
R Dhawan,1359527,2023,15,12,2.0,7.5
R Dhawan,1359533,2023,10,6,1.0,10.0
R Dhawan,1426307,2024,34,18,3.0,11.33
R Goyal,1359523,2023,33,24,4.0,8.25
R McLaren,419107,2010,41,24,4.0,10.25
R McLaren,419122,2010,36,24,4.0,9.0
R McLaren,419125,2010,20,24,4.0,5.0
R McLaren,419130,2010,23,18,3.0,7.67
R McLaren,419132,2010,28,18,3.0,9.33
R McLaren,419138,2010,28,24,4.0,7.0
R McLaren,419142,2010,24,18,3.0,8.0
R McLaren,419146,2010,13,12,2.0,6.5
R McLaren,419157,2010,21,24,4.0,5.25
R McLaren,419161,2010,25,18,3.0,8.33
R McLaren,501202,2011,26,18,3.0,8.67
R McLaren,501206,2011,29,24,4.0,7.25
R McLaren,501212,2011,26,18,3.0,8.67
R McLaren,501220,2011,24,12,2.0,12.0
R McLaren,501244,2011,39,24,4.0,9.75
R McLaren,501264,2011,24,12,2.0,12.0
R McLaren,598008,2013,32,18,3.0,10.67
R McLaren,598050,2013,54,24,4.0,13.5
R Ninan,501208,2011,34,18,3.0,11.33
R Ninan,501211,2011,31,18,3.0,10.33
R Parag,1178400,2019,24,18,3.0,8.0
R Parag,1178411,2019,17,12,2.0,8.5
R Parag,1178415,2019,25,18,3.0,8.33
R Parag,1178418,2019,7,6,1.0,7.0
R Parag,1178420,2019,24,18,3.0,8.0
R Parag,1178424,2019,10,6,1.0,10.0
R Parag,1178428,2019,14,6,1.0,14.0
R Parag,1216504,2020,14,6,1.0,14.0
R Parag,1216514,2020,11,6,1.0,11.0
R Parag,1254061,2021,7,6,1.0,7.0
R Parag,1254064,2021,15,12,2.0,7.5
R Parag,1254069,2021,15,6,1.0,15.0
R Parag,1254073,2021,14,6,1.0,14.0
R Parag,1254111,2021,16,6,1.0,16.0
R Parag,1304051,2022,14,6,1.0,14.0
R Parag,1304055,2022,11,6,1.0,11.0
R Parag,1304070,2022,12,6,1.0,12.0
R Parag,1304080,2022,20,6,1.0,20.0
R Parag,1422137,2024,10,6,1.0,10.0
R Parag,1426294,2024,16,12,2.0,8.0
R Parag,1473443,2025,25,24,4.0,6.25
R Parag,1473465,2025,8,6,1.0,8.0
R Parag,1473469,2025,6,6,1.0,6.0
R Parag,1473479,2025,30,18,3.0,10.0
R Parag,1473484,2025,14,6,1.0,14.0
R Parag,1473487,2025,11,12,2.0,5.5
R Parag,1473490,2025,20,18,3.0,6.67
R Parag,1473497,2025,24,18,3.0,8.0
R Parag,1473500,2025,23,12,2.0,11.5
R Parag,1527682,2026,11,6,1.0,11.0
R Parag,1529264,2026,5,6,1.0,5.0
R Parag,1529271,2026,9,6,1.0,9.0
R Parag,1529279,2026,12,6,1.0,12.0
R Powell,1304065,2022,16,6,1.0,16.0
R Powell,1359485,2023,16,12,2.0,8.0
R Rampaul,598012,2013,29,24,4.0,7.25
R Rampaul,598017,2013,37,30,5.0,7.4
R Rampaul,598023,2013,19,22,3.6666666666666665,5.18
R Rampaul,598027,2013,20,24,4.0,5.0
R Rampaul,598033,2013,35,24,4.0,8.75
R Rampaul,598036,2013,28,24,4.0,7.0
R Rampaul,598054,2013,33,24,4.0,8.25
R Rampaul,598057,2013,15,24,4.0,3.75
R Rampaul,598064,2013,27,24,4.0,6.75
R Rampaul,598068,2013,19,12,2.0,9.5
R Rampaul,729305,2014,15,24,4.0,3.75
R Rampaul,734035,2014,21,12,2.0,10.5
R Ravindra,1422136,2024,3,6,1.0,3.0
R Ravindra,1426260,2024,4,6,1.0,4.0
R Sai Kishore,1304103,2022,7,12,2.0,3.5
R Sai Kishore,1304108,2022,30,24,4.0,7.5
R Sai Kishore,1304113,2022,20,24,4.0,5.0
R Sai Kishore,1312197,2022,42,24,4.0,10.5
R Sai Kishore,1312200,2022,20,12,2.0,10.0
R Sai Kishore,1422123,2024,24,24,4.0,6.0
R Sai Kishore,1422125,2024,26,18,3.0,8.67
R Sai Kishore,1426275,2024,32,24,4.0,8.0
R Sai Kishore,1426278,2024,22,6,1.0,22.0
R Sai Kishore,1426283,2024,30,18,3.0,10.0
R Sai Kishore,1473442,2025,30,24,4.0,7.5
R Sai Kishore,1473446,2025,36,24,4.0,9.0
R Sai Kishore,1473451,2025,21,24,4.0,5.25
R Sai Kishore,1473457,2025,24,24,4.0,6.0
R Sai Kishore,1473460,2025,19,14,2.3333333333333335,8.14
R Sai Kishore,1473463,2025,35,9,1.5,23.33
R Sai Kishore,1473472,2025,8,6,1.0,8.0
R Sai Kishore,1473476,2025,17,18,3.0,5.67
R Sai Kishore,1473484,2025,16,6,1.0,16.0
R Sai Kishore,1473493,2025,33,24,4.0,8.25
R Sai Kishore,1473498,2025,47,24,4.0,11.75
R Sai Kishore,1473502,2025,34,18,3.0,11.33
R Sai Kishore,1473504,2025,23,12,2.0,11.5
R Sai Kishore,1473509,2025,42,24,4.0,10.5
R Sai Kishore,1529295,2026,8,6,1.0,8.0
R Sai Kishore,1529303,2026,38,18,3.0,12.67
R Sanjay Yadav,1304111,2022,21,12,2.0,10.5
R Sathish,419107,2010,50,18,3.0,16.67
R Sathish,419142,2010,5,6,1.0,5.0
R Sathish,419146,2010,13,12,2.0,6.5
R Sathish,419161,2010,10,12,2.0,5.0
R Sathish,501210,2011,11,6,1.0,11.0
R Sathish,501221,2011,13,6,1.0,13.0
R Sathish,501224,2011,12,12,2.0,6.0
R Sathish,501231,2011,5,7,1.1666666666666667,4.29
R Sathish,598007,2013,15,6,1.0,15.0
R Sathish,598041,2013,26,12,2.0,13.0
R Sathish,598052,2013,10,6,1.0,10.0
R Sathish,980939,2016,20,18,3.0,6.67
R Sathish,980947,2016,28,12,2.0,14.0
R Sathish,981015,2016,9,6,1.0,9.0
R Sharma,419120,2010,42,24,4.0,10.5
R Sharma,419126,2010,30,22,3.6666666666666665,8.18
R Sharma,419138,2010,24,18,3.0,8.0
R Sharma,419156,2010,17,18,3.0,5.67
R Sharma,419160,2010,28,24,4.0,7.0
R Sharma,419164,2010,24,18,3.0,8.0
R Sharma,501202,2011,12,12,2.0,6.0
R Sharma,501207,2011,18,24,4.0,4.5
R Sharma,501213,2011,29,24,4.0,7.25
R Sharma,501218,2011,14,18,3.0,4.67
R Sharma,501226,2011,27,24,4.0,6.75
R Sharma,501228,2011,26,24,4.0,6.5
R Sharma,501232,2011,27,24,4.0,6.75
R Sharma,501235,2011,13,24,4.0,3.25
R Sharma,501241,2011,7,24,4.0,1.75
R Sharma,501248,2011,17,24,4.0,4.25
R Sharma,501250,2011,24,24,4.0,6.0
R Sharma,501259,2011,24,24,4.0,6.0
R Sharma,501262,2011,29,24,4.0,7.25
R Sharma,501265,2011,4,6,1.0,4.0
R Sharma,548308,2012,15,24,4.0,3.75
R Sharma,548313,2012,34,24,4.0,8.5
R Sharma,548319,2012,17,18,3.0,5.67
R Sharma,548322,2012,16,18,3.0,5.33
R Sharma,548327,2012,35,12,2.0,17.5
R Sharma,548330,2012,28,24,4.0,7.0
R Sharma,548333,2012,20,12,2.0,10.0
R Sharma,548337,2012,33,24,4.0,8.25
R Sharma,548341,2012,39,24,4.0,9.75
R Sharma,548362,2012,30,24,4.0,7.5
R Sharma,548365,2012,31,18,3.0,10.33
R Sharma,598000,2013,21,24,4.0,5.25
R Sharma,598003,2013,20,18,3.0,6.67
R Sharma,598009,2013,16,24,4.0,4.0
R Sharma,598011,2013,27,24,4.0,6.75
R Sharma,598015,2013,24,24,4.0,6.0
R Sharma,598018,2013,21,24,4.0,5.25
R Sharma,598025,2013,28,18,3.0,9.33
R Sharma,598035,2013,23,18,3.0,7.67
R Sharma,598038,2013,27,24,4.0,6.75
R Sharma,598042,2013,36,24,4.0,9.0
R Sharma,598047,2013,37,24,4.0,9.25
R Sharma,729281,2014,33,18,3.0,11.0
R Sharma,733975,2014,32,18,3.0,10.67
R Shepherd,1304051,2022,32,24,4.0,8.0
R Shepherd,1304058,2022,39,24,4.0,9.75
R Shepherd,1304116,2022,22,6,1.0,22.0
R Shepherd,1422138,2024,53,24,4.0,13.25
R Shepherd,1426263,2024,22,12,2.0,11.0
R Shepherd,1426267,2024,33,12,2.0,16.5
R Shepherd,1426271,2024,20,12,2.0,10.0
R Shepherd,1426305,2024,26,12,2.0,13.0
R Shepherd,1473474,2025,17,12,2.0,8.5
R Shepherd,1473479,2025,15,6,1.0,15.0
R Shepherd,1473489,2025,18,6,1.0,18.0
R Shepherd,1473503,2025,12,12,2.0,6.0
R Shepherd,1473507,2025,49,24,4.0,12.25
R Shepherd,1473508,2025,5,6,1.0,5.0
R Shepherd,1473511,2025,29,18,3.0,9.67
R Shepherd,1527674,2026,53,24,4.0,13.25
R Shepherd,1527684,2026,19,6,1.0,19.0
R Shepherd,1527689,2026,18,12,2.0,9.0
R Shepherd,1527693,2026,25,7,1.1666666666666667,21.43
R Shepherd,1529277,2026,17,6,1.0,17.0
R Shepherd,1529282,2026,21,12,2.0,10.5
R Shepherd,1529285,2026,28,24,4.0,7.0
R Shepherd,1529293,2026,16,6,1.0,16.0
R Shepherd,1529297,2026,18,18,3.0,6.0
R Shepherd,1529304,2026,8,6,1.0,8.0
R Shepherd,1529310,2026,35,18,3.0,11.67
R Shepherd,1535462,2026,15,6,1.0,15.0
R Shukla,548342,2012,30,18,3.0,10.0
R Shukla,598001,2013,24,18,3.0,8.0
R Shukla,598005,2013,26,18,3.0,8.67
R Shukla,598026,2013,24,12,2.0,12.0
R Shukla,733993,2014,13,6,1.0,13.0
R Shukla,734005,2014,38,24,4.0,9.5
R Shukla,734011,2014,42,24,4.0,10.5
R Tewatia,733979,2014,18,12,2.0,9.0
R Tewatia,733999,2014,17,18,3.0,5.67
R Tewatia,734033,2014,23,24,4.0,5.75
R Tewatia,829741,2015,31,18,3.0,10.33
R Tewatia,1082639,2017,17,24,4.0,4.25
R Tewatia,1082641,2017,17,12,2.0,8.5
R Tewatia,1082645,2017,14,18,3.0,4.67
R Tewatia,1136562,2018,24,24,4.0,6.0
R Tewatia,1136566,2018,28,24,4.0,7.0
R Tewatia,1136569,2018,35,24,4.0,8.75
R Tewatia,1136573,2018,18,18,3.0,6.0
R Tewatia,1136579,2018,26,18,3.0,8.67
R Tewatia,1136582,2018,6,6,1.0,6.0
R Tewatia,1136586,2018,11,6,1.0,11.0
R Tewatia,1136590,2018,23,12,2.0,11.5
R Tewatia,1175358,2019,12,8,1.3333333333333333,9.0
R Tewatia,1175360,2019,20,12,2.0,10.0
R Tewatia,1175371,2019,9,18,3.0,3.0
R Tewatia,1216496,2020,37,24,4.0,9.25
R Tewatia,1216500,2020,19,24,4.0,4.75
R Tewatia,1216504,2020,6,6,1.0,6.0
R Tewatia,1216507,2020,34,24,4.0,8.5
R Tewatia,1216511,2020,13,12,2.0,6.5
R Tewatia,1216514,2020,28,24,4.0,7.0
R Tewatia,1216518,2020,25,24,4.0,6.25
R Tewatia,1216522,2020,23,24,4.0,5.75
R Tewatia,1216527,2020,19,6,1.0,19.0
R Tewatia,1216530,2020,24,24,4.0,6.0
R Tewatia,1216533,2020,17,24,4.0,4.25
R Tewatia,1216537,2020,22,18,3.0,7.33
R Tewatia,1216541,2020,25,24,4.0,6.25
R Tewatia,1216543,2020,23,18,3.0,7.67
R Tewatia,1254061,2021,25,12,2.0,12.5
R Tewatia,1254064,2021,27,18,3.0,9.0
R Tewatia,1254069,2021,21,18,3.0,7.0
R Tewatia,1254073,2021,23,12,2.0,11.5
R Tewatia,1254075,2021,24,18,3.0,8.0
R Tewatia,1254081,2021,29,18,3.0,9.67
R Tewatia,1254085,2021,45,24,4.0,11.25
R Tewatia,1254089,2021,37,24,4.0,9.25
R Tewatia,1254097,2021,17,18,3.0,5.67
R Tewatia,1254100,2021,30,18,3.0,10.0
R Tewatia,1254103,2021,23,18,3.0,7.67
R Tewatia,1254106,2021,10,6,1.0,10.0
R Tewatia,1254111,2021,22,18,3.0,7.33
R Tewatia,1304056,2022,22,12,2.0,11.0
R Tewatia,1304062,2022,24,6,1.0,24.0
R Tewatia,1304067,2022,10,6,1.0,10.0
R Tewatia,1304070,2022,9,6,1.0,9.0
R Tewatia,1304097,2022,11,6,1.0,11.0
R Tewatia,1359504,2023,7,6,1.0,7.0
R Tewatia,1359536,2023,7,7,1.1666666666666667,6.0
R Vinay Kumar,335985,2008,41,24,4.0,10.25
R Vinay Kumar,335992,2008,14,12,2.0,7.0
R Vinay Kumar,335998,2008,25,12,2.0,12.5
R Vinay Kumar,336002,2008,22,24,4.0,5.5
R Vinay Kumar,336010,2008,15,18,3.0,5.0
R Vinay Kumar,336012,2008,25,18,3.0,8.33
R Vinay Kumar,336016,2008,11,12,2.0,5.5
R Vinay Kumar,336029,2008,22,18,3.0,7.33
R Vinay Kumar,392182,2009,24,18,3.0,8.0
R Vinay Kumar,392185,2009,12,6,1.0,12.0
R Vinay Kumar,392191,2009,4,6,1.0,4.0
R Vinay Kumar,392194,2009,28,20,3.3333333333333335,8.4
R Vinay Kumar,392208,2009,32,24,4.0,8.0
R Vinay Kumar,392213,2009,8,6,1.0,8.0
R Vinay Kumar,392218,2009,29,24,4.0,7.25
R Vinay Kumar,392221,2009,33,24,4.0,8.25
R Vinay Kumar,392224,2009,29,18,3.0,9.67
R Vinay Kumar,392238,2009,38,24,4.0,9.5
R Vinay Kumar,392239,2009,29,24,4.0,7.25
R Vinay Kumar,419112,2010,18,12,2.0,9.0
R Vinay Kumar,419115,2010,25,24,4.0,6.25
R Vinay Kumar,419119,2010,25,24,4.0,6.25
R Vinay Kumar,419123,2010,39,24,4.0,9.75
R Vinay Kumar,419128,2010,28,24,4.0,7.0
R Vinay Kumar,419133,2010,21,17,2.8333333333333335,7.41
R Vinay Kumar,419136,2010,24,18,3.0,8.0
R Vinay Kumar,419140,2010,35,24,4.0,8.75
R Vinay Kumar,419145,2010,39,20,3.3333333333333335,11.7
R Vinay Kumar,419148,2010,22,18,3.0,7.33
R Vinay Kumar,419151,2010,19,18,3.0,6.33
R Vinay Kumar,419154,2010,36,24,4.0,9.0
R Vinay Kumar,419157,2010,26,18,3.0,8.67
R Vinay Kumar,419162,2010,24,12,2.0,12.0
R Vinay Kumar,501200,2011,25,22,3.6666666666666665,6.82
R Vinay Kumar,501207,2011,12,18,3.0,4.0
R Vinay Kumar,501210,2011,45,24,4.0,11.25
R Vinay Kumar,501215,2011,16,18,3.0,5.33
R Vinay Kumar,501219,2011,21,24,4.0,5.25
R Vinay Kumar,501225,2011,27,18,3.0,9.0
R Vinay Kumar,501229,2011,25,24,4.0,6.25
R Vinay Kumar,501233,2011,41,24,4.0,10.25
R Vinay Kumar,501238,2011,24,24,4.0,6.0
R Vinay Kumar,501242,2011,28,24,4.0,7.0
R Vinay Kumar,501247,2011,18,18,3.0,6.0
R Vinay Kumar,501254,2011,27,18,3.0,9.0
R Vinay Kumar,501261,2011,16,12,2.0,8.0
R Vinay Kumar,548310,2012,25,24,4.0,6.25
R Vinay Kumar,548315,2012,18,24,4.0,4.5
R Vinay Kumar,548318,2012,45,24,4.0,11.25
R Vinay Kumar,548324,2012,51,24,4.0,12.75
R Vinay Kumar,548327,2012,33,24,4.0,8.25
R Vinay Kumar,548331,2012,40,24,4.0,10.0
R Vinay Kumar,548336,2012,37,24,4.0,9.25
R Vinay Kumar,548344,2012,30,24,4.0,7.5
R Vinay Kumar,548350,2012,32,23,3.8333333333333335,8.35
R Vinay Kumar,548360,2012,33,24,4.0,8.25
R Vinay Kumar,548362,2012,32,24,4.0,8.0
R Vinay Kumar,548367,2012,34,24,4.0,8.5
R Vinay Kumar,548372,2012,34,24,4.0,8.5
R Vinay Kumar,548376,2012,20,24,4.0,5.0
R Vinay Kumar,597999,2013,27,24,4.0,6.75
R Vinay Kumar,598004,2013,45,30,5.0,9.0
R Vinay Kumar,598008,2013,36,24,4.0,9.0
R Vinay Kumar,598012,2013,35,24,4.0,8.75
R Vinay Kumar,598017,2013,21,24,4.0,5.25
R Vinay Kumar,598023,2013,18,24,4.0,4.5
R Vinay Kumar,598027,2013,24,24,4.0,6.0
R Vinay Kumar,598033,2013,37,24,4.0,9.25
R Vinay Kumar,598036,2013,39,23,3.8333333333333335,10.17
R Vinay Kumar,598042,2013,30,24,4.0,7.5
R Vinay Kumar,598045,2013,34,24,4.0,8.5
R Vinay Kumar,598048,2013,40,24,4.0,10.0
R Vinay Kumar,598054,2013,42,24,4.0,10.5
R Vinay Kumar,598057,2013,16,20,3.3333333333333335,4.8
R Vinay Kumar,598064,2013,46,24,4.0,11.5
R Vinay Kumar,598068,2013,10,6,1.0,10.0
R Vinay Kumar,729279,2014,15,12,2.0,7.5
R Vinay Kumar,729289,2014,35,24,4.0,8.75
R Vinay Kumar,729299,2014,25,24,4.0,6.25
R Vinay Kumar,729315,2014,30,24,4.0,7.5
R Vinay Kumar,733971,2014,26,18,3.0,8.67
R Vinay Kumar,733979,2014,42,24,4.0,10.5
R Vinay Kumar,733985,2014,31,18,3.0,10.33
R Vinay Kumar,734027,2014,44,24,4.0,11.0
R Vinay Kumar,734037,2014,31,24,4.0,7.75
R Vinay Kumar,829705,2015,21,21,3.5,6.0
R Vinay Kumar,829717,2015,46,24,4.0,11.5
R Vinay Kumar,829721,2015,13,18,3.0,4.33
R Vinay Kumar,829729,2015,18,12,2.0,9.0
R Vinay Kumar,829751,2015,30,24,4.0,7.5
R Vinay Kumar,829769,2015,37,24,4.0,9.25
R Vinay Kumar,829775,2015,17,18,3.0,5.67
R Vinay Kumar,829783,2015,31,18,3.0,10.33
R Vinay Kumar,829789,2015,33,18,3.0,11.0
R Vinay Kumar,829805,2015,33,24,4.0,8.25
R Vinay Kumar,829815,2015,21,18,3.0,7.0
R Vinay Kumar,829817,2015,24,18,3.0,8.0
R Vinay Kumar,829823,2015,38,24,4.0,9.5
R Vinay Kumar,980901,2016,11,12,2.0,5.5
R Vinay Kumar,980993,2016,33,24,4.0,8.25
R Vinay Kumar,981007,2016,17,18,3.0,5.67
R Vinay Kumar,1082644,2017,28,18,3.0,9.33
R Vinay Kumar,1136563,2018,30,12,2.0,15.0
R Vinay Kumar,1136565,2018,27,11,1.8333333333333335,14.73
RA Bawa,1529297,2026,32,18,3.0,10.67
RA Bawa,1529301,2026,9,6,1.0,9.0
RA Jadeja,336023,2008,21,12,2.0,10.5
RA Jadeja,392190,2009,7,6,1.0,7.0
RA Jadeja,392198,2009,17,12,2.0,8.5
RA Jadeja,392205,2009,19,24,4.0,4.75
RA Jadeja,392210,2009,6,6,1.0,6.0
RA Jadeja,392213,2009,15,24,4.0,3.75
RA Jadeja,392217,2009,14,14,2.3333333333333335,6.0
RA Jadeja,392220,2009,26,24,4.0,6.5
RA Jadeja,392225,2009,16,6,1.0,16.0
RA Jadeja,392230,2009,13,12,2.0,6.5
RA Jadeja,392233,2009,13,12,2.0,6.5
RA Jadeja,501200,2011,27,24,4.0,6.75
RA Jadeja,501207,2011,27,24,4.0,6.75
RA Jadeja,501210,2011,28,24,4.0,7.0
RA Jadeja,501215,2011,14,6,1.0,14.0
RA Jadeja,501219,2011,24,24,4.0,6.0
RA Jadeja,501225,2011,24,18,3.0,8.0
RA Jadeja,501229,2011,25,18,3.0,8.33
RA Jadeja,501233,2011,24,24,4.0,6.0
RA Jadeja,501238,2011,14,12,2.0,7.0
RA Jadeja,501242,2011,7,6,1.0,7.0
RA Jadeja,501247,2011,24,24,4.0,6.0
RA Jadeja,501254,2011,27,18,3.0,9.0
RA Jadeja,501258,2011,4,6,1.0,4.0
RA Jadeja,501261,2011,25,24,4.0,6.25
RA Jadeja,548306,2012,16,6,1.0,16.0
RA Jadeja,548311,2012,16,24,4.0,4.0
RA Jadeja,548316,2012,19,12,2.0,9.5
RA Jadeja,548318,2012,16,12,2.0,8.0
RA Jadeja,548330,2012,20,24,4.0,5.0
RA Jadeja,548332,2012,22,18,3.0,7.33
RA Jadeja,548343,2012,15,6,1.0,15.0
RA Jadeja,548347,2012,12,12,2.0,6.0
RA Jadeja,548352,2012,25,18,3.0,8.33
RA Jadeja,548355,2012,12,12,2.0,6.0
RA Jadeja,548361,2012,21,24,4.0,5.25
RA Jadeja,548364,2012,11,6,1.0,11.0
RA Jadeja,548368,2012,39,24,4.0,9.75
RA Jadeja,548379,2012,15,12,2.0,7.5
RA Jadeja,598002,2013,12,12,2.0,6.0
RA Jadeja,598007,2013,29,24,4.0,7.25
RA Jadeja,598012,2013,20,12,2.0,10.0
RA Jadeja,598015,2013,27,24,4.0,6.75
RA Jadeja,598020,2013,21,24,4.0,5.25
RA Jadeja,598022,2013,20,24,4.0,5.0
RA Jadeja,598026,2013,43,18,3.0,14.33
RA Jadeja,598030,2013,8,6,1.0,8.0
RA Jadeja,598034,2013,13,12,2.0,6.5
RA Jadeja,598038,2013,24,24,4.0,6.0
RA Jadeja,598046,2013,29,24,4.0,7.25
RA Jadeja,598051,2013,14,12,2.0,7.0
RA Jadeja,598058,2013,9,7,1.1666666666666667,7.71
RA Jadeja,598070,2013,31,24,4.0,7.75
RA Jadeja,598073,2013,19,12,2.0,9.5
RA Jadeja,729283,2014,43,24,4.0,10.75
RA Jadeja,729293,2014,18,16,2.6666666666666665,6.75
RA Jadeja,729297,2014,33,24,4.0,8.25
RA Jadeja,729303,2014,14,6,1.0,14.0
RA Jadeja,729311,2014,23,18,3.0,7.67
RA Jadeja,733971,2014,12,24,4.0,3.0
RA Jadeja,733981,2014,23,24,4.0,5.75
RA Jadeja,733987,2014,37,18,3.0,12.33
RA Jadeja,733995,2014,33,24,4.0,8.25
RA Jadeja,734003,2014,18,24,4.0,4.5
RA Jadeja,734013,2014,30,24,4.0,7.5
RA Jadeja,734023,2014,23,18,3.0,7.67
RA Jadeja,734029,2014,39,22,3.6666666666666665,10.64
RA Jadeja,734035,2014,12,12,2.0,6.0
RA Jadeja,734045,2014,31,24,4.0,7.75
RA Jadeja,734047,2014,47,24,4.0,11.75
RA Jadeja,829711,2015,17,6,1.0,17.0
RA Jadeja,829723,2015,25,12,2.0,12.5
RA Jadeja,829729,2015,47,24,4.0,11.75
RA Jadeja,829735,2015,29,24,4.0,7.25
RA Jadeja,829745,2015,37,24,4.0,9.25
RA Jadeja,829753,2015,22,24,4.0,5.5
RA Jadeja,829765,2015,11,18,3.0,3.67
RA Jadeja,829779,2015,11,12,2.0,5.5
RA Jadeja,829789,2015,27,24,4.0,6.75
RA Jadeja,829797,2015,11,24,4.0,2.75
RA Jadeja,829801,2015,16,16,2.6666666666666665,6.0
RA Jadeja,829809,2015,18,18,3.0,6.0
RA Jadeja,829817,2015,18,12,2.0,9.0
RA Jadeja,829821,2015,13,6,1.0,13.0
RA Jadeja,829823,2015,26,12,2.0,13.0
RA Jadeja,980905,2016,29,24,4.0,7.25
RA Jadeja,980911,2016,18,24,4.0,4.5
RA Jadeja,980929,2016,20,17,2.8333333333333335,7.06
RA Jadeja,980937,2016,17,18,3.0,5.67
RA Jadeja,980945,2016,14,6,1.0,14.0
RA Jadeja,980949,2016,35,24,4.0,8.75
RA Jadeja,980955,2016,26,18,3.0,8.67
RA Jadeja,980961,2016,20,14,2.3333333333333335,8.57
RA Jadeja,980967,2016,14,12,2.0,7.0
RA Jadeja,980975,2016,25,18,3.0,8.33
RA Jadeja,980987,2016,34,24,4.0,8.5
RA Jadeja,981001,2016,17,12,2.0,8.5
RA Jadeja,981007,2016,15,6,1.0,15.0
RA Jadeja,981013,2016,21,24,4.0,5.25
RA Jadeja,1082603,2017,40,24,4.0,10.0
RA Jadeja,1082606,2017,34,24,4.0,8.5
RA Jadeja,1082610,2017,57,24,4.0,14.25
RA Jadeja,1082613,2017,31,24,4.0,7.75
RA Jadeja,1082616,2017,32,24,4.0,8.0
RA Jadeja,1082621,2017,28,24,4.0,7.0
RA Jadeja,1082625,2017,11,6,1.0,11.0
RA Jadeja,1082629,2017,19,12,2.0,9.5
RA Jadeja,1082632,2017,28,12,2.0,14.0
RA Jadeja,1082637,2017,18,12,2.0,9.0
RA Jadeja,1082640,2017,31,24,4.0,7.75
RA Jadeja,1082643,2017,19,18,3.0,6.33
RA Jadeja,1136561,2018,9,6,1.0,9.0
RA Jadeja,1136565,2018,19,12,2.0,9.5
RA Jadeja,1136577,2018,6,6,1.0,6.0
RA Jadeja,1136580,2018,27,24,4.0,6.75
RA Jadeja,1136584,2018,22,12,2.0,11.0
RA Jadeja,1136590,2018,30,24,4.0,7.5
RA Jadeja,1136593,2018,33,24,4.0,8.25
RA Jadeja,1136595,2018,18,24,4.0,4.5
RA Jadeja,1136603,2018,28,24,4.0,7.0
RA Jadeja,1136606,2018,24,12,2.0,12.0
RA Jadeja,1136612,2018,19,24,4.0,4.75
RA Jadeja,1136616,2018,23,18,3.0,7.67
RA Jadeja,1136617,2018,13,24,4.0,3.25
RA Jadeja,1136620,2018,24,12,2.0,12.0
RA Jadeja,1175356,2019,15,24,4.0,3.75
RA Jadeja,1175360,2019,23,24,4.0,5.75
RA Jadeja,1175367,2019,23,12,2.0,11.5
RA Jadeja,1175370,2019,10,12,2.0,5.0
RA Jadeja,1178393,2019,24,24,4.0,6.0
RA Jadeja,1178398,2019,16,24,4.0,4.0
RA Jadeja,1178400,2019,20,24,4.0,5.0
RA Jadeja,1178404,2019,48,24,4.0,12.0
RA Jadeja,1178408,2019,22,24,4.0,5.5
RA Jadeja,1178414,2019,29,24,4.0,7.25
RA Jadeja,1178416,2019,33,24,4.0,8.25
RA Jadeja,1178425,2019,9,18,3.0,3.0
RA Jadeja,1178430,2019,16,12,2.0,8.0
RA Jadeja,1181764,2019,18,24,4.0,4.5
RA Jadeja,1181767,2019,23,18,3.0,7.67
RA Jadeja,1181768,2019,12,12,2.0,6.0
RA Jadeja,1216492,2020,42,24,4.0,10.5
RA Jadeja,1216496,2020,38,24,4.0,9.5
RA Jadeja,1216506,2020,17,18,3.0,5.67
RA Jadeja,1216509,2020,34,11,1.8333333333333335,18.55
RA Jadeja,1216513,2020,30,24,4.0,7.5
RA Jadeja,1216516,2020,16,12,2.0,8.0
RA Jadeja,1216521,2020,15,6,1.0,15.0
RA Jadeja,1216525,2020,7,12,2.0,3.5
RA Jadeja,1216528,2020,21,18,3.0,7.0
RA Jadeja,1216533,2020,11,9,1.5,7.33
RA Jadeja,1216536,2020,20,18,3.0,6.67
RA Jadeja,1216539,2020,44,24,4.0,11.0
RA Jadeja,1216544,2020,20,18,3.0,6.67
RA Jadeja,1254059,2021,16,12,2.0,8.0
RA Jadeja,1254065,2021,18,24,4.0,4.5
RA Jadeja,1254069,2021,21,24,4.0,5.25
RA Jadeja,1254072,2021,32,24,4.0,8.0
RA Jadeja,1254076,2021,13,24,4.0,3.25
RA Jadeja,1254080,2021,22,18,3.0,7.33
RA Jadeja,1254084,2021,29,18,3.0,9.67
RA Jadeja,1254089,2021,9,6,1.0,9.0
RA Jadeja,1254091,2021,14,18,3.0,4.67
RA Jadeja,1254094,2021,9,6,1.0,9.0
RA Jadeja,1254098,2021,21,24,4.0,5.25
RA Jadeja,1254104,2021,13,6,1.0,13.0
RA Jadeja,1254110,2021,27,24,4.0,6.75
RA Jadeja,1254113,2021,31,24,4.0,7.75
RA Jadeja,1254114,2021,23,18,3.0,7.67
RA Jadeja,1254117,2021,36,24,4.0,9.0
RA Jadeja,1304047,2022,25,24,4.0,6.25
RA Jadeja,1304053,2022,21,12,2.0,10.5
RA Jadeja,1304057,2022,31,24,4.0,7.75
RA Jadeja,1304063,2022,21,18,3.0,7.0
RA Jadeja,1304068,2022,39,24,4.0,9.75
RA Jadeja,1304075,2022,25,18,3.0,8.33
RA Jadeja,1304079,2022,30,24,4.0,7.5
RA Jadeja,1304084,2022,16,12,2.0,8.0
RA Jadeja,1304092,2022,15,18,3.0,5.0
RA Jadeja,1304095,2022,20,24,4.0,5.0
RA Jadeja,1359475,2023,28,24,4.0,7.0
RA Jadeja,1359480,2023,14,6,1.0,14.0
RA Jadeja,1359486,2023,20,24,4.0,5.0
RA Jadeja,1359491,2023,14,24,4.0,3.5
RA Jadeja,1359498,2023,37,24,4.0,9.25
RA Jadeja,1359503,2023,22,24,4.0,5.5
RA Jadeja,1359507,2023,34,18,3.0,11.33
RA Jadeja,1359511,2023,31,24,4.0,7.75
RA Jadeja,1359515,2023,32,24,4.0,8.0
RA Jadeja,1359519,2023,11,18,3.0,3.67
RA Jadeja,1359523,2023,35,24,4.0,8.75
RA Jadeja,1359529,2023,19,24,4.0,4.75
RA Jadeja,1359535,2023,18,12,2.0,9.0
RA Jadeja,1359541,2023,49,24,4.0,12.25
RA Jadeja,1370350,2023,18,24,4.0,4.5
RA Jadeja,1370353,2023,38,24,4.0,9.5
RA Jadeja,1422119,2024,21,24,4.0,5.25
RA Jadeja,1422125,2024,15,12,2.0,7.5
RA Jadeja,1422131,2024,43,24,4.0,10.75
RA Jadeja,1422136,2024,30,24,4.0,7.5
RA Jadeja,1426260,2024,17,24,4.0,4.25
RA Jadeja,1426267,2024,37,24,4.0,9.25
RA Jadeja,1426272,2024,31,18,3.0,10.33
RA Jadeja,1426277,2024,14,12,2.0,7.0
RA Jadeja,1426284,2024,22,24,4.0,5.5
RA Jadeja,1426287,2024,22,18,3.0,7.33
RA Jadeja,1426291,2024,20,24,4.0,5.0
RA Jadeja,1426297,2024,29,12,2.0,14.5
RA Jadeja,1426299,2024,24,24,4.0,6.0
RA Jadeja,1426306,2024,40,18,3.0,13.33
RA Jadeja,1473440,2025,21,18,3.0,7.0
RA Jadeja,1473445,2025,36,18,3.0,12.0
RA Jadeja,1473448,2025,10,12,2.0,5.0
RA Jadeja,1473454,2025,18,12,2.0,9.0
RA Jadeja,1473459,2025,16,18,3.0,5.33
RA Jadeja,1473467,2025,24,18,3.0,8.0
RA Jadeja,1473475,2025,28,18,3.0,9.33
RA Jadeja,1473480,2025,22,22,3.6666666666666665,6.0
RA Jadeja,1473486,2025,32,18,3.0,10.67
RA Jadeja,1473489,2025,25,18,3.0,8.33
RA Jadeja,1473494,2025,34,24,4.0,8.5
RA Jadeja,1473500,2025,27,12,2.0,13.5
RA Jadeja,1473504,2025,17,18,3.0,5.67
RA Jadeja,1527676,2026,18,18,3.0,6.0
RA Jadeja,1527682,2026,25,12,2.0,12.5
RA Jadeja,1527689,2026,14,12,2.0,7.0
RA Jadeja,1529271,2026,8,18,3.0,2.67
RA Jadeja,1529275,2026,28,24,4.0,7.0
RA Jadeja,1529279,2026,10,6,1.0,10.0
RA Jadeja,1529283,2026,32,24,4.0,8.0
RA Jadeja,1529286,2026,33,18,3.0,11.0
RA Jadeja,1529295,2026,34,24,4.0,8.5
RA Jadeja,1529312,2026,24,12,2.0,12.0
RA Jadeja,1535463,2026,19,18,3.0,6.33
RA Jadeja,1535464,2026,28,12,2.0,14.0
RA Shaikh,392235,2009,11,6,1.0,11.0
RA Tripathi,1082620,2017,12,6,1.0,12.0
RD Chahar,1082594,2017,28,24,4.0,7.0
RD Chahar,1082603,2017,26,18,3.0,8.67
RD Chahar,1175370,2019,10,12,2.0,5.0
RD Chahar,1178394,2019,20,24,4.0,5.0
RD Chahar,1178399,2019,27,24,4.0,6.75
RD Chahar,1178402,2019,34,24,4.0,8.5
RD Chahar,1178406,2019,31,24,4.0,7.75
RD Chahar,1178409,2019,17,24,4.0,4.25
RD Chahar,1178411,2019,29,24,4.0,7.25
RD Chahar,1178419,2019,21,24,4.0,5.25
RD Chahar,1178422,2019,53,24,4.0,13.25
RD Chahar,1178426,2019,21,24,4.0,5.25
RD Chahar,1178431,2019,12,6,1.0,12.0
RD Chahar,1181764,2019,14,24,4.0,3.5
RD Chahar,1181768,2019,14,24,4.0,3.5
RD Chahar,1216492,2020,36,24,4.0,9.0
RD Chahar,1216495,2020,36,24,4.0,9.0
RD Chahar,1216499,2020,42,24,4.0,10.5
RD Chahar,1216503,2020,25,24,4.0,6.25
RD Chahar,1216508,2020,26,24,4.0,6.5
RD Chahar,1216511,2020,23,18,3.0,7.67
RD Chahar,1216517,2020,33,24,4.0,8.25
RD Chahar,1216521,2020,22,24,4.0,5.5
RD Chahar,1216526,2020,18,24,4.0,4.5
RD Chahar,1216529,2020,27,24,4.0,6.75
RD Chahar,1216535,2020,24,24,4.0,6.0
RD Chahar,1216538,2020,16,6,1.0,16.0
RD Chahar,1216541,2020,35,18,3.0,11.67
RD Chahar,1216547,2020,30,24,4.0,7.5
RD Chahar,1237177,2020,35,12,2.0,17.5
RD Chahar,1254058,2021,43,24,4.0,10.75
RD Chahar,1254062,2021,27,24,4.0,6.75
RD Chahar,1254066,2021,18,24,4.0,4.5
RD Chahar,1254070,2021,28,24,4.0,7.0
RD Chahar,1254074,2021,19,24,4.0,4.75
RD Chahar,1254081,2021,33,24,4.0,8.25
RD Chahar,1254084,2021,31,24,4.0,7.75
RD Chahar,1254096,2021,34,18,3.0,11.33
RD Chahar,1254099,2021,27,24,4.0,6.75
RD Chahar,1254104,2021,22,24,4.0,5.5
RD Chahar,1254108,2021,33,24,4.0,8.25
RD Chahar,1304049,2022,21,24,4.0,5.25
RD Chahar,1304054,2022,12,24,4.0,3.0
RD Chahar,1304057,2022,25,24,4.0,6.25
RD Chahar,1304062,2022,39,24,4.0,9.75
RD Chahar,1304069,2022,44,24,4.0,11.0
RD Chahar,1304074,2022,23,24,4.0,5.75
RD Chahar,1304078,2022,21,15,2.5,8.4
RD Chahar,1304084,2022,29,18,3.0,9.67
RD Chahar,1304088,2022,30,24,4.0,7.5
RD Chahar,1304094,2022,11,9,1.5,7.33
RD Chahar,1304098,2022,36,22,3.6666666666666665,9.82
RD Chahar,1304106,2022,34,24,4.0,8.5
RD Chahar,1304110,2022,19,24,4.0,4.75
RD Chahar,1359476,2023,12,12,2.0,6.0
RD Chahar,1359482,2023,31,24,4.0,7.75
RD Chahar,1359488,2023,28,18,3.0,9.33
RD Chahar,1359492,2023,24,18,3.0,8.0
RD Chahar,1359495,2023,27,18,3.0,9.0
RD Chahar,1359501,2023,24,24,4.0,6.0
RD Chahar,1359505,2023,42,24,4.0,10.5
RD Chahar,1359512,2023,29,24,4.0,7.25
RD Chahar,1359515,2023,35,24,4.0,8.75
RD Chahar,1359520,2023,30,18,3.0,10.0
RD Chahar,1359527,2023,22,24,4.0,5.5
RD Chahar,1359533,2023,15,24,4.0,3.75
RD Chahar,1359538,2023,35,24,4.0,8.75
RD Chahar,1359540,2023,28,22,3.6666666666666665,7.64
RD Chahar,1422120,2024,33,24,4.0,8.25
RD Chahar,1422124,2024,16,6,1.0,16.0
RD Chahar,1422129,2024,42,18,3.0,14.0
RD Chahar,1426280,2024,33,24,4.0,8.25
RD Chahar,1426287,2024,16,24,4.0,4.0
RD Chahar,1426291,2024,22,24,4.0,5.5
RD Chahar,1426296,2024,42,18,3.0,14.0
RD Chahar,1426303,2024,26,24,4.0,6.5
RD Chahar,1426307,2024,42,24,4.0,10.5
RD Chahar,1473470,2025,9,6,1.0,9.0
RD Chahar,1527680,2026,45,24,4.0,11.25
RE van der Merwe,392199,2009,28,24,4.0,7.0
RE van der Merwe,392204,2009,21,18,3.0,7.0
RE van der Merwe,392208,2009,27,18,3.0,9.0
RE van der Merwe,392213,2009,11,6,1.0,11.0
RE van der Merwe,392218,2009,17,18,3.0,5.67
RE van der Merwe,392224,2009,29,24,4.0,7.25
RE van der Merwe,392232,2009,31,24,4.0,7.75
RE van der Merwe,392236,2009,30,24,4.0,7.5
RE van der Merwe,392238,2009,21,24,4.0,5.25
RE van der Merwe,392239,2009,28,24,4.0,7.0
RE van der Merwe,419109,2010,24,24,4.0,6.0
RE van der Merwe,501201,2011,16,24,4.0,4.0
RE van der Merwe,501204,2011,41,24,4.0,10.25
RE van der Merwe,501233,2011,20,23,3.8333333333333335,5.22
RE van der Merwe,501238,2011,13,18,3.0,4.33
RE van der Merwe,548307,2012,27,18,3.0,9.0
RE van der Merwe,548316,2012,15,24,4.0,3.75
RE van der Merwe,548364,2012,17,18,3.0,5.67
RE van der Merwe,598024,2013,35,24,4.0,8.75
RE van der Merwe,598059,2013,17,24,4.0,4.25
RE van der Merwe,598062,2013,18,18,3.0,6.0
RG More,829723,2015,30,23,3.8333333333333335,7.83
RG More,829773,2015,27,12,2.0,13.5
RG Sharma,336031,2008,24,24,4.0,6.0
RG Sharma,392192,2009,8,6,1.0,8.0
RG Sharma,392196,2009,18,18,3.0,6.0
RG Sharma,392201,2009,10,6,1.0,10.0
RG Sharma,392205,2009,13,12,2.0,6.5
RG Sharma,392209,2009,8,6,1.0,8.0
RG Sharma,392212,2009,6,12,2.0,3.0
RG Sharma,392216,2009,12,12,2.0,6.0
RG Sharma,392220,2009,12,18,3.0,4.0
RG Sharma,392228,2009,15,12,2.0,7.5
RG Sharma,392229,2009,23,12,2.0,11.5
RG Sharma,392237,2009,25,18,3.0,8.33
RG Sharma,392239,2009,9,6,1.0,9.0
RG Sharma,419110,2010,27,24,4.0,6.75
RG Sharma,419117,2010,19,18,3.0,6.33
RG Sharma,419120,2010,7,6,1.0,7.0
RG Sharma,419126,2010,17,12,2.0,8.5
RG Sharma,419130,2010,14,6,1.0,14.0
RG Sharma,419135,2010,15,12,2.0,7.5
RG Sharma,419138,2010,23,18,3.0,7.67
RG Sharma,419147,2010,17,12,2.0,8.5
RG Sharma,419156,2010,8,6,1.0,8.0
RG Sharma,501221,2011,15,6,1.0,15.0
RG Sharma,501251,2011,19,12,2.0,9.5
RG Sharma,501270,2011,14,6,1.0,14.0
RG Sharma,548360,2012,16,6,1.0,16.0
RG Sharma,598039,2013,4,6,1.0,4.0
RG Sharma,729309,2014,20,12,2.0,10.0
RG Sharma,733983,2014,6,6,1.0,6.0
RG Sharma,1254062,2021,9,6,1.0,9.0
RJ Gleeson,1426287,2024,28,23,3.8333333333333335,7.3
RJ Gleeson,1426291,2024,39,24,4.0,9.75
RJ Gleeson,1473509,2025,38,21,3.5,10.86
RJ Harris,392209,2009,39,24,4.0,9.75
RJ Harris,392212,2009,25,24,4.0,6.25
RJ Harris,392216,2009,28,18,3.0,9.33
RJ Harris,392228,2009,20,24,4.0,5.0
RJ Harris,392229,2009,29,24,4.0,7.25
RJ Harris,392236,2009,25,24,4.0,6.25
RJ Harris,392237,2009,23,24,4.0,5.75
RJ Harris,392239,2009,33,24,4.0,8.25
RJ Harris,419138,2010,40,24,4.0,10.0
RJ Harris,419141,2010,31,24,4.0,7.75
RJ Harris,419145,2010,30,24,4.0,7.5
RJ Harris,419147,2010,18,24,4.0,4.5
RJ Harris,419151,2010,31,22,3.6666666666666665,8.45
RJ Harris,419156,2010,25,24,4.0,6.25
RJ Harris,419163,2010,28,24,4.0,7.0
RJ Harris,419164,2010,13,18,3.0,4.33
RJ Harris,501206,2011,25,24,4.0,6.25
RJ Harris,501212,2011,31,24,4.0,7.75
RJ Harris,501220,2011,33,24,4.0,8.25
RJ Harris,501223,2011,43,24,4.0,10.75
RJ Harris,501234,2011,8,12,2.0,4.0
RJ Harris,501237,2011,33,24,4.0,8.25
RJ Harris,501244,2011,38,24,4.0,9.5
RJ Harris,501248,2011,22,24,4.0,5.5
RJ Harris,501251,2011,13,12,2.0,6.5
RJ Harris,501254,2011,39,24,4.0,9.75
RJ Harris,501257,2011,15,24,4.0,3.75
RJ Harris,501260,2011,24,18,3.0,8.0
RJ Harris,501264,2011,35,24,4.0,8.75
RJ Harris,548350,2012,21,12,2.0,10.5
RJ Harris,548354,2012,34,24,4.0,8.5
RJ Harris,548366,2012,32,24,4.0,8.0
RJ Harris,548371,2012,23,24,4.0,5.75
RJ Harris,548374,2012,19,24,4.0,4.75
RJ Harris,598003,2013,12,24,4.0,3.0
RJ Harris,598007,2013,30,24,4.0,7.5
RJ Harris,598014,2013,28,24,4.0,7.0
RJ Peterson,548339,2012,3,6,1.0,3.0
RJ Peterson,548342,2012,37,24,4.0,9.25
RJ Peterson,548346,2012,8,6,1.0,8.0
RJ Peterson,548355,2012,22,12,2.0,11.0
RJW Topley,1359479,2023,14,12,2.0,7.0
RJW Topley,1422133,2024,38,24,4.0,9.5
RJW Topley,1422137,2024,26,24,4.0,6.5
RJW Topley,1426263,2024,33,18,3.0,11.0
RJW Topley,1426268,2024,66,24,4.0,16.5
RJW Topley,1473510,2025,40,18,3.0,13.33
RN ten Doeschate,501203,2011,6,6,1.0,6.0
RN ten Doeschate,548315,2012,20,18,3.0,6.67
RN ten Doeschate,598053,2013,3,6,1.0,3.0
RN ten Doeschate,598057,2013,14,6,1.0,14.0
RN ten Doeschate,598061,2013,7,6,1.0,7.0
RN ten Doeschate,733979,2014,14,12,2.0,7.0
RN ten Doeschate,733997,2014,6,6,1.0,6.0
RN ten Doeschate,734015,2014,8,6,1.0,8.0
RN ten Doeschate,734037,2014,7,6,1.0,7.0
RN ten Doeschate,829781,2015,3,6,1.0,3.0
RP Meredith,1254061,2021,49,24,4.0,12.25
RP Meredith,1254065,2021,20,22,3.6666666666666665,5.45
RP Meredith,1254068,2021,25,14,2.3333333333333335,10.71
RP Meredith,1254083,2021,29,20,3.3333333333333335,8.7
RP Meredith,1254086,2021,32,22,3.6666666666666665,8.73
RP Meredith,1304079,2022,23,24,4.0,5.75
RP Meredith,1304083,2022,39,24,4.0,9.75
RP Meredith,1304090,2022,20,24,4.0,5.0
RP Meredith,1304097,2022,31,24,4.0,7.75
RP Meredith,1304102,2022,30,18,3.0,10.0
RP Meredith,1304105,2022,22,18,3.0,7.33
RP Meredith,1304111,2022,42,24,4.0,10.5
RP Meredith,1304115,2022,8,12,2.0,4.0
RP Meredith,1359490,2023,27,22,3.6666666666666665,7.36
RP Meredith,1359496,2023,40,24,4.0,10.0
RP Meredith,1359499,2023,29,24,4.0,7.25
RP Meredith,1359509,2023,47,24,4.0,11.75
RP Meredith,1359516,2023,49,24,4.0,12.25
RP Singh,335986,2008,15,18,3.0,5.0
RP Singh,335988,2008,26,18,3.0,8.67
RP Singh,335990,2008,41,24,4.0,10.25
RP Singh,335994,2008,13,24,4.0,3.25
RP Singh,335999,2008,34,23,3.8333333333333335,8.87
RP Singh,336002,2008,15,18,3.0,5.0
RP Singh,336007,2008,10,18,3.0,3.33
RP Singh,336011,2008,23,24,4.0,5.75
RP Singh,336014,2008,58,24,4.0,14.5
RP Singh,336020,2008,49,24,4.0,12.25
RP Singh,336024,2008,35,24,4.0,8.75
RP Singh,336031,2008,36,21,3.5,10.29
RP Singh,336034,2008,40,24,4.0,10.0
RP Singh,336037,2008,29,24,4.0,7.25
RP Singh,392184,2009,22,22,3.6666666666666665,6.0
RP Singh,392188,2009,17,24,4.0,4.25
RP Singh,392192,2009,24,24,4.0,6.0
RP Singh,392196,2009,26,18,3.0,8.67
RP Singh,392201,2009,18,18,3.0,6.0
RP Singh,392205,2009,17,24,4.0,4.25
RP Singh,392209,2009,34,24,4.0,8.5
RP Singh,392212,2009,18,24,4.0,4.5
RP Singh,392216,2009,26,17,2.8333333333333335,9.18
RP Singh,392220,2009,20,24,4.0,5.0
RP Singh,392223,2009,25,24,4.0,6.25
RP Singh,392228,2009,21,19,3.1666666666666665,6.63
RP Singh,392229,2009,24,24,4.0,6.0
RP Singh,392236,2009,47,24,4.0,11.75
RP Singh,392237,2009,31,24,4.0,7.75
RP Singh,392239,2009,16,24,4.0,4.0
RP Singh,419106,2010,32,24,4.0,8.0
RP Singh,419110,2010,28,18,3.0,9.33
RP Singh,419117,2010,42,24,4.0,10.5
RP Singh,419120,2010,31,18,3.0,10.33
RP Singh,419126,2010,22,12,2.0,11.0
RP Singh,419130,2010,30,24,4.0,7.5
RP Singh,419141,2010,16,24,4.0,4.0
RP Singh,419145,2010,37,24,4.0,9.25
RP Singh,419147,2010,17,12,2.0,8.5
RP Singh,419151,2010,17,24,4.0,4.25
RP Singh,419156,2010,50,24,4.0,12.5
RP Singh,419163,2010,32,24,4.0,8.0
RP Singh,501200,2011,25,18,3.0,8.33
RP Singh,501207,2011,30,18,3.0,10.0
RP Singh,501210,2011,15,24,4.0,3.75
RP Singh,501215,2011,23,24,4.0,5.75
RP Singh,501219,2011,25,24,4.0,6.25
RP Singh,501225,2011,11,12,2.0,5.5
RP Singh,501229,2011,19,24,4.0,4.75
RP Singh,501233,2011,28,24,4.0,7.0
RP Singh,501238,2011,27,24,4.0,6.75
RP Singh,501242,2011,43,24,4.0,10.75
RP Singh,501247,2011,11,12,2.0,5.5
RP Singh,501254,2011,23,24,4.0,5.75
RP Singh,501258,2011,17,24,4.0,4.25
RP Singh,501261,2011,34,24,4.0,8.5
RP Singh,548325,2012,21,24,4.0,5.25
RP Singh,548334,2012,28,18,3.0,9.33
RP Singh,548339,2012,26,24,4.0,6.5
RP Singh,548342,2012,39,24,4.0,9.75
RP Singh,548346,2012,20,18,3.0,6.67
RP Singh,548355,2012,27,24,4.0,6.75
RP Singh,548360,2012,28,24,4.0,7.0
RP Singh,548367,2012,22,24,4.0,5.5
RP Singh,548370,2012,29,24,4.0,7.25
RP Singh,548377,2012,22,18,3.0,7.33
RP Singh,548379,2012,34,24,4.0,8.5
RP Singh,598008,2013,26,24,4.0,6.5
RP Singh,598012,2013,37,23,3.8333333333333335,9.65
RP Singh,598017,2013,47,24,4.0,11.75
RP Singh,598023,2013,13,24,4.0,3.25
RP Singh,598027,2013,20,24,4.0,5.0
RP Singh,598033,2013,38,24,4.0,9.5
RP Singh,598036,2013,34,24,4.0,8.5
RP Singh,598042,2013,25,24,4.0,6.25
RP Singh,598048,2013,25,24,4.0,6.25
RP Singh,598064,2013,37,18,3.0,12.33
RP Singh,598068,2013,19,6,1.0,19.0
RP Singh,980901,2016,29,18,3.0,9.67
RP Singh,980911,2016,20,12,2.0,10.0
RP Singh,980969,2016,35,24,4.0,8.75
RP Singh,980979,2016,22,18,3.0,7.33
RR Bhatkal,548318,2012,35,12,2.0,17.5
RR Bose,392191,2009,24,12,2.0,12.0
RR Powar,336019,2008,7,6,1.0,7.0
RR Powar,336022,2008,20,12,2.0,10.0
RR Powar,336031,2008,19,24,4.0,4.75
RR Powar,336035,2008,13,12,2.0,6.5
RR Powar,336039,2008,27,18,3.0,9.0
RR Powar,392195,2009,9,12,2.0,4.5
RR Powar,392200,2009,21,24,4.0,5.25
RR Powar,392204,2009,8,6,1.0,8.0
RR Powar,392207,2009,7,12,2.0,3.5
RR Powar,392210,2009,33,18,3.0,11.0
RR Powar,392226,2009,18,18,3.0,6.0
RR Powar,392229,2009,10,12,2.0,5.0
RR Powar,392234,2009,19,24,4.0,4.75
RR Powar,419108,2010,16,6,1.0,16.0
RR Powar,419121,2010,21,24,4.0,5.25
RR Powar,419139,2010,22,24,4.0,5.5
RR Powar,419143,2010,18,12,2.0,9.0
RR Powar,419146,2010,28,24,4.0,7.0
RR Powar,419149,2010,14,24,4.0,3.5
RR Powar,419159,2010,27,24,4.0,6.75
RR Powar,501210,2011,12,6,1.0,12.0
RR Powar,501215,2011,24,18,3.0,8.0
RR Powar,501219,2011,29,24,4.0,7.25
RR Powar,501233,2011,20,12,2.0,10.0
RR Powar,501247,2011,27,12,2.0,13.5
RR Powar,548359,2012,32,18,3.0,10.67
RR Raje,336004,2008,13,12,2.0,6.5
RR Raje,336008,2008,18,18,3.0,6.0
RR Raje,336018,2008,32,18,3.0,10.67
RR Raje,336021,2008,16,14,2.3333333333333335,6.86
RR Raje,336024,2008,18,12,2.0,9.0
RR Raje,336036,2008,35,24,4.0,8.75
RR Raje,392181,2009,15,6,1.0,15.0
RR Raje,392212,2009,25,18,3.0,8.33
RR Raje,392215,2009,22,11,1.8333333333333335,12.0
RR Raje,392222,2009,5,6,1.0,5.0
RS Bopara,392191,2009,4,6,1.0,4.0
RS Bopara,419112,2010,17,12,2.0,8.5
RS Bopara,419127,2010,18,12,2.0,9.0
RS Bopara,419132,2010,31,24,4.0,7.75
RS Bopara,419139,2010,36,18,3.0,12.0
RS Bopara,419143,2010,16,12,2.0,8.0
RS Bopara,829711,2015,29,24,4.0,7.25
RS Bopara,829719,2015,26,18,3.0,8.67
RS Bopara,829727,2015,18,24,4.0,4.5
RS Bopara,829731,2015,36,24,4.0,9.0
RS Bopara,829743,2015,7,6,1.0,7.0
RS Bopara,829787,2015,22,18,3.0,7.33
RS Bopara,829793,2015,15,6,1.0,15.0
RS Gavaskar,419109,2010,8,6,1.0,8.0
RS Ghosh,1529287,2026,24,18,3.0,8.0
RS Hangargekar,1359475,2023,32,24,4.0,8.0
RS Hangargekar,1359480,2023,21,12,2.0,10.5
RV Gomez,501200,2011,20,6,1.0,20.0
RV Gomez,501210,2011,28,18,3.0,9.33
RV Gomez,501215,2011,20,12,2.0,10.0
RV Gomez,501225,2011,9,6,1.0,9.0
RV Gomez,501229,2011,4,6,1.0,4.0
RV Gomez,501238,2011,16,12,2.0,8.0
RV Gomez,501242,2011,14,24,4.0,3.5
RV Gomez,501254,2011,12,6,1.0,12.0
RV Gomez,598061,2013,5,6,1.0,5.0
RV Patel,1254101,2021,20,18,3.0,6.67
RW Price,501267,2011,33,18,3.0,11.0
Raghu Sharma,1529287,2026,24,24,4.0,6.0
Raghu Sharma,1529290,2026,36,24,4.0,9.0
Raghu Sharma,1529301,2026,22,12,2.0,11.0
Raghu Sharma,1529308,2026,23,12,2.0,11.5
Raghu Sharma,1529312,2026,25,18,3.0,8.33
Ramandeep Singh,1304105,2022,5,6,1.0,5.0
Ramandeep Singh,1304111,2022,19,18,3.0,6.33
Ramandeep Singh,1304115,2022,25,12,2.0,12.5
Ramandeep Singh,1529271,2026,22,12,2.0,11.0
Rashid Khan,1082591,2017,36,24,4.0,9.0
Rashid Khan,1082596,2017,19,24,4.0,4.75
Rashid Khan,1082600,2017,19,24,4.0,4.75
Rashid Khan,1082604,2017,29,24,4.0,7.25
Rashid Khan,1082609,2017,41,24,4.0,10.25
Rashid Khan,1082611,2017,33,24,4.0,8.25
Rashid Khan,1082615,2017,17,24,4.0,4.25
Rashid Khan,1082623,2017,16,24,4.0,4.0
Rashid Khan,1082627,2017,35,24,4.0,8.75
Rashid Khan,1082630,2017,24,24,4.0,6.0
Rashid Khan,1082634,2017,18,24,4.0,4.5
Rashid Khan,1082638,2017,22,24,4.0,5.5
Rashid Khan,1082643,2017,34,24,4.0,8.5
Rashid Khan,1082648,2017,9,12,2.0,4.5
Rashid Khan,1136564,2018,23,24,4.0,5.75
Rashid Khan,1136567,2018,12,24,4.0,3.0
Rashid Khan,1136570,2018,31,24,4.0,7.75
Rashid Khan,1136576,2018,55,24,4.0,13.75
Rashid Khan,1136580,2018,49,24,4.0,12.25
Rashid Khan,1136583,2018,11,24,4.0,2.75
Rashid Khan,1136585,2018,19,24,4.0,4.75
Rashid Khan,1136588,2018,31,24,4.0,7.75
Rashid Khan,1136596,2018,23,24,4.0,5.75
Rashid Khan,1136599,2018,29,24,4.0,7.25
Rashid Khan,1136602,2018,35,24,4.0,8.75
Rashid Khan,1136606,2018,25,24,4.0,6.25
Rashid Khan,1136611,2018,27,24,4.0,6.75
Rashid Khan,1136614,2018,31,24,4.0,7.75
Rashid Khan,1136617,2018,11,24,4.0,2.75
Rashid Khan,1136619,2018,19,24,4.0,4.75
Rashid Khan,1136620,2018,24,24,4.0,6.0
Rashid Khan,1175357,2019,26,24,4.0,6.5
Rashid Khan,1175363,2019,24,24,4.0,6.0
Rashid Khan,1175366,2019,25,24,4.0,6.25
Rashid Khan,1175371,2019,18,24,4.0,4.5
Rashid Khan,1178394,2019,24,24,4.0,6.0
Rashid Khan,1178397,2019,20,24,4.0,5.0
Rashid Khan,1178405,2019,22,24,4.0,5.5
Rashid Khan,1178408,2019,17,24,4.0,4.25
Rashid Khan,1178413,2019,23,24,4.0,5.75
Rashid Khan,1178416,2019,43,24,4.0,10.75
Rashid Khan,1178420,2019,30,24,4.0,7.5
Rashid Khan,1178423,2019,21,24,4.0,5.25
Rashid Khan,1178426,2019,30,27,4.5,6.67
Rashid Khan,1178429,2019,43,24,4.0,10.75
Rashid Khan,1181766,2019,14,24,4.0,3.5
Rashid Khan,1216495,2020,32,24,4.0,8.0
Rashid Khan,1216498,2020,14,24,4.0,3.5
Rashid Khan,1216502,2020,18,24,4.0,4.5
Rashid Khan,1216507,2020,25,24,4.0,6.25
Rashid Khan,1216512,2020,29,28,4.666666666666667,6.21
Rashid Khan,1216516,2020,12,24,4.0,3.0
Rashid Khan,1216518,2020,20,24,4.0,5.0
Rashid Khan,1216524,2020,7,24,4.0,1.75
Rashid Khan,1216528,2020,30,24,4.0,7.5
Rashid Khan,1216532,2020,14,24,4.0,3.5
Rashid Khan,1216534,2020,31,24,4.0,7.75
Rashid Khan,1216538,2020,21,24,4.0,5.25
Rashid Khan,1216542,2020,12,24,4.0,3.0
Rashid Khan,1216545,2020,25,24,4.0,6.25
Rashid Khan,1237178,2020,22,24,4.0,5.5
Rashid Khan,1237180,2020,26,24,4.0,6.5
Rashid Khan,1254060,2021,19,24,4.0,4.75
Rashid Khan,1254063,2021,17,24,4.0,4.25
Rashid Khan,1254066,2021,21,24,4.0,5.25
Rashid Khan,1254071,2021,17,24,4.0,4.25
Rashid Khan,1254077,2021,36,30,5.0,7.2
Rashid Khan,1254080,2021,35,24,4.0,8.75
Rashid Khan,1254085,2021,24,24,4.0,6.0
Rashid Khan,1254088,2021,40,24,4.0,10.0
Rashid Khan,1254091,2021,26,24,4.0,6.5
Rashid Khan,1254095,2021,39,24,4.0,9.75
Rashid Khan,1254100,2021,30,24,4.0,7.5
Rashid Khan,1254105,2021,25,24,4.0,6.25
Rashid Khan,1254107,2021,17,24,4.0,4.25
Rashid Khan,1254109,2021,23,24,4.0,5.75
Rashid Khan,1304050,2022,27,24,4.0,6.75
Rashid Khan,1304056,2022,25,24,4.0,6.25
Rashid Khan,1304062,2022,22,24,4.0,5.5
Rashid Khan,1304067,2022,28,24,4.0,7.0
Rashid Khan,1304070,2022,24,24,4.0,6.0
Rashid Khan,1304075,2022,29,24,4.0,7.25
Rashid Khan,1304081,2022,22,24,4.0,5.5
Rashid Khan,1304086,2022,45,24,4.0,11.25
Rashid Khan,1304089,2022,29,24,4.0,7.25
Rashid Khan,1304094,2022,21,24,4.0,5.25
Rashid Khan,1304097,2022,24,24,4.0,6.0
Rashid Khan,1304103,2022,22,23,3.8333333333333335,5.74
Rashid Khan,1304108,2022,31,24,4.0,7.75
Rashid Khan,1304113,2022,32,24,4.0,8.0
Rashid Khan,1312197,2022,15,24,4.0,3.75
Rashid Khan,1312200,2022,18,24,4.0,4.5
Rashid Khan,1359475,2023,26,24,4.0,6.5
Rashid Khan,1359481,2023,31,24,4.0,7.75
Rashid Khan,1359487,2023,37,24,4.0,9.25
Rashid Khan,1359492,2023,26,24,4.0,6.5
Rashid Khan,1359497,2023,46,24,4.0,11.5
Rashid Khan,1359504,2023,33,24,4.0,8.25
Rashid Khan,1359509,2023,27,24,4.0,6.75
Rashid Khan,1359513,2023,53,24,4.0,13.25
Rashid Khan,1359518,2023,27,24,4.0,6.75
Rashid Khan,1359522,2023,12,24,4.0,3.0
Rashid Khan,1359525,2023,34,24,4.0,8.5
Rashid Khan,1359531,2023,30,24,4.0,7.5
Rashid Khan,1359536,2023,28,24,4.0,7.0
Rashid Khan,1359544,2023,24,24,4.0,6.0
Rashid Khan,1370350,2023,37,24,4.0,9.25
Rashid Khan,1370352,2023,32,24,4.0,8.0
Rashid Khan,1370353,2023,44,18,3.0,14.67
Rashid Khan,1422123,2024,23,24,4.0,5.75
Rashid Khan,1422125,2024,49,24,4.0,12.25
Rashid Khan,1422130,2024,33,24,4.0,8.25
Rashid Khan,1422135,2024,40,24,4.0,10.0
Rashid Khan,1422139,2024,28,24,4.0,7.0
Rashid Khan,1426262,2024,18,24,4.0,4.5
Rashid Khan,1426270,2024,12,12,2.0,6.0
Rashid Khan,1426275,2024,15,24,4.0,3.75
Rashid Khan,1426278,2024,35,24,4.0,8.75
Rashid Khan,1426283,2024,51,24,4.0,12.75
Rashid Khan,1426290,2024,25,10,1.6666666666666665,15.0
Rashid Khan,1426297,2024,38,24,4.0,9.5
Rashid Khan,1473442,2025,48,24,4.0,12.0
Rashid Khan,1473446,2025,9,12,2.0,4.5
Rashid Khan,1473451,2025,54,24,4.0,13.5
Rashid Khan,1473457,2025,31,24,4.0,7.75
Rashid Khan,1473460,2025,35,24,4.0,8.75
Rashid Khan,1473463,2025,34,24,4.0,8.5
Rashid Khan,1473472,2025,38,24,4.0,9.5
Rashid Khan,1473476,2025,25,24,4.0,6.25
Rashid Khan,1473484,2025,24,24,4.0,6.0
Rashid Khan,1473488,2025,50,18,3.0,16.67
Rashid Khan,1473493,2025,21,24,4.0,5.25
Rashid Khan,1473498,2025,31,24,4.0,7.75
Rashid Khan,1473502,2025,35,12,2.0,17.5
Rashid Khan,1473504,2025,42,24,4.0,10.5
Rashid Khan,1473509,2025,31,24,4.0,7.75
Rashid Khan,1527677,2026,29,24,4.0,7.25
Rashid Khan,1527682,2026,33,24,4.0,8.25
Rashid Khan,1527687,2026,17,24,4.0,4.25
Rashid Khan,1527692,2026,25,24,4.0,6.25
Rashid Khan,1529268,2026,43,24,4.0,10.75
Rashid Khan,1529273,2026,31,24,4.0,7.75
Rashid Khan,1529277,2026,48,24,4.0,12.0
Rashid Khan,1529280,2026,16,6,1.0,16.0
Rashid Khan,1529285,2026,19,24,4.0,4.75
Rashid Khan,1529289,2026,31,24,4.0,7.75
Rashid Khan,1529295,2026,33,24,4.0,8.25
Rashid Khan,1529303,2026,57,24,4.0,14.25
Rashid Khan,1529309,2026,17,12,2.0,8.5
Rashid Khan,1535462,2026,29,18,3.0,9.67
Rashid Khan,1535464,2026,45,12,2.0,22.5
Rashid Khan,1535465,2026,25,24,4.0,6.25
Rasikh Salam,1175358,2019,37,24,4.0,9.25
Rasikh Salam,1304060,2022,18,18,3.0,6.0
Rasikh Salam,1304065,2022,10,6,1.0,10.0
Rasikh Salam,1422131,2024,25,12,2.0,12.5
Rasikh Salam,1422134,2024,46,18,3.0,15.33
Rasikh Salam,1426278,2024,43,24,4.0,10.75
Rasikh Salam,1426281,2024,31,24,4.0,7.75
Rasikh Salam,1426285,2024,30,15,2.5,12.0
Rasikh Salam,1426294,2024,35,18,3.0,11.67
Rasikh Salam,1426300,2024,20,18,3.0,6.67
Rasikh Salam,1426302,2024,30,18,3.0,10.0
Rasikh Salam,1473438,2025,33,18,3.0,11.0
Rasikh Salam,1473451,2025,35,18,3.0,11.67
Rasikh Salam,1527693,2026,23,17,2.8333333333333335,8.12
Rasikh Salam,1529266,2026,24,24,4.0,6.0
Rasikh Salam,1529269,2026,33,24,4.0,8.25
Rasikh Salam,1529277,2026,28,18,3.0,9.33
Rasikh Salam,1529282,2026,21,12,2.0,10.5
Rasikh Salam,1529293,2026,52,24,4.0,13.0
Rasikh Salam,1529297,2026,42,24,4.0,10.5
Rasikh Salam,1529300,2026,34,24,4.0,8.5
Rasikh Salam,1529304,2026,33,24,4.0,8.25
Rasikh Salam,1529310,2026,49,24,4.0,12.25
Rasikh Salam,1535462,2026,20,18,3.0,6.67
Rasikh Salam,1535465,2026,27,24,4.0,6.75
Ravi Bishnoi,1216493,2020,21,24,4.0,5.25
Ravi Bishnoi,1216498,2020,13,24,4.0,3.25
Ravi Bishnoi,1216503,2020,36,24,4.0,9.0
Ravi Bishnoi,1216506,2020,38,24,4.0,9.5
Ravi Bishnoi,1216510,2020,29,24,4.0,7.25
Ravi Bishnoi,1216513,2020,31,24,4.0,7.75
Ravi Bishnoi,1216517,2020,12,12,2.0,6.0
Ravi Bishnoi,1216520,2020,20,24,4.0,5.0
Ravi Bishnoi,1216523,2020,25,24,4.0,6.25
Ravi Bishnoi,1216527,2020,32,24,4.0,8.0
Ravi Bishnoi,1216531,2020,26,18,3.0,8.67
Ravi Bishnoi,1216537,2020,26,24,4.0,6.5
Ravi Bishnoi,1216542,2020,29,18,3.0,9.67
Ravi Bishnoi,1216546,2020,24,18,3.0,8.0
Ravi Bishnoi,1254074,2021,21,24,4.0,5.25
Ravi Bishnoi,1254078,2021,19,24,4.0,4.75
Ravi Bishnoi,1254083,2021,15,24,4.0,3.75
Ravi Bishnoi,1254086,2021,42,24,4.0,10.5
Ravi Bishnoi,1254090,2021,34,24,4.0,8.5
Ravi Bishnoi,1254094,2021,24,24,4.0,6.0
Ravi Bishnoi,1254099,2021,25,24,4.0,6.25
Ravi Bishnoi,1254102,2021,22,24,4.0,5.5
Ravi Bishnoi,1254107,2021,23,24,4.0,5.75
Ravi Bishnoi,1304050,2022,32,24,4.0,8.0
Ravi Bishnoi,1304053,2022,24,24,4.0,6.0
Ravi Bishnoi,1304058,2022,27,24,4.0,6.75
Ravi Bishnoi,1304061,2022,22,24,4.0,5.5
Ravi Bishnoi,1304066,2022,26,24,4.0,6.5
Ravi Bishnoi,1304072,2022,33,24,4.0,8.25
Ravi Bishnoi,1304077,2022,45,24,4.0,11.25
Ravi Bishnoi,1304083,2022,27,18,3.0,9.0
Ravi Bishnoi,1304088,2022,37,24,4.0,9.25
Ravi Bishnoi,1304091,2022,28,24,4.0,7.0
Ravi Bishnoi,1304099,2022,30,18,3.0,10.0
Ravi Bishnoi,1304109,2022,30,24,4.0,7.5
Ravi Bishnoi,1304112,2022,34,24,4.0,8.5
Ravi Bishnoi,1312198,2022,44,24,4.0,11.0
Ravi Bishnoi,1359477,2023,31,24,4.0,7.75
Ravi Bishnoi,1359480,2023,27,24,4.0,6.75
Ravi Bishnoi,1359484,2023,15,24,4.0,3.75
Ravi Bishnoi,1359489,2023,38,24,4.0,9.5
Ravi Bishnoi,1359495,2023,17,15,2.5,6.8
Ravi Bishnoi,1359500,2023,20,24,4.0,5.0
Ravi Bishnoi,1359504,2023,49,24,4.0,12.25
Ravi Bishnoi,1359512,2023,39,24,4.0,9.75
Ravi Bishnoi,1359517,2023,21,24,4.0,5.25
Ravi Bishnoi,1359525,2023,20,12,2.0,10.0
Ravi Bishnoi,1359532,2023,23,12,2.0,11.5
Ravi Bishnoi,1359537,2023,25,24,4.0,6.25
Ravi Bishnoi,1359542,2023,23,24,4.0,5.75
Ravi Bishnoi,1370351,2023,29,24,4.0,7.25
Ravi Bishnoi,1422122,2024,38,24,4.0,9.5
Ravi Bishnoi,1422129,2024,25,18,3.0,8.33
Ravi Bishnoi,1422133,2024,31,18,3.0,10.33
Ravi Bishnoi,1422139,2024,7,12,2.0,3.5
Ravi Bishnoi,1426264,2024,25,24,4.0,6.25
Ravi Bishnoi,1426266,2024,15,16,2.6666666666666665,5.62
Ravi Bishnoi,1426272,2024,44,24,4.0,11.0
Ravi Bishnoi,1426277,2024,19,12,2.0,9.5
Ravi Bishnoi,1426282,2024,16,6,1.0,16.0
Ravi Bishnoi,1426286,2024,27,24,4.0,6.75
Ravi Bishnoi,1426292,2024,31,24,4.0,7.75
Ravi Bishnoi,1426295,2024,34,12,2.0,17.0
Ravi Bishnoi,1426302,2024,26,24,4.0,6.5
Ravi Bishnoi,1426305,2024,37,24,4.0,9.25
Ravi Bishnoi,1473441,2025,53,24,4.0,13.25
Ravi Bishnoi,1473444,2025,42,24,4.0,10.5
Ravi Bishnoi,1473450,2025,43,18,3.0,14.33
Ravi Bishnoi,1473453,2025,40,24,4.0,10.0
Ravi Bishnoi,1473456,2025,44,24,4.0,11.0
Ravi Bishnoi,1473463,2025,32,24,4.0,8.0
Ravi Bishnoi,1473467,2025,16,18,3.0,5.33
Ravi Bishnoi,1473473,2025,18,18,3.0,6.0
Ravi Bishnoi,1473477,2025,36,18,3.0,12.0
Ravi Bishnoi,1473482,2025,41,24,4.0,10.25
Ravi Bishnoi,1473499,2025,25,6,1.0,25.0
Ravi Bishnoi,1527676,2026,16,18,3.0,5.33
Ravi Bishnoi,1527682,2026,39,24,4.0,9.75
Ravi Bishnoi,1527686,2026,24,12,2.0,12.0
Ravi Bishnoi,1527689,2026,32,24,4.0,8.0
Ravi Bishnoi,1529264,2026,35,18,3.0,11.67
Ravi Bishnoi,1529271,2026,37,24,4.0,9.25
Ravi Bishnoi,1529275,2026,21,18,3.0,7.0
Ravi Bishnoi,1529279,2026,16,6,1.0,16.0
Ravi Bishnoi,1529286,2026,28,12,2.0,14.0
S Aravind,501208,2011,25,18,3.0,8.33
S Aravind,501222,2011,36,18,3.0,12.0
S Aravind,501227,2011,29,24,4.0,7.25
S Aravind,501232,2011,32,24,4.0,8.0
S Aravind,501244,2011,14,24,4.0,3.5
S Aravind,501247,2011,19,24,4.0,4.75
S Aravind,501252,2011,34,24,4.0,8.5
S Aravind,501255,2011,18,18,3.0,6.0
S Aravind,501260,2011,36,24,4.0,9.0
S Aravind,501266,2011,18,24,4.0,4.5
S Aravind,501268,2011,32,18,3.0,10.67
S Aravind,501270,2011,26,18,3.0,8.67
S Aravind,501271,2011,37,18,3.0,12.33
S Aravind,548324,2012,48,18,3.0,16.0
S Aravind,829785,2015,27,24,4.0,6.75
S Aravind,829795,2015,29,24,4.0,7.25
S Aravind,829803,2015,30,12,2.0,15.0
S Aravind,829819,2015,19,24,4.0,4.75
S Aravind,829821,2015,25,24,4.0,6.25
S Aravind,980921,2016,26,18,3.0,8.67
S Aravind,980959,2016,13,13,2.1666666666666665,6.0
S Aravind,980981,2016,23,24,4.0,5.75
S Aravind,980987,2016,15,18,3.0,5.0
S Aravind,980995,2016,41,24,4.0,10.25
S Aravind,980999,2016,16,12,2.0,8.0
S Aravind,981011,2016,28,24,4.0,7.0
S Aravind,981013,2016,13,18,3.0,4.33
S Aravind,981019,2016,30,24,4.0,7.5
S Aravind,1082591,2017,36,18,3.0,12.0
S Aravind,1082602,2017,20,24,4.0,5.0
S Aravind,1082607,2017,28,24,4.0,7.0
S Aravind,1082610,2017,52,24,4.0,13.0
S Aravind,1082617,2017,27,21,3.5,7.71
S Aravind,1082621,2017,17,18,3.0,5.67
S Aravind,1082624,2017,30,24,4.0,7.5
S Aravind,1082628,2017,21,12,2.0,10.5
S Aravind,1082633,2017,13,12,2.0,6.5
S Aravind,1082636,2017,24,6,1.0,24.0
S Badree,598001,2013,33,24,4.0,8.25
S Badree,733995,2014,33,24,4.0,8.25
S Badree,734003,2014,14,24,4.0,3.5
S Badree,734013,2014,14,18,3.0,4.67
S Badree,734035,2014,29,18,3.0,9.67
S Badree,1082602,2017,7,24,4.0,1.75
S Badree,1082607,2017,32,24,4.0,8.0
S Badree,1082617,2017,33,24,4.0,8.25
S Badree,1082621,2017,29,18,3.0,9.67
S Badree,1082624,2017,31,24,4.0,7.75
S Badree,1082633,2017,14,18,3.0,4.67
S Badree,1082636,2017,40,18,3.0,13.33
S Dhawan,501216,2011,7,6,1.0,7.0
S Dhawan,501239,2011,4,6,1.0,4.0
S Dhawan,548329,2012,26,12,2.0,13.0
S Dhawan,548348,2012,9,6,1.0,9.0
S Dhawan,548356,2012,11,6,1.0,11.0
S Dhawan,548359,2012,8,12,2.0,4.0
S Dube,1178421,2019,5,6,1.0,5.0
S Dube,1216510,2020,33,18,3.0,11.0
S Dube,1216514,2020,4,6,1.0,4.0
S Dube,1216525,2020,13,6,1.0,13.0
S Dube,1216534,2020,15,18,3.0,5.0
S Dube,1237178,2020,7,6,1.0,7.0
S Dube,1254061,2021,20,6,1.0,20.0
S Dube,1254075,2021,5,6,1.0,5.0
S Dube,1254081,2021,5,6,1.0,5.0
S Dube,1254106,2021,18,12,2.0,9.0
S Dube,1304047,2022,11,6,1.0,11.0
S Dube,1304053,2022,23,6,1.0,23.0
S Dube,1426287,2024,14,6,1.0,14.0
S Dube,1473504,2025,28,12,2.0,14.0
S Dube,1527684,2026,29,12,2.0,14.5
S Dube,1529280,2026,7,6,1.0,7.0
S Dube,1529306,2026,11,6,1.0,11.0
S Dube,1529309,2026,15,6,1.0,15.0
S Gopal,734017,2014,24,24,4.0,6.0
S Gopal,734025,2014,32,24,4.0,8.0
S Gopal,734031,2014,20,18,3.0,6.67
S Gopal,734041,2014,36,18,3.0,12.0
S Gopal,829721,2015,23,13,2.1666666666666665,10.62
S Gopal,980901,2016,18,18,3.0,6.0
S Gopal,1136564,2018,18,18,3.0,6.0
S Gopal,1136571,2018,22,24,4.0,5.5
S Gopal,1136575,2018,23,18,3.0,7.67
S Gopal,1136577,2018,19,24,4.0,4.75
S Gopal,1136581,2018,29,12,2.0,14.5
S Gopal,1136592,2018,26,12,2.0,13.0
S Gopal,1136598,2018,26,18,3.0,8.67
S Gopal,1136607,2018,21,12,2.0,10.5
S Gopal,1136613,2018,16,24,4.0,4.0
S Gopal,1136618,2018,34,24,4.0,8.5
S Gopal,1175359,2019,5,6,1.0,5.0
S Gopal,1175363,2019,27,24,4.0,6.75
S Gopal,1175367,2019,23,18,3.0,7.67
S Gopal,1175369,2019,12,24,4.0,3.0
S Gopal,1178396,2019,35,24,4.0,8.75
S Gopal,1178400,2019,31,24,4.0,7.75
S Gopal,1178402,2019,21,24,4.0,5.25
S Gopal,1178407,2019,31,24,4.0,7.75
S Gopal,1178411,2019,21,24,4.0,5.25
S Gopal,1178415,2019,42,24,4.0,10.5
S Gopal,1178418,2019,31,18,3.0,10.33
S Gopal,1178420,2019,30,24,4.0,7.5
S Gopal,1178424,2019,12,6,1.0,12.0
S Gopal,1178428,2019,21,24,4.0,5.25
S Gopal,1216496,2020,38,24,4.0,9.5
S Gopal,1216500,2020,23,12,2.0,11.5
S Gopal,1216504,2020,43,24,4.0,10.75
S Gopal,1216507,2020,31,24,4.0,7.75
S Gopal,1216511,2020,28,24,4.0,7.0
S Gopal,1216514,2020,27,24,4.0,6.75
S Gopal,1216518,2020,32,24,4.0,8.0
S Gopal,1216522,2020,31,24,4.0,7.75
S Gopal,1216527,2020,43,24,4.0,10.75
S Gopal,1216530,2020,43,18,3.0,14.33
S Gopal,1216533,2020,14,24,4.0,3.5
S Gopal,1216537,2020,10,6,1.0,10.0
S Gopal,1216541,2020,30,24,4.0,7.5
S Gopal,1216543,2020,29,24,4.0,7.25
S Gopal,1254061,2021,40,18,3.0,13.33
S Gopal,1254073,2021,35,18,3.0,11.67
S Gopal,1254093,2021,9,6,1.0,9.0
S Gopal,1304096,2022,34,18,3.0,11.33
S Gopal,1426263,2024,32,24,4.0,8.0
S Gopal,1426267,2024,9,6,1.0,9.0
S Gopal,1426271,2024,26,12,2.0,13.0
S Joseph,1426266,2024,36,24,4.0,9.0
S Kaul,598010,2013,8,12,2.0,4.0
S Kaul,598028,2013,38,24,4.0,9.5
S Kaul,598049,2013,23,23,3.8333333333333335,6.0
S Kaul,598054,2013,36,24,4.0,9.0
S Kaul,598062,2013,32,24,4.0,8.0
S Kaul,598067,2013,27,24,4.0,6.75
S Kaul,733985,2014,29,18,3.0,9.67
S Kaul,733993,2014,3,6,1.0,3.0
S Kaul,734005,2014,36,24,4.0,9.0
S Kaul,734011,2014,34,18,3.0,11.33
S Kaul,734031,2014,20,12,2.0,10.0
S Kaul,1082609,2017,23,22,3.6666666666666665,6.27
S Kaul,1082611,2017,32,24,4.0,8.0
S Kaul,1082615,2017,45,18,3.0,15.0
S Kaul,1082623,2017,35,24,4.0,8.75
S Kaul,1082627,2017,26,24,4.0,6.5
S Kaul,1082630,2017,37,24,4.0,9.25
S Kaul,1082634,2017,28,24,4.0,7.0
S Kaul,1082638,2017,24,24,4.0,6.0
S Kaul,1082643,2017,29,24,4.0,7.25
S Kaul,1082648,2017,14,6,1.0,14.0
S Kaul,1136564,2018,16,24,4.0,4.0
S Kaul,1136567,2018,28,24,4.0,7.0
S Kaul,1136570,2018,37,24,4.0,9.25
S Kaul,1136576,2018,33,24,4.0,8.25
S Kaul,1136580,2018,32,24,4.0,8.0
S Kaul,1136583,2018,23,24,4.0,5.75
S Kaul,1136585,2018,25,24,4.0,6.25
S Kaul,1136588,2018,23,24,4.0,5.75
S Kaul,1136596,2018,36,24,4.0,9.0
S Kaul,1136599,2018,25,24,4.0,6.25
S Kaul,1136602,2018,48,24,4.0,12.0
S Kaul,1136606,2018,40,18,3.0,13.33
S Kaul,1136611,2018,44,24,4.0,11.0
S Kaul,1136614,2018,25,24,4.0,6.25
S Kaul,1136617,2018,31,24,4.0,7.75
S Kaul,1136619,2018,32,24,4.0,8.0
S Kaul,1136620,2018,43,18,3.0,14.33
S Kaul,1175357,2019,35,24,4.0,8.75
S Kaul,1175363,2019,29,24,4.0,7.25
S Kaul,1175366,2019,15,18,3.0,5.0
S Kaul,1175371,2019,34,24,4.0,8.5
S Kaul,1178394,2019,33,24,4.0,8.25
S Kaul,1178397,2019,42,24,4.0,10.5
S Kaul,1178420,2019,46,24,4.0,11.5
S Kaul,1216538,2020,61,24,4.0,15.25
S Kaul,1254071,2021,25,22,3.6666666666666665,6.82
S Kaul,1254077,2021,31,24,4.0,7.75
S Kaul,1254080,2021,32,24,4.0,8.0
S Kaul,1254088,2021,56,24,4.0,14.0
S Kaul,1254091,2021,24,16,2.6666666666666665,9.0
S Kaul,1254095,2021,24,24,4.0,6.0
S Kaul,1254100,2021,36,24,4.0,9.0
S Kaul,1254109,2021,17,22,3.6666666666666665,4.64
S Kaul,1304113,2022,43,24,4.0,10.75
S Kaushik,980949,2016,31,18,3.0,10.33
S Kaushik,980955,2016,19,24,4.0,4.75
S Kaushik,980961,2016,29,24,4.0,7.25
S Kaushik,980967,2016,24,24,4.0,6.0
S Kaushik,980975,2016,14,6,1.0,14.0
S Kaushik,980987,2016,49,18,3.0,16.33
S Kaushik,981017,2016,22,24,4.0,5.5
S Kaushik,1082593,2017,40,24,4.0,10.0
S Kaushik,1082596,2017,28,24,4.0,7.0
S Kaushik,1082610,2017,35,18,3.0,11.67
S Ladda,419111,2010,27,24,4.0,6.75
S Ladda,419114,2010,44,24,4.0,11.0
S Ladda,419120,2010,20,12,2.0,10.0
S Ladda,419134,2010,36,24,4.0,9.0
S Ladda,419152,2010,14,6,1.0,14.0
S Ladda,501198,2011,29,18,3.0,9.67
S Ladda,501242,2011,11,6,1.0,11.0
S Ladda,598031,2013,18,12,2.0,9.0
S Ladda,980905,2016,21,12,2.0,10.5
S Lamichhane,1136605,2018,25,24,4.0,6.25
S Lamichhane,1136612,2018,21,24,4.0,5.25
S Lamichhane,1136615,2018,35,24,4.0,8.75
S Lamichhane,1175365,2019,29,24,4.0,7.25
S Lamichhane,1175368,2019,27,24,4.0,6.75
S Lamichhane,1175371,2019,32,24,4.0,8.0
S Lamichhane,1178395,2019,46,24,4.0,11.5
S Lamichhane,1178412,2019,40,24,4.0,10.0
S Lamichhane,1178421,2019,36,18,3.0,12.0
S Midhun,1178396,2019,26,12,2.0,13.0
S Nadeem,501204,2011,25,24,4.0,6.25
S Nadeem,501213,2011,38,24,4.0,9.5
S Nadeem,501216,2011,24,18,3.0,8.0
S Nadeem,501246,2011,28,24,4.0,7.0
S Nadeem,501253,2011,26,24,4.0,6.5
S Nadeem,548307,2012,16,12,2.0,8.0
S Nadeem,548310,2012,26,24,4.0,6.5
S Nadeem,548316,2012,9,18,3.0,3.0
S Nadeem,548321,2012,16,24,4.0,4.0
S Nadeem,548325,2012,15,24,4.0,3.75
S Nadeem,548329,2012,39,24,4.0,9.75
S Nadeem,548333,2012,41,24,4.0,10.25
S Nadeem,548337,2012,22,24,4.0,5.5
S Nadeem,548342,2012,35,24,4.0,8.75
S Nadeem,548345,2012,30,24,4.0,7.5
S Nadeem,548349,2012,32,24,4.0,8.0
S Nadeem,548357,2012,32,24,4.0,8.0
S Nadeem,597998,2013,22,24,4.0,5.5
S Nadeem,598001,2013,22,24,4.0,5.5
S Nadeem,598006,2013,26,18,3.0,8.67
S Nadeem,598010,2013,17,24,4.0,4.25
S Nadeem,598017,2013,26,24,4.0,6.5
S Nadeem,598020,2013,21,18,3.0,7.0
S Nadeem,598024,2013,20,24,4.0,5.0
S Nadeem,598035,2013,30,24,4.0,7.5
S Nadeem,598040,2013,23,24,4.0,5.75
S Nadeem,598044,2013,7,12,2.0,3.5
S Nadeem,598054,2013,21,24,4.0,5.25
S Nadeem,598067,2013,20,24,4.0,5.0
S Nadeem,729281,2014,26,16,2.6666666666666665,9.75
S Nadeem,729289,2014,29,18,3.0,9.67
S Nadeem,729293,2014,29,18,3.0,9.67
S Nadeem,729301,2014,23,24,4.0,5.75
S Nadeem,729309,2014,17,24,4.0,4.25
S Nadeem,733975,2014,30,24,4.0,7.5
S Nadeem,733981,2014,27,24,4.0,6.75
S Nadeem,733985,2014,34,20,3.3333333333333335,10.2
S Nadeem,734011,2014,33,24,4.0,8.25
S Nadeem,734031,2014,28,24,4.0,7.0
S Nadeem,734039,2014,23,12,2.0,11.5
S Nadeem,829747,2015,23,18,3.0,7.67
S Nadeem,829801,2015,18,24,4.0,4.5
S Nadeem,980945,2016,32,24,4.0,8.0
S Nadeem,980961,2016,22,18,3.0,7.33
S Nadeem,980971,2016,30,24,4.0,7.5
S Nadeem,980993,2016,42,24,4.0,10.5
S Nadeem,1082595,2017,12,24,4.0,3.0
S Nadeem,1082599,2017,22,24,4.0,5.5
S Nadeem,1082605,2017,13,12,2.0,6.5
S Nadeem,1082632,2017,28,12,2.0,14.0
S Nadeem,1082642,2017,21,18,3.0,7.0
S Nadeem,1082646,2017,11,12,2.0,5.5
S Nadeem,1136566,2018,34,24,4.0,8.5
S Nadeem,1136569,2018,20,12,2.0,10.0
S Nadeem,1136573,2018,43,24,4.0,10.75
S Nadeem,1136579,2018,27,12,2.0,13.5
S Nadeem,1136592,2018,13,6,1.0,13.0
S Nadeem,1136602,2018,22,12,2.0,11.0
S Nadeem,1175363,2019,36,18,3.0,12.0
S Nadeem,1178408,2019,24,12,2.0,12.0
S Nadeem,1178413,2019,30,24,4.0,7.5
S Nadeem,1216495,2020,19,24,4.0,4.75
S Nadeem,1216502,2020,35,24,4.0,8.75
S Nadeem,1216518,2020,9,6,1.0,9.0
S Nadeem,1216524,2020,7,6,1.0,7.0
S Nadeem,1216528,2020,29,24,4.0,7.25
S Nadeem,1237178,2020,27,24,4.0,6.75
S Nadeem,1237180,2020,40,24,4.0,10.0
S Nadeem,1254063,2021,36,24,4.0,9.0
S Narwal,419115,2010,21,16,2.6666666666666665,7.88
S Narwal,419126,2010,35,24,4.0,8.75
S Narwal,419129,2010,48,18,3.0,16.0
S Narwal,419134,2010,35,24,4.0,8.75
S Narwal,419137,2010,41,12,2.0,20.5
S Narwal,598043,2013,15,12,2.0,7.5
S Rana,734013,2014,9,6,1.0,9.0
S Rana,734035,2014,7,6,1.0,7.0
S Randiv,501198,2011,32,24,4.0,8.0
S Randiv,501206,2011,32,24,4.0,8.0
S Randiv,501211,2011,24,24,4.0,6.0
S Randiv,501221,2011,28,18,3.0,9.33
S Randiv,501226,2011,23,24,4.0,5.75
S Randiv,501236,2011,33,24,4.0,8.25
S Randiv,501240,2011,32,24,4.0,8.0
S Randiv,501245,2011,13,12,2.0,6.5
S Sandeep Warrier,1178422,2019,29,24,4.0,7.25
S Sandeep Warrier,1178427,2019,31,24,4.0,7.75
S Sandeep Warrier,1178431,2019,24,24,4.0,6.0
S Sandeep Warrier,1216508,2020,31,18,3.0,10.33
S Sandeep Warrier,1254092,2021,15,12,2.0,7.5
S Sandeep Warrier,1426270,2024,40,18,3.0,13.33
S Sandeep Warrier,1426275,2024,14,6,1.0,14.0
S Sandeep Warrier,1426278,2024,14,18,3.0,4.67
S Sandeep Warrier,1426283,2024,13,6,1.0,13.0
S Sandeep Warrier,1426297,2024,28,18,3.0,9.33
S Sreesanth,335983,2008,34,18,3.0,11.33
S Sreesanth,335987,2008,29,19,3.1666666666666665,9.16
S Sreesanth,335991,2008,27,24,4.0,6.75
S Sreesanth,335995,2008,25,12,2.0,12.5
S Sreesanth,335999,2008,32,24,4.0,8.0
S Sreesanth,336003,2008,20,24,4.0,5.0
S Sreesanth,336006,2008,14,24,4.0,3.5
S Sreesanth,336013,2008,26,24,4.0,6.5
S Sreesanth,336016,2008,28,24,4.0,7.0
S Sreesanth,336019,2008,43,18,3.0,14.33
S Sreesanth,336022,2008,28,18,3.0,9.33
S Sreesanth,336028,2008,28,24,4.0,7.0
S Sreesanth,336031,2008,29,24,4.0,7.25
S Sreesanth,336035,2008,33,24,4.0,8.25
S Sreesanth,336039,2008,6,6,1.0,6.0
S Sreesanth,392210,2009,38,24,4.0,9.5
S Sreesanth,392214,2009,36,24,4.0,9.0
S Sreesanth,392216,2009,37,24,4.0,9.25
S Sreesanth,392222,2009,21,6,1.0,21.0
S Sreesanth,392226,2009,18,24,4.0,4.5
S Sreesanth,392229,2009,10,12,2.0,5.0
S Sreesanth,392234,2009,22,24,4.0,5.5
S Sreesanth,419108,2010,24,24,4.0,6.0
S Sreesanth,419112,2010,34,18,3.0,11.33
S Sreesanth,419117,2010,50,24,4.0,12.5
S Sreesanth,419124,2010,17,18,3.0,5.67
S Sreesanth,419136,2010,12,12,2.0,6.0
S Sreesanth,419143,2010,34,18,3.0,11.33
S Sreesanth,501200,2011,23,18,3.0,7.67
S Sreesanth,501207,2011,17,18,3.0,5.67
S Sreesanth,501229,2011,19,24,4.0,4.75
S Sreesanth,501233,2011,8,24,4.0,2.0
S Sreesanth,501238,2011,23,24,4.0,5.75
S Sreesanth,501242,2011,23,18,3.0,7.67
S Sreesanth,501254,2011,36,23,3.8333333333333335,9.39
S Sreesanth,501258,2011,16,24,4.0,4.0
S Sreesanth,501261,2011,23,18,3.0,7.67
S Sreesanth,598001,2013,18,24,4.0,4.5
S Sreesanth,598005,2013,24,24,4.0,6.0
S Sreesanth,598009,2013,33,16,2.6666666666666665,12.38
S Sreesanth,598014,2013,16,24,4.0,4.0
S Sreesanth,598023,2013,9,6,1.0,9.0
S Sreesanth,598036,2013,32,24,4.0,8.0
S Sreesanth,598052,2013,18,12,2.0,9.0
S Sriram,419148,2010,24,12,2.0,12.0
S Sriram,501257,2011,25,6,1.0,25.0
S Tyagi,392202,2009,7,12,2.0,3.5
S Tyagi,392206,2009,16,18,3.0,5.33
S Tyagi,392209,2009,8,12,2.0,4.0
S Tyagi,392214,2009,10,12,2.0,5.0
S Tyagi,392217,2009,12,12,2.0,6.0
S Tyagi,392224,2009,20,12,2.0,10.0
S Tyagi,392227,2009,29,18,3.0,9.67
S Tyagi,392231,2009,29,18,3.0,9.67
S Tyagi,419110,2010,37,11,1.8333333333333335,20.18
S Tyagi,419123,2010,18,24,4.0,4.5
S Tyagi,419137,2010,43,24,4.0,10.75
S Tyagi,419142,2010,19,18,3.0,6.33
S Tyagi,419147,2010,12,6,1.0,12.0
S Tyagi,419159,2010,23,12,2.0,11.5
S Vidyut,336005,2008,21,12,2.0,10.5
SA Abbott,829713,2015,36,18,3.0,12.0
SA Abbott,829719,2015,19,12,2.0,9.5
SA Abbott,1304096,2022,44,24,4.0,11.0
SA Yadav,733985,2014,8,6,1.0,8.0
SB Bangar,335986,2008,13,18,3.0,4.33
SB Bangar,335988,2008,29,12,2.0,14.5
SB Bangar,335994,2008,34,24,4.0,8.5
SB Bangar,335999,2008,26,24,4.0,6.5
SB Bangar,336002,2008,30,24,4.0,7.5
SB Bangar,336007,2008,36,24,4.0,9.0
SB Bangar,336011,2008,20,12,2.0,10.0
SB Bangar,336014,2008,10,6,1.0,10.0
SB Bangar,336034,2008,14,6,1.0,14.0
SB Jakati,392206,2009,24,24,4.0,6.0
SB Jakati,392209,2009,22,24,4.0,5.5
SB Jakati,392214,2009,20,12,2.0,10.0
SB Jakati,392217,2009,34,24,4.0,8.5
SB Jakati,392224,2009,25,24,4.0,6.25
SB Jakati,392227,2009,26,18,3.0,8.67
SB Jakati,392231,2009,36,24,4.0,9.0
SB Jakati,392238,2009,29,24,4.0,7.25
SB Jakati,419125,2010,30,24,4.0,7.5
SB Jakati,419129,2010,30,24,4.0,7.5
SB Jakati,419133,2010,17,24,4.0,4.25
SB Jakati,419137,2010,37,18,3.0,12.33
SB Jakati,419142,2010,26,24,4.0,6.5
SB Jakati,419147,2010,29,24,4.0,7.25
SB Jakati,419153,2010,22,24,4.0,5.5
SB Jakati,419155,2010,14,18,3.0,4.67
SB Jakati,419159,2010,14,6,1.0,14.0
SB Jakati,419163,2010,38,24,4.0,9.5
SB Jakati,419165,2010,26,18,3.0,8.67
SB Jakati,501198,2011,26,24,4.0,6.5
SB Jakati,501206,2011,28,13,2.1666666666666665,12.92
SB Jakati,501211,2011,35,18,3.0,11.67
SB Jakati,501215,2011,30,18,3.0,10.0
SB Jakati,501226,2011,12,12,2.0,6.0
SB Jakati,501228,2011,15,12,2.0,7.5
SB Jakati,501236,2011,23,24,4.0,5.75
SB Jakati,501240,2011,22,24,4.0,5.5
SB Jakati,501245,2011,14,12,2.0,7.0
SB Jakati,501249,2011,29,24,4.0,7.25
SB Jakati,501253,2011,17,12,2.0,8.5
SB Jakati,501261,2011,23,24,4.0,5.75
SB Jakati,501268,2011,37,24,4.0,9.25
SB Jakati,501271,2011,20,24,4.0,5.0
SB Jakati,548306,2012,8,6,1.0,8.0
SB Jakati,548311,2012,14,12,2.0,7.0
SB Jakati,548316,2012,23,18,3.0,7.67
SB Jakati,548318,2012,22,12,2.0,11.0
SB Jakati,548330,2012,20,18,3.0,6.67
SB Jakati,548332,2012,12,12,2.0,6.0
SB Jakati,548343,2012,22,12,2.0,11.0
SB Jakati,548347,2012,17,12,2.0,8.5
SB Jakati,548352,2012,17,12,2.0,8.5
SB Jakati,548355,2012,27,18,3.0,9.0
SB Jakati,548364,2012,20,18,3.0,6.67
SB Jakati,548368,2012,26,24,4.0,6.5
SB Jakati,548379,2012,24,24,4.0,6.0
SB Jakati,548380,2012,40,24,4.0,10.0
SB Jakati,548381,2012,38,24,4.0,9.5
SB Jakati,734035,2014,41,22,3.6666666666666665,11.18
SB Jakati,980911,2016,40,24,4.0,10.0
SB Jakati,980917,2016,12,18,3.0,4.0
SB Jakati,980937,2016,28,18,3.0,9.33
SB Jakati,981001,2016,22,24,4.0,5.5
SB Jakati,981007,2016,30,18,3.0,10.0
SB Jakati,981013,2016,42,18,3.0,14.0
SB Jakati,1082593,2017,24,18,3.0,8.0
SB Jakati,1082603,2017,22,12,2.0,11.0
SB Joshi,335982,2008,26,18,3.0,8.67
SB Joshi,335985,2008,10,12,2.0,5.0
SB Joshi,335992,2008,27,19,3.1666666666666665,8.53
SB Joshi,335998,2008,19,6,1.0,19.0
SB Styris,335986,2008,18,24,4.0,4.5
SB Styris,336007,2008,23,18,3.0,7.67
SB Styris,336011,2008,13,12,2.0,6.5
SB Styris,336014,2008,28,18,3.0,9.33
SB Styris,336020,2008,32,24,4.0,8.0
SB Styris,336031,2008,36,24,4.0,9.0
SB Styris,336034,2008,28,24,4.0,7.0
SB Styris,336037,2008,16,18,3.0,5.33
SB Styris,392184,2009,32,24,4.0,8.0
SB Styris,392188,2009,31,24,4.0,7.75
SB Styris,501206,2011,13,6,1.0,13.0
SB Wagh,419137,2010,16,6,1.0,16.0
SB Wagh,501202,2011,13,18,3.0,4.33
SB Wagh,501207,2011,10,12,2.0,5.0
SB Wagh,501213,2011,36,18,3.0,12.0
SB Wagh,501218,2011,9,12,2.0,4.5
SB Wagh,501241,2011,21,18,3.0,7.0
SB Wagh,501248,2011,18,12,2.0,9.0
SB Wagh,501250,2011,8,6,1.0,8.0
SC Ganguly,335982,2008,20,24,4.0,5.0
SC Ganguly,335997,2008,14,12,2.0,7.0
SC Ganguly,336000,2008,14,6,1.0,14.0
SC Ganguly,336010,2008,7,18,3.0,2.33
SC Ganguly,336014,2008,25,24,4.0,6.25
SC Ganguly,336017,2008,23,24,4.0,5.75
SC Ganguly,336027,2008,24,12,2.0,12.0
SC Ganguly,392184,2009,8,6,1.0,8.0
SC Ganguly,392186,2009,24,24,4.0,6.0
SC Ganguly,392190,2009,23,18,3.0,7.67
SC Ganguly,392197,2009,15,6,1.0,15.0
SC Ganguly,392199,2009,17,12,2.0,8.5
SC Ganguly,392207,2009,9,6,1.0,9.0
SC Ganguly,419109,2010,18,12,2.0,9.0
SC Ganguly,419144,2010,11,6,1.0,11.0
SC Ganguly,419161,2010,13,6,1.0,13.0
SC Ganguly,548333,2012,27,24,4.0,6.75
SC Ganguly,548337,2012,12,6,1.0,12.0
SC Ganguly,548348,2012,39,18,3.0,13.0
SC Ganguly,548375,2012,15,12,2.0,7.5
SC Kuggeleijn,1178393,2019,36,24,4.0,9.0
SC Kuggeleijn,1178398,2019,33,24,4.0,8.25
SD Chitnis,335994,2008,19,12,2.0,9.5
SD Chitnis,336028,2008,35,24,4.0,8.75
SE Bond,419113,2010,33,24,4.0,8.25
SE Bond,419118,2010,32,24,4.0,8.0
SE Bond,419122,2010,31,18,3.0,10.33
SE Bond,419127,2010,23,24,4.0,5.75
SE Bond,419135,2010,26,24,4.0,6.5
SE Bond,419139,2010,31,24,4.0,7.75
SE Bond,419158,2010,18,24,4.0,4.5
SE Bond,419161,2010,24,24,4.0,6.0
SE Rutherford,1178412,2019,5,6,1.0,5.0
SE Rutherford,1178415,2019,14,6,1.0,14.0
SE Rutherford,1178421,2019,6,6,1.0,6.0
SE Rutherford,1178425,2019,17,12,2.0,8.5
SE Rutherford,1181766,2019,10,6,1.0,10.0
SH Johnson,1422123,2024,25,12,2.0,12.5
SH Johnson,1422125,2024,35,24,4.0,8.75
SH Johnson,1422139,2024,31,24,4.0,7.75
SH Johnson,1426262,2024,37,24,4.0,9.25
SH Johnson,1426270,2024,20,12,2.0,10.0
SH Johnson,1473438,2025,31,14,2.3333333333333335,13.29
SH Johnson,1473443,2025,39,24,4.0,9.75
SH Johnson,1473449,2025,14,12,2.0,7.0
SH Johnson,1473456,2025,44,18,3.0,14.67
SH Johnson,1529302,2026,37,24,4.0,9.25
SH Johnson,1529306,2026,26,18,3.0,8.67
SH Johnson,1529309,2026,39,24,4.0,9.75
SJ Srivastava,419117,2010,39,24,4.0,9.75
SJ Srivastava,419121,2010,23,18,3.0,7.67
SJ Srivastava,419124,2010,46,24,4.0,11.5
SJ Srivastava,419127,2010,19,18,3.0,6.33
SJ Srivastava,419132,2010,24,24,4.0,6.0
SJ Srivastava,419136,2010,21,12,2.0,10.5
SJ Srivastava,419139,2010,33,18,3.0,11.0
SJ Srivastava,419156,2010,34,24,4.0,8.5
SJ Srivastava,501223,2011,40,24,4.0,10.0
SJ Srivastava,501248,2011,18,18,3.0,6.0
SJ Srivastava,501251,2011,16,12,2.0,8.0
SJ Srivastava,501254,2011,28,24,4.0,7.0
SJ Srivastava,501257,2011,38,24,4.0,9.5
SJ Srivastava,501260,2011,30,18,3.0,10.0
SK Raina,336005,2008,10,8,1.3333333333333333,7.5
SK Raina,336033,2008,20,12,2.0,10.0
SK Raina,392196,2009,18,24,4.0,4.5
SK Raina,392202,2009,11,12,2.0,5.5
SK Raina,392206,2009,7,6,1.0,7.0
SK Raina,392209,2009,12,10,1.6666666666666665,7.2
SK Raina,392214,2009,8,12,2.0,4.0
SK Raina,392217,2009,21,18,3.0,7.0
SK Raina,392227,2009,22,24,4.0,5.5
SK Raina,392231,2009,25,18,3.0,8.33
SK Raina,392234,2009,16,24,4.0,4.0
SK Raina,392238,2009,23,18,3.0,7.67
SK Raina,419113,2010,6,6,1.0,6.0
SK Raina,419116,2010,12,6,1.0,12.0
SK Raina,419121,2010,13,11,1.8333333333333335,7.09
SK Raina,419129,2010,15,12,2.0,7.5
SK Raina,419137,2010,8,6,1.0,8.0
SK Raina,419142,2010,11,15,2.5,4.4
SK Raina,419147,2010,24,19,3.1666666666666665,7.58
SK Raina,419153,2010,18,12,2.0,9.0
SK Raina,419155,2010,15,18,3.0,5.0
SK Raina,419159,2010,33,24,4.0,8.25
SK Raina,419165,2010,19,12,2.0,9.5
SK Raina,501198,2011,3,6,1.0,3.0
SK Raina,501206,2011,12,6,1.0,12.0
SK Raina,501211,2011,9,6,1.0,9.0
SK Raina,501221,2011,22,12,2.0,11.0
SK Raina,501226,2011,11,12,2.0,5.5
SK Raina,501228,2011,16,18,3.0,5.33
SK Raina,501253,2011,15,24,4.0,3.75
SK Raina,501261,2011,24,24,4.0,6.0
SK Raina,501266,2011,34,24,4.0,8.5
SK Raina,501268,2011,8,6,1.0,8.0
SK Raina,501271,2011,39,24,4.0,9.75
SK Raina,548311,2012,10,12,2.0,5.0
SK Raina,548318,2012,20,6,1.0,20.0
SK Raina,548322,2012,22,24,4.0,5.5
SK Raina,548343,2012,8,6,1.0,8.0
SK Raina,548347,2012,22,18,3.0,7.33
SK Raina,548352,2012,5,6,1.0,5.0
SK Raina,548368,2012,17,12,2.0,8.5
SK Raina,598041,2013,19,6,1.0,19.0
SK Raina,598051,2013,4,6,1.0,4.0
SK Raina,729297,2014,6,12,2.0,3.0
SK Raina,729303,2014,32,18,3.0,10.67
SK Raina,733971,2014,10,6,1.0,10.0
SK Raina,734013,2014,20,24,4.0,5.0
SK Raina,734023,2014,9,6,1.0,9.0
SK Raina,734029,2014,17,12,2.0,8.5
SK Raina,734035,2014,26,24,4.0,6.5
SK Raina,734045,2014,13,6,1.0,13.0
SK Raina,829765,2015,11,18,3.0,3.67
SK Raina,829773,2015,27,24,4.0,6.75
SK Raina,829801,2015,8,6,1.0,8.0
SK Raina,829809,2015,7,6,1.0,7.0
SK Raina,829821,2015,34,18,3.0,11.33
SK Raina,980929,2016,15,12,2.0,7.5
SK Raina,980945,2016,17,12,2.0,8.5
SK Raina,980961,2016,34,24,4.0,8.5
SK Raina,981017,2016,15,12,2.0,7.5
SK Raina,1082596,2017,24,12,2.0,12.0
SK Raina,1082603,2017,9,6,1.0,9.0
SK Raina,1082613,2017,11,12,2.0,5.5
SK Raina,1082616,2017,6,6,1.0,6.0
SK Raina,1082625,2017,28,24,4.0,7.0
SK Raina,1082632,2017,24,12,2.0,12.0
SK Raina,1175356,2019,6,6,1.0,6.0
SK Trivedi,335984,2008,29,18,3.0,9.67
SK Trivedi,335987,2008,25,24,4.0,6.25
SK Trivedi,335990,2008,36,18,3.0,12.0
SK Trivedi,335992,2008,27,24,4.0,6.75
SK Trivedi,336000,2008,29,24,4.0,7.25
SK Trivedi,336005,2008,17,12,2.0,8.5
SK Trivedi,336008,2008,23,18,3.0,7.67
SK Trivedi,336011,2008,8,18,3.0,2.67
SK Trivedi,336015,2008,27,24,4.0,6.75
SK Trivedi,336019,2008,48,24,4.0,12.0
SK Trivedi,336023,2008,21,12,2.0,10.5
SK Trivedi,336027,2008,26,18,3.0,8.67
SK Trivedi,336036,2008,29,24,4.0,7.25
SK Trivedi,336038,2008,20,18,3.0,6.67
SK Trivedi,336040,2008,21,12,2.0,10.5
SK Trivedi,392202,2009,34,18,3.0,11.33
SK Trivedi,392205,2009,13,12,2.0,6.5
SK Trivedi,392210,2009,20,24,4.0,5.0
SK Trivedi,392217,2009,22,18,3.0,7.33
SK Trivedi,392220,2009,33,18,3.0,11.0
SK Trivedi,392225,2009,17,24,4.0,4.25
SK Trivedi,392230,2009,9,6,1.0,9.0
SK Trivedi,419118,2010,26,24,4.0,6.5
SK Trivedi,419124,2010,21,24,4.0,5.25
SK Trivedi,419126,2010,35,18,3.0,11.67
SK Trivedi,419129,2010,18,24,4.0,4.5
SK Trivedi,419134,2010,35,24,4.0,8.75
SK Trivedi,419141,2010,15,17,2.8333333333333335,5.29
SK Trivedi,419143,2010,21,24,4.0,5.25
SK Trivedi,419150,2010,34,24,4.0,8.5
SK Trivedi,419154,2010,32,22,3.6666666666666665,8.73
SK Trivedi,419158,2010,16,12,2.0,8.0
SK Trivedi,501199,2011,15,24,4.0,3.75
SK Trivedi,501204,2011,34,24,4.0,8.5
SK Trivedi,501209,2011,29,24,4.0,7.25
SK Trivedi,501214,2011,8,6,1.0,8.0
SK Trivedi,501220,2011,50,24,4.0,12.5
SK Trivedi,501225,2011,19,24,4.0,4.75
SK Trivedi,501231,2011,13,12,2.0,6.5
SK Trivedi,501235,2011,28,24,4.0,7.0
SK Trivedi,501240,2011,34,22,3.6666666666666665,9.27
SK Trivedi,501249,2011,33,12,2.0,16.5
SK Trivedi,501252,2011,12,12,2.0,6.0
SK Trivedi,501263,2011,9,6,1.0,9.0
SK Trivedi,548309,2012,27,24,4.0,6.75
SK Trivedi,548312,2012,25,24,4.0,6.25
SK Trivedi,548317,2012,25,18,3.0,8.33
SK Trivedi,548320,2012,24,18,3.0,8.0
SK Trivedi,548324,2012,23,24,4.0,5.75
SK Trivedi,548326,2012,24,24,4.0,6.0
SK Trivedi,548332,2012,30,24,4.0,7.5
SK Trivedi,548336,2012,42,24,4.0,10.5
SK Trivedi,548354,2012,28,24,4.0,7.0
SK Trivedi,548358,2012,19,18,3.0,6.33
SK Trivedi,548361,2012,17,24,4.0,4.25
SK Trivedi,548365,2012,24,18,3.0,8.0
SK Trivedi,548373,2012,17,24,4.0,4.25
SK Trivedi,548377,2012,27,24,4.0,6.75
SK Trivedi,598001,2013,35,24,4.0,8.75
SK Trivedi,598005,2013,23,24,4.0,5.75
SK Trivedi,598009,2013,30,24,4.0,7.5
SK Trivedi,598014,2013,21,24,4.0,5.25
SK Trivedi,598019,2013,17,24,4.0,4.25
SK Trivedi,598023,2013,24,23,3.8333333333333335,6.26
SK Trivedi,598026,2013,30,18,3.0,10.0
SK Trivedi,598032,2013,24,18,3.0,8.0
SK Trivedi,598036,2013,20,18,3.0,6.67
SK Trivedi,598043,2013,23,18,3.0,7.67
SK Trivedi,598047,2013,32,24,4.0,8.0
SK Trivedi,598049,2013,21,24,4.0,5.25
SK Trivedi,598052,2013,18,12,2.0,9.0
SK Trivedi,598058,2013,21,12,2.0,10.5
SK Trivedi,598065,2013,20,24,4.0,5.0
SK Trivedi,598071,2013,18,24,4.0,4.5
SK Trivedi,598072,2013,23,24,4.0,5.75
SK Warne,335984,2008,16,12,2.0,8.0
SK Warne,335987,2008,19,24,4.0,4.75
SK Warne,335990,2008,46,24,4.0,11.5
SK Warne,335992,2008,23,24,4.0,5.75
SK Warne,336000,2008,19,12,2.0,9.5
SK Warne,336005,2008,29,18,3.0,9.67
SK Warne,336008,2008,15,12,2.0,7.5
SK Warne,336011,2008,20,24,4.0,5.0
SK Warne,336015,2008,47,24,4.0,11.75
SK Warne,336023,2008,23,24,4.0,5.75
SK Warne,336027,2008,21,18,3.0,7.0
SK Warne,336033,2008,34,24,4.0,8.5
SK Warne,336036,2008,29,24,4.0,7.25
SK Warne,336038,2008,21,24,4.0,5.25
SK Warne,336040,2008,33,24,4.0,8.25
SK Warne,392182,2009,18,24,4.0,4.5
SK Warne,392190,2009,23,24,4.0,5.75
SK Warne,392195,2009,37,24,4.0,9.25
SK Warne,392198,2009,32,24,4.0,8.0
SK Warne,392202,2009,23,24,4.0,5.75
SK Warne,392205,2009,28,18,3.0,9.33
SK Warne,392210,2009,36,18,3.0,12.0
SK Warne,392213,2009,23,24,4.0,5.75
SK Warne,392217,2009,22,24,4.0,5.5
SK Warne,392220,2009,36,24,4.0,9.0
SK Warne,392225,2009,19,24,4.0,4.75
SK Warne,392230,2009,28,24,4.0,7.0
SK Warne,392233,2009,23,24,4.0,5.75
SK Warne,419107,2010,28,18,3.0,9.33
SK Warne,419111,2010,22,24,4.0,5.5
SK Warne,419115,2010,12,12,2.0,6.0
SK Warne,419118,2010,27,24,4.0,6.75
SK Warne,419124,2010,38,24,4.0,9.5
SK Warne,419126,2010,15,24,4.0,3.75
SK Warne,419129,2010,34,24,4.0,8.5
SK Warne,419134,2010,26,24,4.0,6.5
SK Warne,419137,2010,32,18,3.0,10.67
SK Warne,419141,2010,21,24,4.0,5.25
SK Warne,419143,2010,40,18,3.0,13.33
SK Warne,419150,2010,33,24,4.0,8.25
SK Warne,419154,2010,28,24,4.0,7.0
SK Warne,419158,2010,19,18,3.0,6.33
SK Warne,501199,2011,17,24,4.0,4.25
SK Warne,501204,2011,17,24,4.0,4.25
SK Warne,501209,2011,28,24,4.0,7.0
SK Warne,501214,2011,17,24,4.0,4.25
SK Warne,501220,2011,50,24,4.0,12.5
SK Warne,501225,2011,16,24,4.0,4.0
SK Warne,501231,2011,12,24,4.0,3.0
SK Warne,501235,2011,31,24,4.0,7.75
SK Warne,501240,2011,14,18,3.0,4.67
SK Warne,501249,2011,32,24,4.0,8.0
SK Warne,501252,2011,26,24,4.0,6.5
SK Warne,501263,2011,30,24,4.0,7.5
SL Malinga,392181,2009,13,24,4.0,3.25
SL Malinga,392192,2009,18,24,4.0,4.5
SL Malinga,392197,2009,8,14,2.3333333333333335,3.43
SL Malinga,392200,2009,11,24,4.0,2.75
SL Malinga,392203,2009,21,24,4.0,5.25
SL Malinga,392208,2009,24,19,3.1666666666666665,7.58
SL Malinga,392212,2009,22,24,4.0,5.5
SL Malinga,392215,2009,26,24,4.0,6.5
SL Malinga,392218,2009,32,24,4.0,8.0
SL Malinga,392222,2009,25,24,4.0,6.25
SL Malinga,392225,2009,27,24,4.0,6.75
SL Malinga,392227,2009,18,24,4.0,4.5
SL Malinga,392235,2009,36,24,4.0,9.0
SL Malinga,419107,2010,21,24,4.0,5.25
SL Malinga,419114,2010,21,12,2.0,10.5
SL Malinga,419119,2010,25,24,4.0,6.25
SL Malinga,419122,2010,26,24,4.0,6.5
SL Malinga,419125,2010,37,24,4.0,9.25
SL Malinga,419130,2010,11,22,3.6666666666666665,3.0
SL Malinga,419132,2010,20,24,4.0,5.0
SL Malinga,419138,2010,19,20,3.3333333333333335,5.7
SL Malinga,419142,2010,30,24,4.0,7.5
SL Malinga,419146,2010,36,24,4.0,9.0
SL Malinga,419150,2010,23,24,4.0,5.75
SL Malinga,419162,2010,23,24,4.0,5.75
SL Malinga,419165,2010,28,24,4.0,7.0
SL Malinga,501201,2011,12,22,3.6666666666666665,3.27
SL Malinga,501205,2011,31,24,4.0,7.75
SL Malinga,501210,2011,39,24,4.0,9.75
SL Malinga,501218,2011,25,24,4.0,6.25
SL Malinga,501221,2011,17,24,4.0,4.25
SL Malinga,501224,2011,9,24,4.0,2.25
SL Malinga,501231,2011,20,24,4.0,5.0
SL Malinga,501237,2011,19,24,4.0,4.75
SL Malinga,501241,2011,20,24,4.0,5.0
SL Malinga,501246,2011,10,20,3.3333333333333335,3.0
SL Malinga,501251,2011,23,24,4.0,5.75
SL Malinga,501256,2011,17,24,4.0,4.25
SL Malinga,501263,2011,42,24,4.0,10.5
SL Malinga,501267,2011,22,24,4.0,5.5
SL Malinga,501269,2011,18,24,4.0,4.5
SL Malinga,501270,2011,24,24,4.0,6.0
SL Malinga,548306,2012,14,23,3.8333333333333335,3.65
SL Malinga,548308,2012,15,24,4.0,3.75
SL Malinga,548314,2012,27,24,4.0,6.75
SL Malinga,548317,2012,13,24,4.0,3.25
SL Malinga,548342,2012,28,24,4.0,7.0
SL Malinga,548346,2012,14,22,3.6666666666666665,3.82
SL Malinga,548351,2012,22,24,4.0,5.5
SL Malinga,548355,2012,24,24,4.0,6.0
SL Malinga,548360,2012,19,24,4.0,4.75
SL Malinga,548363,2012,27,24,4.0,6.75
SL Malinga,548367,2012,27,24,4.0,6.75
SL Malinga,548370,2012,30,24,4.0,7.5
SL Malinga,548377,2012,31,24,4.0,7.75
SL Malinga,548379,2012,40,24,4.0,10.0
SL Malinga,598006,2013,20,24,4.0,5.0
SL Malinga,598011,2013,22,24,4.0,5.5
SL Malinga,598019,2013,30,24,4.0,7.5
SL Malinga,598024,2013,26,24,4.0,6.5
SL Malinga,598029,2013,25,24,4.0,6.25
SL Malinga,598033,2013,25,24,4.0,6.25
SL Malinga,598037,2013,38,24,4.0,9.5
SL Malinga,598039,2013,23,18,3.0,7.67
SL Malinga,598046,2013,6,18,3.0,2.0
SL Malinga,598050,2013,15,20,3.3333333333333335,4.5
SL Malinga,598055,2013,26,24,4.0,6.5
SL Malinga,598060,2013,25,24,4.0,6.25
SL Malinga,598063,2013,34,24,4.0,8.5
SL Malinga,598066,2013,38,24,4.0,9.5
SL Malinga,598070,2013,45,24,4.0,11.25
SL Malinga,598072,2013,35,24,4.0,8.75
SL Malinga,598073,2013,20,24,4.0,5.0
SL Malinga,729279,2014,22,24,4.0,5.5
SL Malinga,729287,2014,29,21,3.5,8.29
SL Malinga,729303,2014,20,24,4.0,5.0
SL Malinga,729309,2014,15,25,4.166666666666667,3.6
SL Malinga,729317,2014,28,24,4.0,7.0
SL Malinga,733973,2014,25,24,4.0,6.25
SL Malinga,733983,2014,29,24,4.0,7.25
SL Malinga,733995,2014,14,24,4.0,3.5
SL Malinga,734001,2014,35,24,4.0,8.75
SL Malinga,734009,2014,27,22,3.6666666666666665,7.36
SL Malinga,829705,2015,26,24,4.0,6.5
SL Malinga,829717,2015,33,24,4.0,8.25
SL Malinga,829721,2015,40,24,4.0,10.0
SL Malinga,829729,2015,36,24,4.0,9.0
SL Malinga,829737,2015,32,24,4.0,8.0
SL Malinga,829747,2015,19,24,4.0,4.75
SL Malinga,829751,2015,21,24,4.0,5.25
SL Malinga,829769,2015,34,24,4.0,8.5
SL Malinga,829775,2015,30,24,4.0,7.5
SL Malinga,829783,2015,33,24,4.0,8.25
SL Malinga,829795,2015,26,24,4.0,6.5
SL Malinga,829805,2015,31,24,4.0,7.75
SL Malinga,829815,2015,16,24,4.0,4.0
SL Malinga,829817,2015,23,24,4.0,5.75
SL Malinga,829823,2015,22,24,4.0,5.5
SL Malinga,1082597,2017,34,24,4.0,8.5
SL Malinga,1082600,2017,29,24,4.0,7.25
SL Malinga,1082606,2017,40,24,4.0,10.0
SL Malinga,1082612,2017,56,24,4.0,14.0
SL Malinga,1082625,2017,29,24,4.0,7.25
SL Malinga,1082628,2017,31,24,4.0,7.75
SL Malinga,1082635,2017,5,12,2.0,2.5
SL Malinga,1082638,2017,33,24,4.0,8.25
SL Malinga,1082641,2017,35,24,4.0,8.75
SL Malinga,1082647,2017,14,18,3.0,4.67
SL Malinga,1082649,2017,24,23,3.8333333333333335,6.26
SL Malinga,1082650,2017,20,24,4.0,5.0
SL Malinga,1175362,2019,45,24,4.0,11.25
SL Malinga,1175364,2019,23,18,3.0,7.67
SL Malinga,1175370,2019,33,24,4.0,8.25
SL Malinga,1178406,2019,31,24,4.0,7.75
SL Malinga,1178409,2019,36,24,4.0,9.0
SL Malinga,1178411,2019,27,19,3.1666666666666665,8.53
SL Malinga,1178419,2019,37,22,3.6666666666666665,10.09
SL Malinga,1178422,2019,48,24,4.0,12.0
SL Malinga,1178426,2019,43,24,4.0,10.75
SL Malinga,1178431,2019,32,24,4.0,8.0
SL Malinga,1181764,2019,24,18,3.0,8.0
SL Malinga,1181768,2019,48,24,4.0,12.0
SM Boland,980957,2016,22,18,3.0,7.33
SM Boland,980965,2016,31,24,4.0,7.75
SM Curran,1175359,2019,51,24,4.0,12.75
SM Curran,1175368,2019,10,14,2.3333333333333335,4.29
SM Curran,1178393,2019,34,24,4.0,8.5
SM Curran,1178397,2019,30,24,4.0,7.5
SM Curran,1178399,2019,53,24,4.0,13.25
SM Curran,1178403,2019,31,18,3.0,10.33
SM Curran,1178412,2019,32,22,3.6666666666666665,8.73
SM Curran,1178427,2019,39,24,4.0,9.75
SM Curran,1178430,2019,34,24,4.0,8.5
SM Curran,1216492,2020,28,24,4.0,7.0
SM Curran,1216496,2020,32,24,4.0,8.0
SM Curran,1216501,2020,26,24,4.0,6.5
SM Curran,1216506,2020,15,12,2.0,7.5
SM Curran,1216509,2020,34,24,4.0,8.5
SM Curran,1216513,2020,31,18,3.0,10.33
SM Curran,1216516,2020,31,18,3.0,10.33
SM Curran,1216525,2020,43,24,4.0,10.75
SM Curran,1216528,2020,18,18,3.0,6.0
SM Curran,1216533,2020,6,6,1.0,6.0
SM Curran,1216536,2020,21,18,3.0,7.0
SM Curran,1216539,2020,26,24,4.0,6.5
SM Curran,1216544,2020,15,18,3.0,5.0
SM Curran,1254059,2021,24,12,2.0,12.0
SM Curran,1254065,2021,11,18,3.0,3.67
SM Curran,1254069,2021,24,24,4.0,6.0
SM Curran,1254072,2021,57,24,4.0,14.25
SM Curran,1254076,2021,34,24,4.0,8.5
SM Curran,1254080,2021,29,24,4.0,7.25
SM Curran,1254084,2021,33,24,4.0,8.25
SM Curran,1254089,2021,52,24,4.0,13.0
SM Curran,1254098,2021,53,24,4.0,13.25
SM Curran,1359476,2023,38,18,3.0,12.67
SM Curran,1359482,2023,44,24,4.0,11.0
SM Curran,1359488,2023,14,18,3.0,4.67
SM Curran,1359492,2023,25,23,3.8333333333333335,6.52
SM Curran,1359495,2023,29,24,4.0,7.25
SM Curran,1359501,2023,26,24,4.0,6.5
SM Curran,1359505,2023,40,18,3.0,13.33
SM Curran,1359512,2023,38,18,3.0,12.67
SM Curran,1359515,2023,43,24,4.0,10.75
SM Curran,1359520,2023,40,18,3.0,13.33
SM Curran,1359527,2023,43,18,3.0,14.33
SM Curran,1359533,2023,18,12,2.0,9.0
SM Curran,1359538,2023,35,24,4.0,8.75
SM Curran,1359540,2023,44,24,4.0,11.0
SM Curran,1422120,2024,9,6,1.0,9.0
SM Curran,1422124,2024,30,18,3.0,10.0
SM Curran,1422129,2024,28,24,4.0,7.0
SM Curran,1422135,2024,18,12,2.0,9.0
SM Curran,1426261,2024,40,24,4.0,10.0
SM Curran,1426265,2024,24,24,4.0,6.0
SM Curran,1426271,2024,39,24,4.0,9.75
SM Curran,1426275,2024,18,12,2.0,9.0
SM Curran,1426280,2024,60,24,4.0,15.0
SM Curran,1426287,2024,32,18,3.0,10.67
SM Curran,1426291,2024,34,24,4.0,8.5
SM Curran,1426296,2024,48,18,3.0,16.0
SM Curran,1426303,2024,24,18,3.0,8.0
SM Curran,1473440,2025,13,6,1.0,13.0
SM Curran,1473445,2025,32,18,3.0,10.67
SM Curran,1473480,2025,25,12,2.0,12.5
SM Curran,1473486,2025,27,18,3.0,9.0
SM Curran,1473489,2025,34,18,3.0,11.33
SM Harwood,392205,2009,25,24,4.0,6.25
SM Harwood,392210,2009,15,24,4.0,3.75
SM Harwood,392217,2009,21,12,2.0,10.5
SM Pollock,335985,2008,17,24,4.0,4.25
SM Pollock,335989,2008,31,18,3.0,10.33
SM Pollock,335991,2008,39,24,4.0,9.75
SM Pollock,335994,2008,33,12,2.0,16.5
SM Pollock,335997,2008,27,24,4.0,6.75
SM Pollock,336004,2008,16,24,4.0,4.0
SM Pollock,336008,2008,19,18,3.0,6.33
SM Pollock,336012,2008,23,24,4.0,5.75
SM Pollock,336018,2008,9,24,4.0,2.25
SM Pollock,336021,2008,11,24,4.0,2.75
SM Pollock,336028,2008,14,18,3.0,4.67
SM Pollock,336032,2008,33,18,3.0,11.0
SM Pollock,336036,2008,25,24,4.0,6.25
SMSM Senanayake,598013,2013,17,24,4.0,4.25
SMSM Senanayake,598016,2013,28,24,4.0,7.0
SMSM Senanayake,598022,2013,18,24,4.0,4.5
SMSM Senanayake,598029,2013,50,24,4.0,12.5
SMSM Senanayake,598031,2013,29,24,4.0,7.25
SMSM Senanayake,598043,2013,24,24,4.0,6.0
SMSM Senanayake,598057,2013,18,24,4.0,4.5
SMSM Senanayake,598061,2013,22,24,4.0,5.5
SN Thakur,829767,2015,36,18,3.0,12.0
SN Thakur,1082603,2017,13,18,3.0,4.33
SN Thakur,1082607,2017,35,24,4.0,8.75
SN Thakur,1082615,2017,49,24,4.0,12.25
SN Thakur,1082618,2017,28,18,3.0,9.33
SN Thakur,1082620,2017,25,19,3.1666666666666665,7.89
SN Thakur,1082629,2017,24,18,3.0,8.0
SN Thakur,1082631,2017,21,18,3.0,7.0
SN Thakur,1082634,2017,12,12,2.0,6.0
SN Thakur,1082642,2017,35,18,3.0,11.67
SN Thakur,1082645,2017,17,24,4.0,4.25
SN Thakur,1082647,2017,36,24,4.0,9.0
SN Thakur,1082650,2017,6,12,2.0,3.0
SN Thakur,1136565,2018,37,24,4.0,9.25
SN Thakur,1136572,2018,33,18,3.0,11.0
SN Thakur,1136577,2018,18,18,3.0,6.0
SN Thakur,1136580,2018,44,24,4.0,11.0
SN Thakur,1136584,2018,44,24,4.0,11.0
SN Thakur,1136587,2018,37,24,4.0,9.25
SN Thakur,1136595,2018,19,12,2.0,9.5
SN Thakur,1136603,2018,21,24,4.0,5.25
SN Thakur,1136606,2018,29,24,4.0,7.25
SN Thakur,1136612,2018,27,24,4.0,6.75
SN Thakur,1136616,2018,31,22,3.6666666666666665,8.45
SN Thakur,1136617,2018,47,24,4.0,11.75
SN Thakur,1136620,2018,29,18,3.0,9.67
SN Thakur,1175360,2019,19,12,2.0,9.5
SN Thakur,1175367,2019,41,24,4.0,10.25
SN Thakur,1175370,2019,34,24,4.0,8.5
SN Thakur,1178400,2019,43,24,4.0,10.75
SN Thakur,1178404,2019,17,24,4.0,4.25
SN Thakur,1178408,2019,28,18,3.0,9.33
SN Thakur,1178414,2019,39,24,4.0,9.75
SN Thakur,1181767,2019,13,6,1.0,13.0
SN Thakur,1181768,2019,37,24,4.0,9.25
SN Thakur,1216501,2020,26,24,4.0,6.5
SN Thakur,1216506,2020,27,24,4.0,6.75
SN Thakur,1216509,2020,39,24,4.0,9.75
SN Thakur,1216513,2020,38,24,4.0,9.5
SN Thakur,1216516,2020,30,24,4.0,7.5
SN Thakur,1216521,2020,26,14,2.3333333333333335,11.14
SN Thakur,1216525,2020,36,24,4.0,9.0
SN Thakur,1216528,2020,9,12,2.0,4.5
SN Thakur,1216533,2020,33,24,4.0,8.25
SN Thakur,1254059,2021,51,22,3.6666666666666665,13.91
SN Thakur,1254065,2021,34,24,4.0,8.5
SN Thakur,1254069,2021,18,18,3.0,6.0
SN Thakur,1254072,2021,43,19,3.1666666666666665,13.58
SN Thakur,1254076,2021,11,24,4.0,2.75
SN Thakur,1254080,2021,43,24,4.0,10.75
SN Thakur,1254084,2021,51,24,4.0,12.75
SN Thakur,1254089,2021,28,24,4.0,7.0
SN Thakur,1254091,2021,35,24,4.0,8.75
SN Thakur,1254094,2021,28,18,3.0,9.33
SN Thakur,1254098,2021,20,24,4.0,5.0
SN Thakur,1254104,2021,27,24,4.0,6.75
SN Thakur,1254110,2021,13,24,4.0,3.25
SN Thakur,1254113,2021,29,24,4.0,7.25
SN Thakur,1254114,2021,34,18,3.0,11.33
SN Thakur,1254117,2021,29,24,4.0,7.25
SN Thakur,1304048,2022,46,24,4.0,11.5
SN Thakur,1304056,2022,35,24,4.0,8.75
SN Thakur,1304061,2022,29,22,3.6666666666666665,7.91
SN Thakur,1304065,2022,30,16,2.6666666666666665,11.25
SN Thakur,1304073,2022,26,24,4.0,6.5
SN Thakur,1304078,2022,20,12,2.0,10.0
SN Thakur,1304080,2022,27,18,3.0,9.0
SN Thakur,1304087,2022,30,18,3.0,10.0
SN Thakur,1304091,2022,34,24,4.0,8.5
SN Thakur,1304096,2022,38,24,4.0,9.5
SN Thakur,1304101,2022,35,18,3.0,11.67
SN Thakur,1304104,2022,26,24,4.0,6.5
SN Thakur,1304110,2022,33,24,4.0,8.25
SN Thakur,1304115,2022,30,18,3.0,10.0
SN Thakur,1359476,2023,38,24,4.0,9.5
SN Thakur,1359483,2023,15,12,2.0,7.5
SN Thakur,1359487,2023,39,18,3.0,13.0
SN Thakur,1359496,2023,24,12,2.0,12.0
SN Thakur,1359521,2023,23,18,3.0,7.67
SN Thakur,1359530,2023,18,7,1.1666666666666667,15.43
SN Thakur,1359535,2023,14,18,3.0,4.67
SN Thakur,1359542,2023,25,12,2.0,12.5
SN Thakur,1426260,2024,25,18,3.0,8.33
SN Thakur,1426267,2024,35,24,4.0,8.75
SN Thakur,1426277,2024,41,18,3.0,13.67
SN Thakur,1426284,2024,26,24,4.0,6.5
SN Thakur,1426287,2024,42,22,3.6666666666666665,11.45
SN Thakur,1426291,2024,11,12,2.0,5.5
SN Thakur,1426297,2024,25,24,4.0,6.25
SN Thakur,1426299,2024,32,24,4.0,8.0
SN Thakur,1426306,2024,61,24,4.0,15.25
SN Thakur,1473441,2025,18,12,2.0,9.0
SN Thakur,1473444,2025,32,24,4.0,8.0
SN Thakur,1473450,2025,38,18,3.0,12.67
SN Thakur,1473453,2025,38,24,4.0,9.5
SN Thakur,1473456,2025,44,24,4.0,11.0
SN Thakur,1473463,2025,31,24,4.0,7.75
SN Thakur,1473467,2025,46,24,4.0,11.5
SN Thakur,1473473,2025,34,18,3.0,11.33
SN Thakur,1473477,2025,27,12,2.0,13.5
SN Thakur,1473499,2025,39,24,4.0,9.75
SN Thakur,1527675,2026,39,24,4.0,9.75
SN Thakur,1527681,2026,40,18,3.0,13.33
SN Thakur,1527686,2026,33,12,2.0,16.5
SN Thakur,1527693,2026,26,12,2.0,13.0
SN Thakur,1529267,2026,38,18,3.0,12.67
SN Thakur,1529301,2026,37,24,4.0,9.25
SN Thakur,1529312,2026,35,24,4.0,8.75
SP Narine,548312,2012,29,24,4.0,7.25
SP Narine,548320,2012,22,24,4.0,5.5
SP Narine,548323,2012,18,24,4.0,4.5
SP Narine,548328,2012,24,24,4.0,6.0
SP Narine,548335,2012,26,24,4.0,6.5
SP Narine,548344,2012,11,24,4.0,2.75
SP Narine,548347,2012,24,24,4.0,6.0
SP Narine,548353,2012,13,24,4.0,3.25
SP Narine,548357,2012,18,24,4.0,4.5
SP Narine,548363,2012,28,24,4.0,7.0
SP Narine,548368,2012,14,24,4.0,3.5
SP Narine,548370,2012,15,19,3.1666666666666665,4.74
SP Narine,548375,2012,15,24,4.0,3.75
SP Narine,548378,2012,24,24,4.0,6.0
SP Narine,548381,2012,37,24,4.0,9.25
SP Narine,597998,2013,13,24,4.0,3.25
SP Narine,598005,2013,28,24,4.0,7.0
SP Narine,598008,2013,17,24,4.0,4.25
SP Narine,598013,2013,31,24,4.0,7.75
SP Narine,598016,2013,32,24,4.0,8.0
SP Narine,598022,2013,20,24,4.0,5.0
SP Narine,598029,2013,17,24,4.0,4.25
SP Narine,598031,2013,22,24,4.0,5.5
SP Narine,598034,2013,35,24,4.0,8.75
SP Narine,598040,2013,14,24,4.0,3.5
SP Narine,598043,2013,20,24,4.0,5.0
SP Narine,598050,2013,28,24,4.0,7.0
SP Narine,598053,2013,12,24,4.0,3.0
SP Narine,598057,2013,22,24,4.0,5.5
SP Narine,598061,2013,26,24,4.0,6.5
SP Narine,598069,2013,10,24,4.0,2.5
SP Narine,729279,2014,20,24,4.0,5.0
SP Narine,729289,2014,18,24,4.0,4.5
SP Narine,729299,2014,17,24,4.0,4.25
SP Narine,729307,2014,24,24,4.0,6.0
SP Narine,729315,2014,39,30,5.0,7.8
SP Narine,733971,2014,25,24,4.0,6.25
SP Narine,733979,2014,28,24,4.0,7.0
SP Narine,733985,2014,38,24,4.0,9.5
SP Narine,733997,2014,30,24,4.0,7.5
SP Narine,734009,2014,18,24,4.0,4.5
SP Narine,734015,2014,21,24,4.0,5.25
SP Narine,734023,2014,24,24,4.0,6.0
SP Narine,734027,2014,20,24,4.0,5.0
SP Narine,734037,2014,19,24,4.0,4.75
SP Narine,734043,2014,30,24,4.0,7.5
SP Narine,734049,2014,45,24,4.0,11.25
SP Narine,829705,2015,28,24,4.0,7.0
SP Narine,829713,2015,26,24,4.0,6.5
SP Narine,829733,2015,17,24,4.0,4.25
SP Narine,829739,2015,38,24,4.0,9.5
SP Narine,829743,2015,38,24,4.0,9.5
SP Narine,829761,2015,29,24,4.0,7.25
SP Narine,829791,2015,19,24,4.0,4.75
SP Narine,829805,2015,35,24,4.0,8.75
SP Narine,980915,2016,26,24,4.0,6.5
SP Narine,980925,2016,21,24,4.0,5.25
SP Narine,980939,2016,32,24,4.0,8.0
SP Narine,980947,2016,22,24,4.0,5.5
SP Narine,980951,2016,21,18,3.0,7.0
SP Narine,980959,2016,45,24,4.0,11.25
SP Narine,980989,2016,10,22,3.6666666666666665,2.73
SP Narine,980995,2016,34,24,4.0,8.5
SP Narine,981001,2016,24,24,4.0,6.0
SP Narine,981009,2016,26,24,4.0,6.5
SP Narine,981015,2016,33,24,4.0,8.25
SP Narine,1082593,2017,33,24,4.0,8.25
SP Narine,1082597,2017,22,24,4.0,5.5
SP Narine,1082601,2017,11,24,4.0,2.75
SP Narine,1082604,2017,18,24,4.0,4.5
SP Narine,1082608,2017,19,24,4.0,4.75
SP Narine,1082613,2017,42,24,4.0,10.5
SP Narine,1082620,2017,33,24,4.0,8.25
SP Narine,1082622,2017,20,24,4.0,5.0
SP Narine,1082627,2017,36,18,3.0,12.0
SP Narine,1082631,2017,28,24,4.0,7.0
SP Narine,1082636,2017,29,24,4.0,7.25
SP Narine,1082639,2017,27,24,4.0,6.75
SP Narine,1082644,2017,35,24,4.0,8.75
SP Narine,1082648,2017,20,24,4.0,5.0
SP Narine,1082649,2017,21,24,4.0,5.25
SP Narine,1136563,2018,30,24,4.0,7.5
SP Narine,1136565,2018,17,24,4.0,4.25
SP Narine,1136570,2018,16,24,4.0,4.0
SP Narine,1136573,2018,18,18,3.0,6.0
SP Narine,1136575,2018,48,24,4.0,12.0
SP Narine,1136578,2018,23,18,3.0,7.67
SP Narine,1136586,2018,35,18,3.0,11.67
SP Narine,1136589,2018,38,24,4.0,9.5
SP Narine,1136593,2018,20,24,4.0,5.0
SP Narine,1136597,2018,35,24,4.0,8.75
SP Narine,1136601,2018,27,24,4.0,6.75
SP Narine,1136604,2018,44,24,4.0,11.0
SP Narine,1136609,2018,28,24,4.0,7.0
SP Narine,1136614,2018,21,24,4.0,5.25
SP Narine,1136618,2018,38,24,4.0,9.5
SP Narine,1136619,2018,24,24,4.0,6.0
SP Narine,1175357,2019,29,18,3.0,9.67
SP Narine,1175361,2019,26,12,2.0,13.0
SP Narine,1175372,2019,29,24,4.0,7.25
SP Narine,1178396,2019,21,24,4.0,5.25
SP Narine,1178398,2019,18,20,3.3333333333333335,5.4
SP Narine,1178404,2019,18,24,4.0,4.5
SP Narine,1178410,2019,31,24,4.0,7.75
SP Narine,1178413,2019,34,24,4.0,8.5
SP Narine,1178418,2019,25,24,4.0,6.25
SP Narine,1178422,2019,44,24,4.0,11.0
SP Narine,1178427,2019,29,24,4.0,7.25
SP Narine,1178431,2019,32,24,4.0,8.0
SP Narine,1216497,2020,36,24,4.0,9.0
SP Narine,1216501,2020,31,24,4.0,7.75
SP Narine,1216504,2020,39,24,4.0,9.75
SP Narine,1216508,2020,22,24,4.0,5.5
SP Narine,1216515,2020,26,12,2.0,13.0
SP Narine,1216520,2020,27,24,4.0,6.75
SP Narine,1216523,2020,28,24,4.0,7.0
SP Narine,1216530,2020,37,24,4.0,9.25
SP Narine,1216536,2020,23,24,4.0,5.75
SP Narine,1216545,2020,31,24,4.0,7.75
SP Narine,1254072,2021,32,24,4.0,8.0
SP Narine,1254075,2021,18,24,4.0,4.5
SP Narine,1254078,2021,22,24,4.0,5.5
SP Narine,1254082,2021,35,24,4.0,8.75
SP Narine,1254087,2021,20,24,4.0,5.0
SP Narine,1254092,2021,18,24,4.0,4.5
SP Narine,1254096,2021,20,24,4.0,5.0
SP Narine,1254098,2021,41,24,4.0,10.25
SP Narine,1254102,2021,32,24,4.0,8.0
SP Narine,1254106,2021,30,24,4.0,7.5
SP Narine,1254109,2021,12,24,4.0,3.0
SP Narine,1254115,2021,20,24,4.0,5.0
SP Narine,1254116,2021,26,24,4.0,6.5
SP Narine,1254117,2021,25,24,4.0,6.25
SP Narine,1304047,2022,15,24,4.0,3.75
SP Narine,1304052,2022,12,24,4.0,3.0
SP Narine,1304054,2022,20,24,4.0,5.0
SP Narine,1304060,2022,26,24,4.0,6.5
SP Narine,1304065,2022,21,24,4.0,5.25
SP Narine,1304071,2022,23,24,4.0,5.75
SP Narine,1304076,2022,19,24,4.0,4.75
SP Narine,1304081,2022,31,24,4.0,7.75
SP Narine,1304087,2022,18,24,4.0,4.5
SP Narine,1304093,2022,19,24,4.0,4.75
SP Narine,1304099,2022,20,24,4.0,5.0
SP Narine,1304102,2022,20,24,4.0,5.0
SP Narine,1304107,2022,34,24,4.0,8.5
SP Narine,1304112,2022,27,24,4.0,6.75
SP Narine,1359476,2023,39,24,4.0,9.75
SP Narine,1359483,2023,16,24,4.0,4.0
SP Narine,1359487,2023,32,24,4.0,8.0
SP Narine,1359493,2023,26,24,4.0,6.5
SP Narine,1359496,2023,39,18,3.0,13.0
SP Narine,1359502,2023,35,24,4.0,8.75
SP Narine,1359507,2023,23,12,2.0,11.5
SP Narine,1359510,2023,41,24,4.0,10.25
SP Narine,1359513,2023,24,18,3.0,8.0
SP Narine,1359521,2023,16,12,2.0,8.0
SP Narine,1359527,2023,28,24,4.0,7.0
SP Narine,1359530,2023,13,12,2.0,6.5
SP Narine,1359535,2023,15,24,4.0,3.75
SP Narine,1359542,2023,27,24,4.0,6.75
SP Narine,1422121,2024,19,24,4.0,4.75
SP Narine,1422128,2024,40,24,4.0,10.0
SP Narine,1422134,2024,29,24,4.0,7.25
SP Narine,1426260,2024,30,24,4.0,7.5
SP Narine,1426266,2024,17,24,4.0,4.25
SP Narine,1426269,2024,27,24,4.0,6.75
SP Narine,1426274,2024,34,24,4.0,8.5
SP Narine,1426280,2024,24,24,4.0,6.0
SP Narine,1426285,2024,24,24,4.0,6.0
SP Narine,1426289,2024,21,24,4.0,5.25
SP Narine,1426292,2024,21,24,4.0,5.25
SP Narine,1426298,2024,21,18,3.0,7.0
SP Narine,1426309,2024,40,24,4.0,10.0
SP Narine,1426312,2024,16,24,4.0,4.0
SP Narine,1473438,2025,27,24,4.0,6.75
SP Narine,1473449,2025,32,18,3.0,10.67
SP Narine,1473452,2025,29,24,4.0,7.25
SP Narine,1473456,2025,37,18,3.0,12.33
SP Narine,1473462,2025,13,24,4.0,3.25
SP Narine,1473468,2025,13,18,3.0,4.33
SP Narine,1473476,2025,34,24,4.0,8.5
SP Narine,1473481,2025,34,24,4.0,8.5
SP Narine,1473485,2025,29,24,4.0,7.25
SP Narine,1473490,2025,27,24,4.0,6.75
SP Narine,1473494,2025,28,24,4.0,7.0
SP Narine,1473505,2025,42,24,4.0,10.5
SP Narine,1527675,2026,30,18,3.0,10.0
SP Narine,1527679,2026,39,24,4.0,9.75
SP Narine,1527688,2026,13,24,4.0,3.25
SP Narine,1529265,2026,21,24,4.0,5.25
SP Narine,1529268,2026,28,24,4.0,7.0
SP Narine,1529271,2026,26,24,4.0,6.5
SP Narine,1529281,2026,24,27,4.5,5.33
SP Narine,1529288,2026,31,24,4.0,7.75
SP Narine,1529294,2026,17,24,4.0,4.25
SP Narine,1529300,2026,31,24,4.0,7.75
SP Narine,1529303,2026,29,24,4.0,7.25
SP Narine,1529308,2026,13,24,4.0,3.25
SP Narine,1529313,2026,38,24,4.0,9.5
SR Dubey,1529300,2026,21,13,2.1666666666666665,9.69
SR Dubey,1529303,2026,15,16,2.6666666666666665,5.62
SR Dubey,1529308,2026,32,24,4.0,8.0
SR Dubey,1529313,2026,24,24,4.0,6.0
SR Tendulkar,392197,2009,11,12,2.0,5.5
SR Tendulkar,392200,2009,6,6,1.0,6.0
SR Tendulkar,392208,2009,21,12,2.0,10.5
SR Tendulkar,392215,2009,19,6,1.0,19.0
SR Watson,335984,2008,30,24,4.0,7.5
SR Watson,335987,2008,37,24,4.0,9.25
SR Watson,335990,2008,30,24,4.0,7.5
SR Watson,335992,2008,18,24,4.0,4.5
SR Watson,336000,2008,20,19,3.1666666666666665,6.32
SR Watson,336005,2008,17,24,4.0,4.25
SR Watson,336008,2008,25,24,4.0,6.25
SR Watson,336011,2008,21,18,3.0,7.0
SR Watson,336015,2008,21,24,4.0,5.25
SR Watson,336019,2008,39,24,4.0,9.75
SR Watson,336023,2008,5,12,2.0,2.5
SR Watson,336027,2008,35,24,4.0,8.75
SR Watson,336036,2008,27,18,3.0,9.0
SR Watson,336038,2008,9,18,3.0,3.0
SR Watson,336040,2008,27,24,4.0,6.75
SR Watson,419137,2010,46,24,4.0,11.5
SR Watson,419141,2010,36,18,3.0,12.0
SR Watson,419143,2010,18,24,4.0,4.5
SR Watson,419150,2010,36,24,4.0,9.0
SR Watson,419154,2010,24,24,4.0,6.0
SR Watson,419158,2010,17,18,3.0,5.67
SR Watson,501209,2011,18,12,2.0,9.0
SR Watson,501214,2011,19,24,4.0,4.75
SR Watson,501220,2011,24,24,4.0,6.0
SR Watson,501225,2011,22,24,4.0,5.5
SR Watson,501231,2011,23,24,4.0,5.75
SR Watson,501235,2011,17,24,4.0,4.25
SR Watson,501240,2011,27,24,4.0,6.75
SR Watson,501249,2011,45,24,4.0,11.25
SR Watson,501252,2011,17,12,2.0,8.5
SR Watson,501263,2011,17,24,4.0,4.25
SR Watson,548349,2012,29,24,4.0,7.25
SR Watson,548354,2012,20,24,4.0,5.0
SR Watson,548358,2012,27,24,4.0,6.75
SR Watson,548361,2012,31,18,3.0,10.33
SR Watson,548365,2012,18,18,3.0,6.0
SR Watson,548373,2012,14,12,2.0,7.0
SR Watson,548377,2012,16,18,3.0,5.33
SR Watson,598023,2013,11,12,2.0,5.5
SR Watson,598026,2013,21,11,1.8333333333333335,11.45
SR Watson,598032,2013,15,12,2.0,7.5
SR Watson,598036,2013,22,24,4.0,5.5
SR Watson,598043,2013,20,18,3.0,6.67
SR Watson,598047,2013,28,24,4.0,7.0
SR Watson,598049,2013,21,18,3.0,7.0
SR Watson,598052,2013,19,24,4.0,4.75
SR Watson,598058,2013,22,24,4.0,5.5
SR Watson,598063,2013,29,24,4.0,7.25
SR Watson,598065,2013,19,18,3.0,6.33
SR Watson,598071,2013,31,24,4.0,7.75
SR Watson,598072,2013,34,17,2.8333333333333335,12.0
SR Watson,729297,2014,5,6,1.0,5.0
SR Watson,729305,2014,4,12,2.0,2.0
SR Watson,729315,2014,24,18,3.0,8.0
SR Watson,733975,2014,11,6,1.0,11.0
SR Watson,733979,2014,20,24,4.0,5.0
SR Watson,733989,2014,13,12,2.0,6.5
SR Watson,733999,2014,32,24,4.0,8.0
SR Watson,734033,2014,15,12,2.0,7.5
SR Watson,734041,2014,33,12,2.0,16.5
SR Watson,829735,2015,19,12,2.0,9.5
SR Watson,829741,2015,13,6,1.0,13.0
SR Watson,829749,2015,23,18,3.0,7.67
SR Watson,829763,2015,22,18,3.0,7.33
SR Watson,829769,2015,31,18,3.0,10.33
SR Watson,829777,2015,22,24,4.0,5.5
SR Watson,829787,2015,36,18,3.0,12.0
SR Watson,829797,2015,18,12,2.0,9.0
SR Watson,829811,2015,33,24,4.0,8.25
SR Watson,829819,2015,28,24,4.0,7.0
SR Watson,980907,2016,29,24,4.0,7.25
SR Watson,980921,2016,24,24,4.0,6.0
SR Watson,980927,2016,39,24,4.0,9.75
SR Watson,980931,2016,29,24,4.0,7.25
SR Watson,980937,2016,28,21,3.5,8.0
SR Watson,980953,2016,32,24,4.0,8.0
SR Watson,980959,2016,38,18,3.0,12.67
SR Watson,980969,2016,22,24,4.0,5.5
SR Watson,980977,2016,22,24,4.0,5.5
SR Watson,980981,2016,35,18,3.0,11.67
SR Watson,980987,2016,2,6,1.0,2.0
SR Watson,980995,2016,44,24,4.0,11.0
SR Watson,980999,2016,5,12,2.0,2.5
SR Watson,981011,2016,27,24,4.0,6.75
SR Watson,981013,2016,27,24,4.0,6.75
SR Watson,981019,2016,59,24,4.0,14.75
SR Watson,1082591,2017,41,18,3.0,13.67
SR Watson,1082595,2017,21,24,4.0,5.25
SR Watson,1082598,2017,28,12,2.0,14.0
SR Watson,1082607,2017,42,24,4.0,10.5
SR Watson,1082610,2017,24,12,2.0,12.0
SR Watson,1082628,2017,27,23,3.8333333333333335,7.04
SR Watson,1082633,2017,42,24,4.0,10.5
SR Watson,1082646,2017,16,24,4.0,4.0
SR Watson,1136561,2018,28,24,4.0,7.0
SR Watson,1136565,2018,37,24,4.0,9.25
SR Watson,1136572,2018,15,12,2.0,7.5
SR Watson,1136577,2018,12,18,3.0,4.0
SR Watson,1136580,2018,23,12,2.0,11.5
SR Watson,1136584,2018,20,12,2.0,10.0
SR Watson,1136587,2018,40,24,4.0,10.0
SR Watson,1136590,2018,27,12,2.0,13.5
SR Watson,1136593,2018,18,12,2.0,9.0
SR Watson,1136603,2018,9,6,1.0,9.0
SR Watson,1136606,2018,14,12,2.0,7.0
SS Agarwal,1082616,2017,42,24,4.0,10.5
SS Cottrell,1216493,2020,23,24,4.0,5.75
SS Cottrell,1216503,2020,19,24,4.0,4.75
SS Cottrell,1216510,2020,15,18,3.0,5.0
SS Cottrell,1216513,2020,28,18,3.0,9.33
SS Cottrell,1216527,2020,49,18,3.0,16.33
SS Cottrell,1216542,2020,27,18,3.0,9.0
SS Iyer,1304087,2022,7,6,1.0,7.0
SS Mishra,1529307,2026,40,24,4.0,10.0
SS Mishra,1535463,2026,18,14,2.3333333333333335,7.71
SS Mundhe,501265,2011,5,6,1.0,5.0
SS Sarkar,392219,2009,19,7,1.1666666666666667,16.29
SS Sarkar,392233,2009,15,18,3.0,5.0
SSB Magala,1359486,2023,37,24,4.0,9.25
SSB Magala,1359491,2023,13,12,2.0,6.5
ST Jayasuriya,335985,2008,39,24,4.0,9.75
ST Jayasuriya,335994,2008,17,12,2.0,8.5
ST Jayasuriya,335997,2008,13,24,4.0,3.25
ST Jayasuriya,336004,2008,16,6,1.0,16.0
ST Jayasuriya,336008,2008,17,12,2.0,8.5
ST Jayasuriya,336024,2008,13,12,2.0,6.5
ST Jayasuriya,336032,2008,35,24,4.0,8.75
ST Jayasuriya,336036,2008,8,12,2.0,4.0
ST Jayasuriya,392181,2009,34,24,4.0,8.5
ST Jayasuriya,392192,2009,28,18,3.0,9.33
ST Jayasuriya,392200,2009,5,6,1.0,5.0
ST Jayasuriya,392203,2009,11,6,1.0,11.0
ST Jayasuriya,392208,2009,20,12,2.0,10.0
ST Jayasuriya,392212,2009,31,24,4.0,7.75
ST Jayasuriya,392222,2009,3,6,1.0,3.0
ST Jayasuriya,392225,2009,3,6,1.0,3.0
ST Jayasuriya,392235,2009,19,12,2.0,9.5
ST Jayasuriya,419107,2010,19,6,1.0,19.0
ST Jayasuriya,419114,2010,12,24,4.0,3.0
ST Jayasuriya,419119,2010,16,12,2.0,8.0
ST Jayasuriya,419150,2010,16,12,2.0,8.0
STR Binny,419161,2010,9,6,1.0,9.0
STR Binny,501199,2011,14,6,1.0,14.0
STR Binny,501220,2011,17,12,2.0,8.5
STR Binny,501240,2011,12,6,1.0,12.0
STR Binny,548332,2012,20,12,2.0,10.0
STR Binny,548354,2012,8,6,1.0,8.0
STR Binny,548358,2012,12,18,3.0,4.0
STR Binny,548365,2012,17,12,2.0,8.5
STR Binny,548373,2012,8,6,1.0,8.0
STR Binny,548377,2012,13,6,1.0,13.0
STR Binny,598001,2013,11,6,1.0,11.0
STR Binny,598014,2013,4,6,1.0,4.0
STR Binny,598019,2013,14,18,3.0,4.67
STR Binny,598026,2013,19,12,2.0,9.5
STR Binny,598032,2013,23,24,4.0,5.75
STR Binny,598036,2013,8,6,1.0,8.0
STR Binny,598043,2013,8,6,1.0,8.0
STR Binny,598047,2013,18,12,2.0,9.0
STR Binny,598049,2013,3,12,2.0,1.5
STR Binny,598058,2013,16,18,3.0,5.33
STR Binny,598063,2013,11,6,1.0,11.0
STR Binny,598065,2013,9,6,1.0,9.0
STR Binny,598071,2013,2,6,1.0,2.0
STR Binny,598072,2013,11,6,1.0,11.0
STR Binny,729285,2014,7,6,1.0,7.0
STR Binny,729291,2014,4,6,1.0,4.0
STR Binny,729297,2014,10,6,1.0,10.0
STR Binny,729305,2014,1,6,1.0,1.0
STR Binny,729315,2014,7,6,1.0,7.0
STR Binny,733975,2014,9,6,1.0,9.0
STR Binny,734011,2014,14,12,2.0,7.0
STR Binny,734017,2014,12,6,1.0,12.0
STR Binny,829709,2015,13,12,2.0,6.5
STR Binny,829721,2015,8,12,2.0,4.0
STR Binny,829727,2015,12,12,2.0,6.0
STR Binny,829735,2015,5,6,1.0,5.0
STR Binny,829741,2015,13,12,2.0,6.5
STR Binny,829763,2015,32,24,4.0,8.0
STR Binny,829769,2015,17,12,2.0,8.5
STR Binny,829777,2015,24,12,2.0,12.0
STR Binny,829811,2015,10,6,1.0,10.0
STR Binny,829819,2015,1,6,1.0,1.0
STR Binny,980927,2016,8,6,1.0,8.0
STR Binny,980931,2016,23,12,2.0,11.5
STR Binny,980959,2016,17,12,2.0,8.5
STR Binny,980969,2016,17,12,2.0,8.5
STR Binny,980977,2016,15,12,2.0,7.5
STR Binny,980981,2016,2,6,1.0,2.0
STR Binny,980987,2016,13,12,2.0,6.5
STR Binny,980995,2016,8,6,1.0,8.0
STR Binny,980999,2016,11,6,1.0,11.0
STR Binny,981011,2016,14,12,2.0,7.0
STR Binny,981013,2016,4,6,1.0,4.0
STR Binny,1082591,2017,10,6,1.0,10.0
STR Binny,1082602,2017,13,12,2.0,6.5
STR Binny,1082617,2017,9,6,1.0,9.0
STR Binny,1082624,2017,17,12,2.0,8.5
STR Binny,1136577,2018,31,12,2.0,15.5
STR Binny,1175369,2019,6,6,1.0,6.0
STR Binny,1178411,2019,19,18,3.0,6.33
STR Binny,1178415,2019,3,6,1.0,3.0
STR Binny,1178420,2019,9,6,1.0,9.0
STR Binny,1178428,2019,6,6,1.0,6.0
SW Tait,419107,2010,36,24,4.0,9.0
SW Tait,419111,2010,21,24,4.0,5.25
SW Tait,419118,2010,28,24,4.0,7.0
SW Tait,419124,2010,21,19,3.1666666666666665,6.63
SW Tait,419126,2010,19,24,4.0,4.75
SW Tait,419129,2010,22,24,4.0,5.5
SW Tait,419134,2010,46,24,4.0,11.5
SW Tait,419137,2010,43,24,4.0,10.75
SW Tait,501204,2011,38,24,4.0,9.5
SW Tait,501214,2011,19,23,3.8333333333333335,4.96
SW Tait,501220,2011,18,24,4.0,4.5
SW Tait,501258,2011,32,18,3.0,10.67
SW Tait,548354,2012,14,24,4.0,3.5
SW Tait,548358,2012,13,24,4.0,3.25
SW Tait,548361,2012,10,19,3.1666666666666665,3.16
SW Tait,548365,2012,23,24,4.0,5.75
SW Tait,548373,2012,31,22,3.6666666666666665,8.45
SW Tait,548377,2012,34,24,4.0,8.5
SW Tait,598005,2013,27,24,4.0,6.75
SW Tait,598023,2013,22,18,3.0,7.33
SW Tait,598049,2013,35,18,3.0,11.67
SZ Mulani,1422123,2024,23,18,3.0,7.67
SZ Mulani,1422126,2024,31,12,2.0,15.5
Sachin Baby,980999,2016,4,6,1.0,4.0
Sakib Hussain,1529264,2026,21,24,4.0,5.25
Sakib Hussain,1529270,2026,23,24,4.0,5.75
Sakib Hussain,1529274,2026,29,24,4.0,7.25
Sakib Hussain,1529279,2026,60,24,4.0,15.0
Sakib Hussain,1529284,2026,38,18,3.0,12.67
Sakib Hussain,1529288,2026,15,18,3.0,5.0
Sakib Hussain,1529292,2026,33,24,4.0,8.25
Sakib Hussain,1529299,2026,34,24,4.0,8.5
Sakib Hussain,1529306,2026,31,24,4.0,7.75
Sakib Hussain,1529310,2026,31,24,4.0,7.75
Sakib Hussain,1535463,2026,52,24,4.0,13.0
Sandeep Sharma,598028,2013,23,24,4.0,5.75
Sandeep Sharma,598045,2013,34,24,4.0,8.5
Sandeep Sharma,598056,2013,21,24,4.0,5.25
Sandeep Sharma,598066,2013,38,24,4.0,9.5
Sandeep Sharma,729295,2014,25,24,4.0,6.25
Sandeep Sharma,729307,2014,20,24,4.0,5.0
Sandeep Sharma,729313,2014,15,18,3.0,5.0
Sandeep Sharma,733973,2014,28,19,3.1666666666666665,8.84
Sandeep Sharma,733987,2014,36,24,4.0,9.0
Sandeep Sharma,733991,2014,25,24,4.0,6.25
Sandeep Sharma,733997,2014,31,24,4.0,7.75
Sandeep Sharma,734007,2014,50,24,4.0,12.5
Sandeep Sharma,734019,2014,32,24,4.0,8.0
Sandeep Sharma,734025,2014,36,18,3.0,12.0
Sandeep Sharma,734047,2014,31,18,3.0,10.33
Sandeep Sharma,829709,2015,18,24,4.0,4.5
Sandeep Sharma,829717,2015,12,24,4.0,3.0
Sandeep Sharma,829725,2015,27,24,4.0,6.75
Sandeep Sharma,829733,2015,25,24,4.0,6.25
Sandeep Sharma,829741,2015,22,24,4.0,5.5
Sandeep Sharma,829753,2015,32,24,4.0,8.0
Sandeep Sharma,829759,2015,35,24,4.0,8.75
Sandeep Sharma,829767,2015,10,18,3.0,3.33
Sandeep Sharma,829775,2015,24,18,3.0,8.0
Sandeep Sharma,829785,2015,39,24,4.0,9.75
Sandeep Sharma,829791,2015,34,24,4.0,8.5
Sandeep Sharma,829799,2015,33,24,4.0,8.25
Sandeep Sharma,829803,2015,18,12,2.0,9.0
Sandeep Sharma,829809,2015,9,12,2.0,4.5
Sandeep Sharma,980905,2016,21,18,3.0,7.0
Sandeep Sharma,980913,2016,6,12,2.0,3.0
Sandeep Sharma,980919,2016,22,24,4.0,5.5
Sandeep Sharma,980925,2016,21,12,2.0,10.5
Sandeep Sharma,980935,2016,30,24,4.0,7.5
Sandeep Sharma,980941,2016,19,24,4.0,4.75
Sandeep Sharma,980955,2016,30,24,4.0,7.5
Sandeep Sharma,980963,2016,22,24,4.0,5.5
Sandeep Sharma,980971,2016,36,24,4.0,9.0
Sandeep Sharma,980977,2016,48,24,4.0,12.0
Sandeep Sharma,980985,2016,11,24,4.0,2.75
Sandeep Sharma,980991,2016,35,24,4.0,8.75
Sandeep Sharma,980999,2016,29,18,3.0,9.67
Sandeep Sharma,981005,2016,27,24,4.0,6.75
Sandeep Sharma,1082594,2017,33,24,4.0,8.25
Sandeep Sharma,1082598,2017,25,24,4.0,6.25
Sandeep Sharma,1082601,2017,27,18,3.0,9.0
Sandeep Sharma,1082605,2017,41,24,4.0,10.25
Sandeep Sharma,1082609,2017,35,24,4.0,8.75
Sandeep Sharma,1082612,2017,37,18,3.0,12.33
Sandeep Sharma,1082616,2017,40,24,4.0,10.0
Sandeep Sharma,1082626,2017,18,24,4.0,4.5
Sandeep Sharma,1082633,2017,22,24,4.0,5.5
Sandeep Sharma,1082637,2017,28,24,4.0,7.0
Sandeep Sharma,1082639,2017,31,24,4.0,7.75
Sandeep Sharma,1082641,2017,38,24,4.0,9.5
Sandeep Sharma,1082645,2017,11,12,2.0,5.5
Sandeep Sharma,1136567,2018,25,24,4.0,6.25
Sandeep Sharma,1136583,2018,8,18,3.0,2.67
Sandeep Sharma,1136585,2018,17,24,4.0,4.25
Sandeep Sharma,1136588,2018,15,24,4.0,3.75
Sandeep Sharma,1136596,2018,34,24,4.0,8.5
Sandeep Sharma,1136599,2018,19,24,4.0,4.75
Sandeep Sharma,1136602,2018,24,24,4.0,6.0
Sandeep Sharma,1136606,2018,35,24,4.0,8.75
Sandeep Sharma,1136611,2018,39,24,4.0,9.75
Sandeep Sharma,1136614,2018,28,12,2.0,14.0
Sandeep Sharma,1136617,2018,30,18,3.0,10.0
Sandeep Sharma,1136620,2018,50,24,4.0,12.5
Sandeep Sharma,1175357,2019,40,24,4.0,10.0
Sandeep Sharma,1175363,2019,38,24,4.0,9.5
Sandeep Sharma,1175366,2019,19,23,3.8333333333333335,4.96
Sandeep Sharma,1175371,2019,25,24,4.0,6.25
Sandeep Sharma,1178394,2019,19,18,3.0,6.33
Sandeep Sharma,1178397,2019,21,24,4.0,5.25
Sandeep Sharma,1178405,2019,29,24,4.0,7.25
Sandeep Sharma,1178408,2019,31,24,4.0,7.75
Sandeep Sharma,1178413,2019,37,24,4.0,9.25
Sandeep Sharma,1178416,2019,53,23,3.8333333333333335,13.83
Sandeep Sharma,1178423,2019,31,24,4.0,7.75
Sandeep Sharma,1216495,2020,34,24,4.0,8.5
Sandeep Sharma,1216498,2020,28,24,4.0,7.0
Sandeep Sharma,1216502,2020,19,24,4.0,4.75
Sandeep Sharma,1216507,2020,32,24,4.0,8.0
Sandeep Sharma,1216512,2020,27,24,4.0,6.75
Sandeep Sharma,1216518,2020,31,24,4.0,7.75
Sandeep Sharma,1216524,2020,25,24,4.0,6.25
Sandeep Sharma,1216528,2020,19,24,4.0,4.75
Sandeep Sharma,1216534,2020,36,24,4.0,9.0
Sandeep Sharma,1216538,2020,41,24,4.0,10.25
Sandeep Sharma,1216542,2020,26,24,4.0,6.5
Sandeep Sharma,1237178,2020,21,24,4.0,5.25
Sandeep Sharma,1237180,2020,30,24,4.0,7.5
Sandeep Sharma,1254060,2021,35,18,3.0,11.67
Sandeep Sharma,1254080,2021,23,21,3.5,6.57
Sandeep Sharma,1254085,2021,41,24,4.0,10.25
Sandeep Sharma,1254091,2021,18,18,3.0,6.0
Sandeep Sharma,1254100,2021,30,18,3.0,10.0
Sandeep Sharma,1254105,2021,26,18,3.0,8.67
Sandeep Sharma,1254107,2021,20,24,4.0,5.0
Sandeep Sharma,1304049,2022,37,24,4.0,9.25
Sandeep Sharma,1304084,2022,37,24,4.0,9.25
Sandeep Sharma,1304088,2022,16,24,4.0,4.0
Sandeep Sharma,1304094,2022,16,24,4.0,4.0
Sandeep Sharma,1304098,2022,40,24,4.0,10.0
Sandeep Sharma,1359485,2023,19,24,4.0,4.75
Sandeep Sharma,1359491,2023,28,18,3.0,9.33
Sandeep Sharma,1359497,2023,24,24,4.0,6.0
Sandeep Sharma,1359500,2023,31,24,4.0,7.75
Sandeep Sharma,1359506,2023,48,24,4.0,12.0
Sandeep Sharma,1359511,2023,24,24,4.0,6.0
Sandeep Sharma,1359516,2023,33,24,4.0,8.25
Sandeep Sharma,1359522,2023,18,18,3.0,6.0
Sandeep Sharma,1359526,2023,47,24,4.0,11.75
Sandeep Sharma,1359530,2023,34,24,4.0,8.5
Sandeep Sharma,1359534,2023,33,24,4.0,8.25
Sandeep Sharma,1359540,2023,43,24,4.0,10.75
Sandeep Sharma,1422122,2024,21,18,3.0,7.0
Sandeep Sharma,1422127,2024,34,24,4.0,8.5
Sandeep Sharma,1426276,2024,18,24,4.0,4.5
Sandeep Sharma,1426282,2024,30,24,4.0,7.5
Sandeep Sharma,1426288,2024,29,24,4.0,7.25
Sandeep Sharma,1426294,2024,42,24,4.0,10.5
Sandeep Sharma,1426299,2024,29,18,3.0,9.67
Sandeep Sharma,1426303,2024,28,24,4.0,7.0
Sandeep Sharma,1426310,2024,48,24,4.0,12.0
Sandeep Sharma,1426311,2024,24,24,4.0,6.0
Sandeep Sharma,1473439,2025,51,24,4.0,12.75
Sandeep Sharma,1473443,2025,11,12,2.0,5.5
Sandeep Sharma,1473448,2025,41,24,4.0,10.25
Sandeep Sharma,1473455,2025,20,24,4.0,5.0
Sandeep Sharma,1473460,2025,38,24,4.0,9.5
Sandeep Sharma,1473465,2025,28,15,2.5,11.2
Sandeep Sharma,1473469,2025,39,28,4.666666666666667,8.36
Sandeep Sharma,1473473,2025,55,24,4.0,13.75
Sandeep Sharma,1473479,2025,41,24,4.0,10.25
Sandeep Sharma,1473484,2025,29,24,4.0,7.25
Sandeep Sharma,1527676,2026,22,16,2.6666666666666665,8.25
Sandeep Sharma,1527682,2026,34,18,3.0,11.33
Sandeep Sharma,1527686,2026,23,18,3.0,7.67
Sandeep Sharma,1527689,2026,45,24,4.0,11.25
Sandeep Sharma,1529264,2026,48,24,4.0,12.0
Sandeep Sharma,1529307,2026,43,18,3.0,14.33
Shahbaz Ahmed,1216505,2020,25,24,4.0,6.25
Shahbaz Ahmed,1216522,2020,18,12,2.0,9.0
Shahbaz Ahmed,1254058,2021,14,6,1.0,14.0
Shahbaz Ahmed,1254063,2021,7,12,2.0,3.5
Shahbaz Ahmed,1254083,2021,11,12,2.0,5.5
Shahbaz Ahmed,1254090,2021,29,18,3.0,9.67
Shahbaz Ahmed,1254095,2021,21,24,4.0,5.25
Shahbaz Ahmed,1254103,2021,10,12,2.0,5.0
Shahbaz Ahmed,1304049,2022,6,6,1.0,6.0
Shahbaz Ahmed,1304052,2022,15,6,1.0,15.0
Shahbaz Ahmed,1304064,2022,19,12,2.0,9.5
Shahbaz Ahmed,1304068,2022,18,12,2.0,9.0
Shahbaz Ahmed,1304073,2022,17,12,2.0,8.5
Shahbaz Ahmed,1304077,2022,25,24,4.0,6.25
Shahbaz Ahmed,1304085,2022,33,18,3.0,11.0
Shahbaz Ahmed,1304089,2022,25,18,3.0,8.33
Shahbaz Ahmed,1304095,2022,27,18,3.0,9.0
Shahbaz Ahmed,1304100,2022,18,12,2.0,9.0
Shahbaz Ahmed,1304106,2022,40,24,4.0,10.0
Shahbaz Ahmed,1304113,2022,15,12,2.0,7.5
Shahbaz Ahmed,1312198,2022,33,24,4.0,8.25
Shahbaz Ahmed,1312199,2022,35,12,2.0,17.5
Shahbaz Ahmed,1359483,2023,6,6,1.0,6.0
Shahbaz Ahmed,1359489,2023,15,6,1.0,15.0
Shahbaz Ahmed,1359494,2023,11,6,1.0,11.0
Shahbaz Ahmed,1359510,2023,25,6,1.0,25.0
Shahbaz Ahmed,1359539,2023,38,18,3.0,12.67
Shahbaz Ahmed,1422121,2024,7,6,1.0,7.0
Shahbaz Ahmed,1422126,2024,39,18,3.0,13.0
Shahbaz Ahmed,1422130,2024,20,12,2.0,10.0
Shahbaz Ahmed,1422136,2024,11,6,1.0,11.0
Shahbaz Ahmed,1426261,2024,10,6,1.0,10.0
Shahbaz Ahmed,1426268,2024,18,6,1.0,18.0
Shahbaz Ahmed,1426273,2024,22,6,1.0,22.0
Shahbaz Ahmed,1426279,2024,14,18,3.0,4.67
Shahbaz Ahmed,1426284,2024,33,18,3.0,11.0
Shahbaz Ahmed,1426288,2024,11,6,1.0,11.0
Shahbaz Ahmed,1426293,2024,11,6,1.0,11.0
Shahbaz Ahmed,1426295,2024,9,12,2.0,4.5
Shahbaz Ahmed,1426307,2024,13,6,1.0,13.0
Shahbaz Ahmed,1426311,2024,23,24,4.0,5.75
Shahbaz Ahmed,1426312,2024,22,15,2.5,8.8
Shahbaz Ahmed,1473441,2025,21,9,1.5,14.0
Shahbaz Ahmed,1473502,2025,37,24,4.0,9.25
Shahbaz Ahmed,1473507,2025,39,18,3.0,13.0
Shahbaz Ahmed,1527678,2026,16,6,1.0,16.0
Shahbaz Ahmed,1529293,2026,30,18,3.0,10.0
Shahbaz Ahmed,1529296,2026,30,18,3.0,10.0
Shahbaz Ahmed,1529302,2026,45,24,4.0,11.25
Shahid Afridi,335988,2008,17,12,2.0,8.5
Shahid Afridi,335990,2008,27,24,4.0,6.75
Shahid Afridi,335994,2008,31,24,4.0,7.75
Shahid Afridi,335999,2008,28,18,3.0,9.33
Shahid Afridi,336007,2008,27,18,3.0,9.0
Shahid Afridi,336011,2008,10,12,2.0,5.0
Shahid Afridi,336020,2008,18,6,1.0,18.0
Shahid Afridi,336024,2008,22,24,4.0,5.5
Shahid Afridi,336034,2008,23,24,4.0,5.75
Shahid Afridi,336037,2008,17,18,3.0,5.67
Shakib Al Hasan,501209,2011,29,24,4.0,7.25
Shakib Al Hasan,501214,2011,21,24,4.0,5.25
Shakib Al Hasan,501219,2011,28,24,4.0,7.0
Shakib Al Hasan,501222,2011,29,13,2.1666666666666665,13.38
Shakib Al Hasan,501262,2011,14,24,4.0,3.5
Shakib Al Hasan,501267,2011,23,24,4.0,5.75
Shakib Al Hasan,501269,2011,24,20,3.3333333333333335,7.2
Shakib Al Hasan,548315,2012,18,18,3.0,6.0
Shakib Al Hasan,548320,2012,17,24,4.0,4.25
Shakib Al Hasan,548323,2012,26,24,4.0,6.5
Shakib Al Hasan,548363,2012,27,24,4.0,6.75
Shakib Al Hasan,548370,2012,24,24,4.0,6.0
Shakib Al Hasan,548375,2012,18,24,4.0,4.5
Shakib Al Hasan,548378,2012,36,24,4.0,9.0
Shakib Al Hasan,548381,2012,24,18,3.0,8.0
Shakib Al Hasan,729279,2014,29,24,4.0,7.25
Shakib Al Hasan,729289,2014,23,18,3.0,7.67
Shakib Al Hasan,729315,2014,23,24,4.0,5.75
Shakib Al Hasan,733971,2014,25,24,4.0,6.25
Shakib Al Hasan,733979,2014,22,24,4.0,5.5
Shakib Al Hasan,733985,2014,13,24,4.0,3.25
Shakib Al Hasan,734009,2014,21,24,4.0,5.25
Shakib Al Hasan,734015,2014,21,18,3.0,7.0
Shakib Al Hasan,734023,2014,29,24,4.0,7.25
Shakib Al Hasan,734027,2014,26,24,4.0,6.5
Shakib Al Hasan,734037,2014,25,24,4.0,6.25
Shakib Al Hasan,734043,2014,43,24,4.0,10.75
Shakib Al Hasan,734049,2014,26,24,4.0,6.5
Shakib Al Hasan,829705,2015,46,24,4.0,11.5
Shakib Al Hasan,829713,2015,16,12,2.0,8.0
Shakib Al Hasan,829805,2015,21,24,4.0,5.25
Shakib Al Hasan,829811,2015,35,24,4.0,8.75
Shakib Al Hasan,980915,2016,18,18,3.0,6.0
Shakib Al Hasan,980925,2016,27,24,4.0,6.75
Shakib Al Hasan,980939,2016,14,18,3.0,4.67
Shakib Al Hasan,980947,2016,30,24,4.0,7.5
Shakib Al Hasan,980963,2016,21,18,3.0,7.0
Shakib Al Hasan,980975,2016,38,18,3.0,12.67
Shakib Al Hasan,980989,2016,21,18,3.0,7.0
Shakib Al Hasan,980995,2016,38,24,4.0,9.5
Shakib Al Hasan,981009,2016,32,24,4.0,8.0
Shakib Al Hasan,1082613,2017,31,18,3.0,10.33
Shakib Al Hasan,1136564,2018,23,24,4.0,5.75
Shakib Al Hasan,1136567,2018,33,24,4.0,8.25
Shakib Al Hasan,1136570,2018,18,24,4.0,4.5
Shakib Al Hasan,1136576,2018,28,12,2.0,14.0
Shakib Al Hasan,1136580,2018,31,24,4.0,7.75
Shakib Al Hasan,1136583,2018,16,18,3.0,5.33
Shakib Al Hasan,1136585,2018,18,18,3.0,6.0
Shakib Al Hasan,1136588,2018,30,24,4.0,7.5
Shakib Al Hasan,1136596,2018,34,24,4.0,8.5
Shakib Al Hasan,1136599,2018,36,24,4.0,9.0
Shakib Al Hasan,1136602,2018,27,24,4.0,6.75
Shakib Al Hasan,1136606,2018,41,24,4.0,10.25
Shakib Al Hasan,1136611,2018,35,24,4.0,8.75
Shakib Al Hasan,1136614,2018,30,18,3.0,10.0
Shakib Al Hasan,1136617,2018,20,12,2.0,10.0
Shakib Al Hasan,1136619,2018,16,18,3.0,5.33
Shakib Al Hasan,1136620,2018,15,6,1.0,15.0
Shakib Al Hasan,1175357,2019,41,22,3.6666666666666665,11.18
Shakib Al Hasan,1178416,2019,27,24,4.0,6.75
Shakib Al Hasan,1178420,2019,26,19,3.1666666666666665,8.21
Shakib Al Hasan,1254060,2021,34,24,4.0,8.5
Shakib Al Hasan,1254062,2021,23,24,4.0,5.75
Shakib Al Hasan,1254067,2021,24,12,2.0,12.0
Shakib Al Hasan,1254106,2021,1,6,1.0,1.0
Shakib Al Hasan,1254109,2021,20,24,4.0,5.0
Shakib Al Hasan,1254115,2021,24,24,4.0,6.0
Shakib Al Hasan,1254116,2021,26,24,4.0,6.5
Shakib Al Hasan,1254117,2021,33,18,3.0,11.0
Shashank Singh,1304071,2022,9,6,1.0,9.0
Shashank Singh,1304092,2022,10,6,1.0,10.0
Shashank Singh,1426307,2024,5,6,1.0,5.0
Shashank Singh,1473464,2025,27,12,2.0,13.5
Shashank Singh,1527690,2026,19,18,3.0,6.33
Shashank Singh,1529267,2026,19,12,2.0,9.5
Shashank Singh,1529304,2026,20,12,2.0,10.0
Shashank Singh,1529311,2026,28,18,3.0,9.33
Shivam Mavi,1136570,2018,10,6,1.0,10.0
Shivam Mavi,1136573,2018,13,12,2.0,6.5
Shivam Mavi,1136575,2018,37,24,4.0,9.25
Shivam Mavi,1136578,2018,27,18,3.0,9.0
Shivam Mavi,1136586,2018,55,24,4.0,13.75
Shivam Mavi,1136589,2018,19,18,3.0,6.33
Shivam Mavi,1136593,2018,20,18,3.0,6.67
Shivam Mavi,1136609,2018,44,24,4.0,11.0
Shivam Mavi,1136619,2018,32,24,4.0,8.0
Shivam Mavi,1216501,2020,32,18,3.0,10.67
Shivam Mavi,1216504,2020,20,24,4.0,5.0
Shivam Mavi,1216508,2020,29,24,4.0,7.25
Shivam Mavi,1216512,2020,33,18,3.0,11.0
Shivam Mavi,1216515,2020,40,18,3.0,13.33
Shivam Mavi,1216526,2020,24,18,3.0,8.0
Shivam Mavi,1216530,2020,14,24,4.0,3.5
Shivam Mavi,1216545,2020,14,12,2.0,7.0
Shivam Mavi,1254075,2021,16,24,4.0,4.0
Shivam Mavi,1254078,2021,12,24,4.0,3.0
Shivam Mavi,1254082,2021,24,6,1.0,24.0
Shivam Mavi,1254102,2021,31,24,4.0,7.75
Shivam Mavi,1254106,2021,21,19,3.1666666666666665,6.63
Shivam Mavi,1254109,2021,28,24,4.0,7.0
Shivam Mavi,1254115,2021,27,24,4.0,6.75
Shivam Mavi,1254116,2021,26,24,4.0,6.5
Shivam Mavi,1254117,2021,32,24,4.0,8.0
Shivam Mavi,1304047,2022,27,24,4.0,6.75
Shivam Mavi,1304054,2022,37,12,2.0,18.5
Shivam Mavi,1304076,2022,34,24,4.0,8.5
Shivam Mavi,1304081,2022,33,24,4.0,8.25
Shivam Mavi,1304093,2022,30,24,4.0,7.5
Shivam Mavi,1304099,2022,49,24,4.0,12.25
Shivam Sharma,733991,2014,26,24,4.0,6.5
Shivam Sharma,734007,2014,31,24,4.0,7.75
Shivam Sharma,734019,2014,32,24,4.0,8.0
Shivam Sharma,734025,2014,32,24,4.0,8.0
Shivam Sharma,829741,2015,44,18,3.0,14.67
Shivang Kumar,1527679,2026,41,24,4.0,10.25
Shivang Kumar,1527683,2026,30,24,4.0,7.5
Shivang Kumar,1527690,2026,32,24,4.0,8.0
Shivang Kumar,1529264,2026,28,18,3.0,9.33
Shivang Kumar,1529270,2026,18,18,3.0,6.0
Shivang Kumar,1529274,2026,28,12,2.0,14.0
Shivang Kumar,1529279,2026,31,12,2.0,15.5
Shivang Kumar,1529288,2026,31,24,4.0,7.75
Shivang Kumar,1529292,2026,43,24,4.0,10.75
Shivang Kumar,1529299,2026,17,12,2.0,8.5
Shivang Kumar,1529306,2026,20,18,3.0,6.67
Shivang Kumar,1529310,2026,31,12,2.0,15.5
Shivang Kumar,1535463,2026,19,12,2.0,9.5
Shoaib Ahmed,392196,2009,30,18,3.0,10.0
Shoaib Ahmed,392201,2009,20,24,4.0,5.0
Shoaib Ahmed,392205,2009,19,12,2.0,9.5
Shoaib Ahmed,392209,2009,14,12,2.0,7.0
Shoaib Ahmed,392212,2009,19,12,2.0,9.5
Shoaib Ahmed,392216,2009,25,18,3.0,8.33
Shoaib Ahmed,392223,2009,24,6,1.0,24.0
Shoaib Akhtar,336017,2008,10,18,3.0,3.33
Shoaib Akhtar,336021,2008,28,12,2.0,14.0
Shoaib Akhtar,336025,2008,12,12,2.0,6.0
Shoaib Malik,335995,2008,28,21,3.5,8.0
Shoaib Malik,335998,2008,8,6,1.0,8.0
Shoaib Malik,336001,2008,9,6,1.0,9.0
Shoaib Malik,336004,2008,6,6,1.0,6.0
Shoaib Malik,336009,2008,25,12,2.0,12.5
Sikandar Raza,1359476,2023,24,18,3.0,8.0
Sikandar Raza,1359482,2023,18,12,2.0,9.0
Sikandar Raza,1359495,2023,18,13,2.1666666666666665,8.31
Sikandar Raza,1359512,2023,17,6,1.0,17.0
Sikandar Raza,1359515,2023,31,18,3.0,10.33
Sikandar Raza,1359533,2023,3,6,1.0,3.0
Sikandar Raza,1422135,2024,22,12,2.0,11.0
Simarjeet Singh,1304092,2022,22,12,2.0,11.0
Simarjeet Singh,1304095,2022,20,12,2.0,10.0
Simarjeet Singh,1304101,2022,26,24,4.0,6.5
Simarjeet Singh,1304105,2022,17,24,4.0,4.25
Simarjeet Singh,1304108,2022,25,18,3.0,8.33
Simarjeet Singh,1304114,2022,18,18,3.0,6.0
Simarjeet Singh,1426291,2024,16,18,3.0,5.33
Simarjeet Singh,1426297,2024,58,24,4.0,14.5
Simarjeet Singh,1426299,2024,22,24,4.0,5.5
Simarjeet Singh,1426306,2024,17,6,1.0,17.0
Simarjeet Singh,1473439,2025,42,18,3.0,14.0
Simarjeet Singh,1473444,2025,28,12,2.0,14.0
Simarjeet Singh,1473452,2025,47,24,4.0,11.75
Simarjeet Singh,1473457,2025,20,6,1.0,20.0
Sohail Tanvir,335992,2008,30,24,4.0,7.5
Sohail Tanvir,336000,2008,28,24,4.0,7.0
Sohail Tanvir,336005,2008,14,24,4.0,3.5
Sohail Tanvir,336008,2008,9,19,3.1666666666666665,2.84
Sohail Tanvir,336011,2008,38,24,4.0,9.5
Sohail Tanvir,336023,2008,7,24,4.0,1.75
Sohail Tanvir,336027,2008,24,24,4.0,6.0
Sohail Tanvir,336033,2008,31,24,4.0,7.75
Sohail Tanvir,336036,2008,13,24,4.0,3.25
Sohail Tanvir,336038,2008,13,12,2.0,6.5
Sohail Tanvir,336040,2008,39,24,4.0,9.75
Sumit Kumar,1422120,2024,17,8,1.3333333333333333,12.75
Sumit Kumar,1422134,2024,19,12,2.0,9.5
Sunny Gupta,548380,2012,45,18,3.0,15.0
Suryansh Shedge,1473486,2025,37,18,3.0,12.33
Suyash Sharma,1359483,2023,29,24,4.0,7.25
Suyash Sharma,1359487,2023,34,24,4.0,8.5
Suyash Sharma,1359493,2023,44,24,4.0,11.0
Suyash Sharma,1359496,2023,27,24,4.0,6.75
Suyash Sharma,1359507,2023,29,24,4.0,7.25
Suyash Sharma,1359510,2023,29,24,4.0,7.25
Suyash Sharma,1359513,2023,37,24,4.0,9.25
Suyash Sharma,1359527,2023,25,24,4.0,6.25
Suyash Sharma,1359530,2023,22,18,3.0,7.33
Suyash Sharma,1359535,2023,27,18,3.0,9.0
Suyash Sharma,1359542,2023,12,6,1.0,12.0
Suyash Sharma,1422121,2024,18,12,2.0,9.0
Suyash Sharma,1426274,2024,32,12,2.0,16.0
Suyash Sharma,1473438,2025,46,24,4.0,11.5
Suyash Sharma,1473445,2025,31,24,4.0,7.75
Suyash Sharma,1473458,2025,31,24,4.0,7.75
Suyash Sharma,1473461,2025,25,24,4.0,6.25
Suyash Sharma,1473465,2025,38,24,4.0,9.5
Suyash Sharma,1473471,2025,25,18,3.0,8.33
Suyash Sharma,1473474,2025,26,24,4.0,6.5
Suyash Sharma,1473479,2025,31,24,4.0,7.75
Suyash Sharma,1473483,2025,22,24,4.0,5.5
Suyash Sharma,1473489,2025,43,24,4.0,10.75
Suyash Sharma,1473503,2025,45,18,3.0,15.0
Suyash Sharma,1473507,2025,39,18,3.0,13.0
Suyash Sharma,1473508,2025,12,18,3.0,4.0
Suyash Sharma,1473511,2025,19,12,2.0,9.5
Suyash Sharma,1527674,2026,28,18,3.0,9.33
Suyash Sharma,1527684,2026,21,24,4.0,5.25
Suyash Sharma,1527693,2026,47,24,4.0,11.75
Suyash Sharma,1529266,2026,34,24,4.0,8.5
Suyash Sharma,1529269,2026,31,18,3.0,10.33
Suyash Sharma,1529277,2026,35,24,4.0,8.75
Suyash Sharma,1529282,2026,4,24,4.0,1.0
Suyash Sharma,1529285,2026,42,23,3.8333333333333335,10.96
Suyash Sharma,1529293,2026,21,12,2.0,10.5
Suyash Sharma,1529297,2026,21,12,2.0,10.5
Suyash Sharma,1529304,2026,49,24,4.0,12.25
Suyash Sharma,1529310,2026,35,18,3.0,11.67
Swapnil Singh,980963,2016,29,18,3.0,9.67
Swapnil Singh,1082594,2017,14,12,2.0,7.0
Swapnil Singh,1082612,2017,22,12,2.0,11.0
Swapnil Singh,1082639,2017,18,12,2.0,9.0
Swapnil Singh,1082645,2017,6,6,1.0,6.0
Swapnil Singh,1359525,2023,7,6,1.0,7.0
Swapnil Singh,1359537,2023,11,6,1.0,11.0
Swapnil Singh,1426279,2024,38,18,3.0,12.67
Swapnil Singh,1426283,2024,23,18,3.0,7.67
Swapnil Singh,1426290,2024,1,6,1.0,1.0
Swapnil Singh,1426296,2024,28,18,3.0,9.33
Swapnil Singh,1426300,2024,9,6,1.0,9.0
Swapnil Singh,1426306,2024,12,12,2.0,6.0
Swapnil Singh,1426310,2024,19,12,2.0,9.5
T Henderson,392182,2009,30,24,4.0,7.5
T Henderson,392233,2009,10,12,2.0,5.0
T Natarajan,1082594,2017,26,18,3.0,8.67
T Natarajan,1082598,2017,12,6,1.0,12.0
T Natarajan,1082616,2017,20,18,3.0,6.67
T Natarajan,1082626,2017,6,12,2.0,3.0
T Natarajan,1082633,2017,15,6,1.0,15.0
T Natarajan,1082637,2017,30,16,2.6666666666666665,11.25
T Natarajan,1216495,2020,38,24,4.0,9.5
T Natarajan,1216498,2020,21,24,4.0,5.25
T Natarajan,1216502,2020,11,24,4.0,2.75
T Natarajan,1216507,2020,32,24,4.0,8.0
T Natarajan,1216512,2020,38,24,4.0,9.5
T Natarajan,1216516,2020,42,24,4.0,10.5
T Natarajan,1216518,2020,45,24,4.0,11.25
T Natarajan,1216524,2020,26,24,4.0,6.5
T Natarajan,1216528,2020,40,24,4.0,10.0
T Natarajan,1216532,2020,24,24,4.0,6.0
T Natarajan,1216534,2020,34,24,4.0,8.5
T Natarajan,1216538,2020,29,24,4.0,7.25
T Natarajan,1216542,2020,23,23,3.8333333333333335,6.0
T Natarajan,1216545,2020,26,18,3.0,8.67
T Natarajan,1237178,2020,33,24,4.0,8.25
T Natarajan,1237180,2020,29,24,4.0,7.25
T Natarajan,1254060,2021,36,24,4.0,9.0
T Natarajan,1254063,2021,31,24,4.0,7.75
T Natarajan,1304051,2022,41,24,4.0,10.25
T Natarajan,1304058,2022,26,24,4.0,6.5
T Natarajan,1304063,2022,29,24,4.0,7.25
T Natarajan,1304067,2022,33,24,4.0,8.25
T Natarajan,1304071,2022,37,24,4.0,9.25
T Natarajan,1304074,2022,33,24,4.0,8.25
T Natarajan,1304082,2022,5,18,3.0,1.67
T Natarajan,1304086,2022,42,24,4.0,10.5
T Natarajan,1304092,2022,41,24,4.0,10.25
T Natarajan,1304107,2022,42,24,4.0,10.5
T Natarajan,1304111,2022,58,24,4.0,14.5
T Natarajan,1359478,2023,23,18,3.0,7.67
T Natarajan,1359484,2023,22,18,3.0,7.33
T Natarajan,1359488,2023,40,24,4.0,10.0
T Natarajan,1359493,2023,53,24,4.0,13.25
T Natarajan,1359499,2023,50,24,4.0,12.5
T Natarajan,1359508,2023,21,18,3.0,7.0
T Natarajan,1359514,2023,34,24,4.0,8.5
T Natarajan,1359521,2023,28,24,4.0,7.0
T Natarajan,1359526,2023,35,24,4.0,8.75
T Natarajan,1359532,2023,31,24,4.0,7.75
T Natarajan,1359536,2023,34,24,4.0,8.5
T Natarajan,1359539,2023,33,24,4.0,8.25
T Natarajan,1422121,2024,29,24,4.0,7.25
T Natarajan,1422136,2024,39,24,4.0,9.75
T Natarajan,1426261,2024,33,24,4.0,8.25
T Natarajan,1426268,2024,43,24,4.0,10.75
T Natarajan,1426273,2024,18,24,4.0,4.5
T Natarajan,1426279,2024,38,24,4.0,9.5
T Natarajan,1426284,2024,40,24,4.0,10.0
T Natarajan,1426288,2024,32,24,4.0,8.0
T Natarajan,1426293,2024,31,20,3.3333333333333335,9.3
T Natarajan,1426295,2024,47,24,4.0,11.75
T Natarajan,1426307,2024,31,24,4.0,7.75
T Natarajan,1426309,2024,21,18,3.0,7.0
T Natarajan,1426311,2024,12,18,3.0,4.0
T Natarajan,1426312,2024,27,12,2.0,13.5
T Natarajan,1473495,2025,4,7,1.1666666666666667,3.43
T Natarajan,1473498,2025,49,18,3.0,16.33
T Natarajan,1527678,2026,29,24,4.0,7.25
T Natarajan,1527681,2026,24,18,3.0,8.0
T Natarajan,1527687,2026,34,24,4.0,8.5
T Natarajan,1527691,2026,53,24,4.0,13.25
T Natarajan,1529269,2026,15,12,2.0,7.5
T Natarajan,1529274,2026,37,24,4.0,9.25
T Natarajan,1529278,2026,48,23,3.8333333333333335,12.52
T Natarajan,1529286,2026,51,24,4.0,12.75
T Natarajan,1529291,2026,39,15,2.5,15.6
T Shamsi,980931,2016,36,24,4.0,9.0
T Shamsi,980937,2016,21,24,4.0,5.25
T Shamsi,980953,2016,39,24,4.0,9.75
T Shamsi,980959,2016,51,24,4.0,12.75
T Shamsi,1254097,2021,34,24,4.0,8.5
T Stubbs,1359523,2023,14,12,2.0,7.0
T Stubbs,1426270,2024,10,6,1.0,10.0
T Stubbs,1426302,2024,4,6,1.0,4.0
T Stubbs,1473441,2025,28,6,1.0,28.0
T Stubbs,1473469,2025,12,6,1.0,12.0
T Thushara,392181,2009,32,24,4.0,8.0
T Thushara,392234,2009,26,24,4.0,6.5
T Thushara,419129,2010,27,24,4.0,6.75
T Thushara,419133,2010,29,24,4.0,7.25
T Thushara,419142,2010,8,15,2.5,3.2
T Thushara,419147,2010,25,24,4.0,6.25
T Vijay,1529305,2026,29,12,2.0,14.5
TA Boult,829711,2015,33,24,4.0,8.25
TA Boult,829719,2015,30,24,4.0,7.5
TA Boult,829727,2015,29,24,4.0,7.25
TA Boult,829751,2015,25,24,4.0,6.25
TA Boult,829759,2015,17,24,4.0,4.25
TA Boult,829773,2015,44,24,4.0,11.0
TA Boult,829799,2015,44,24,4.0,11.0
TA Boult,981017,2016,37,24,4.0,9.25
TA Boult,1082593,2017,39,24,4.0,9.75
TA Boult,1082597,2017,46,23,3.8333333333333335,12.0
TA Boult,1082601,2017,36,24,4.0,9.0
TA Boult,1082604,2017,33,24,4.0,8.25
TA Boult,1082644,2017,28,24,4.0,7.0
TA Boult,1082648,2017,29,24,4.0,7.25
TA Boult,1136562,2018,32,23,3.8333333333333335,8.35
TA Boult,1136566,2018,26,18,3.0,8.67
TA Boult,1136569,2018,38,24,4.0,9.5
TA Boult,1136573,2018,29,24,4.0,7.25
TA Boult,1136579,2018,33,24,4.0,8.25
TA Boult,1136582,2018,20,18,3.0,6.67
TA Boult,1136586,2018,42,24,4.0,10.5
TA Boult,1136590,2018,48,24,4.0,12.0
TA Boult,1136592,2018,23,18,3.0,7.67
TA Boult,1136596,2018,27,24,4.0,6.75
TA Boult,1136602,2018,43,23,3.8333333333333335,11.22
TA Boult,1136605,2018,40,24,4.0,10.0
TA Boult,1136612,2018,20,24,4.0,5.0
TA Boult,1136615,2018,32,24,4.0,8.0
TA Boult,1175358,2019,41,24,4.0,10.25
TA Boult,1178425,2019,35,24,4.0,8.75
TA Boult,1178428,2019,24,24,4.0,6.0
TA Boult,1181766,2019,36,18,3.0,12.0
TA Boult,1181767,2019,20,24,4.0,5.0
TA Boult,1216492,2020,23,20,3.3333333333333335,6.9
TA Boult,1216499,2020,39,24,4.0,9.75
TA Boult,1216503,2020,42,24,4.0,10.5
TA Boult,1216508,2020,30,24,4.0,7.5
TA Boult,1216511,2020,26,24,4.0,6.5
TA Boult,1216517,2020,62,28,4.666666666666667,13.29
TA Boult,1216521,2020,17,24,4.0,4.25
TA Boult,1216526,2020,31,24,4.0,7.75
TA Boult,1216529,2020,34,24,4.0,8.5
TA Boult,1216535,2020,21,24,4.0,5.25
TA Boult,1216538,2020,28,24,4.0,7.0
TA Boult,1216541,2020,40,24,4.0,10.0
TA Boult,1216547,2020,34,24,4.0,8.5
TA Boult,1237177,2020,9,12,2.0,4.5
TA Boult,1237181,2020,30,24,4.0,7.5
TA Boult,1254058,2021,30,24,4.0,7.5
TA Boult,1254062,2021,27,24,4.0,6.75
TA Boult,1254066,2021,28,22,3.6666666666666665,7.64
TA Boult,1254070,2021,23,24,4.0,5.75
TA Boult,1254074,2021,25,16,2.6666666666666665,9.38
TA Boult,1254081,2021,37,24,4.0,9.25
TA Boult,1254084,2021,41,24,4.0,10.25
TA Boult,1254088,2021,30,24,4.0,7.5
TA Boult,1254093,2021,22,24,4.0,5.5
TA Boult,1254096,2021,23,12,2.0,11.5
TA Boult,1254099,2021,29,18,3.0,9.67
TA Boult,1254104,2021,35,24,4.0,8.75
TA Boult,1254108,2021,16,24,4.0,4.0
TA Boult,1254112,2021,23,24,4.0,5.75
TA Boult,1304051,2022,20,24,4.0,5.0
TA Boult,1304055,2022,28,24,4.0,7.0
TA Boult,1304059,2022,34,24,4.0,8.5
TA Boult,1304066,2022,29,24,4.0,7.25
TA Boult,1304076,2022,48,24,4.0,12.0
TA Boult,1304080,2022,46,24,4.0,11.5
TA Boult,1304085,2022,20,18,3.0,6.67
TA Boult,1304090,2022,20,18,3.0,6.67
TA Boult,1304093,2022,23,24,4.0,5.75
TA Boult,1304098,2022,35,24,4.0,8.75
TA Boult,1304104,2022,30,24,4.0,7.5
TA Boult,1304109,2022,18,24,4.0,4.5
TA Boult,1304114,2022,44,24,4.0,11.0
TA Boult,1312197,2022,38,24,4.0,9.5
TA Boult,1312199,2022,28,24,4.0,7.0
TA Boult,1312200,2022,12,24,4.0,3.0
TA Boult,1359478,2023,21,24,4.0,5.25
TA Boult,1359482,2023,36,24,4.0,9.0
TA Boult,1359485,2023,29,24,4.0,7.25
TA Boult,1359497,2023,44,24,4.0,11.0
TA Boult,1359500,2023,16,24,4.0,4.0
TA Boult,1359506,2023,36,24,4.0,9.0
TA Boult,1359516,2023,41,24,4.0,10.25
TA Boult,1359522,2023,28,18,3.0,9.33
TA Boult,1359530,2023,15,18,3.0,5.0
TA Boult,1359540,2023,34,24,4.0,8.5
TA Boult,1422122,2024,35,24,4.0,8.75
TA Boult,1422127,2024,29,18,3.0,9.67
TA Boult,1422132,2024,21,24,4.0,5.25
TA Boult,1422137,2024,29,18,3.0,9.67
TA Boult,1426262,2024,8,12,2.0,4.0
TA Boult,1426265,2024,19,24,4.0,4.75
TA Boult,1426269,2024,31,24,4.0,7.75
TA Boult,1426276,2024,29,24,4.0,7.25
TA Boult,1426282,2024,35,24,4.0,8.75
TA Boult,1426288,2024,32,24,4.0,8.0
TA Boult,1426294,2024,48,24,4.0,12.0
TA Boult,1426299,2024,23,14,2.3333333333333335,9.86
TA Boult,1426303,2024,27,18,3.0,9.0
TA Boult,1426310,2024,16,24,4.0,4.0
TA Boult,1426311,2024,43,24,4.0,10.75
TA Boult,1473440,2025,26,18,3.0,8.67
TA Boult,1473446,2025,34,24,4.0,8.5
TA Boult,1473449,2025,23,24,4.0,5.75
TA Boult,1473453,2025,28,18,3.0,9.33
TA Boult,1473458,2025,55,24,4.0,13.75
TA Boult,1473466,2025,16,12,2.0,8.0
TA Boult,1473470,2025,27,24,4.0,6.75
TA Boult,1473475,2025,42,24,4.0,10.5
TA Boult,1473478,2025,25,24,4.0,6.25
TA Boult,1473482,2025,20,24,4.0,5.0
TA Boult,1473487,2025,27,13,2.1666666666666665,12.46
TA Boult,1473493,2025,22,24,4.0,5.5
TA Boult,1473501,2025,29,24,4.0,7.25
TA Boult,1473506,2025,36,21,3.5,10.29
TA Boult,1473509,2025,55,24,4.0,13.75
TA Boult,1473510,2025,37,24,4.0,9.25
TA Boult,1527675,2026,35,24,4.0,8.75
TA Boult,1527686,2026,21,6,1.0,21.0
TA Boult,1527693,2026,48,24,4.0,12.0
TA Boult,1529284,2026,39,24,4.0,9.75
TA Boult,1529287,2026,35,19,3.1666666666666665,11.05
TG Southee,501198,2011,30,24,4.0,7.5
TG Southee,501206,2011,33,24,4.0,8.25
TG Southee,501211,2011,31,24,4.0,7.75
TG Southee,501215,2011,36,18,3.0,12.0
TG Southee,501228,2011,31,24,4.0,7.75
TG Southee,729297,2014,26,24,4.0,6.5
TG Southee,729305,2014,16,18,3.0,5.33
TG Southee,733979,2014,31,18,3.0,10.33
TG Southee,829709,2015,33,24,4.0,8.25
TG Southee,829715,2015,35,24,4.0,8.75
TG Southee,829721,2015,46,24,4.0,11.5
TG Southee,829727,2015,29,24,4.0,7.25
TG Southee,829763,2015,30,24,4.0,7.5
TG Southee,829769,2015,36,24,4.0,9.0
TG Southee,829777,2015,30,24,4.0,7.5
TG Southee,980909,2016,40,24,4.0,10.0
TG Southee,980917,2016,31,24,4.0,7.75
TG Southee,980923,2016,23,24,4.0,5.75
TG Southee,980927,2016,25,24,4.0,6.25
TG Southee,980933,2016,18,18,3.0,6.0
TG Southee,980941,2016,28,24,4.0,7.0
TG Southee,980947,2016,38,24,4.0,9.5
TG Southee,980957,2016,34,24,4.0,8.5
TG Southee,980973,2016,35,24,4.0,8.75
TG Southee,980981,2016,26,24,4.0,6.5
TG Southee,980985,2016,21,24,4.0,5.25
TG Southee,1082592,2017,32,24,4.0,8.0
TG Southee,1082602,2017,21,12,2.0,10.5
TG Southee,1082644,2017,36,24,4.0,9.0
TG Southee,1136589,2018,32,24,4.0,8.0
TG Southee,1136591,2018,24,24,4.0,6.0
TG Southee,1136595,2018,30,18,3.0,10.0
TG Southee,1136599,2018,29,24,4.0,7.25
TG Southee,1136605,2018,37,24,4.0,9.25
TG Southee,1136608,2018,19,12,2.0,9.5
TG Southee,1136611,2018,44,24,4.0,11.0
TG Southee,1136613,2018,36,24,4.0,9.0
TG Southee,1175372,2019,56,24,4.0,14.0
TG Southee,1178395,2019,22,12,2.0,11.0
TG Southee,1178417,2019,32,18,3.0,10.67
TG Southee,1254092,2021,28,24,4.0,7.0
TG Southee,1254102,2021,39,24,4.0,9.75
TG Southee,1254109,2021,26,24,4.0,6.5
TG Southee,1304052,2022,18,24,4.0,4.5
TG Southee,1304054,2022,35,24,4.0,8.75
TG Southee,1304081,2022,22,24,4.0,5.5
TG Southee,1304087,2022,30,24,4.0,7.5
TG Southee,1304093,2022,43,24,4.0,10.75
TG Southee,1304099,2022,28,24,4.0,7.0
TG Southee,1304102,2022,10,18,3.0,3.33
TG Southee,1304107,2022,23,24,4.0,5.75
TG Southee,1304112,2022,56,24,4.0,14.0
TG Southee,1359476,2023,54,24,4.0,13.5
TG Southee,1359483,2023,25,12,2.0,12.5
TH David,1527689,2026,18,6,1.0,18.0
TK Curran,1136565,2018,39,18,3.0,13.0
TK Curran,1136573,2018,21,12,2.0,10.5
TK Curran,1136575,2018,17,12,2.0,8.5
TK Curran,1136601,2018,30,18,3.0,10.0
TK Curran,1216496,2020,52,24,4.0,13.0
TK Curran,1216504,2020,33,24,4.0,8.25
TK Curran,1216511,2020,32,18,3.0,10.67
TK Curran,1216514,2020,40,19,3.1666666666666665,12.63
TK Curran,1216527,2020,43,24,4.0,10.75
TK Curran,1254059,2021,39,24,4.0,9.75
TK Curran,1254064,2021,34,22,3.6666666666666665,9.27
TK Curran,1254114,2021,27,22,3.6666666666666665,7.36
TL Suman,392209,2009,29,18,3.0,9.67
TL Suman,392212,2009,14,24,4.0,3.5
TL Suman,392216,2009,24,18,3.0,8.0
TL Suman,392229,2009,22,24,4.0,5.5
TL Suman,392236,2009,18,6,1.0,18.0
TL Suman,419106,2010,14,6,1.0,14.0
TL Suman,419110,2010,8,6,1.0,8.0
TL Suman,501237,2011,12,6,1.0,12.0
TL Suman,501251,2011,23,18,3.0,7.67
TL Suman,501256,2011,15,12,2.0,7.5
TL Suman,598042,2013,15,12,2.0,7.5
TM Dilshan,336026,2008,3,6,1.0,3.0
TM Dilshan,392198,2009,4,6,1.0,4.0
TM Dilshan,392201,2009,15,6,1.0,15.0
TM Dilshan,392206,2009,23,18,3.0,7.67
TM Dilshan,392219,2009,18,24,4.0,4.5
TM Dilshan,392223,2009,8,12,2.0,4.0
TM Dilshan,392226,2009,7,6,1.0,7.0
TM Dilshan,392230,2009,10,6,1.0,10.0
TM Dilshan,392237,2009,13,18,3.0,4.33
TM Dilshan,419108,2010,7,6,1.0,7.0
TM Dilshan,419116,2010,30,13,2.1666666666666665,13.85
TM Dilshan,419155,2010,19,24,4.0,4.75
TM Dilshan,419160,2010,14,6,1.0,14.0
TM Dilshan,501200,2011,30,24,4.0,7.5
TM Dilshan,501205,2011,12,6,1.0,12.0
TM Dilshan,501208,2011,22,12,2.0,11.0
TM Dilshan,501211,2011,21,12,2.0,10.5
TM Dilshan,501222,2011,14,12,2.0,7.0
TM Dilshan,501247,2011,6,6,1.0,6.0
TM Dilshan,548327,2012,24,12,2.0,12.0
TM Dilshan,548344,2012,19,12,2.0,9.5
TM Dilshan,548356,2012,17,6,1.0,17.0
TM Dilshan,548372,2012,10,6,1.0,10.0
TM Dilshan,548376,2012,5,6,1.0,5.0
TM Dilshan,598004,2013,10,6,1.0,10.0
TM Head,1082591,2017,11,6,1.0,11.0
TM Head,1082610,2017,18,12,2.0,9.0
TM Head,1082636,2017,11,7,1.1666666666666667,9.43
TM Head,1082646,2017,30,18,3.0,10.0
TM Head,1426309,2024,32,10,1.6666666666666665,19.2
TM Head,1529310,2026,7,6,1.0,7.0
TP Sudhindra,548311,2012,44,24,4.0,11.0
TP Sudhindra,548329,2012,38,22,3.6666666666666665,10.36
TP Sudhindra,548366,2012,46,24,4.0,11.5
TS Mills,1082591,2017,29,24,4.0,7.25
TS Mills,1082595,2017,33,24,4.0,8.25
TS Mills,1082598,2017,22,12,2.0,11.0
TS Mills,1082602,2017,35,23,3.8333333333333335,9.13
TS Mills,1082617,2017,25,24,4.0,6.25
TS Mills,1304048,2022,24,18,3.0,8.0
TS Mills,1304055,2022,35,24,4.0,8.75
TS Mills,1304060,2022,38,18,3.0,12.67
TS Mills,1304069,2022,35,24,4.0,8.75
TS Mills,1304072,2022,52,18,3.0,17.33
TU Deshpande,1216497,2020,39,24,4.0,9.75
TU Deshpande,1216509,2020,37,24,4.0,9.25
TU Deshpande,1216524,2020,35,18,3.0,11.67
TU Deshpande,1216543,2020,32,24,4.0,8.0
TU Deshpande,1216546,2020,40,12,2.0,20.0
TU Deshpande,1304047,2022,23,18,3.0,7.67
TU Deshpande,1304053,2022,39,24,4.0,9.75
TU Deshpande,1359475,2023,48,20,3.3333333333333335,14.4
TU Deshpande,1359480,2023,38,25,4.166666666666667,9.12
TU Deshpande,1359486,2023,30,18,3.0,10.0
TU Deshpande,1359491,2023,36,24,4.0,9.0
TU Deshpande,1359498,2023,42,24,4.0,10.5
TU Deshpande,1359503,2023,25,18,3.0,8.33
TU Deshpande,1359507,2023,39,24,4.0,9.75
TU Deshpande,1359511,2023,42,24,4.0,10.5
TU Deshpande,1359515,2023,47,24,4.0,11.75
TU Deshpande,1359519,2023,1,6,1.0,1.0
TU Deshpande,1359523,2023,25,24,4.0,6.25
TU Deshpande,1359529,2023,18,18,3.0,6.0
TU Deshpande,1359535,2023,23,21,3.5,6.57
TU Deshpande,1359541,2023,25,24,4.0,6.25
TU Deshpande,1370350,2023,41,24,4.0,10.25
TU Deshpande,1370353,2023,56,24,4.0,14.0
TU Deshpande,1422119,2024,41,24,4.0,10.25
TU Deshpande,1422125,2024,21,24,4.0,5.25
TU Deshpande,1422131,2024,22,24,4.0,5.5
TU Deshpande,1422136,2024,20,12,2.0,10.0
TU Deshpande,1426260,2024,31,24,4.0,7.75
TU Deshpande,1426267,2024,29,24,4.0,7.25
TU Deshpande,1426272,2024,37,24,4.0,9.25
TU Deshpande,1426277,2024,29,18,3.0,9.67
TU Deshpande,1426284,2024,27,18,3.0,9.0
TU Deshpande,1426291,2024,34,24,4.0,8.5
TU Deshpande,1426297,2024,31,24,4.0,7.75
TU Deshpande,1426299,2024,30,24,4.0,7.5
TU Deshpande,1426306,2024,45,24,4.0,11.25
TU Deshpande,1473439,2025,39,24,4.0,9.75
TU Deshpande,1473443,2025,7,6,1.0,7.0
TU Deshpande,1473448,2025,43,24,4.0,10.75
TU Deshpande,1473460,2025,46,24,4.0,11.5
TU Deshpande,1473465,2025,21,12,2.0,10.5
TU Deshpande,1473469,2025,38,18,3.0,12.67
TU Deshpande,1473473,2025,23,24,4.0,5.75
TU Deshpande,1473479,2025,34,12,2.0,17.0
TU Deshpande,1473497,2025,36,24,4.0,9.0
TU Deshpande,1473500,2025,33,24,4.0,8.25
TU Deshpande,1527682,2026,23,18,3.0,7.67
TU Deshpande,1527686,2026,28,12,2.0,14.0
TU Deshpande,1529264,2026,51,24,4.0,12.75
TU Deshpande,1529279,2026,42,18,3.0,14.0
TU Deshpande,1529286,2026,35,24,4.0,8.75
TU Deshpande,1529295,2026,49,24,4.0,12.25
TU Deshpande,1535464,2026,34,18,3.0,11.33
Tejas Baroka,1082596,2017,33,21,3.5,9.43
Tilak Varma,1304060,2022,6,6,1.0,6.0
Tilak Varma,1304072,2022,7,6,1.0,7.0
Tilak Varma,1359490,2023,6,6,1.0,6.0
UT Yadav,419116,2010,36,24,4.0,9.0
UT Yadav,419120,2010,36,24,4.0,9.0
UT Yadav,419128,2010,25,24,4.0,6.25
UT Yadav,419131,2010,23,24,4.0,5.75
UT Yadav,419134,2010,21,18,3.0,7.0
UT Yadav,419155,2010,8,6,1.0,8.0
UT Yadav,419160,2010,23,24,4.0,5.75
UT Yadav,501201,2011,16,12,2.0,8.0
UT Yadav,501213,2011,30,24,4.0,7.5
UT Yadav,501227,2011,37,24,4.0,9.25
UT Yadav,501230,2011,28,24,4.0,7.0
UT Yadav,501233,2011,28,18,3.0,9.33
UT Yadav,501238,2011,15,6,1.0,15.0
UT Yadav,548307,2012,9,12,2.0,4.5
UT Yadav,548310,2012,8,12,2.0,4.0
UT Yadav,548316,2012,22,18,3.0,7.33
UT Yadav,548321,2012,29,18,3.0,9.67
UT Yadav,548325,2012,9,24,4.0,2.25
UT Yadav,548333,2012,29,24,4.0,7.25
UT Yadav,548337,2012,40,24,4.0,10.0
UT Yadav,548342,2012,35,24,4.0,8.75
UT Yadav,548345,2012,34,24,4.0,8.5
UT Yadav,548349,2012,27,24,4.0,6.75
UT Yadav,548357,2012,27,24,4.0,6.75
UT Yadav,548364,2012,23,18,3.0,7.67
UT Yadav,548369,2012,20,24,4.0,5.0
UT Yadav,548372,2012,34,24,4.0,8.5
UT Yadav,548374,2012,19,24,4.0,4.75
UT Yadav,548378,2012,36,24,4.0,9.0
UT Yadav,548380,2012,27,24,4.0,6.75
UT Yadav,597998,2013,21,18,3.0,7.0
UT Yadav,598001,2013,24,24,4.0,6.0
UT Yadav,598006,2013,25,18,3.0,8.33
UT Yadav,598010,2013,32,18,3.0,10.67
UT Yadav,598017,2013,37,30,5.0,7.4
UT Yadav,598020,2013,32,24,4.0,8.0
UT Yadav,598024,2013,30,24,4.0,7.5
UT Yadav,598028,2013,38,24,4.0,9.5
UT Yadav,598035,2013,23,24,4.0,5.75
UT Yadav,598040,2013,34,24,4.0,8.5
UT Yadav,598044,2013,26,17,2.8333333333333335,9.18
UT Yadav,598049,2013,22,18,3.0,7.33
UT Yadav,598054,2013,64,24,4.0,16.0
UT Yadav,598059,2013,19,18,3.0,6.33
UT Yadav,598062,2013,26,24,4.0,6.5
UT Yadav,598067,2013,46,24,4.0,11.5
UT Yadav,729299,2014,36,24,4.0,9.0
UT Yadav,729307,2014,28,24,4.0,7.0
UT Yadav,733979,2014,31,18,3.0,10.33
UT Yadav,733985,2014,24,24,4.0,6.0
UT Yadav,733997,2014,33,24,4.0,8.25
UT Yadav,734009,2014,24,18,3.0,8.0
UT Yadav,734015,2014,24,24,4.0,6.0
UT Yadav,734023,2014,27,24,4.0,6.75
UT Yadav,734027,2014,42,24,4.0,10.5
UT Yadav,734037,2014,31,18,3.0,10.33
UT Yadav,734043,2014,12,24,4.0,3.0
UT Yadav,734049,2014,36,24,4.0,9.0
UT Yadav,829705,2015,36,18,3.0,12.0
UT Yadav,829723,2015,16,12,2.0,8.0
UT Yadav,829733,2015,32,24,4.0,8.0
UT Yadav,829739,2015,15,24,4.0,3.75
UT Yadav,829743,2015,39,24,4.0,9.75
UT Yadav,829761,2015,26,24,4.0,6.5
UT Yadav,829765,2015,35,24,4.0,8.75
UT Yadav,829771,2015,30,12,2.0,15.0
UT Yadav,829781,2015,32,24,4.0,8.0
UT Yadav,829791,2015,34,24,4.0,8.5
UT Yadav,829805,2015,34,18,3.0,11.33
UT Yadav,829811,2015,36,24,4.0,9.0
UT Yadav,980903,2016,21,18,3.0,7.0
UT Yadav,980915,2016,27,24,4.0,6.75
UT Yadav,980925,2016,17,18,3.0,5.67
UT Yadav,980939,2016,16,12,2.0,8.0
UT Yadav,980947,2016,17,12,2.0,8.5
UT Yadav,980951,2016,33,18,3.0,11.0
UT Yadav,980959,2016,52,24,4.0,13.0
UT Yadav,980963,2016,25,18,3.0,8.33
UT Yadav,980975,2016,18,12,2.0,9.0
UT Yadav,1082601,2017,30,24,4.0,7.5
UT Yadav,1082604,2017,26,18,3.0,8.67
UT Yadav,1082608,2017,53,24,4.0,13.25
UT Yadav,1082613,2017,17,12,2.0,8.5
UT Yadav,1082617,2017,15,18,3.0,5.0
UT Yadav,1082620,2017,24,18,3.0,8.0
UT Yadav,1082622,2017,37,24,4.0,9.25
UT Yadav,1082627,2017,30,24,4.0,7.5
UT Yadav,1082631,2017,23,24,4.0,5.75
UT Yadav,1082636,2017,35,24,4.0,8.75
UT Yadav,1082639,2017,24,18,3.0,8.0
UT Yadav,1082644,2017,40,24,4.0,10.0
UT Yadav,1082648,2017,18,24,4.0,4.5
UT Yadav,1082649,2017,22,15,2.5,8.8
UT Yadav,1136563,2018,25,24,4.0,6.25
UT Yadav,1136568,2018,23,24,4.0,5.75
UT Yadav,1136571,2018,54,24,4.0,13.5
UT Yadav,1136574,2018,35,24,4.0,8.75
UT Yadav,1136579,2018,27,24,4.0,6.75
UT Yadav,1136584,2018,23,24,4.0,5.75
UT Yadav,1136589,2018,36,19,3.1666666666666665,11.37
UT Yadav,1136591,2018,27,24,4.0,6.75
UT Yadav,1136595,2018,15,18,3.0,5.0
UT Yadav,1136599,2018,34,24,4.0,8.5
UT Yadav,1136605,2018,27,18,3.0,9.0
UT Yadav,1136608,2018,23,24,4.0,5.75
UT Yadav,1136611,2018,31,24,4.0,7.75
UT Yadav,1136613,2018,25,24,4.0,6.25
UT Yadav,1175356,2019,12,18,3.0,4.0
UT Yadav,1175362,2019,25,24,4.0,6.25
UT Yadav,1175366,2019,47,24,4.0,11.75
UT Yadav,1175369,2019,39,23,3.8333333333333335,10.17
UT Yadav,1178403,2019,40,24,4.0,10.0
UT Yadav,1178406,2019,24,12,2.0,12.0
UT Yadav,1178414,2019,46,24,4.0,11.5
UT Yadav,1178417,2019,33,24,4.0,8.25
UT Yadav,1178421,2019,39,24,4.0,9.75
UT Yadav,1178424,2019,10,6,1.0,10.0
UT Yadav,1178429,2019,43,24,4.0,10.75
UT Yadav,1216510,2020,33,19,3.1666666666666665,10.42
UT Yadav,1216534,2020,46,24,4.0,11.5
UT Yadav,1304047,2022,17,24,4.0,4.25
UT Yadav,1304052,2022,16,24,4.0,4.0
UT Yadav,1304054,2022,22,24,4.0,5.5
UT Yadav,1304060,2022,25,24,4.0,6.25
UT Yadav,1304065,2022,47,24,4.0,11.75
UT Yadav,1304071,2022,30,24,4.0,7.5
UT Yadav,1304076,2022,42,24,4.0,10.5
UT Yadav,1304081,2022,31,24,4.0,7.75
UT Yadav,1304087,2022,24,24,4.0,6.0
UT Yadav,1304093,2022,22,24,4.0,5.5
UT Yadav,1304107,2022,19,24,4.0,4.75
UT Yadav,1304112,2022,34,24,4.0,8.5
UT Yadav,1359476,2023,27,24,4.0,6.75
UT Yadav,1359483,2023,17,12,2.0,8.5
UT Yadav,1359487,2023,23,18,3.0,7.67
UT Yadav,1359493,2023,41,18,3.0,13.67
UT Yadav,1359496,2023,19,12,2.0,9.5
UT Yadav,1359502,2023,6,6,1.0,6.0
UT Yadav,1359507,2023,35,18,3.0,11.67
UT Yadav,1359510,2023,19,6,1.0,19.0
UT Yadav,1422123,2024,31,18,3.0,10.33
UT Yadav,1422125,2024,26,12,2.0,13.0
UT Yadav,1422130,2024,28,18,3.0,9.33
UT Yadav,1422135,2024,35,18,3.0,11.67
UT Yadav,1422139,2024,22,18,3.0,7.33
UT Yadav,1426262,2024,45,24,4.0,11.25
UT Yadav,1426297,2024,20,18,3.0,6.67
Umar Gul,336000,2008,26,24,4.0,6.5
Umar Gul,336003,2008,25,24,4.0,6.25
Umar Gul,336010,2008,27,18,3.0,9.0
Umar Gul,336014,2008,33,24,4.0,8.25
Umar Gul,336027,2008,27,21,3.5,7.71
Umar Gul,336035,2008,21,24,4.0,5.25
Umran Malik,1254088,2021,47,24,4.0,11.75
Umran Malik,1254095,2021,21,24,4.0,5.25
Umran Malik,1254109,2021,25,24,4.0,6.25
Umran Malik,1304051,2022,32,24,4.0,8.0
Umran Malik,1304058,2022,39,18,3.0,13.0
Umran Malik,1304063,2022,29,18,3.0,9.67
Umran Malik,1304067,2022,34,24,4.0,8.5
Umran Malik,1304071,2022,27,24,4.0,6.75
Umran Malik,1304074,2022,28,24,4.0,7.0
Umran Malik,1304082,2022,11,24,4.0,2.75
Umran Malik,1304086,2022,24,24,4.0,6.0
Umran Malik,1304092,2022,46,24,4.0,11.5
Umran Malik,1304096,2022,46,24,4.0,11.5
Umran Malik,1304100,2022,25,12,2.0,12.5
Umran Malik,1304107,2022,31,24,4.0,7.75
Umran Malik,1304111,2022,14,19,3.1666666666666665,4.42
Umran Malik,1304116,2022,24,13,2.1666666666666665,11.08
Umran Malik,1359478,2023,31,18,3.0,10.33
Umran Malik,1359484,2023,14,12,2.0,7.0
Umran Malik,1359488,2023,31,24,4.0,7.75
Umran Malik,1359493,2023,36,12,2.0,18.0
Umran Malik,1359503,2023,18,18,3.0,6.0
Umran Malik,1359508,2023,14,12,2.0,7.0
Umran Malik,1359514,2023,22,6,1.0,22.0
Umran Malik,1359543,2023,41,18,3.0,13.67
Umran Malik,1422126,2024,14,6,1.0,14.0
V Kaverappa,1426296,2024,36,24,4.0,9.0
V Kohli,335998,2008,11,6,1.0,11.0
V Kohli,336002,2008,22,22,3.6666666666666665,6.0
V Kohli,336016,2008,9,6,1.0,9.0
V Kohli,336023,2008,14,12,2.0,7.0
V Kohli,392185,2009,9,6,1.0,9.0
V Kohli,392232,2009,11,12,2.0,5.5
V Kohli,392236,2009,23,18,3.0,7.67
V Kohli,419112,2010,18,12,2.0,9.0
V Kohli,419151,2010,16,12,2.0,8.0
V Kohli,419162,2010,10,6,1.0,10.0
V Kohli,501200,2011,14,12,2.0,7.0
V Kohli,501205,2011,15,12,2.0,7.5
V Kohli,501211,2011,23,18,3.0,7.67
V Kohli,501222,2011,9,6,1.0,9.0
V Kohli,501244,2011,5,6,1.0,5.0
V Kohli,501252,2011,17,18,3.0,5.67
V Kohli,501255,2011,14,6,1.0,14.0
V Kohli,501260,2011,12,6,1.0,12.0
V Kohli,501266,2011,7,6,1.0,7.0
V Kohli,501268,2011,18,12,2.0,9.0
V Kohli,548315,2012,13,6,1.0,13.0
V Kohli,548318,2012,36,12,2.0,18.0
V Kohli,829779,2015,6,6,1.0,6.0
V Kohli,980987,2016,10,6,1.0,10.0
V Nigam,1473441,2025,35,12,2.0,17.5
V Nigam,1473447,2025,18,12,2.0,9.0
V Nigam,1473454,2025,27,24,4.0,6.75
V Nigam,1473461,2025,18,24,4.0,4.5
V Nigam,1473466,2025,39,24,4.0,9.75
V Nigam,1473469,2025,12,6,1.0,12.0
V Nigam,1473472,2025,33,24,4.0,8.25
V Nigam,1473477,2025,14,6,1.0,14.0
V Nigam,1473483,2025,7,6,1.0,7.0
V Nigam,1473485,2025,39,24,4.0,9.75
V Nigam,1473498,2025,36,24,4.0,9.0
V Nigam,1473501,2025,25,24,4.0,6.25
V Nigam,1485779,2025,37,24,4.0,9.25
V Nigam,1527678,2026,8,6,1.0,8.0
V Nigam,1527681,2026,23,18,3.0,7.67
V Nigam,1527687,2026,18,6,1.0,18.0
V Nigam,1529278,2026,23,12,2.0,11.5
V Nigam,1529294,2026,34,12,2.0,17.0
V Pratap Singh,548321,2012,31,24,4.0,7.75
V Pratap Singh,548335,2012,34,24,4.0,8.5
V Pratap Singh,548346,2012,27,24,4.0,6.75
V Pratap Singh,548348,2012,31,24,4.0,7.75
V Pratap Singh,548352,2012,34,18,3.0,11.33
V Pratap Singh,548356,2012,33,18,3.0,11.0
V Pratap Singh,548359,2012,43,24,4.0,10.75
V Pratap Singh,548373,2012,30,24,4.0,7.5
V Pratap Singh,548376,2012,26,24,4.0,6.5
V Puthur,1473440,2025,32,24,4.0,8.0
V Puthur,1473449,2025,21,12,2.0,10.5
V Puthur,1473453,2025,30,24,4.0,7.5
V Puthur,1473458,2025,10,6,1.0,10.0
V Puthur,1473478,2025,15,6,1.0,15.0
V Sehwag,335998,2008,30,12,2.0,15.0
V Sehwag,336001,2008,21,12,2.0,10.5
V Sehwag,336004,2008,2,6,1.0,2.0
V Sehwag,336009,2008,30,12,2.0,15.0
V Sehwag,336015,2008,21,12,2.0,10.5
V Sehwag,336017,2008,7,6,1.0,7.0
V Sehwag,336022,2008,21,6,1.0,21.0
V Sehwag,392237,2009,20,6,1.0,20.0
V Sehwag,419149,2010,3,6,1.0,3.0
V Sehwag,419155,2010,18,24,4.0,4.5
V Sehwag,548333,2012,9,6,1.0,9.0
V Sehwag,548349,2012,15,12,2.0,7.5
V Sehwag,548380,2012,21,6,1.0,21.0
V Sehwag,598020,2013,9,6,1.0,9.0
V Shankar,734003,2014,19,6,1.0,19.0
V Shankar,1136573,2018,12,6,1.0,12.0
V Shankar,1136586,2018,10,6,1.0,10.0
V Shankar,1136590,2018,18,12,2.0,9.0
V Shankar,1136602,2018,13,6,1.0,13.0
V Shankar,1175363,2019,13,6,1.0,13.0
V Shankar,1175366,2019,10,12,2.0,5.0
V Shankar,1178405,2019,17,12,2.0,8.5
V Shankar,1178408,2019,11,12,2.0,5.5
V Shankar,1178429,2019,15,6,1.0,15.0
V Shankar,1216507,2020,20,18,3.0,6.67
V Shankar,1216512,2020,20,24,4.0,5.0
V Shankar,1216518,2020,15,18,3.0,5.0
V Shankar,1216524,2020,11,11,1.8333333333333335,6.0
V Shankar,1216534,2020,5,8,1.3333333333333333,3.75
V Shankar,1254060,2021,14,6,1.0,14.0
V Shankar,1254066,2021,19,18,3.0,6.33
V Shankar,1254071,2021,6,6,1.0,6.0
V Shankar,1254077,2021,16,18,3.0,5.33
V Shankar,1254085,2021,37,18,3.0,12.33
V Shankar,1304056,2022,13,6,1.0,13.0
V Viyaskanth,1426295,2024,27,24,4.0,6.75
V Viyaskanth,1426307,2024,37,24,4.0,9.25
V Viyaskanth,1426309,2024,22,12,2.0,11.0
VG Arora,1304057,2022,20,24,4.0,5.0
VG Arora,1304062,2022,34,24,4.0,8.5
VG Arora,1304069,2022,41,24,4.0,10.25
VG Arora,1304074,2022,35,23,3.8333333333333335,9.13
VG Arora,1304078,2022,31,12,2.0,15.5
VG Arora,1359510,2023,20,12,2.0,10.0
VG Arora,1359521,2023,21,18,3.0,7.0
VG Arora,1359527,2023,31,18,3.0,10.33
VG Arora,1359535,2023,28,24,4.0,7.0
VG Arora,1359542,2023,26,24,4.0,6.5
VG Arora,1422134,2024,24,24,4.0,6.0
VG Arora,1426260,2024,28,24,4.0,7.0
VG Arora,1426266,2024,32,18,3.0,10.67
VG Arora,1426269,2024,44,18,3.0,14.67
VG Arora,1426285,2024,26,24,4.0,6.5
VG Arora,1426289,2024,33,18,3.0,11.0
VG Arora,1426292,2024,20,12,2.0,10.0
VG Arora,1426298,2024,14,13,2.1666666666666665,6.46
VG Arora,1426309,2024,10,12,2.0,5.0
VG Arora,1426312,2024,20,18,3.0,6.67
VG Arora,1473438,2025,41,18,3.0,13.67
VG Arora,1473443,2025,32,24,4.0,8.0
VG Arora,1473452,2025,29,24,4.0,7.25
VG Arora,1473456,2025,31,24,4.0,7.75
VG Arora,1473462,2025,29,24,4.0,7.25
VG Arora,1473468,2025,26,15,2.5,10.4
VG Arora,1473476,2025,43,24,4.0,10.75
VG Arora,1473481,2025,33,24,4.0,8.25
VG Arora,1473485,2025,18,12,2.0,9.0
VG Arora,1473490,2025,50,24,4.0,12.5
VG Arora,1473494,2025,46,18,3.0,15.33
VG Arora,1473505,2025,35,24,4.0,8.75
VG Arora,1527675,2026,51,24,4.0,12.75
VG Arora,1527679,2026,45,24,4.0,11.25
VG Arora,1527688,2026,38,24,4.0,9.5
VG Arora,1529265,2026,51,24,4.0,12.75
VG Arora,1529268,2026,34,24,4.0,8.5
VG Arora,1529271,2026,36,24,4.0,9.0
VG Arora,1529281,2026,23,24,4.0,5.75
VG Arora,1529288,2026,24,18,3.0,8.0
VG Arora,1529294,2026,29,18,3.0,9.67
VG Arora,1529300,2026,46,24,4.0,11.5
VR Aaron,501223,2011,36,24,4.0,9.0
VR Aaron,501253,2011,19,24,4.0,4.75
VR Aaron,501257,2011,22,24,4.0,5.5
VR Aaron,548329,2012,30,24,4.0,7.5
VR Aaron,548357,2012,18,22,3.6666666666666665,4.91
VR Aaron,548364,2012,28,20,3.3333333333333335,8.4
VR Aaron,548369,2012,19,24,4.0,4.75
VR Aaron,548372,2012,37,24,4.0,9.25
VR Aaron,548374,2012,24,24,4.0,6.0
VR Aaron,548378,2012,48,24,4.0,12.0
VR Aaron,548380,2012,60,24,4.0,15.0
VR Aaron,729281,2014,6,18,3.0,2.0
VR Aaron,729287,2014,29,24,4.0,7.25
VR Aaron,729299,2014,15,24,4.0,3.75
VR Aaron,729313,2014,26,23,3.8333333333333335,6.78
VR Aaron,733977,2014,29,24,4.0,7.25
VR Aaron,733983,2014,36,24,4.0,9.0
VR Aaron,733991,2014,34,24,4.0,8.5
VR Aaron,733999,2014,39,17,2.8333333333333335,13.76
VR Aaron,734013,2014,28,18,3.0,9.33
VR Aaron,734021,2014,35,24,4.0,8.75
VR Aaron,829713,2015,36,24,4.0,9.0
VR Aaron,829719,2015,35,20,3.3333333333333335,10.5
VR Aaron,829737,2015,43,24,4.0,10.75
VR Aaron,829757,2015,21,24,4.0,5.25
VR Aaron,829771,2015,29,12,2.0,14.5
VR Aaron,980927,2016,35,24,4.0,8.75
VR Aaron,980953,2016,26,18,3.0,8.67
VR Aaron,980959,2016,30,24,4.0,7.5
VR Aaron,980969,2016,31,18,3.0,10.33
VR Aaron,980977,2016,25,18,3.0,8.33
VR Aaron,980981,2016,32,22,3.6666666666666665,8.73
VR Aaron,980987,2016,17,12,2.0,8.5
VR Aaron,980999,2016,16,6,1.0,16.0
VR Aaron,1082598,2017,21,24,4.0,5.25
VR Aaron,1082601,2017,21,12,2.0,10.5
VR Aaron,1082605,2017,39,24,4.0,9.75
VR Aaron,1082626,2017,3,12,2.0,1.5
VR Aaron,1082633,2017,26,24,4.0,6.5
VR Aaron,1082637,2017,43,24,4.0,10.75
VR Aaron,1175369,2019,16,6,1.0,16.0
VR Aaron,1178418,2019,20,24,4.0,5.0
VR Aaron,1178420,2019,35,24,4.0,8.75
VR Aaron,1178424,2019,23,6,1.0,23.0
VR Aaron,1178428,2019,20,12,2.0,10.0
VR Aaron,1216500,2020,20,12,2.0,10.0
VR Aaron,1216530,2020,22,12,2.0,11.0
VR Aaron,1216537,2020,41,24,4.0,10.25
VR Aaron,1304050,2022,42,24,4.0,10.5
VR Aaron,1304056,2022,7,6,1.0,7.0
VR Iyer,1254092,2021,27,24,4.0,6.75
VR Iyer,1254098,2021,5,6,1.0,5.0
VR Iyer,1254102,2021,29,15,2.5,11.6
VR Iyer,1254117,2021,5,6,1.0,5.0
VR Iyer,1304052,2022,10,6,1.0,10.0
VR Iyer,1304065,2022,14,6,1.0,14.0
VR Iyer,1304087,2022,14,6,1.0,14.0
VR Iyer,1304102,2022,8,6,1.0,8.0
VR Iyer,1422134,2024,28,6,1.0,28.0
VRV Singh,335991,2008,39,24,4.0,9.75
VRV Singh,335995,2008,29,24,4.0,7.25
VRV Singh,335999,2008,34,24,4.0,8.5
VRV Singh,336003,2008,31,24,4.0,7.75
VRV Singh,336006,2008,32,24,4.0,8.0
VRV Singh,336013,2008,32,24,4.0,8.0
VRV Singh,336016,2008,15,24,4.0,3.75
VRV Singh,336019,2008,32,24,4.0,8.0
VRV Singh,336022,2008,30,12,2.0,15.0
VRV Singh,336028,2008,49,24,4.0,12.25
VRV Singh,336031,2008,40,24,4.0,10.0
VRV Singh,336035,2008,26,24,4.0,6.5
VRV Singh,336039,2008,14,12,2.0,7.0
VRV Singh,392183,2009,5,6,1.0,5.0
VRV Singh,392191,2009,22,12,2.0,11.0
VRV Singh,392195,2009,19,24,4.0,4.75
VRV Singh,392214,2009,36,12,2.0,18.0
VRV Singh,419159,2010,36,18,3.0,12.0
VS Malik,392183,2009,11,6,1.0,11.0
VS Malik,392186,2009,23,12,2.0,11.5
VS Malik,392200,2009,11,12,2.0,5.5
VS Malik,392204,2009,28,18,3.0,9.33
VS Malik,392207,2009,23,24,4.0,5.75
VS Malik,419127,2010,15,18,3.0,5.0
VS Malik,419132,2010,21,12,2.0,10.5
VS Malik,419156,2010,22,13,2.1666666666666665,10.15
VS Malik,501212,2011,13,12,2.0,6.5
VS Malik,598058,2013,19,18,3.0,6.33
VS Malik,598071,2013,14,18,3.0,4.67
VS Malik,598072,2013,25,24,4.0,6.25
VS Malik,734033,2014,28,18,3.0,9.33
VS Yeligati,335989,2008,11,6,1.0,11.0
VS Yeligati,336028,2008,42,24,4.0,10.5
VY Mahesh,335988,2008,28,24,4.0,7.0
VY Mahesh,335995,2008,23,24,4.0,5.75
VY Mahesh,335998,2008,26,24,4.0,6.5
VY Mahesh,336001,2008,25,24,4.0,6.25
VY Mahesh,336004,2008,33,24,4.0,8.25
VY Mahesh,336009,2008,38,24,4.0,9.5
VY Mahesh,336015,2008,29,13,2.1666666666666665,13.38
VY Mahesh,336017,2008,30,24,4.0,7.5
VY Mahesh,336026,2008,24,24,4.0,6.0
VY Mahesh,336032,2008,36,24,4.0,9.0
VY Mahesh,336038,2008,49,24,4.0,12.25
VY Mahesh,392183,2009,24,12,2.0,12.0
VY Mahesh,419108,2010,22,18,3.0,7.33
VY Mahesh,548322,2012,22,14,2.3333333333333335,9.43
VY Mahesh,548347,2012,9,6,1.0,9.0
VY Mahesh,548361,2012,18,24,4.0,4.5
VY Mahesh,548371,2012,27,12,2.0,13.5
Vijaykumar Vyshak,1359494,2023,20,24,4.0,5.0
Vijaykumar Vyshak,1359498,2023,62,24,4.0,15.5
Vijaykumar Vyshak,1359501,2023,28,18,3.0,9.33
Vijaykumar Vyshak,1359506,2023,23,12,2.0,11.5
Vijaykumar Vyshak,1359510,2023,38,24,4.0,9.5
Vijaykumar Vyshak,1359528,2023,29,18,3.0,9.67
Vijaykumar Vyshak,1359544,2023,38,24,4.0,9.5
Vijaykumar Vyshak,1422128,2024,23,24,4.0,5.75
Vijaykumar Vyshak,1426263,2024,32,18,3.0,10.67
Vijaykumar Vyshak,1426268,2024,62,24,4.0,15.5
Vijaykumar Vyshak,1426290,2024,22,21,3.5,6.29
Vijaykumar Vyshak,1473442,2025,23,18,3.0,7.67
Vijaykumar Vyshak,1473491,2025,49,18,3.0,16.33
Vijaykumar Vyshak,1473506,2025,37,24,4.0,9.25
Vijaykumar Vyshak,1473510,2025,28,18,3.0,9.33
Vijaykumar Vyshak,1473511,2025,28,24,4.0,7.0
Vijaykumar Vyshak,1527677,2026,33,24,4.0,8.25
Vijaykumar Vyshak,1527680,2026,38,24,4.0,9.5
Vijaykumar Vyshak,1527690,2026,33,12,2.0,16.5
Vijaykumar Vyshak,1529267,2026,35,18,3.0,11.67
Vijaykumar Vyshak,1529272,2026,26,24,4.0,6.5
Vijaykumar Vyshak,1529278,2026,47,18,3.0,15.67
Vijaykumar Vyshak,1529289,2026,31,24,4.0,7.75
Vijaykumar Vyshak,1529292,2026,54,24,4.0,13.5
Vijaykumar Vyshak,1529311,2026,25,18,3.0,8.33
Vivrant Sharma,1359526,2023,17,12,2.0,8.5
Vivrant Sharma,1359543,2023,11,6,1.0,11.0
W O'Rourke,1473499,2025,31,14,2.3333333333333335,13.29
W O'Rourke,1473502,2025,27,24,4.0,6.75
W O'Rourke,1473507,2025,71,24,4.0,17.75
WA Mota,335983,2008,22,12,2.0,11.0
WA Mota,335987,2008,12,6,1.0,12.0
WA Mota,392200,2009,3,6,1.0,3.0
WA Mota,392216,2009,24,24,4.0,6.0
WA Mota,392226,2009,6,6,1.0,6.0
WA Mota,392229,2009,18,6,1.0,18.0
WA Mota,392234,2009,8,12,2.0,4.0
WD Parnell,501202,2011,20,24,4.0,5.0
WD Parnell,501207,2011,30,24,4.0,7.5
WD Parnell,501213,2011,20,12,2.0,10.0
WD Parnell,501218,2011,28,24,4.0,7.0
WD Parnell,501248,2011,12,24,4.0,3.0
WD Parnell,501250,2011,37,24,4.0,9.25
WD Parnell,501259,2011,20,20,3.3333333333333335,6.0
WD Parnell,501262,2011,25,24,4.0,6.25
WD Parnell,548308,2012,18,18,3.0,6.0
WD Parnell,548348,2012,25,24,4.0,6.25
WD Parnell,548351,2012,17,24,4.0,4.25
WD Parnell,548353,2012,35,24,4.0,8.75
WD Parnell,548358,2012,12,12,2.0,6.0
WD Parnell,548375,2012,16,24,4.0,4.0
WD Parnell,598047,2013,27,23,3.8333333333333335,7.04
WD Parnell,598053,2013,38,24,4.0,9.5
WD Parnell,598061,2013,28,24,4.0,7.0
WD Parnell,598067,2013,28,18,3.0,9.33
WD Parnell,729281,2014,19,18,3.0,6.33
WD Parnell,729301,2014,38,24,4.0,9.5
WD Parnell,729309,2014,13,24,4.0,3.25
WD Parnell,733975,2014,33,24,4.0,8.25
WD Parnell,733981,2014,25,24,4.0,6.25
WD Parnell,733985,2014,21,24,4.0,5.25
WD Parnell,734019,2014,39,22,3.6666666666666665,10.64
WD Parnell,734031,2014,25,21,3.5,7.14
WD Parnell,1359489,2023,38,24,4.0,9.5
WD Parnell,1359494,2023,28,24,4.0,7.0
WD Parnell,1359498,2023,48,24,4.0,12.0
WD Parnell,1359501,2023,32,18,3.0,10.67
WD Parnell,1359534,2023,9,18,3.0,3.0
WD Parnell,1359539,2023,35,24,4.0,8.75
WD Parnell,1359544,2023,40,19,3.1666666666666665,12.63
WG Jacks,1426263,2024,24,12,2.0,12.0
WG Jacks,1426268,2024,30,18,3.0,10.0
WG Jacks,1426279,2024,23,12,2.0,11.5
WG Jacks,1426296,2024,5,6,1.0,5.0
WG Jacks,1426300,2024,16,6,1.0,16.0
WG Jacks,1473440,2025,29,24,4.0,7.25
WG Jacks,1473458,2025,10,6,1.0,10.0
WG Jacks,1473470,2025,12,18,3.0,4.0
WG Jacks,1473475,2025,4,6,1.0,4.0
WG Jacks,1473482,2025,18,12,2.0,9.0
WG Jacks,1473493,2025,14,6,1.0,14.0
WG Jacks,1473501,2025,15,6,1.0,15.0
WG Jacks,1473506,2025,9,6,1.0,9.0
WG Jacks,1529284,2026,19,6,1.0,19.0
WG Jacks,1529290,2026,33,12,2.0,16.5
WG Jacks,1529297,2026,12,12,2.0,6.0
WG Jacks,1529301,2026,8,6,1.0,8.0
WG Jacks,1529312,2026,10,12,2.0,5.0
WPUJC Vaas,335986,2008,9,18,3.0,3.0
WPUJC Vaas,335988,2008,21,18,3.0,7.0
WPUJC Vaas,335990,2008,42,24,4.0,10.5
WPUJC Vaas,336002,2008,36,24,4.0,9.0
WPUJC Vaas,336014,2008,36,18,3.0,12.0
WPUJC Vaas,392220,2009,18,24,4.0,4.5
WPUJC Vaas,392223,2009,43,24,4.0,10.75
WPUJC Vaas,419106,2010,22,18,3.0,7.33
WPUJC Vaas,419110,2010,21,24,4.0,5.25
WPUJC Vaas,419117,2010,26,24,4.0,6.5
WPUJC Vaas,419120,2010,21,24,4.0,5.25
WPUJC Vaas,419126,2010,29,18,3.0,9.67
WPUJC Vaas,419160,2010,19,24,4.0,4.75
Washington Sundar,1082615,2017,17,18,3.0,5.67
Washington Sundar,1082618,2017,26,24,4.0,6.5
Washington Sundar,1082620,2017,32,18,3.0,10.67
Washington Sundar,1082624,2017,7,12,2.0,3.5
Washington Sundar,1082629,2017,12,12,2.0,6.0
Washington Sundar,1082631,2017,18,12,2.0,9.0
Washington Sundar,1082634,2017,19,18,3.0,6.33
Washington Sundar,1082642,2017,23,18,3.0,7.67
Washington Sundar,1082647,2017,16,24,4.0,4.0
Washington Sundar,1082650,2017,13,24,4.0,3.25
Washington Sundar,1136563,2018,47,24,4.0,11.75
Washington Sundar,1136568,2018,22,24,4.0,5.5
Washington Sundar,1136571,2018,30,24,4.0,7.5
Washington Sundar,1136574,2018,27,12,2.0,13.5
Washington Sundar,1136579,2018,31,24,4.0,7.75
Washington Sundar,1136584,2018,14,6,1.0,14.0
Washington Sundar,1136591,2018,15,6,1.0,15.0
Washington Sundar,1178417,2019,21,12,2.0,10.5
Washington Sundar,1178421,2019,29,24,4.0,7.25
Washington Sundar,1178429,2019,24,18,3.0,8.0
Washington Sundar,1216494,2020,14,24,4.0,3.5
Washington Sundar,1216499,2020,19,24,4.0,4.75
Washington Sundar,1216502,2020,21,18,3.0,7.0
Washington Sundar,1216505,2020,24,24,4.0,6.0
Washington Sundar,1216510,2020,13,12,2.0,6.5
Washington Sundar,1216514,2020,20,24,4.0,5.0
Washington Sundar,1216519,2020,20,24,4.0,5.0
Washington Sundar,1216522,2020,25,18,3.0,8.33
Washington Sundar,1216525,2020,16,18,3.0,5.33
Washington Sundar,1216531,2020,38,24,4.0,9.5
Washington Sundar,1216534,2020,7,6,1.0,7.0
Washington Sundar,1216540,2020,20,24,4.0,5.0
Washington Sundar,1216544,2020,27,24,4.0,6.75
Washington Sundar,1216547,2020,12,24,4.0,3.0
Washington Sundar,1237178,2020,20,12,2.0,10.0
Washington Sundar,1254058,2021,7,6,1.0,7.0
Washington Sundar,1254063,2021,13,12,2.0,6.5
Washington Sundar,1254067,2021,31,24,4.0,7.75
Washington Sundar,1254073,2021,23,18,3.0,7.67
Washington Sundar,1254076,2021,13,12,2.0,6.5
Washington Sundar,1254079,2021,28,24,4.0,7.0
Washington Sundar,1304051,2022,45,18,3.0,15.0
Washington Sundar,1304058,2022,28,24,4.0,7.0
Washington Sundar,1304063,2022,21,24,4.0,5.25
Washington Sundar,1304067,2022,14,18,3.0,4.67
Washington Sundar,1304086,2022,32,24,4.0,8.0
Washington Sundar,1304107,2022,40,24,4.0,10.0
Washington Sundar,1304111,2022,36,24,4.0,9.0
Washington Sundar,1304116,2022,19,12,2.0,9.5
Washington Sundar,1359478,2023,32,18,3.0,10.67
Washington Sundar,1359484,2023,11,6,1.0,11.0
Washington Sundar,1359488,2023,6,6,1.0,6.0
Washington Sundar,1359493,2023,20,12,2.0,10.0
Washington Sundar,1359499,2023,33,24,4.0,8.25
Washington Sundar,1359503,2023,16,16,2.6666666666666665,6.0
Washington Sundar,1359508,2023,28,24,4.0,7.0
Washington Sundar,1422130,2024,27,18,3.0,9.0
Washington Sundar,1426273,2024,46,12,2.0,23.0
Washington Sundar,1473463,2025,28,24,4.0,7.0
Washington Sundar,1473476,2025,35,18,3.0,11.67
Washington Sundar,1473484,2025,34,11,1.8333333333333335,18.55
Washington Sundar,1473488,2025,5,6,1.0,5.0
Washington Sundar,1473509,2025,7,6,1.0,7.0
Washington Sundar,1527677,2026,27,19,3.1666666666666665,8.53
Washington Sundar,1527687,2026,11,6,1.0,11.0
Washington Sundar,1529273,2026,13,6,1.0,13.0
Washington Sundar,1529295,2026,10,12,2.0,5.0
Washington Sundar,1535464,2026,23,12,2.0,11.5
XC Bartlett,1473468,2025,30,18,3.0,10.0
XC Bartlett,1473471,2025,26,18,3.0,8.67
XC Bartlett,1473474,2025,28,18,3.0,9.33
XC Bartlett,1473497,2025,12,6,1.0,12.0
XC Bartlett,1527677,2026,35,24,4.0,8.75
XC Bartlett,1527680,2026,46,24,4.0,11.5
XC Bartlett,1527685,2026,9,10,1.6666666666666665,5.4
XC Bartlett,1527690,2026,41,24,4.0,10.25
XC Bartlett,1529267,2026,39,24,4.0,9.75
XC Bartlett,1529272,2026,52,24,4.0,13.0
XC Bartlett,1529278,2026,68,24,4.0,17.0
XC Bartlett,1529289,2026,33,24,4.0,8.25
XC Bartlett,1529301,2026,53,23,3.8333333333333335,13.83
Y Gnaneswara Rao,501258,2011,7,6,1.0,7.0
Y Nagar,392232,2009,19,12,2.0,9.5
Y Nagar,419120,2010,28,18,3.0,9.33
Y Nagar,501216,2011,13,6,1.0,13.0
Y Nagar,501223,2011,16,6,1.0,16.0
Y Nagar,501227,2011,3,6,1.0,3.0
Y Nagar,501238,2011,14,6,1.0,14.0
Y Nagar,501243,2011,14,6,1.0,14.0
Y Nagar,548333,2012,8,6,1.0,8.0
Y Prithvi Raj,1178413,2019,27,18,3.0,9.0
Y Prithvi Raj,1178418,2019,27,12,2.0,13.5
Y Venugopal Rao,335999,2008,9,6,1.0,9.0
Y Venugopal Rao,336002,2008,18,6,1.0,18.0
Y Venugopal Rao,336011,2008,13,6,1.0,13.0
Y Venugopal Rao,336014,2008,23,24,4.0,5.75
Y Venugopal Rao,336020,2008,22,12,2.0,11.0
Y Venugopal Rao,336024,2008,23,18,3.0,7.67
Y Venugopal Rao,336031,2008,23,12,2.0,11.5
Y Venugopal Rao,392192,2009,33,24,4.0,8.25
Y Venugopal Rao,392196,2009,34,24,4.0,8.5
Y Venugopal Rao,392201,2009,19,12,2.0,9.5
Y Venugopal Rao,392205,2009,23,12,2.0,11.5
Y Venugopal Rao,392216,2009,3,6,1.0,3.0
Y Venugopal Rao,392229,2009,8,12,2.0,4.0
Y Venugopal Rao,419135,2010,10,6,1.0,10.0
Y Venugopal Rao,501213,2011,14,6,1.0,14.0
Y Venugopal Rao,501243,2011,12,6,1.0,12.0
Y Venugopal Rao,548369,2012,13,6,1.0,13.0
Y Venugopal Rao,548372,2012,13,6,1.0,13.0
Y Venugopal Rao,729301,2014,9,6,1.0,9.0
Y Venugopal Rao,734021,2014,7,6,1.0,7.0
YA Abdulla,392183,2009,18,6,1.0,18.0
YA Abdulla,392186,2009,18,12,2.0,9.0
YA Abdulla,392191,2009,28,24,4.0,7.0
YA Abdulla,392195,2009,20,24,4.0,5.0
YA Abdulla,392200,2009,16,24,4.0,4.0
YA Abdulla,392204,2009,35,24,4.0,8.75
YA Abdulla,392207,2009,33,24,4.0,8.25
YA Abdulla,392210,2009,39,18,3.0,13.0
YA Abdulla,392214,2009,18,12,2.0,9.0
YA Abdulla,419108,2010,30,24,4.0,7.5
YA Abdulla,419112,2010,35,17,2.8333333333333335,12.35
YK Pathan,335984,2008,16,13,2.1666666666666665,7.38
YK Pathan,335987,2008,13,6,1.0,13.0
YK Pathan,335990,2008,20,12,2.0,10.0
YK Pathan,335992,2008,10,6,1.0,10.0
YK Pathan,336000,2008,14,12,2.0,7.0
YK Pathan,336005,2008,9,12,2.0,4.5
YK Pathan,336011,2008,19,12,2.0,9.5
YK Pathan,336019,2008,24,12,2.0,12.0
YK Pathan,336023,2008,28,12,2.0,14.0
YK Pathan,336027,2008,14,12,2.0,7.0
YK Pathan,336033,2008,31,18,3.0,10.33
YK Pathan,336036,2008,9,18,3.0,3.0
YK Pathan,336040,2008,22,24,4.0,5.5
YK Pathan,392182,2009,16,12,2.0,8.0
YK Pathan,392190,2009,23,24,4.0,5.75
YK Pathan,392195,2009,26,24,4.0,6.5
YK Pathan,392198,2009,14,12,2.0,7.0
YK Pathan,392202,2009,17,18,3.0,5.67
YK Pathan,392205,2009,19,24,4.0,4.75
YK Pathan,392210,2009,28,24,4.0,7.0
YK Pathan,392217,2009,27,24,4.0,6.75
YK Pathan,392220,2009,34,24,4.0,8.5
YK Pathan,392225,2009,24,18,3.0,8.0
YK Pathan,392230,2009,4,6,1.0,4.0
YK Pathan,419107,2010,22,12,2.0,11.0
YK Pathan,419118,2010,23,24,4.0,5.75
YK Pathan,419124,2010,9,12,2.0,4.5
YK Pathan,419126,2010,10,12,2.0,5.0
YK Pathan,419129,2010,24,24,4.0,6.0
YK Pathan,419134,2010,25,18,3.0,8.33
YK Pathan,419137,2010,44,24,4.0,11.0
YK Pathan,419141,2010,3,12,2.0,1.5
YK Pathan,419143,2010,25,24,4.0,6.25
YK Pathan,419150,2010,22,24,4.0,5.5
YK Pathan,419158,2010,29,18,3.0,9.67
YK Pathan,501198,2011,17,18,3.0,5.67
YK Pathan,501203,2011,22,18,3.0,7.33
YK Pathan,501209,2011,4,6,1.0,4.0
YK Pathan,501214,2011,8,12,2.0,4.0
YK Pathan,501219,2011,20,24,4.0,5.0
YK Pathan,501222,2011,25,18,3.0,8.33
YK Pathan,501230,2011,6,12,2.0,3.0
YK Pathan,501234,2011,22,24,4.0,5.5
YK Pathan,501239,2011,18,18,3.0,6.0
YK Pathan,501242,2011,15,18,3.0,5.0
YK Pathan,501245,2011,24,24,4.0,6.0
YK Pathan,501262,2011,23,24,4.0,5.75
YK Pathan,501267,2011,7,6,1.0,7.0
YK Pathan,501269,2011,18,12,2.0,9.0
YK Pathan,548307,2012,7,6,1.0,7.0
YK Pathan,548312,2012,27,12,2.0,13.5
YK Pathan,548320,2012,14,18,3.0,4.67
YK Pathan,548323,2012,7,6,1.0,7.0
YK Pathan,548328,2012,7,6,1.0,7.0
YK Pathan,548335,2012,19,12,2.0,9.5
YK Pathan,548344,2012,19,24,4.0,4.75
YK Pathan,548347,2012,9,6,1.0,9.0
YK Pathan,548353,2012,22,12,2.0,11.0
YK Pathan,548368,2012,14,12,2.0,7.0
YK Pathan,548375,2012,11,12,2.0,5.5
YK Pathan,548381,2012,17,6,1.0,17.0
YK Pathan,598022,2013,9,7,1.1666666666666667,7.71
YK Pathan,598034,2013,18,12,2.0,9.0
YK Pathan,598057,2013,6,6,1.0,6.0
YK Pathan,598069,2013,28,24,4.0,7.0
YK Pathan,734009,2014,10,6,1.0,10.0
YK Pathan,829713,2015,40,24,4.0,10.0
YK Pathan,829723,2015,11,12,2.0,5.5
YK Pathan,829739,2015,9,6,1.0,9.0
YK Pathan,829743,2015,18,12,2.0,9.0
YK Pathan,829781,2015,19,6,1.0,19.0
YK Pathan,980925,2016,4,6,1.0,4.0
YK Pathan,981001,2016,6,6,1.0,6.0
YK Pathan,981009,2016,4,6,1.0,4.0
YK Pathan,981015,2016,17,18,3.0,5.67
YK Pathan,1082593,2017,15,6,1.0,15.0
YK Pathan,1082604,2017,2,6,1.0,2.0
YK Pathan,1082627,2017,17,6,1.0,17.0
YK Pathan,1082648,2017,7,6,1.0,7.0
YK Pathan,1136588,2018,14,12,2.0,7.0
YK Pathan,1178394,2019,8,6,1.0,8.0
YS Chahal,598029,2013,34,24,4.0,8.5
YS Chahal,729281,2014,14,24,4.0,3.5
YS Chahal,729287,2014,17,24,4.0,4.25
YS Chahal,729299,2014,26,24,4.0,6.5
YS Chahal,729305,2014,17,18,3.0,5.67
YS Chahal,729313,2014,23,24,4.0,5.75
YS Chahal,733977,2014,28,24,4.0,7.0
YS Chahal,733983,2014,30,24,4.0,7.5
YS Chahal,733991,2014,23,24,4.0,5.75
YS Chahal,733999,2014,24,24,4.0,6.0
YS Chahal,734005,2014,45,24,4.0,11.25
YS Chahal,734013,2014,27,24,4.0,6.75
YS Chahal,734021,2014,32,24,4.0,8.0
YS Chahal,734027,2014,50,24,4.0,12.5
YS Chahal,734035,2014,24,24,4.0,6.0
YS Chahal,829713,2015,28,24,4.0,7.0
YS Chahal,829719,2015,28,24,4.0,7.0
YS Chahal,829737,2015,27,24,4.0,6.75
YS Chahal,829745,2015,40,24,4.0,10.0
YS Chahal,829749,2015,25,19,3.1666666666666665,7.89
YS Chahal,829771,2015,22,12,2.0,11.0
YS Chahal,829779,2015,36,24,4.0,9.0
YS Chahal,829785,2015,24,16,2.6666666666666665,9.0
YS Chahal,829795,2015,51,24,4.0,12.75
YS Chahal,829803,2015,24,12,2.0,12.0
YS Chahal,829807,2015,34,12,2.0,17.0
YS Chahal,829813,2015,26,18,3.0,8.67
YS Chahal,829819,2015,20,24,4.0,5.0
YS Chahal,829821,2015,28,24,4.0,7.0
YS Chahal,980907,2016,41,24,4.0,10.25
YS Chahal,980921,2016,22,13,2.1666666666666665,10.15
YS Chahal,980937,2016,27,24,4.0,6.75
YS Chahal,980959,2016,21,24,4.0,5.25
YS Chahal,980969,2016,35,24,4.0,8.75
YS Chahal,980977,2016,30,24,4.0,7.5
YS Chahal,980981,2016,16,24,4.0,4.0
YS Chahal,980987,2016,19,24,4.0,4.75
YS Chahal,980995,2016,36,24,4.0,9.0
YS Chahal,980999,2016,25,18,3.0,8.33
YS Chahal,981011,2016,31,24,4.0,7.75
YS Chahal,981013,2016,42,24,4.0,10.5
YS Chahal,981019,2016,35,24,4.0,8.75
YS Chahal,1082591,2017,22,24,4.0,5.5
YS Chahal,1082595,2017,19,24,4.0,4.75
YS Chahal,1082598,2017,29,21,3.5,8.29
YS Chahal,1082602,2017,31,18,3.0,10.33
YS Chahal,1082607,2017,8,6,1.0,8.0
YS Chahal,1082610,2017,30,24,4.0,7.5
YS Chahal,1082617,2017,15,24,4.0,3.75
YS Chahal,1082621,2017,28,18,3.0,9.33
YS Chahal,1082624,2017,25,12,2.0,12.5
YS Chahal,1082628,2017,34,24,4.0,8.5
YS Chahal,1082633,2017,19,24,4.0,4.75
YS Chahal,1082636,2017,38,24,4.0,9.5
YS Chahal,1082646,2017,22,18,3.0,7.33
YS Chahal,1136563,2018,28,18,3.0,9.33
YS Chahal,1136568,2018,38,24,4.0,9.5
YS Chahal,1136571,2018,21,24,4.0,5.25
YS Chahal,1136574,2018,32,18,3.0,10.67
YS Chahal,1136579,2018,21,18,3.0,7.0
YS Chahal,1136584,2018,23,24,4.0,5.75
YS Chahal,1136589,2018,29,24,4.0,7.25
YS Chahal,1136591,2018,16,24,4.0,4.0
YS Chahal,1136595,2018,27,18,3.0,9.0
YS Chahal,1136599,2018,24,24,4.0,6.0
YS Chahal,1136605,2018,28,24,4.0,7.0
YS Chahal,1136608,2018,6,12,2.0,3.0
YS Chahal,1136611,2018,27,24,4.0,6.75
YS Chahal,1136613,2018,26,24,4.0,6.5
YS Chahal,1175356,2019,6,24,4.0,1.5
YS Chahal,1175362,2019,37,24,4.0,9.25
YS Chahal,1175366,2019,43,24,4.0,10.75
YS Chahal,1175369,2019,15,24,4.0,3.75
YS Chahal,1175372,2019,24,24,4.0,6.0
YS Chahal,1178395,2019,34,24,4.0,8.5
YS Chahal,1178403,2019,32,24,4.0,8.0
YS Chahal,1178406,2019,27,24,4.0,6.75
YS Chahal,1178410,2019,41,18,3.0,13.67
YS Chahal,1178414,2019,24,24,4.0,6.0
YS Chahal,1178417,2019,27,12,2.0,13.5
YS Chahal,1178421,2019,41,24,4.0,10.25
YS Chahal,1178429,2019,23,24,4.0,5.75
YS Chahal,1216494,2020,15,24,4.0,3.75
YS Chahal,1216499,2020,37,24,4.0,9.25
YS Chahal,1216502,2020,19,19,3.1666666666666665,6.0
YS Chahal,1216505,2020,29,24,4.0,7.25
YS Chahal,1216510,2020,25,24,4.0,6.25
YS Chahal,1216514,2020,24,24,4.0,6.0
YS Chahal,1216519,2020,29,18,3.0,9.67
YS Chahal,1216522,2020,23,24,4.0,5.75
YS Chahal,1216525,2020,34,24,4.0,8.5
YS Chahal,1216531,2020,31,18,3.0,10.33
YS Chahal,1216534,2020,18,24,4.0,4.5
YS Chahal,1216540,2020,12,24,4.0,3.0
YS Chahal,1216544,2020,21,24,4.0,5.25
YS Chahal,1216547,2020,48,24,4.0,12.0
YS Chahal,1237178,2020,24,24,4.0,6.0
YS Chahal,1254058,2021,41,24,4.0,10.25
YS Chahal,1254063,2021,28,24,4.0,7.0
YS Chahal,1254067,2021,34,24,4.0,8.5
YS Chahal,1254073,2021,17,12,2.0,8.5
YS Chahal,1254076,2021,24,18,3.0,8.0
YS Chahal,1254079,2021,10,12,2.0,5.0
YS Chahal,1254083,2021,34,24,4.0,8.5
YS Chahal,1254087,2021,23,12,2.0,11.5
YS Chahal,1254090,2021,27,24,4.0,6.75
YS Chahal,1254095,2021,27,24,4.0,6.75
YS Chahal,1254101,2021,34,24,4.0,8.5
YS Chahal,1254103,2021,18,24,4.0,4.5
YS Chahal,1254108,2021,11,24,4.0,2.75
YS Chahal,1254113,2021,25,24,4.0,6.25
YS Chahal,1254115,2021,16,24,4.0,4.0
YS Chahal,1304051,2022,22,24,4.0,5.5
YS Chahal,1304055,2022,25,24,4.0,6.25
YS Chahal,1304059,2022,15,24,4.0,3.75
YS Chahal,1304066,2022,39,24,4.0,9.75
YS Chahal,1304070,2022,31,24,4.0,7.75
YS Chahal,1304076,2022,36,24,4.0,9.0
YS Chahal,1304080,2022,27,24,4.0,6.75
YS Chahal,1304085,2022,22,24,4.0,5.5
YS Chahal,1304090,2022,33,24,4.0,8.25
YS Chahal,1304093,2022,31,24,4.0,7.75
YS Chahal,1304098,2022,24,24,4.0,6.0
YS Chahal,1304104,2022,42,24,4.0,10.5
YS Chahal,1304109,2022,41,24,4.0,10.25
YS Chahal,1304114,2022,25,24,4.0,6.25
YS Chahal,1312197,2022,32,24,4.0,8.0
YS Chahal,1312199,2022,41,24,4.0,10.25
YS Chahal,1312200,2022,20,24,4.0,5.0
YS Chahal,1359478,2023,17,24,4.0,4.25
YS Chahal,1359482,2023,49,24,4.0,12.25
YS Chahal,1359485,2023,25,24,4.0,6.25
YS Chahal,1359491,2023,26,24,4.0,6.5
YS Chahal,1359497,2023,35,24,4.0,8.75
YS Chahal,1359500,2023,41,24,4.0,10.25
YS Chahal,1359506,2023,26,24,4.0,6.5
YS Chahal,1359511,2023,21,12,2.0,10.5
YS Chahal,1359516,2023,32,18,3.0,10.67
YS Chahal,1359522,2023,22,23,3.8333333333333335,5.74
YS Chahal,1359526,2023,29,24,4.0,7.25
YS Chahal,1359530,2023,25,24,4.0,6.25
YS Chahal,1359534,2023,36,24,4.0,9.0
YS Chahal,1359540,2023,39,24,4.0,9.75
YS Chahal,1422122,2024,24,18,3.0,8.0
YS Chahal,1422127,2024,19,18,3.0,6.33
YS Chahal,1422132,2024,11,24,4.0,2.75
YS Chahal,1422137,2024,33,24,4.0,8.25
YS Chahal,1426262,2024,42,24,4.0,10.5
YS Chahal,1426265,2024,28,24,4.0,7.0
YS Chahal,1426269,2024,53,24,4.0,13.25
YS Chahal,1426276,2024,46,24,4.0,11.5
YS Chahal,1426282,2024,40,24,4.0,10.0
YS Chahal,1426288,2024,61,24,4.0,15.25
YS Chahal,1426294,2024,48,24,4.0,12.0
YS Chahal,1426299,2024,21,24,4.0,5.25
YS Chahal,1426303,2024,30,24,4.0,7.5
YS Chahal,1426310,2024,43,24,4.0,10.75
YS Chahal,1426311,2024,32,24,4.0,8.0
YS Chahal,1473442,2025,33,18,3.0,11.0
YS Chahal,1473450,2025,36,24,4.0,9.0
YS Chahal,1473455,2025,27,18,3.0,9.0
YS Chahal,1473459,2025,9,6,1.0,9.0
YS Chahal,1473464,2025,55,24,4.0,13.75
YS Chahal,1473468,2025,27,24,4.0,6.75
YS Chahal,1473471,2025,11,18,3.0,3.67
YS Chahal,1473474,2025,36,24,4.0,9.0
YS Chahal,1473486,2025,31,18,3.0,10.33
YS Chahal,1473491,2025,48,24,4.0,12.0
YS Chahal,1473497,2025,30,24,4.0,7.5
YS Chahal,1473510,2025,39,24,4.0,9.75
YS Chahal,1473511,2025,37,24,4.0,9.25
YS Chahal,1527677,2026,27,24,4.0,6.75
YS Chahal,1527680,2026,16,18,3.0,5.33
YS Chahal,1527690,2026,30,18,3.0,10.0
YS Chahal,1529267,2026,44,18,3.0,14.67
YS Chahal,1529272,2026,36,24,4.0,9.0
YS Chahal,1529278,2026,38,24,4.0,9.5
YS Chahal,1529283,2026,33,24,4.0,8.25
YS Chahal,1529289,2026,13,6,1.0,13.0
YS Chahal,1529292,2026,31,24,4.0,7.75
YS Chahal,1529301,2026,31,24,4.0,7.75
YS Chahal,1529304,2026,40,18,3.0,13.33
YS Chahal,1529311,2026,25,24,4.0,6.25
Yash Dayal,1304070,2022,40,24,4.0,10.0
Yash Dayal,1304075,2022,37,24,4.0,9.25
Yash Dayal,1304081,2022,39,24,4.0,9.75
Yash Dayal,1304086,2022,23,24,4.0,5.75
Yash Dayal,1304103,2022,24,12,2.0,12.0
Yash Dayal,1304108,2022,24,18,3.0,8.0
Yash Dayal,1304113,2022,34,24,4.0,8.5
Yash Dayal,1312197,2022,42,24,4.0,10.5
Yash Dayal,1312200,2022,18,18,3.0,6.0
Yash Dayal,1359475,2023,14,6,1.0,14.0
Yash Dayal,1359481,2023,12,6,1.0,12.0
Yash Dayal,1359487,2023,69,24,4.0,17.25
Yash Dayal,1359536,2023,27,24,4.0,6.75
Yash Dayal,1359544,2023,39,24,4.0,9.75
Yash Dayal,1422119,2024,28,18,3.0,9.33
Yash Dayal,1422124,2024,21,24,4.0,5.25
Yash Dayal,1422128,2024,40,24,4.0,10.0
Yash Dayal,1422133,2024,24,24,4.0,6.0
Yash Dayal,1422137,2024,37,24,4.0,9.25
Yash Dayal,1426268,2024,47,24,4.0,11.75
Yash Dayal,1426274,2024,52,25,4.166666666666667,12.48
Yash Dayal,1426279,2024,15,18,3.0,5.0
Yash Dayal,1426283,2024,29,24,4.0,7.25
Yash Dayal,1426290,2024,21,24,4.0,5.25
Yash Dayal,1426296,2024,21,12,2.0,10.5
Yash Dayal,1426300,2024,19,19,3.1666666666666665,6.0
Yash Dayal,1426306,2024,42,24,4.0,10.5
Yash Dayal,1426310,2024,37,18,3.0,12.33
Yash Dayal,1473438,2025,25,18,3.0,8.33
Yash Dayal,1473445,2025,18,18,3.0,6.0
Yash Dayal,1473451,2025,20,18,3.0,6.67
Yash Dayal,1473458,2025,46,24,4.0,11.5
Yash Dayal,1473461,2025,39,23,3.8333333333333335,10.17
Yash Dayal,1473465,2025,36,24,4.0,9.0
Yash Dayal,1473471,2025,16,13,2.1666666666666665,7.38
Yash Dayal,1473474,2025,22,12,2.0,11.0
Yash Dayal,1473479,2025,32,18,3.0,10.67
Yash Dayal,1473483,2025,36,24,4.0,9.0
Yash Dayal,1473489,2025,34,24,4.0,8.5
Yash Dayal,1473503,2025,35,18,3.0,11.67
Yash Dayal,1473507,2025,43,18,3.0,14.33
Yash Dayal,1473508,2025,25,24,4.0,6.25
Yash Dayal,1473511,2025,18,18,3.0,6.0
Yash Raj Punja,1529271,2026,25,24,4.0,6.25
Yash Raj Punja,1529283,2026,41,24,4.0,10.25
Yash Raj Punja,1529295,2026,35,24,4.0,8.75
Yash Raj Punja,1529305,2026,28,24,4.0,7.0
Yash Raj Punja,1529307,2026,35,24,4.0,8.75
Yash Raj Punja,1529312,2026,43,24,4.0,10.75
Yash Raj Punja,1535463,2026,37,24,4.0,9.25
Yash Raj Punja,1535464,2026,29,12,2.0,14.5
Yash Thakur,1359480,2023,34,24,4.0,8.5
Yash Thakur,1359484,2023,23,18,3.0,7.67
Yash Thakur,1359512,2023,36,23,3.8333333333333335,9.39
Yash Thakur,1359517,2023,10,12,2.0,5.0
Yash Thakur,1359525,2023,47,24,4.0,11.75
Yash Thakur,1359532,2023,28,24,4.0,7.0
Yash Thakur,1359537,2023,33,24,4.0,8.25
Yash Thakur,1359542,2023,28,18,3.0,9.33
Yash Thakur,1370351,2023,32,24,4.0,8.0
Yash Thakur,1422122,2024,41,18,3.0,13.67
Yash Thakur,1422133,2024,38,24,4.0,9.5
Yash Thakur,1422139,2024,28,23,3.8333333333333335,7.3
Yash Thakur,1426264,2024,31,24,4.0,7.75
Yash Thakur,1426266,2024,24,12,2.0,12.0
Yash Thakur,1426272,2024,45,24,4.0,11.25
Yash Thakur,1426277,2024,46,24,4.0,11.5
Yash Thakur,1426282,2024,48,24,4.0,12.0
Yash Thakur,1426292,2024,43,24,4.0,10.75
Yash Thakur,1426295,2024,46,16,2.6666666666666665,17.25
Yash Thakur,1473459,2025,38,24,4.0,9.5
Yash Thakur,1473464,2025,37,15,2.5,14.8
Yash Thakur,1529298,2026,45,24,4.0,11.25
Yudhvir Singh,1359495,2023,19,18,3.0,6.33
Yudhvir Singh,1359500,2023,22,12,2.0,11.0
Yudhvir Singh,1359532,2023,23,18,3.0,7.67
Yudhvir Singh,1426292,2024,24,12,2.0,12.0
Yudhvir Singh,1426302,2024,28,12,2.0,14.0
Yudhvir Singh,1473455,2025,17,12,2.0,8.5
Yudhvir Singh,1473484,2025,38,18,3.0,12.67
Yudhvir Singh,1473490,2025,25,12,2.0,12.5
Yudhvir Singh,1473500,2025,46,25,4.166666666666667,11.04
Yuvraj Singh,335995,2008,10,12,2.0,5.0
Yuvraj Singh,336013,2008,8,6,1.0,8.0
Yuvraj Singh,336016,2008,13,12,2.0,6.5
Yuvraj Singh,336019,2008,20,6,1.0,20.0
Yuvraj Singh,336028,2008,12,12,2.0,6.0
Yuvraj Singh,336031,2008,18,6,1.0,18.0
Yuvraj Singh,392191,2009,28,18,3.0,9.33
Yuvraj Singh,392195,2009,9,12,2.0,4.5
Yuvraj Singh,392204,2009,21,24,4.0,5.25
Yuvraj Singh,392207,2009,22,12,2.0,11.0
Yuvraj Singh,392210,2009,9,6,1.0,9.0
Yuvraj Singh,392216,2009,11,6,1.0,11.0
Yuvraj Singh,392222,2009,14,12,2.0,7.0
Yuvraj Singh,392226,2009,14,6,1.0,14.0
Yuvraj Singh,392229,2009,13,24,4.0,3.25
Yuvraj Singh,419108,2010,11,18,3.0,3.67
Yuvraj Singh,419112,2010,18,12,2.0,9.0
Yuvraj Singh,419117,2010,21,24,4.0,5.25
Yuvraj Singh,419121,2010,17,12,2.0,8.5
Yuvraj Singh,419124,2010,12,6,1.0,12.0
Yuvraj Singh,419136,2010,14,12,2.0,7.0
Yuvraj Singh,419146,2010,15,12,2.0,7.5
Yuvraj Singh,419149,2010,14,24,4.0,3.5
Yuvraj Singh,419156,2010,22,12,2.0,11.0
Yuvraj Singh,419159,2010,7,6,1.0,7.0
Yuvraj Singh,501207,2011,12,6,1.0,12.0
Yuvraj Singh,501213,2011,29,24,4.0,7.25
Yuvraj Singh,501218,2011,5,6,1.0,5.0
Yuvraj Singh,501226,2011,14,12,2.0,7.0
Yuvraj Singh,501228,2011,10,6,1.0,10.0
Yuvraj Singh,501232,2011,10,12,2.0,5.0
Yuvraj Singh,501235,2011,9,6,1.0,9.0
Yuvraj Singh,501241,2011,22,24,4.0,5.5
Yuvraj Singh,501248,2011,17,12,2.0,8.5
Yuvraj Singh,501250,2011,17,24,4.0,4.25
Yuvraj Singh,501259,2011,27,24,4.0,6.75
Yuvraj Singh,501262,2011,12,12,2.0,6.0
Yuvraj Singh,501265,2011,7,6,1.0,7.0
Yuvraj Singh,598000,2013,8,12,2.0,4.0
Yuvraj Singh,598009,2013,26,24,4.0,6.5
Yuvraj Singh,598011,2013,13,12,2.0,6.5
Yuvraj Singh,598025,2013,15,12,2.0,7.5
Yuvraj Singh,598035,2013,9,12,2.0,4.5
Yuvraj Singh,598042,2013,15,6,1.0,15.0
Yuvraj Singh,598047,2013,16,12,2.0,8.0
Yuvraj Singh,598055,2013,21,24,4.0,5.25
Yuvraj Singh,598061,2013,11,6,1.0,11.0
Yuvraj Singh,598067,2013,17,12,2.0,8.5
Yuvraj Singh,729281,2014,16,12,2.0,8.0
Yuvraj Singh,729287,2014,5,6,1.0,5.0
Yuvraj Singh,729313,2014,13,12,2.0,6.5
Yuvraj Singh,733983,2014,8,6,1.0,8.0
Yuvraj Singh,733991,2014,18,6,1.0,18.0
Yuvraj Singh,733999,2014,35,24,4.0,8.75
Yuvraj Singh,734005,2014,28,24,4.0,7.0
Yuvraj Singh,734021,2014,9,10,1.6666666666666665,5.4
Yuvraj Singh,734027,2014,21,12,2.0,10.5
Yuvraj Singh,734035,2014,30,24,4.0,7.5
Yuvraj Singh,829715,2015,11,6,1.0,11.0
Yuvraj Singh,829725,2015,8,6,1.0,8.0
Yuvraj Singh,829731,2015,10,6,1.0,10.0
Yuvraj Singh,829761,2015,14,12,2.0,7.0
Yuvraj Singh,829783,2015,5,6,1.0,5.0
Yuvraj Singh,829801,2015,23,18,3.0,7.67
Yuvraj Singh,980967,2016,12,12,2.0,6.0
Yuvraj Singh,980979,2016,10,6,1.0,10.0
Yuvraj Singh,980983,2016,11,7,1.1666666666666667,9.43
Yuvraj Singh,980991,2016,11,6,1.0,11.0
Yuvraj Singh,981003,2016,7,6,1.0,7.0
Yuvraj Singh,1082611,2017,6,6,1.0,6.0
Yuvraj Singh,1082630,2017,16,6,1.0,16.0
Yuvraj Singh,1136572,2018,9,6,1.0,9.0
Yuvraj Singh,1136578,2018,13,6,1.0,13.0
Z Khan,335982,2008,38,24,4.0,9.5
Z Khan,335985,2008,17,24,4.0,4.25
Z Khan,335992,2008,24,24,4.0,6.0
Z Khan,335996,2008,38,24,4.0,9.5
Z Khan,335998,2008,42,24,4.0,10.5
Z Khan,336006,2008,26,24,4.0,6.5
Z Khan,336010,2008,26,18,3.0,8.67
Z Khan,336016,2008,35,24,4.0,8.75
Z Khan,336023,2008,45,24,4.0,11.25
Z Khan,336026,2008,32,18,3.0,10.67
Z Khan,336034,2008,24,24,4.0,6.0
Z Khan,392181,2009,34,24,4.0,8.5
Z Khan,392192,2009,31,24,4.0,7.75
Z Khan,392197,2009,14,18,3.0,4.67
Z Khan,392200,2009,17,24,4.0,4.25
Z Khan,392203,2009,29,24,4.0,7.25
Z Khan,392208,2009,10,12,2.0,5.0
Z Khan,419107,2010,26,24,4.0,6.5
Z Khan,419114,2010,20,12,2.0,10.0
Z Khan,419119,2010,18,24,4.0,4.5
Z Khan,419122,2010,27,24,4.0,6.75
Z Khan,419125,2010,43,24,4.0,10.75
Z Khan,419130,2010,21,18,3.0,7.0
Z Khan,419132,2010,33,24,4.0,8.25
Z Khan,419138,2010,10,12,2.0,5.0
Z Khan,419146,2010,36,20,3.3333333333333335,10.8
Z Khan,419150,2010,17,24,4.0,4.25
Z Khan,419152,2010,23,12,2.0,11.5
Z Khan,419157,2010,30,24,4.0,7.5
Z Khan,419162,2010,34,24,4.0,8.5
Z Khan,419165,2010,33,24,4.0,8.25
Z Khan,501200,2011,28,24,4.0,7.0
Z Khan,501205,2011,35,24,4.0,8.75
Z Khan,501208,2011,31,24,4.0,7.75
Z Khan,501211,2011,33,24,4.0,8.25
Z Khan,501222,2011,44,24,4.0,11.0
Z Khan,501227,2011,25,24,4.0,6.25
Z Khan,501232,2011,32,24,4.0,8.0
Z Khan,501244,2011,32,24,4.0,8.0
Z Khan,501247,2011,26,24,4.0,6.5
Z Khan,501252,2011,22,24,4.0,5.5
Z Khan,501255,2011,17,18,3.0,5.67
Z Khan,501266,2011,17,24,4.0,4.25
Z Khan,501268,2011,29,24,4.0,7.25
Z Khan,501270,2011,31,24,4.0,7.75
Z Khan,501271,2011,30,24,4.0,7.5
Z Khan,548310,2012,35,24,4.0,8.75
Z Khan,548315,2012,31,24,4.0,7.75
Z Khan,548318,2012,31,24,4.0,7.75
Z Khan,548324,2012,15,24,4.0,3.75
Z Khan,548327,2012,33,24,4.0,8.25
Z Khan,548331,2012,25,24,4.0,6.25
Z Khan,548336,2012,28,24,4.0,7.0
Z Khan,548344,2012,47,24,4.0,11.75
Z Khan,548350,2012,29,24,4.0,7.25
Z Khan,548356,2012,31,24,4.0,7.75
Z Khan,548360,2012,16,24,4.0,4.0
Z Khan,548362,2012,21,24,4.0,5.25
Z Khan,548367,2012,32,24,4.0,8.0
Z Khan,548372,2012,38,24,4.0,9.5
Z Khan,548376,2012,30,24,4.0,7.5
Z Khan,598045,2013,28,24,4.0,7.0
Z Khan,598068,2013,17,12,2.0,8.5
Z Khan,729279,2014,20,24,4.0,5.0
Z Khan,729287,2014,20,24,4.0,5.0
Z Khan,729303,2014,31,24,4.0,7.75
Z Khan,729309,2014,17,17,2.8333333333333335,6.0
Z Khan,729317,2014,26,24,4.0,6.5
Z Khan,733973,2014,28,21,3.5,8.0
Z Khan,829761,2015,32,24,4.0,8.0
Z Khan,829767,2015,17,24,4.0,4.25
Z Khan,829777,2015,27,24,4.0,6.75
Z Khan,829783,2015,29,24,4.0,7.25
Z Khan,829793,2015,31,24,4.0,7.75
Z Khan,829801,2015,9,24,4.0,2.25
Z Khan,980903,2016,22,13,2.1666666666666665,10.15
Z Khan,980913,2016,14,24,4.0,3.5
Z Khan,980921,2016,50,24,4.0,12.5
Z Khan,980933,2016,29,24,4.0,7.25
Z Khan,980945,2016,48,24,4.0,12.0
Z Khan,980951,2016,20,21,3.5,5.71
Z Khan,980961,2016,26,24,4.0,6.5
Z Khan,980971,2016,25,18,3.0,8.33
Z Khan,980993,2016,22,24,4.0,5.5
Z Khan,980997,2016,17,18,3.0,5.67
Z Khan,981003,2016,26,24,4.0,6.5
Z Khan,981011,2016,25,24,4.0,6.25
Z Khan,1082595,2017,30,24,4.0,7.5
Z Khan,1082599,2017,19,18,3.0,6.33
Z Khan,1082605,2017,38,24,4.0,9.5
Z Khan,1082608,2017,28,24,4.0,7.0
Z Khan,1082611,2017,37,24,4.0,9.25
Z Khan,1082614,2017,35,24,4.0,8.75
Z Khan,1082622,2017,8,7,1.1666666666666667,6.86
Z Khan,1082635,2017,29,24,4.0,7.25
Z Khan,1082640,2017,30,24,4.0,7.5
Z Khan,1082642,2017,24,24,4.0,6.0
Z Khan,1082646,2017,30,24,4.0,7.5
Zeeshan Ansari,1473447,2025,42,24,4.0,10.5
Zeeshan Ansari,1473452,2025,25,18,3.0,8.33
Zeeshan Ansari,1473457,2025,33,24,4.0,8.25
Zeeshan Ansari,1473464,2025,39,24,4.0,9.75
Zeeshan Ansari,1473470,2025,33,19,3.1666666666666665,10.42
Zeeshan Ansari,1473478,2025,36,22,3.6666666666666665,9.82
Zeeshan Ansari,1473480,2025,27,18,3.0,9.0
Zeeshan Ansari,1473488,2025,41,24,4.0,10.25
Zeeshan Ansari,1473492,2025,30,18,3.0,10.0
Zeeshan Ansari,1473499,2025,21,12,2.0,10.5
