Bowler,Opponent,runs_conceded,balls_bowled,overs,economy,wickets
A Ashish Reddy,Chennai Super Kings,47,28,4.666666666666667,10.07,2
A Ashish Reddy,Delhi Daredevils,43,24,4.0,10.75,1
A Ashish Reddy,Kings XI Punjab,36,24,4.0,9.0,2
A Ashish Reddy,Kolkata Knight Riders,29,24,4.0,7.25,2
A Ashish Reddy,Mumbai Indians,10,13,2.1666666666666665,4.62,1
A Ashish Reddy,Pune Warriors,83,54,9.0,9.22,4
A Ashish Reddy,Rajasthan Royals,22,18,3.0,7.33,0
A Ashish Reddy,Royal Challengers Bengaluru,114,77,12.833333333333334,8.88,6
A Badoni,Gujarat Titans,4,6,1.0,4.0,2
A Badoni,Mumbai Indians,6,6,1.0,6.0,1
A Badoni,Punjab Kings,14,7,1.1666666666666667,12.0,0
A Badoni,Rajasthan Royals,11,12,2.0,5.5,1
A Badoni,Royal Challengers Bengaluru,9,4,0.6666666666666666,13.5,0
A Badoni,Sunrisers Hyderabad,19,6,1.0,19.0,0
A Chandila,Chennai Super Kings,16,18,3.0,5.33,1
A Chandila,Deccan Chargers,20,24,4.0,5.0,1
A Chandila,Kings XI Punjab,38,42,7.0,5.43,1
A Chandila,Mumbai Indians,30,24,4.0,7.5,2
A Chandila,Pune Warriors,36,36,6.0,6.0,4
A Chandila,Royal Challengers Bengaluru,89,72,12.0,7.42,0
A Chandila,Sunrisers Hyderabad,13,18,3.0,4.33,2
A Choudhary,Gujarat Lions,19,12,2.0,9.5,0
A Choudhary,Kings XI Punjab,17,24,4.0,4.25,2
A Choudhary,Kolkata Knight Riders,19,17,2.8333333333333335,6.71,1
A Choudhary,Mumbai Indians,31,24,4.0,7.75,1
A Choudhary,Sunrisers Hyderabad,51,24,4.0,12.75,1
A Dananjaya,Delhi Daredevils,46,24,4.0,11.5,0
A Flintoff,Delhi Daredevils,50,24,4.0,12.5,0
A Flintoff,Mumbai Indians,44,24,4.0,11.0,1
A Flintoff,Royal Challengers Bengaluru,11,18,3.0,3.67,1
A Kamboj,Delhi Capitals,83,48,8.0,10.38,3
A Kamboj,Gujarat Titans,84,57,9.5,8.84,4
A Kamboj,Kolkata Knight Riders,109,72,12.0,9.08,5
A Kamboj,Lucknow Super Giants,168,76,12.666666666666666,13.26,3
A Kamboj,Mumbai Indians,40,42,7.0,5.71,4
A Kamboj,Punjab Kings,61,34,5.666666666666667,10.76,2
A Kamboj,Rajasthan Royals,48,36,6.0,8.0,3
A Kamboj,Royal Challengers Bengaluru,75,42,7.0,10.71,1
A Kamboj,Sunrisers Hyderabad,118,84,14.0,8.43,6
A Kumble,Chennai Super Kings,108,144,24.0,4.5,7
A Kumble,Deccan Chargers,230,189,31.5,7.3,13
A Kumble,Delhi Daredevils,125,120,20.0,6.25,5
A Kumble,Kings XI Punjab,183,140,23.333333333333332,7.84,4
A Kumble,Kolkata Knight Riders,96,114,19.0,5.05,4
A Kumble,Mumbai Indians,175,132,22.0,7.95,3
A Kumble,Rajasthan Royals,102,126,21.0,4.86,9
A Mishra,Chennai Super Kings,394,339,56.5,6.97,13
A Mishra,Deccan Chargers,145,132,22.0,6.59,11
A Mishra,Delhi Daredevils,235,174,29.0,8.1,6
A Mishra,Gujarat Lions,96,60,10.0,9.6,2
A Mishra,Gujarat Titans,9,12,2.0,4.5,1
A Mishra,Kings XI Punjab,513,396,66.0,7.77,22
A Mishra,Kochi Tuskers Kerala,12,24,4.0,3.0,1
A Mishra,Kolkata Knight Riders,466,420,70.0,6.66,17
A Mishra,Mumbai Indians,617,504,84.0,7.35,25
A Mishra,Pune Warriors,132,128,21.333333333333332,6.19,10
A Mishra,Punjab Kings,23,12,2.0,11.5,0
A Mishra,Rajasthan Royals,501,444,74.0,6.77,31
A Mishra,Rising Pune Supergiants,70,72,12.0,5.83,4
A Mishra,Royal Challengers Bengaluru,483,366,61.0,7.92,19
A Mishra,Sunrisers Hyderabad,347,288,48.0,7.23,12
A Mithun,Chennai Super Kings,85,54,9.0,9.44,2
A Mithun,Deccan Chargers,32,18,3.0,10.67,0
A Mithun,Delhi Daredevils,69,42,7.0,9.86,3
A Mithun,Kings XI Punjab,50,36,6.0,8.33,0
A Mithun,Kochi Tuskers Kerala,31,24,4.0,7.75,1
A Mithun,Kolkata Knight Riders,48,36,6.0,8.0,1
A Mithun,Mumbai Indians,94,54,9.0,10.44,0
A Mithun,Pune Warriors,26,24,4.0,6.5,0
A Nehra,Chennai Super Kings,243,192,32.0,7.59,11
A Nehra,Deccan Chargers,250,180,30.0,8.33,7
A Nehra,Delhi Daredevils,162,131,21.833333333333332,7.42,8
A Nehra,Gujarat Lions,50,48,8.0,6.25,1
A Nehra,Kings XI Punjab,359,275,45.833333333333336,7.83,16
A Nehra,Kolkata Knight Riders,265,210,35.0,7.57,7
A Nehra,Mumbai Indians,348,252,42.0,8.29,17
A Nehra,Pune Warriors,26,24,4.0,6.5,0
A Nehra,Rajasthan Royals,205,192,32.0,6.41,10
A Nehra,Rising Pune Supergiants,48,49,8.166666666666666,5.88,4
A Nehra,Royal Challengers Bengaluru,376,295,49.166666666666664,7.65,23
A Nehra,Sunrisers Hyderabad,73,60,10.0,7.3,2
A Nel,Delhi Daredevils,31,18,3.0,10.33,1
A Nortje,Chennai Super Kings,249,168,28.0,8.89,10
A Nortje,Delhi Capitals,32,24,4.0,8.0,0
A Nortje,Gujarat Titans,117,66,11.0,10.64,4
A Nortje,Kings XI Punjab,33,24,4.0,8.25,0
A Nortje,Kolkata Knight Riders,175,134,22.333333333333332,7.84,13
A Nortje,Lucknow Super Giants,27,14,2.3333333333333335,11.57,0
A Nortje,Mumbai Indians,273,174,29.0,9.41,9
A Nortje,Punjab Kings,85,66,11.0,7.73,4
A Nortje,Rajasthan Royals,204,144,24.0,8.5,8
A Nortje,Royal Challengers Bengaluru,104,96,16.0,6.5,7
A Nortje,Sunrisers Hyderabad,312,210,35.0,8.91,6
A Singh,Chennai Super Kings,109,66,11.0,9.91,2
A Singh,Deccan Chargers,82,48,8.0,10.25,3
A Singh,Delhi Daredevils,92,72,12.0,7.67,3
A Singh,Kings XI Punjab,34,48,8.0,4.25,4
A Singh,Kochi Tuskers Kerala,25,24,4.0,6.25,1
A Singh,Kolkata Knight Riders,110,90,15.0,7.33,4
A Singh,Mumbai Indians,62,60,10.0,6.2,5
A Singh,Pune Warriors,29,18,3.0,9.67,0
A Singh,Royal Challengers Bengaluru,59,47,7.833333333333333,7.53,6
A Symonds,Chennai Super Kings,69,66,11.0,6.27,4
A Symonds,Delhi Daredevils,123,96,16.0,7.69,5
A Symonds,Kings XI Punjab,77,60,10.0,7.7,3
A Symonds,Kolkata Knight Riders,91,84,14.0,6.5,3
A Symonds,Mumbai Indians,70,48,8.0,8.75,0
A Symonds,Pune Warriors,7,6,1.0,7.0,0
A Symonds,Rajasthan Royals,103,65,10.833333333333334,9.51,0
A Symonds,Royal Challengers Bengaluru,116,102,17.0,6.82,5
A Uniyal,Delhi Daredevils,25,12,2.0,12.5,0
A Uniyal,Mumbai Indians,39,24,4.0,9.75,2
A Zampa,Chennai Super Kings,63,42,7.0,9.0,4
A Zampa,Delhi Daredevils,94,72,12.0,7.83,5
A Zampa,Gujarat Titans,72,42,7.0,10.29,1
A Zampa,Kings XI Punjab,54,47,7.833333333333333,6.89,3
A Zampa,Kolkata Knight Riders,3,6,1.0,3.0,0
A Zampa,Lucknow Super Giants,45,24,4.0,11.25,1
A Zampa,Mumbai Indians,118,72,12.0,9.83,4
A Zampa,Punjab Kings,26,24,4.0,6.5,1
A Zampa,Rajasthan Royals,74,42,7.0,10.57,1
A Zampa,Royal Challengers Bengaluru,60,48,8.0,7.5,4
A Zampa,Sunrisers Hyderabad,30,48,8.0,3.75,7
AA Chavan,Delhi Daredevils,59,48,8.0,7.38,2
AA Chavan,Kings XI Punjab,60,36,6.0,10.0,2
AA Chavan,Kochi Tuskers Kerala,10,6,1.0,10.0,0
AA Chavan,Kolkata Knight Riders,78,62,10.333333333333334,7.55,3
AA Chavan,Mumbai Indians,92,84,14.0,6.57,1
AA Chavan,Pune Warriors,19,12,2.0,9.5,0
AA Jhunjhunwala,Chennai Super Kings,31,30,5.0,6.2,1
AA Jhunjhunwala,Deccan Chargers,14,6,1.0,14.0,0
AA Jhunjhunwala,Delhi Daredevils,12,7,1.1666666666666667,10.29,0
AA Jhunjhunwala,Kings XI Punjab,36,24,4.0,9.0,0
AA Jhunjhunwala,Mumbai Indians,33,18,3.0,11.0,0
AA Kazi,Rajasthan Royals,20,12,2.0,10.0,0
AA Noffke,Kolkata Knight Riders,35,24,4.0,8.75,1
AB Agarkar,Chennai Super Kings,161,114,19.0,8.47,2
AB Agarkar,Deccan Chargers,176,108,18.0,9.78,5
AB Agarkar,Delhi Daredevils,95,72,12.0,7.92,2
AB Agarkar,Kings XI Punjab,171,114,19.0,9.0,5
AB Agarkar,Kochi Tuskers Kerala,41,42,7.0,5.86,2
AB Agarkar,Kolkata Knight Riders,33,24,4.0,8.25,1
AB Agarkar,Mumbai Indians,157,122,20.333333333333332,7.72,5
AB Agarkar,Rajasthan Royals,158,108,18.0,8.78,3
AB Agarkar,Royal Challengers Bengaluru,114,78,13.0,8.77,4
AB Dinda,Chennai Super Kings,183,138,23.0,7.96,4
AB Dinda,Deccan Chargers,106,84,14.0,7.57,6
AB Dinda,Delhi Daredevils,286,216,36.0,7.94,12
AB Dinda,Gujarat Lions,37,24,4.0,9.25,2
AB Dinda,Kings XI Punjab,269,204,34.0,7.91,7
AB Dinda,Kolkata Knight Riders,99,66,11.0,9.0,1
AB Dinda,Mumbai Indians,358,270,45.0,7.96,13
AB Dinda,Pune Warriors,41,24,4.0,10.25,2
AB Dinda,Rajasthan Royals,212,189,31.5,6.73,5
AB Dinda,Royal Challengers Bengaluru,218,169,28.166666666666668,7.74,10
AB Dinda,Sunrisers Hyderabad,152,132,22.0,6.91,7
AB McDonald,Chennai Super Kings,23,12,2.0,11.5,0
AB McDonald,Delhi Daredevils,28,24,4.0,7.0,2
AB McDonald,Kings XI Punjab,49,48,8.0,6.12,4
AB McDonald,Kolkata Knight Riders,36,24,4.0,9.0,2
AB McDonald,Mumbai Indians,42,24,4.0,10.5,1
AB McDonald,Rajasthan Royals,17,12,2.0,8.5,0
AB McDonald,Royal Challengers Bengaluru,64,42,7.0,9.14,2
AC Gilchrist,Mumbai Indians,0,1,0.16666666666666666,0.0,1
AC Thomas,Chennai Super Kings,50,45,7.5,6.67,2
AC Thomas,Deccan Chargers,27,24,4.0,6.75,0
AC Thomas,Delhi Daredevils,72,66,11.0,6.55,3
AC Thomas,Kings XI Punjab,26,24,4.0,6.5,2
AC Thomas,Kochi Tuskers Kerala,31,18,3.0,10.33,1
AC Thomas,Kolkata Knight Riders,28,18,3.0,9.33,1
AC Thomas,Mumbai Indians,65,48,8.0,8.12,2
AC Thomas,Rajasthan Royals,27,24,4.0,6.75,1
AC Thomas,Royal Challengers Bengaluru,66,48,8.0,8.25,2
AC Voges,Chennai Super Kings,8,6,1.0,8.0,0
AC Voges,Deccan Chargers,9,12,2.0,4.5,0
AC Voges,Delhi Daredevils,8,6,1.0,8.0,0
AC Voges,Kings XI Punjab,12,12,2.0,6.0,0
AC Voges,Kolkata Knight Riders,20,12,2.0,10.0,0
AC Voges,Royal Challengers Bengaluru,17,6,1.0,17.0,0
AD Mascarenhas,Chennai Super Kings,26,20,3.3333333333333335,7.8,0
AD Mascarenhas,Delhi Daredevils,86,72,12.0,7.17,6
AD Mascarenhas,Kings XI Punjab,29,24,4.0,7.25,0
AD Mascarenhas,Kolkata Knight Riders,86,72,12.0,7.17,2
AD Mascarenhas,Mumbai Indians,34,24,4.0,8.5,2
AD Mascarenhas,Pune Warriors,47,48,8.0,5.88,6
AD Mascarenhas,Royal Challengers Bengaluru,20,24,4.0,5.0,3
AD Mascarenhas,Sunrisers Hyderabad,25,24,4.0,6.25,0
AD Mathews,Chennai Super Kings,73,42,7.0,10.43,1
AD Mathews,Deccan Chargers,49,48,8.0,6.12,2
AD Mathews,Delhi Daredevils,98,60,10.0,9.8,3
AD Mathews,Kings XI Punjab,130,108,18.0,7.22,4
AD Mathews,Kolkata Knight Riders,132,108,18.0,7.33,2
AD Mathews,Mumbai Indians,105,81,13.5,7.78,3
AD Mathews,Rajasthan Royals,206,150,25.0,8.24,4
AD Mathews,Royal Challengers Bengaluru,138,116,19.333333333333332,7.14,7
AD Mathews,Sunrisers Hyderabad,123,78,13.0,9.46,1
AD Russell,Chennai Super Kings,309,214,35.666666666666664,8.66,9
AD Russell,Deccan Chargers,39,24,4.0,9.75,0
AD Russell,Delhi Capitals,169,110,18.333333333333332,9.22,7
AD Russell,Delhi Daredevils,141,114,19.0,7.42,9
AD Russell,Gujarat Lions,16,18,3.0,5.33,1
AD Russell,Gujarat Titans,46,30,5.0,9.2,6
AD Russell,Kings XI Punjab,294,173,28.833333333333332,10.2,14
AD Russell,Kolkata Knight Riders,23,18,3.0,7.67,0
AD Russell,Lucknow Super Giants,140,72,12.0,11.67,6
AD Russell,Mumbai Indians,459,291,48.5,9.46,19
AD Russell,Punjab Kings,77,44,7.333333333333333,10.5,2
AD Russell,Rajasthan Royals,210,138,23.0,9.13,7
AD Russell,Rising Pune Supergiants,27,24,4.0,6.75,1
AD Russell,Royal Challengers Bengaluru,401,273,45.5,8.81,17
AD Russell,Sunrisers Hyderabad,405,263,43.833333333333336,9.24,25
AF Milne,Chennai Super Kings,21,24,4.0,5.25,2
AF Milne,Delhi Capitals,39,20,3.3333333333333335,11.7,0
AF Milne,Gujarat Lions,40,24,4.0,10.0,1
AF Milne,Kolkata Knight Riders,47,33,5.5,8.55,0
AF Milne,Mumbai Indians,28,12,2.0,14.0,0
AF Milne,Rising Pune Supergiants,60,48,8.0,7.5,2
AF Milne,Royal Challengers Bengaluru,47,24,4.0,11.75,1
AF Milne,Sunrisers Hyderabad,70,42,7.0,10.0,1
AG Murtaza,Delhi Daredevils,52,72,12.0,4.33,6
AG Murtaza,Kochi Tuskers Kerala,36,24,4.0,9.0,0
AG Murtaza,Kolkata Knight Riders,67,60,10.0,6.7,0
AG Murtaza,Pune Warriors,18,24,4.0,4.5,2
AG Murtaza,Rajasthan Royals,61,48,8.0,7.62,1
AG Murtaza,Royal Challengers Bengaluru,70,36,6.0,11.67,0
AJ Finch,Chennai Super Kings,9,6,1.0,9.0,0
AJ Finch,Kolkata Knight Riders,5,7,1.1666666666666667,4.29,0
AJ Finch,Mumbai Indians,23,24,4.0,5.75,1
AJ Finch,Royal Challengers Bengaluru,29,6,1.0,29.0,0
AJ Hosein,Delhi Capitals,76,60,10.0,7.6,2
AJ Hosein,Gujarat Titans,46,22,3.6666666666666665,12.55,1
AJ Hosein,Kolkata Knight Riders,26,24,4.0,6.5,1
AJ Hosein,Lucknow Super Giants,49,24,4.0,12.25,0
AJ Hosein,Mumbai Indians,17,24,4.0,4.25,4
AJ Hosein,Sunrisers Hyderabad,20,18,3.0,6.67,1
AJ Tye,Chennai Super Kings,201,114,19.0,10.58,4
AJ Tye,Delhi Capitals,74,43,7.166666666666667,10.33,1
AJ Tye,Delhi Daredevils,59,48,8.0,7.38,2
AJ Tye,Kings XI Punjab,35,24,4.0,8.75,2
AJ Tye,Kolkata Knight Riders,142,90,15.0,9.47,8
AJ Tye,Mumbai Indians,129,102,17.0,7.59,8
AJ Tye,Rajasthan Royals,58,48,8.0,7.25,6
AJ Tye,Rising Pune Supergiants,16,24,4.0,4.0,5
AJ Tye,Royal Challengers Bengaluru,145,120,20.0,7.25,4
AJ Tye,Sunrisers Hyderabad,89,72,12.0,7.42,2
AK Markram,Chennai Super Kings,92,56,9.333333333333334,9.86,2
AK Markram,Delhi Capitals,60,36,6.0,10.0,2
AK Markram,Gujarat Titans,51,28,4.666666666666667,10.93,0
AK Markram,Kolkata Knight Riders,38,36,6.0,6.33,1
AK Markram,Lucknow Super Giants,14,12,2.0,7.0,0
AK Markram,Mumbai Indians,18,19,3.1666666666666665,5.68,0
AK Markram,Punjab Kings,31,6,1.0,31.0,0
AK Markram,Rajasthan Royals,27,18,3.0,9.0,1
AK Markram,Royal Challengers Bengaluru,5,6,1.0,5.0,0
AK Markram,Sunrisers Hyderabad,14,6,1.0,14.0,0
AL Menaria,Chennai Super Kings,38,30,5.0,7.6,0
AL Menaria,Deccan Chargers,8,6,1.0,8.0,0
AL Menaria,Delhi Daredevils,10,2,0.3333333333333333,30.0,0
AL Menaria,Kings XI Punjab,7,6,1.0,7.0,0
AL Menaria,Kolkata Knight Riders,19,18,3.0,6.33,1
AL Menaria,Mumbai Indians,32,30,5.0,6.4,2
AL Menaria,Pune Warriors,10,6,1.0,10.0,0
AL Menaria,Royal Challengers Bengaluru,16,12,2.0,8.0,0
AM Ghazanfar,Chennai Super Kings,65,48,8.0,8.12,3
AM Ghazanfar,Gujarat Titans,16,17,2.8333333333333335,5.65,2
AM Ghazanfar,Kolkata Knight Riders,75,48,8.0,9.38,1
AM Ghazanfar,Lucknow Super Giants,50,24,4.0,12.5,1
AM Ghazanfar,Punjab Kings,31,24,4.0,7.75,2
AM Ghazanfar,Rajasthan Royals,62,30,5.0,12.4,3
AM Ghazanfar,Royal Challengers Bengaluru,33,18,3.0,11.0,1
AM Ghazanfar,Sunrisers Hyderabad,51,24,4.0,12.75,2
AM Nayar,Chennai Super Kings,80,54,9.0,8.89,1
AM Nayar,Deccan Chargers,49,30,5.0,9.8,1
AM Nayar,Delhi Daredevils,61,36,6.0,10.17,2
AM Nayar,Kolkata Knight Riders,32,36,6.0,5.33,4
AM Nayar,Pune Warriors,25,19,3.1666666666666665,7.89,1
AM Nayar,Rajasthan Royals,7,12,2.0,3.5,0
AM Nayar,Royal Challengers Bengaluru,57,42,7.0,8.14,0
AM Rahane,Kings XI Punjab,5,6,1.0,5.0,1
AM Salvi,Chennai Super Kings,36,18,3.0,12.0,0
AM Salvi,Deccan Chargers,25,24,4.0,6.25,1
AM Salvi,Kings XI Punjab,56,36,6.0,9.33,3
AM Salvi,Mumbai Indians,25,24,4.0,6.25,1
AM Salvi,Rajasthan Royals,18,24,4.0,4.5,2
AM Salvi,Royal Challengers Bengaluru,30,24,4.0,7.5,0
AN Ahmed,Chennai Super Kings,72,60,10.0,7.2,1
AN Ahmed,Deccan Chargers,26,24,4.0,6.5,0
AN Ahmed,Delhi Daredevils,34,24,4.0,8.5,1
AN Ahmed,Kings XI Punjab,22,18,3.0,7.33,0
AN Ahmed,Kolkata Knight Riders,111,90,15.0,7.4,5
AN Ahmed,Mumbai Indians,58,24,4.0,14.5,0
AN Ahmed,Pune Warriors,40,42,7.0,5.71,4
AN Ahmed,Royal Challengers Bengaluru,39,24,4.0,9.75,1
AN Ahmed,Sunrisers Hyderabad,49,38,6.333333333333333,7.74,0
AP Dole,Deccan Chargers,40,24,4.0,10.0,2
AP Dole,Kings XI Punjab,34,24,4.0,8.5,2
AP Dole,Mumbai Indians,31,18,3.0,10.33,1
AR Patel,Chennai Super Kings,493,426,71.0,6.94,13
AR Patel,Delhi Daredevils,240,196,32.666666666666664,7.35,9
AR Patel,Gujarat Lions,101,78,13.0,7.77,6
AR Patel,Gujarat Titans,188,138,23.0,8.17,2
AR Patel,Kings XI Punjab,63,66,11.0,5.73,4
AR Patel,Kolkata Knight Riders,599,504,84.0,7.13,19
AR Patel,Lucknow Super Giants,182,150,25.0,7.28,3
AR Patel,Mumbai Indians,600,456,76.0,7.89,15
AR Patel,Punjab Kings,186,174,29.0,6.41,8
AR Patel,Rajasthan Royals,495,402,67.0,7.39,16
AR Patel,Rising Pune Supergiants,105,78,13.0,8.08,3
AR Patel,Royal Challengers Bengaluru,563,474,79.0,7.13,23
AR Patel,Sunrisers Hyderabad,554,443,73.83333333333333,7.5,18
AS Joseph,Chennai Super Kings,115,88,14.666666666666666,7.84,5
AS Joseph,Delhi Capitals,28,24,4.0,7.0,2
AS Joseph,Kings XI Punjab,21,12,2.0,10.5,0
AS Joseph,Kolkata Knight Riders,90,60,10.0,9.0,3
AS Joseph,Lucknow Super Giants,19,18,3.0,6.33,0
AS Joseph,Mumbai Indians,93,48,8.0,11.62,1
AS Joseph,Punjab Kings,90,66,11.0,8.18,2
AS Joseph,Rajasthan Royals,127,48,8.0,15.88,0
AS Joseph,Royal Challengers Bengaluru,41,24,4.0,10.25,1
AS Joseph,Sunrisers Hyderabad,44,46,7.666666666666667,5.74,7
AS Rajpoot,Chennai Super Kings,26,30,5.0,5.2,2
AS Rajpoot,Delhi Daredevils,21,24,4.0,5.25,2
AS Rajpoot,Gujarat Lions,27,18,3.0,9.0,1
AS Rajpoot,Kings XI Punjab,64,43,7.166666666666667,8.93,1
AS Rajpoot,Kolkata Knight Riders,65,42,7.0,9.29,1
AS Rajpoot,Mumbai Indians,300,174,29.0,10.34,7
AS Rajpoot,Rajasthan Royals,66,42,7.0,9.43,3
AS Rajpoot,Rising Pune Supergiants,13,12,2.0,6.5,1
AS Rajpoot,Royal Challengers Bengaluru,114,73,12.166666666666666,9.37,0
AS Rajpoot,Sunrisers Hyderabad,65,72,12.0,5.42,6
AS Raut,Deccan Chargers,20,12,2.0,10.0,0
AS Raut,Delhi Daredevils,10,6,1.0,10.0,0
AS Raut,Kings XI Punjab,8,6,1.0,8.0,0
AS Raut,Royal Challengers Bengaluru,6,6,1.0,6.0,0
AS Roy,Chennai Super Kings,43,40,6.666666666666667,6.45,2
AS Roy,Delhi Capitals,93,84,14.0,6.64,6
AS Roy,Gujarat Titans,53,24,4.0,13.25,0
AS Roy,Lucknow Super Giants,74,54,9.0,8.22,3
AS Roy,Mumbai Indians,20,13,2.1666666666666665,9.23,0
AS Roy,Punjab Kings,36,12,2.0,18.0,0
AS Roy,Rajasthan Royals,48,30,5.0,9.6,1
AS Roy,Royal Challengers Bengaluru,36,30,5.0,7.2,0
AS Roy,Sunrisers Hyderabad,47,36,6.0,7.83,3
AU Rashid,Lucknow Super Giants,23,18,3.0,7.67,2
AU Rashid,Rajasthan Royals,68,42,7.0,9.71,0
AUK Pathan,Kings XI Punjab,14,6,1.0,14.0,0
AUK Pathan,Kochi Tuskers Kerala,13,12,2.0,6.5,0
AUK Pathan,Mumbai Indians,30,21,3.5,8.57,0
Abdul Samad,Chennai Super Kings,36,24,4.0,9.0,1
Abdul Samad,Delhi Capitals,6,1,0.16666666666666666,36.0,0
Abdul Samad,Kings XI Punjab,28,6,1.0,28.0,0
Abdul Samad,Lucknow Super Giants,8,6,1.0,8.0,0
Abdul Samad,Mumbai Indians,27,12,2.0,13.5,0
Abdul Samad,Punjab Kings,15,8,1.3333333333333333,11.25,1
Abdur Razzak,Rajasthan Royals,19,12,2.0,9.5,0
Abhinandan Singh,Chennai Super Kings,30,22,3.6666666666666665,8.18,2
Abhinandan Singh,Rajasthan Royals,52,18,3.0,17.33,0
Abhinandan Singh,Sunrisers Hyderabad,38,18,3.0,12.67,1
Abhishek Sharma,Chennai Super Kings,33,30,5.0,6.6,0
Abhishek Sharma,Delhi Capitals,113,78,13.0,8.69,2
Abhishek Sharma,Gujarat Titans,29,12,2.0,14.5,0
Abhishek Sharma,Kings XI Punjab,24,12,2.0,12.0,1
Abhishek Sharma,Kolkata Knight Riders,65,36,6.0,10.83,0
Abhishek Sharma,Lucknow Super Giants,61,30,5.0,12.2,1
Abhishek Sharma,Mumbai Indians,18,18,3.0,6.0,2
Abhishek Sharma,Punjab Kings,30,29,4.833333333333333,6.21,2
Abhishek Sharma,Rajasthan Royals,90,66,11.0,8.18,2
Abhishek Sharma,Royal Challengers Bengaluru,76,54,9.0,8.44,1
Akash Deep,Chennai Super Kings,67,30,5.0,13.4,0
Akash Deep,Gujarat Titans,78,42,7.0,11.14,0
Akash Deep,Kolkata Knight Riders,112,59,9.833333333333334,11.39,5
Akash Deep,Mumbai Indians,147,87,14.5,10.14,4
Akash Deep,Punjab Kings,38,18,3.0,12.67,1
Akash Deep,Rajasthan Royals,43,24,4.0,10.75,0
Akash Deep,Sunrisers Hyderabad,28,18,3.0,9.33,0
Akash Madhwal,Chennai Super Kings,65,48,8.0,8.12,4
Akash Madhwal,Delhi Capitals,38,24,4.0,9.5,0
Akash Madhwal,Gujarat Titans,76,48,8.0,9.5,4
Akash Madhwal,Kolkata Knight Riders,47,18,3.0,15.67,0
Akash Madhwal,Lucknow Super Giants,33,45,7.5,4.4,5
Akash Madhwal,Mumbai Indians,38,24,4.0,9.5,0
Akash Madhwal,Punjab Kings,117,61,10.166666666666666,11.51,2
Akash Madhwal,Rajasthan Royals,19,24,4.0,4.75,3
Akash Madhwal,Royal Challengers Bengaluru,74,36,6.0,12.33,1
Akash Madhwal,Sunrisers Hyderabad,35,24,4.0,8.75,4
Akash Singh,Chennai Super Kings,64,48,8.0,8.0,3
Akash Singh,Gujarat Titans,29,19,3.1666666666666665,9.16,1
Akash Singh,Kolkata Knight Riders,28,24,4.0,7.0,1
Akash Singh,Punjab Kings,64,42,7.0,9.14,2
Akash Singh,Rajasthan Royals,116,54,9.0,12.89,3
Akash Singh,Royal Challengers Bengaluru,75,42,7.0,10.71,2
Akash Singh,Sunrisers Hyderabad,17,18,3.0,5.67,1
Aman Hakim Khan,Sunrisers Hyderabad,13,6,1.0,13.0,0
Anand Rajan,Delhi Daredevils,19,24,4.0,4.75,1
Anand Rajan,Kings XI Punjab,22,12,2.0,11.0,0
Anand Rajan,Kolkata Knight Riders,30,36,6.0,5.0,2
Anand Rajan,Mumbai Indians,32,30,5.0,6.4,3
Anand Rajan,Rajasthan Royals,43,24,4.0,10.75,1
Anand Rajan,Royal Challengers Bengaluru,42,23,3.8333333333333335,10.96,1
Ankit Sharma,Chennai Super Kings,124,102,17.0,7.29,5
Ankit Sharma,Delhi Daredevils,33,19,3.1666666666666665,10.42,0
Ankit Sharma,Gujarat Lions,16,6,1.0,16.0,0
Ankit Sharma,Kings XI Punjab,25,24,4.0,6.25,1
Ankit Sharma,Kolkata Knight Riders,42,42,7.0,6.0,1
Ankit Sharma,Mumbai Indians,69,72,12.0,5.75,3
Ankit Sharma,Pune Warriors,20,24,4.0,5.0,2
Ankit Sharma,Rajasthan Royals,32,24,4.0,8.0,0
Ankit Sharma,Royal Challengers Bengaluru,75,54,9.0,8.33,0
Ankit Soni,Delhi Daredevils,26,12,2.0,13.0,0
Ankit Soni,Kings XI Punjab,27,18,3.0,9.0,0
Ankit Soni,Mumbai Indians,15,24,4.0,3.75,1
Ankit Soni,Rising Pune Supergiants,15,24,4.0,3.75,0
Ankit Soni,Royal Challengers Bengaluru,27,18,3.0,9.0,1
Ankit Soni,Sunrisers Hyderabad,31,13,2.1666666666666665,14.31,0
Anureet Singh,Chennai Super Kings,74,47,7.833333333333333,9.45,1
Anureet Singh,Delhi Daredevils,51,42,7.0,7.29,2
Anureet Singh,Kings XI Punjab,32,18,3.0,10.67,1
Anureet Singh,Kolkata Knight Riders,103,53,8.833333333333334,11.66,2
Anureet Singh,Mumbai Indians,67,48,8.0,8.38,3
Anureet Singh,Rajasthan Royals,97,72,12.0,8.08,6
Anureet Singh,Royal Challengers Bengaluru,59,54,9.0,6.56,2
Anureet Singh,Sunrisers Hyderabad,110,78,13.0,8.46,1
Arjun Tendulkar,Gujarat Titans,9,12,2.0,4.5,1
Arjun Tendulkar,Kolkata Knight Riders,16,12,2.0,8.0,0
Arjun Tendulkar,Lucknow Super Giants,21,14,2.3333333333333335,9.0,0
Arjun Tendulkar,Punjab Kings,75,42,7.0,10.71,2
Arjun Tendulkar,Sunrisers Hyderabad,15,17,2.8333333333333335,5.29,1
Arshad Khan,Chennai Super Kings,163,71,11.833333333333334,13.77,2
Arshad Khan,Delhi Capitals,134,79,13.166666666666666,10.18,3
Arshad Khan,Kolkata Knight Riders,22,6,1.0,22.0,0
Arshad Khan,Lucknow Super Giants,44,30,5.0,8.8,1
Arshad Khan,Mumbai Indians,26,30,5.0,5.2,1
Arshad Khan,Punjab Kings,94,48,8.0,11.75,1
Arshad Khan,Rajasthan Royals,53,30,5.0,10.6,4
Arshad Khan,Royal Challengers Bengaluru,93,70,11.666666666666666,7.97,6
Arshad Khan (2),Kolkata Knight Riders,22,12,2.0,11.0,0
Arshdeep Singh,Chennai Super Kings,293,212,35.333333333333336,8.29,11
Arshdeep Singh,Delhi Capitals,280,198,33.0,8.48,9
Arshdeep Singh,Gujarat Titans,235,181,30.166666666666668,7.79,7
Arshdeep Singh,Kolkata Knight Riders,272,202,33.666666666666664,8.08,11
Arshdeep Singh,Lucknow Super Giants,268,174,29.0,9.24,11
Arshdeep Singh,Mumbai Indians,361,245,40.833333333333336,8.84,13
Arshdeep Singh,Rajasthan Royals,479,281,46.833333333333336,10.23,19
Arshdeep Singh,Royal Challengers Bengaluru,365,236,39.333333333333336,9.28,12
Arshdeep Singh,Sunrisers Hyderabad,400,303,50.5,7.92,18
Ashok Sharma,Delhi Capitals,43,18,3.0,14.33,0
Ashok Sharma,Kolkata Knight Riders,42,24,4.0,10.5,2
Ashok Sharma,Lucknow Super Giants,30,24,4.0,7.5,2
Ashok Sharma,Mumbai Indians,38,18,3.0,12.67,0
Ashok Sharma,Punjab Kings,29,18,3.0,9.67,1
Ashok Sharma,Rajasthan Royals,35,24,4.0,8.75,1
Ashwani Kumar,Chennai Super Kings,78,36,6.0,13.0,3
Ashwani Kumar,Gujarat Titans,77,69,11.5,6.7,7
Ashwani Kumar,Kolkata Knight Riders,22,18,3.0,7.33,4
Ashwani Kumar,Lucknow Super Giants,37,18,3.0,12.33,1
Ashwani Kumar,Punjab Kings,67,30,5.0,13.4,2
Ashwani Kumar,Sunrisers Hyderabad,40,12,2.0,20.0,0
Atharva Taide,Sunrisers Hyderabad,4,1,0.16666666666666666,24.0,0
Auqib Nabi,Chennai Super Kings,16,12,2.0,8.0,0
Auqib Nabi,Kolkata Knight Riders,23,12,2.0,11.5,0
Auqib Nabi,Punjab Kings,59,36,6.0,9.83,0
Auqib Nabi,Royal Challengers Bengaluru,35,18,3.0,11.67,0
Avesh Khan,Chennai Super Kings,351,231,38.5,9.12,10
Avesh Khan,Delhi Capitals,149,96,16.0,9.31,3
Avesh Khan,Delhi Daredevils,23,24,4.0,5.75,1
Avesh Khan,Gujarat Titans,265,171,28.5,9.3,8
Avesh Khan,Kings XI Punjab,65,42,7.0,9.29,2
Avesh Khan,Kolkata Knight Riders,283,204,34.0,8.32,14
Avesh Khan,Lucknow Super Giants,53,42,7.0,7.57,1
Avesh Khan,Mumbai Indians,268,178,29.666666666666668,9.03,13
Avesh Khan,Punjab Kings,337,203,33.833333333333336,9.96,6
Avesh Khan,Rajasthan Royals,208,150,25.0,8.32,12
Avesh Khan,Royal Challengers Bengaluru,318,210,35.0,9.09,8
Avesh Khan,Sunrisers Hyderabad,317,216,36.0,8.81,16
Azhar Mahmood,Chennai Super Kings,86,72,12.0,7.17,5
Azhar Mahmood,Deccan Chargers,59,48,8.0,7.38,2
Azhar Mahmood,Delhi Daredevils,95,68,11.333333333333334,8.38,2
Azhar Mahmood,Kolkata Knight Riders,55,48,8.0,6.88,6
Azhar Mahmood,Mumbai Indians,117,95,15.833333333333334,7.39,4
Azhar Mahmood,Pune Warriors,61,48,8.0,7.62,4
Azhar Mahmood,Rajasthan Royals,94,66,11.0,8.55,0
Azhar Mahmood,Royal Challengers Bengaluru,71,69,11.5,6.17,5
Azhar Mahmood,Sunrisers Hyderabad,35,23,3.8333333333333335,9.13,1
Azmatullah Omarzai,Chennai Super Kings,65,42,7.0,9.29,1
Azmatullah Omarzai,Delhi Capitals,79,48,8.0,9.88,0
Azmatullah Omarzai,Gujarat Titans,29,12,2.0,14.5,0
Azmatullah Omarzai,Lucknow Super Giants,58,42,7.0,8.29,3
Azmatullah Omarzai,Mumbai Indians,102,66,11.0,9.27,6
Azmatullah Omarzai,Punjab Kings,53,36,6.0,8.83,1
Azmatullah Omarzai,Rajasthan Royals,44,24,4.0,11.0,2
Azmatullah Omarzai,Royal Challengers Bengaluru,98,66,11.0,8.91,1
Azmatullah Omarzai,Sunrisers Hyderabad,23,18,3.0,7.67,1
B Akhil,Chennai Super Kings,40,36,6.0,6.67,0
B Akhil,Deccan Chargers,62,48,8.0,7.75,2
B Akhil,Delhi Daredevils,69,50,8.333333333333334,8.28,1
B Akhil,Kolkata Knight Riders,30,18,3.0,10.0,1
B Akhil,Mumbai Indians,34,36,6.0,5.67,2
B Chipli,Delhi Daredevils,20,6,1.0,20.0,0
B Geeves,Mumbai Indians,49,24,4.0,12.25,1
B Geeves,Rajasthan Royals,41,24,4.0,10.25,0
B Kumar,Chennai Super Kings,608,512,85.33333333333333,7.12,17
B Kumar,Deccan Chargers,90,78,13.0,6.92,2
B Kumar,Delhi Capitals,336,300,50.0,6.72,24
B Kumar,Delhi Daredevils,349,288,48.0,7.27,5
B Kumar,Gujarat Lions,125,116,19.333333333333332,6.47,12
B Kumar,Gujarat Titans,252,216,36.0,7.0,16
B Kumar,Kings XI Punjab,369,316,52.666666666666664,7.01,21
B Kumar,Kolkata Knight Riders,863,678,113.0,7.64,33
B Kumar,Lucknow Super Giants,186,156,26.0,7.15,7
B Kumar,Mumbai Indians,572,498,83.0,6.89,27
B Kumar,Punjab Kings,332,252,42.0,7.9,15
B Kumar,Rajasthan Royals,685,483,80.5,8.51,20
B Kumar,Rising Pune Supergiants,108,90,15.0,7.2,3
B Kumar,Royal Challengers Bengaluru,662,497,82.83333333333333,7.99,18
B Kumar,Sunrisers Hyderabad,153,120,20.0,7.65,6
B Laughlin,Chennai Super Kings,35,24,4.0,8.75,2
B Laughlin,Delhi Daredevils,20,12,2.0,10.0,2
B Laughlin,Kolkata Knight Riders,69,41,6.833333333333333,10.1,2
B Laughlin,Mumbai Indians,68,42,7.0,9.71,1
B Laughlin,Royal Challengers Bengaluru,60,36,6.0,10.0,3
B Laughlin,Sunrisers Hyderabad,18,13,2.1666666666666665,8.31,0
B Lee,Chennai Super Kings,129,120,20.0,6.45,2
B Lee,Deccan Chargers,90,96,16.0,5.62,3
B Lee,Delhi Daredevils,184,156,26.0,7.08,8
B Lee,Kings XI Punjab,51,48,8.0,6.38,2
B Lee,Kochi Tuskers Kerala,73,48,8.0,9.12,1
B Lee,Kolkata Knight Riders,36,24,4.0,9.0,0
B Lee,Mumbai Indians,199,159,26.5,7.51,3
B Lee,Pune Warriors,28,24,4.0,7.0,0
B Lee,Rajasthan Royals,112,110,18.333333333333332,6.11,5
B Lee,Royal Challengers Bengaluru,127,90,15.0,8.47,1
B Muzarabani,Mumbai Indians,34,18,3.0,11.33,0
B Muzarabani,Sunrisers Hyderabad,39,24,4.0,9.75,4
B Stanlake,Chennai Super Kings,36,24,4.0,9.0,0
B Stanlake,Delhi Daredevils,28,24,4.0,7.0,2
B Stanlake,Kings XI Punjab,40,24,4.0,10.0,0
B Stanlake,Kolkata Knight Riders,21,24,4.0,5.25,2
B Stanlake,Mumbai Indians,41,24,4.0,10.25,2
B Stanlake,Rajasthan Royals,28,24,4.0,7.0,1
BA Bhatt,Chennai Super Kings,47,30,5.0,9.4,0
BA Bhatt,Deccan Chargers,33,18,3.0,11.0,0
BA Bhatt,Delhi Daredevils,11,12,2.0,5.5,1
BA Bhatt,Kochi Tuskers Kerala,33,24,4.0,8.25,0
BA Bhatt,Kolkata Knight Riders,98,87,14.5,6.76,4
BA Bhatt,Mumbai Indians,112,83,13.833333333333334,8.1,4
BA Bhatt,Pune Warriors,34,24,4.0,8.5,1
BA Bhatt,Rajasthan Royals,20,18,3.0,6.67,2
BA Stokes,Chennai Super Kings,160,96,16.0,10.0,3
BA Stokes,Delhi Capitals,20,12,2.0,10.0,0
BA Stokes,Delhi Daredevils,95,66,11.0,8.64,2
BA Stokes,Gujarat Lions,53,42,7.0,7.57,0
BA Stokes,Kings XI Punjab,149,120,20.0,7.45,6
BA Stokes,Kolkata Knight Riders,104,89,14.833333333333334,7.01,4
BA Stokes,Lucknow Super Giants,18,6,1.0,18.0,0
BA Stokes,Mumbai Indians,109,90,15.0,7.27,5
BA Stokes,Punjab Kings,12,6,1.0,12.0,0
BA Stokes,Royal Challengers Bengaluru,76,60,10.0,7.6,4
BA Stokes,Sunrisers Hyderabad,157,102,17.0,9.24,4
BAW Mendis,Chennai Super Kings,38,24,4.0,9.5,0
BAW Mendis,Delhi Daredevils,21,24,4.0,5.25,2
BAW Mendis,Kings XI Punjab,62,48,8.0,7.75,2
BAW Mendis,Mumbai Indians,54,48,8.0,6.75,1
BAW Mendis,Rajasthan Royals,36,28,4.666666666666667,7.71,2
BAW Mendis,Royal Challengers Bengaluru,84,72,12.0,7.0,1
BB Sran,Chennai Super Kings,31,24,4.0,7.75,0
BB Sran,Delhi Daredevils,96,60,10.0,9.6,3
BB Sran,Gujarat Lions,82,60,10.0,8.2,2
BB Sran,Kings XI Punjab,61,36,6.0,10.17,0
BB Sran,Kolkata Knight Riders,240,138,23.0,10.43,5
BB Sran,Mumbai Indians,41,45,7.5,5.47,5
BB Sran,Rising Pune Supergiants,26,24,4.0,6.5,1
BB Sran,Royal Challengers Bengaluru,74,42,7.0,10.57,2
BB Sran,Sunrisers Hyderabad,63,54,9.0,7.0,0
BCJ Cutting,Chennai Super Kings,13,6,1.0,13.0,0
BCJ Cutting,Delhi Capitals,27,12,2.0,13.5,1
BCJ Cutting,Delhi Daredevils,66,48,8.0,8.25,1
BCJ Cutting,Gujarat Lions,49,36,6.0,8.17,2
BCJ Cutting,Kings XI Punjab,54,31,5.166666666666667,10.45,1
BCJ Cutting,Kolkata Knight Riders,89,66,11.0,8.09,3
BCJ Cutting,Mumbai Indians,18,12,2.0,9.0,0
BCJ Cutting,Royal Challengers Bengaluru,67,46,7.666666666666667,8.74,2
BCJ Cutting,Sunrisers Hyderabad,39,24,4.0,9.75,0
BE Hendricks,Chennai Super Kings,24,18,3.0,8.0,1
BE Hendricks,Delhi Daredevils,36,24,4.0,9.0,3
BE Hendricks,Kolkata Knight Riders,35,24,4.0,8.75,1
BE Hendricks,Mumbai Indians,26,24,4.0,6.5,1
BE Hendricks,Rajasthan Royals,57,24,4.0,14.25,0
BE Hendricks,Royal Challengers Bengaluru,9,12,2.0,4.5,1
BE Hendricks,Sunrisers Hyderabad,36,24,4.0,9.0,2
BJ Dwarshuis,Delhi Capitals,46,24,4.0,11.5,1
BJ Hodge,Chennai Super Kings,40,36,6.0,6.67,2
BJ Hodge,Deccan Chargers,50,36,6.0,8.33,3
BJ Hodge,Delhi Daredevils,13,18,3.0,4.33,0
BJ Hodge,Kings XI Punjab,46,30,5.0,9.2,1
BJ Hodge,Mumbai Indians,42,30,5.0,8.4,2
BJ Hodge,Pune Warriors,13,12,2.0,6.5,2
BJ Hodge,Rajasthan Royals,47,36,6.0,7.83,4
BJ Hodge,Royal Challengers Bengaluru,40,30,5.0,8.0,3
BJ Hodge,Sunrisers Hyderabad,3,6,1.0,3.0,0
BJ Rohrer,Rajasthan Royals,11,6,1.0,11.0,0
BMAJ Mendis,Mumbai Indians,20,12,2.0,10.0,0
BMAJ Mendis,Sunrisers Hyderabad,16,18,3.0,5.33,1
BW Hilfenhaus,Deccan Chargers,31,24,4.0,7.75,1
BW Hilfenhaus,Delhi Daredevils,82,78,13.0,6.31,6
BW Hilfenhaus,Kings XI Punjab,54,48,8.0,6.75,2
BW Hilfenhaus,Kolkata Knight Riders,108,78,13.0,8.31,3
BW Hilfenhaus,Mumbai Indians,113,72,12.0,9.42,5
BW Hilfenhaus,Rajasthan Royals,39,48,8.0,4.88,3
BW Hilfenhaus,Sunrisers Hyderabad,31,24,4.0,7.75,2
Basil Thampi,Delhi Capitals,73,48,8.0,9.12,3
Basil Thampi,Delhi Daredevils,79,46,7.666666666666667,10.3,2
Basil Thampi,Kings XI Punjab,105,62,10.333333333333334,10.16,3
Basil Thampi,Kolkata Knight Riders,105,66,11.0,9.55,2
Basil Thampi,Mumbai Indians,105,83,13.833333333333334,7.59,5
Basil Thampi,Punjab Kings,45,24,4.0,11.25,2
Basil Thampi,Rajasthan Royals,52,18,3.0,17.33,1
Basil Thampi,Rising Pune Supergiants,55,42,7.0,7.86,2
Basil Thampi,Royal Challengers Bengaluru,190,120,20.0,9.5,2
Basil Thampi,Sunrisers Hyderabad,19,12,2.0,9.5,0
Bipul Sharma,Chennai Super Kings,11,6,1.0,11.0,0
Bipul Sharma,Deccan Chargers,19,12,2.0,9.5,1
Bipul Sharma,Gujarat Lions,55,54,9.0,6.11,2
Bipul Sharma,Kings XI Punjab,13,12,2.0,6.5,2
Bipul Sharma,Kochi Tuskers Kerala,31,24,4.0,7.75,2
Bipul Sharma,Kolkata Knight Riders,90,74,12.333333333333334,7.3,1
Bipul Sharma,Mumbai Indians,73,60,10.0,7.3,2
Bipul Sharma,Pune Warriors,40,16,2.6666666666666665,15.0,0
Bipul Sharma,Rajasthan Royals,55,54,9.0,6.11,1
Bipul Sharma,Rising Pune Supergiants,86,54,9.0,9.56,2
Bipul Sharma,Royal Challengers Bengaluru,84,60,10.0,8.4,4
Brijesh Sharma,Chennai Super Kings,15,18,3.0,5.0,1
Brijesh Sharma,Delhi Capitals,73,43,7.166666666666667,10.19,2
Brijesh Sharma,Gujarat Titans,86,46,7.666666666666667,11.22,3
Brijesh Sharma,Kolkata Knight Riders,20,10,1.6666666666666665,12.0,0
Brijesh Sharma,Lucknow Super Giants,54,42,7.0,7.71,2
Brijesh Sharma,Mumbai Indians,24,24,4.0,6.0,2
Brijesh Sharma,Punjab Kings,41,24,4.0,10.25,0
Brijesh Sharma,Royal Challengers Bengaluru,37,24,4.0,9.25,2
Brijesh Sharma,Sunrisers Hyderabad,69,42,7.0,9.86,2
C Bosch,Delhi Capitals,38,19,3.1666666666666665,12.0,1
C Bosch,Kolkata Knight Riders,29,18,3.0,9.67,3
C Bosch,Lucknow Super Giants,40,36,6.0,6.67,3
C Bosch,Punjab Kings,42,24,4.0,10.5,1
C Bosch,Rajasthan Royals,66,42,7.0,9.43,1
C Bosch,Royal Challengers Bengaluru,26,24,4.0,6.5,4
C Ganapathy,Royal Challengers Bengaluru,13,6,1.0,13.0,0
C Green,Chennai Super Kings,96,66,11.0,8.73,3
C Green,Delhi Capitals,79,60,10.0,7.9,2
C Green,Gujarat Titans,181,96,16.0,11.31,2
C Green,Kolkata Knight Riders,54,42,7.0,7.71,3
C Green,Lucknow Super Giants,94,66,11.0,8.55,2
C Green,Mumbai Indians,23,18,3.0,7.67,2
C Green,Punjab Kings,90,54,9.0,10.0,2
C Green,Rajasthan Royals,101,73,12.166666666666666,8.3,1
C Green,Royal Challengers Bengaluru,66,36,6.0,11.0,2
C Green,Sunrisers Hyderabad,74,60,10.0,7.4,4
C Munro,Delhi Daredevils,7,6,1.0,7.0,0
C Munro,Sunrisers Hyderabad,8,6,1.0,8.0,0
C Nanda,Chennai Super Kings,19,18,3.0,6.33,0
C Nanda,Rajasthan Royals,4,6,1.0,4.0,1
C Nanda,Royal Challengers Bengaluru,32,24,4.0,8.0,1
C Sakariya,Chennai Super Kings,92,72,12.0,7.67,5
C Sakariya,Delhi Capitals,65,48,8.0,8.12,2
C Sakariya,Kolkata Knight Riders,65,66,11.0,5.91,3
C Sakariya,Lucknow Super Giants,91,48,8.0,11.38,2
C Sakariya,Mumbai Indians,50,36,6.0,8.33,1
C Sakariya,Punjab Kings,94,60,10.0,9.4,4
C Sakariya,Rajasthan Royals,20,24,4.0,5.0,2
C Sakariya,Royal Challengers Bengaluru,51,42,7.0,7.29,0
C Sakariya,Sunrisers Hyderabad,64,48,8.0,8.0,1
C de Grandhomme,Chennai Super Kings,16,24,4.0,4.0,1
C de Grandhomme,Delhi Daredevils,39,18,3.0,13.0,0
C de Grandhomme,Kings XI Punjab,48,48,8.0,6.0,2
C de Grandhomme,Mumbai Indians,63,48,8.0,7.88,0
C de Grandhomme,Rajasthan Royals,20,12,2.0,10.0,0
C de Grandhomme,Rising Pune Supergiants,21,14,2.3333333333333335,9.0,0
C de Grandhomme,Royal Challengers Bengaluru,19,22,3.6666666666666665,5.18,3
C de Grandhomme,Sunrisers Hyderabad,69,30,5.0,13.8,0
CH Gayle,Chennai Super Kings,109,89,14.833333333333334,7.35,3
CH Gayle,Deccan Chargers,29,18,3.0,9.67,1
CH Gayle,Delhi Daredevils,89,66,11.0,8.09,3
CH Gayle,Gujarat Lions,2,12,2.0,1.0,0
CH Gayle,Kings XI Punjab,166,120,20.0,8.3,4
CH Gayle,Kochi Tuskers Kerala,21,24,4.0,5.25,1
CH Gayle,Kolkata Knight Riders,18,18,3.0,6.0,0
CH Gayle,Mumbai Indians,121,94,15.666666666666666,7.72,1
CH Gayle,Pune Warriors,18,24,4.0,4.5,4
CH Gayle,Rajasthan Royals,53,48,8.0,6.62,1
CH Gayle,Royal Challengers Bengaluru,31,23,3.8333333333333335,8.09,0
CH Gayle,Sunrisers Hyderabad,21,18,3.0,7.0,0
CH Morris,Chennai Super Kings,161,142,23.666666666666668,6.8,11
CH Morris,Delhi Capitals,44,30,5.0,8.8,1
CH Morris,Delhi Daredevils,45,36,6.0,7.5,3
CH Morris,Gujarat Lions,65,48,8.0,8.12,3
CH Morris,Kings XI Punjab,275,246,41.0,6.71,14
CH Morris,Kolkata Knight Riders,358,312,52.0,6.88,20
CH Morris,Mumbai Indians,293,222,37.0,7.92,9
CH Morris,Pune Warriors,44,42,7.0,6.29,3
CH Morris,Punjab Kings,81,48,8.0,10.12,2
CH Morris,Rajasthan Royals,163,108,18.0,9.06,6
CH Morris,Rising Pune Supergiants,28,24,4.0,7.0,2
CH Morris,Royal Challengers Bengaluru,356,234,39.0,9.13,10
CH Morris,Sunrisers Hyderabad,297,234,39.0,7.62,12
CJ Anderson,Chennai Super Kings,124,58,9.666666666666666,12.83,0
CJ Anderson,Delhi Daredevils,26,18,3.0,8.67,2
CJ Anderson,Gujarat Lions,50,30,5.0,10.0,1
CJ Anderson,Kings XI Punjab,39,30,5.0,7.8,2
CJ Anderson,Kolkata Knight Riders,81,47,7.833333333333333,10.34,1
CJ Anderson,Mumbai Indians,71,36,6.0,11.83,3
CJ Anderson,Rajasthan Royals,26,24,4.0,6.5,0
CJ Anderson,Rising Pune Supergiants,14,12,2.0,7.0,0
CJ Anderson,Royal Challengers Bengaluru,36,24,4.0,9.0,0
CJ Anderson,Sunrisers Hyderabad,30,18,3.0,10.0,2
CJ Dala,Royal Challengers Bengaluru,33,18,3.0,11.0,0
CJ Green,Mumbai Indians,24,17,2.8333333333333335,8.47,0
CJ Jordan,Chennai Super Kings,92,54,9.0,10.22,3
CJ Jordan,Delhi Capitals,72,36,6.0,12.0,1
CJ Jordan,Delhi Daredevils,8,12,2.0,4.0,1
CJ Jordan,Gujarat Lions,33,42,7.0,4.71,6
CJ Jordan,Gujarat Titans,142,71,11.833333333333334,12.0,0
CJ Jordan,Kings XI Punjab,93,54,9.0,10.33,0
CJ Jordan,Kolkata Knight Riders,112,90,15.0,7.47,3
CJ Jordan,Lucknow Super Giants,55,36,6.0,9.17,1
CJ Jordan,Mumbai Indians,74,42,7.0,10.57,1
CJ Jordan,Punjab Kings,22,24,4.0,5.5,2
CJ Jordan,Rajasthan Royals,42,21,3.5,12.0,1
CJ Jordan,Rising Pune Supergiants,42,24,4.0,10.5,1
CJ Jordan,Royal Challengers Bengaluru,115,78,13.0,8.85,3
CJ Jordan,Sunrisers Hyderabad,124,90,15.0,8.27,7
CJ McKay,Delhi Daredevils,24,18,3.0,8.0,0
CJ McKay,Kings XI Punjab,36,24,4.0,9.0,1
CK Kapugedera,Delhi Daredevils,15,6,1.0,15.0,0
CK Kapugedera,Kings XI Punjab,8,6,1.0,8.0,0
CK Kapugedera,Mumbai Indians,26,5,0.8333333333333334,31.2,0
CK Langeveldt,Deccan Chargers,23,24,4.0,5.75,2
CK Langeveldt,Delhi Daredevils,34,18,3.0,11.33,2
CK Langeveldt,Kings XI Punjab,45,24,4.0,11.25,2
CK Langeveldt,Kolkata Knight Riders,10,18,3.0,3.33,2
CK Langeveldt,Rajasthan Royals,39,48,8.0,4.88,4
CK Langeveldt,Royal Challengers Bengaluru,27,24,4.0,6.75,1
CL White,Delhi Daredevils,18,6,1.0,18.0,0
CL White,Kolkata Knight Riders,28,12,2.0,14.0,0
CL White,Mumbai Indians,19,12,2.0,9.5,0
CL White,Pune Warriors,2,6,1.0,2.0,0
CL White,Royal Challengers Bengaluru,14,6,1.0,14.0,1
CR Brathwaite,Chennai Super Kings,56,33,5.5,10.18,1
CR Brathwaite,Delhi Capitals,13,6,1.0,13.0,0
CR Brathwaite,Gujarat Lions,37,24,4.0,9.25,1
CR Brathwaite,Kings XI Punjab,53,36,6.0,8.83,0
CR Brathwaite,Kolkata Knight Riders,82,64,10.666666666666666,7.69,7
CR Brathwaite,Rajasthan Royals,13,12,2.0,6.5,0
CR Brathwaite,Rising Pune Supergiants,17,12,2.0,8.5,0
CR Brathwaite,Royal Challengers Bengaluru,64,43,7.166666666666667,8.93,2
CR Brathwaite,Sunrisers Hyderabad,26,24,4.0,6.5,2
CR Woakes,Chennai Super Kings,18,18,3.0,6.0,2
CR Woakes,Delhi Daredevils,91,66,11.0,8.27,1
CR Woakes,Gujarat Lions,55,30,5.0,11.0,1
CR Woakes,Kings XI Punjab,80,62,10.333333333333334,7.74,6
CR Woakes,Kolkata Knight Riders,34,24,4.0,8.5,3
CR Woakes,Mumbai Indians,60,42,7.0,8.57,2
CR Woakes,Punjab Kings,40,24,4.0,10.0,1
CR Woakes,Rajasthan Royals,67,48,8.0,8.38,4
CR Woakes,Rising Pune Supergiants,55,42,7.0,7.86,3
CR Woakes,Royal Challengers Bengaluru,43,36,6.0,7.17,4
CR Woakes,Sunrisers Hyderabad,91,48,8.0,11.38,3
CRD Fernando,Chennai Super Kings,21,24,4.0,5.25,2
CRD Fernando,Deccan Chargers,35,24,4.0,8.75,2
CRD Fernando,Delhi Daredevils,30,24,4.0,7.5,2
CRD Fernando,Kings XI Punjab,36,24,4.0,9.0,1
CRD Fernando,Kolkata Knight Riders,64,42,7.0,9.14,1
CRD Fernando,Rajasthan Royals,24,24,4.0,6.0,2
CRD Fernando,Royal Challengers Bengaluru,66,72,12.0,5.5,7
CV Varun,Chennai Super Kings,330,282,47.0,7.02,13
CV Varun,Delhi Capitals,350,290,48.333333333333336,7.24,20
CV Varun,Gujarat Titans,201,126,21.0,9.57,2
CV Varun,Kings XI Punjab,61,48,8.0,7.62,1
CV Varun,Kolkata Knight Riders,35,18,3.0,11.67,1
CV Varun,Lucknow Super Giants,193,138,23.0,8.39,7
CV Varun,Mumbai Indians,285,252,42.0,6.79,9
CV Varun,Punjab Kings,216,186,31.0,6.97,10
CV Varun,Rajasthan Royals,245,222,37.0,6.62,16
CV Varun,Royal Challengers Bengaluru,297,250,41.666666666666664,7.13,15
CV Varun,Sunrisers Hyderabad,471,324,54.0,8.72,17
D Brevis,Royal Challengers Bengaluru,8,3,0.5,16.0,1
D Ferreira,Delhi Capitals,16,6,1.0,16.0,0
D Ferreira,Gujarat Titans,11,6,1.0,11.0,0
D Ferreira,Sunrisers Hyderabad,14,6,1.0,14.0,1
D Jansen,Kolkata Knight Riders,49,24,4.0,12.25,1
D Kalyankrishna,Kings XI Punjab,32,18,3.0,10.67,1
D Kalyankrishna,Mumbai Indians,23,12,2.0,11.5,0
D Kalyankrishna,Rajasthan Royals,30,18,3.0,10.0,1
D Madushanka,Delhi Capitals,32,24,4.0,8.0,1
D Pretorius,Lucknow Super Giants,28,24,4.0,7.0,2
D Pretorius,Mumbai Indians,41,36,6.0,6.83,0
D Pretorius,Punjab Kings,74,48,8.0,9.25,2
D Pretorius,Royal Challengers Bengaluru,40,18,3.0,13.33,1
D Pretorius,Sunrisers Hyderabad,39,24,4.0,9.75,1
D Salunkhe,Chennai Super Kings,12,6,1.0,12.0,0
D Salunkhe,Deccan Chargers,9,6,1.0,9.0,0
D Salunkhe,Delhi Daredevils,6,6,1.0,6.0,0
D Salunkhe,Kings XI Punjab,42,29,4.833333333333333,8.69,1
D Wiese,Chennai Super Kings,140,90,15.0,9.33,4
D Wiese,Delhi Daredevils,101,68,11.333333333333334,8.91,2
D Wiese,Kings XI Punjab,21,18,3.0,7.0,1
D Wiese,Kolkata Knight Riders,20,12,2.0,10.0,1
D Wiese,Mumbai Indians,69,48,8.0,8.62,4
D Wiese,Rajasthan Royals,58,48,8.0,7.25,2
D Wiese,Sunrisers Hyderabad,18,12,2.0,9.0,2
D du Preez,Mumbai Indians,29,24,4.0,7.25,3
D du Preez,Rajasthan Royals,24,18,3.0,8.0,1
DA Payne,Kolkata Knight Riders,35,12,2.0,17.5,0
DA Payne,Royal Challengers Bengaluru,34,18,3.0,11.33,2
DA Warner,Delhi Capitals,1,1,0.16666666666666666,6.0,0
DAJ Bracewell,Royal Challengers Bengaluru,31,24,4.0,7.75,3
DB Ravi Teja,Kolkata Knight Riders,9,6,1.0,9.0,0
DB Ravi Teja,Royal Challengers Bengaluru,19,12,2.0,9.5,1
DE Bollinger,Deccan Chargers,86,79,13.166666666666666,6.53,8
DE Bollinger,Delhi Daredevils,78,60,10.0,7.8,3
DE Bollinger,Kings XI Punjab,38,24,4.0,9.5,0
DE Bollinger,Kochi Tuskers Kerala,53,42,7.0,7.57,2
DE Bollinger,Kolkata Knight Riders,21,30,5.0,4.2,2
DE Bollinger,Mumbai Indians,126,95,15.833333333333334,7.96,5
DE Bollinger,Pune Warriors,69,66,11.0,6.27,6
DE Bollinger,Rajasthan Royals,88,96,16.0,5.5,6
DE Bollinger,Royal Challengers Bengaluru,102,84,14.0,7.29,5
DG Nalkande,Chennai Super Kings,43,24,4.0,10.75,1
DG Nalkande,Lucknow Super Giants,21,12,2.0,10.5,2
DG Nalkande,Punjab Kings,41,23,3.8333333333333335,10.7,3
DG Nalkande,Sunrisers Hyderabad,38,25,4.166666666666667,9.12,0
DJ Bravo,Chennai Super Kings,177,121,20.166666666666668,8.78,5
DJ Bravo,Deccan Chargers,173,133,22.166666666666668,7.8,7
DJ Bravo,Delhi Capitals,182,152,25.333333333333332,7.18,11
DJ Bravo,Delhi Daredevils,321,237,39.5,8.13,12
DJ Bravo,Gujarat Titans,23,24,4.0,5.75,3
DJ Bravo,Kings XI Punjab,412,330,55.0,7.49,22
DJ Bravo,Kochi Tuskers Kerala,34,24,4.0,8.5,1
DJ Bravo,Kolkata Knight Riders,516,374,62.333333333333336,8.28,21
DJ Bravo,Lucknow Super Giants,32,24,4.0,8.0,1
DJ Bravo,Mumbai Indians,586,464,77.33333333333333,7.58,33
DJ Bravo,Pune Warriors,108,90,15.0,7.2,5
DJ Bravo,Punjab Kings,108,66,11.0,9.82,4
DJ Bravo,Rajasthan Royals,372,249,41.5,8.96,16
DJ Bravo,Rising Pune Supergiants,82,48,8.0,10.25,2
DJ Bravo,Royal Challengers Bengaluru,589,432,72.0,8.18,18
DJ Bravo,Sunrisers Hyderabad,445,352,58.666666666666664,7.59,22
DJ Harris,Chennai Super Kings,11,6,1.0,11.0,0
DJ Harris,Kings XI Punjab,15,12,2.0,7.5,0
DJ Hooda,Chennai Super Kings,40,24,4.0,10.0,0
DJ Hooda,Delhi Capitals,57,42,7.0,8.14,1
DJ Hooda,Delhi Daredevils,38,42,7.0,5.43,0
DJ Hooda,Gujarat Lions,22,18,3.0,7.33,1
DJ Hooda,Gujarat Titans,45,24,4.0,11.25,1
DJ Hooda,Kings XI Punjab,94,60,10.0,9.4,1
DJ Hooda,Kolkata Knight Riders,44,30,5.0,8.8,3
DJ Hooda,Mumbai Indians,58,54,9.0,6.44,2
DJ Hooda,Rajasthan Royals,37,12,2.0,18.5,0
DJ Hooda,Royal Challengers Bengaluru,24,13,2.1666666666666665,11.08,1
DJ Hooda,Sunrisers Hyderabad,73,60,10.0,7.3,0
DJ Hussey,Chennai Super Kings,105,78,13.0,8.08,1
DJ Hussey,Deccan Chargers,55,36,6.0,9.17,3
DJ Hussey,Delhi Daredevils,57,54,9.0,6.33,1
DJ Hussey,Kings XI Punjab,79,54,9.0,8.78,1
DJ Hussey,Kolkata Knight Riders,33,18,3.0,11.0,0
DJ Hussey,Mumbai Indians,57,30,5.0,11.4,0
DJ Hussey,Rajasthan Royals,26,12,2.0,13.0,0
DJ Hussey,Royal Challengers Bengaluru,55,35,5.833333333333333,9.43,2
DJ Mitchell,Gujarat Titans,68,36,6.0,11.33,1
DJ Mitchell,Mumbai Indians,20,6,1.0,20.0,0
DJ Mitchell,Royal Challengers Bengaluru,6,6,1.0,6.0,0
DJ Muthuswami,Chennai Super Kings,18,18,3.0,6.0,1
DJ Muthuswami,Kings XI Punjab,24,18,3.0,8.0,0
DJ Muthuswami,Kolkata Knight Riders,18,18,3.0,6.0,2
DJ Muthuswami,Mumbai Indians,7,12,2.0,3.5,1
DJ Muthuswami,Royal Challengers Bengaluru,14,6,1.0,14.0,0
DJ Muthuswami,Sunrisers Hyderabad,20,12,2.0,10.0,0
DJ Thornely,Chennai Super Kings,9,6,1.0,9.0,0
DJ Thornely,Deccan Chargers,8,6,1.0,8.0,0
DJ Thornely,Delhi Daredevils,15,12,2.0,7.5,1
DJ Thornely,Kolkata Knight Riders,6,18,3.0,2.0,2
DJ Willey,Kolkata Knight Riders,52,54,9.0,5.78,2
DJ Willey,Lucknow Super Giants,31,24,4.0,7.75,0
DJ Willey,Mumbai Indians,8,12,2.0,4.0,0
DJ Willey,Punjab Kings,28,18,3.0,9.33,0
DJ Willey,Rajasthan Royals,100,72,12.0,8.33,3
DJ Willey,Royal Challengers Bengaluru,24,24,4.0,6.0,1
DJ Willey,Sunrisers Hyderabad,24,12,2.0,12.0,0
DJG Sammy,Chennai Super Kings,69,36,6.0,11.5,0
DJG Sammy,Delhi Daredevils,44,36,6.0,7.33,3
DJG Sammy,Kings XI Punjab,43,36,6.0,7.17,5
DJG Sammy,Kolkata Knight Riders,23,18,3.0,7.67,0
DJG Sammy,Mumbai Indians,33,24,4.0,8.25,1
DJG Sammy,Rajasthan Royals,66,56,9.333333333333334,7.07,2
DJG Sammy,Royal Challengers Bengaluru,43,18,3.0,14.33,0
DJG Sammy,Sunrisers Hyderabad,18,12,2.0,9.0,0
DJM Short,Royal Challengers Bengaluru,10,6,1.0,10.0,1
DJM Short,Sunrisers Hyderabad,9,12,2.0,4.5,0
DL Chahar,Chennai Super Kings,48,36,6.0,8.0,2
DL Chahar,Delhi Capitals,383,294,49.0,7.82,15
DL Chahar,Delhi Daredevils,67,48,8.0,8.38,2
DL Chahar,Gujarat Titans,184,138,23.0,8.0,7
DL Chahar,Kings XI Punjab,194,144,24.0,8.08,2
DL Chahar,Kolkata Knight Riders,303,216,36.0,8.42,14
DL Chahar,Lucknow Super Giants,227,132,22.0,10.32,1
DL Chahar,Mumbai Indians,321,250,41.666666666666664,7.7,13
DL Chahar,Punjab Kings,166,107,17.833333333333332,9.31,7
DL Chahar,Rajasthan Royals,228,180,30.0,7.6,12
DL Chahar,Royal Challengers Bengaluru,270,210,35.0,7.71,9
DL Chahar,Sunrisers Hyderabad,355,313,52.166666666666664,6.81,12
DL Vettori,Chennai Super Kings,173,142,23.666666666666668,7.31,4
DL Vettori,Deccan Chargers,50,42,7.0,7.14,1
DL Vettori,Delhi Daredevils,51,48,8.0,6.38,2
DL Vettori,Kings XI Punjab,122,131,21.833333333333332,5.59,4
DL Vettori,Kochi Tuskers Kerala,41,48,8.0,5.12,3
DL Vettori,Kolkata Knight Riders,107,90,15.0,7.13,4
DL Vettori,Mumbai Indians,37,48,8.0,4.62,3
DL Vettori,Pune Warriors,57,48,8.0,7.12,2
DL Vettori,Rajasthan Royals,107,84,14.0,7.64,2
DL Vettori,Royal Challengers Bengaluru,126,96,16.0,7.88,3
DNT Zoysa,Kings XI Punjab,32,24,4.0,8.0,1
DNT Zoysa,Mumbai Indians,61,42,7.0,8.71,1
DP Nannes,Chennai Super Kings,92,91,15.166666666666666,6.07,5
DP Nannes,Deccan Chargers,143,114,19.0,7.53,4
DP Nannes,Kings XI Punjab,48,65,10.833333333333334,4.43,4
DP Nannes,Kochi Tuskers Kerala,30,18,3.0,10.0,1
DP Nannes,Kolkata Knight Riders,116,91,15.166666666666666,7.65,3
DP Nannes,Mumbai Indians,103,102,17.0,6.06,7
DP Nannes,Pune Warriors,41,24,4.0,10.25,0
DP Nannes,Rajasthan Royals,77,69,11.5,6.7,2
DP Nannes,Royal Challengers Bengaluru,82,72,12.0,6.83,2
DP Vijaykumar,Chennai Super Kings,48,38,6.333333333333333,7.58,2
DP Vijaykumar,Delhi Daredevils,24,24,4.0,6.0,1
DP Vijaykumar,Kings XI Punjab,24,12,2.0,12.0,0
DP Vijaykumar,Kolkata Knight Riders,19,18,3.0,6.33,1
DP Vijaykumar,Mumbai Indians,18,12,2.0,9.0,0
DP Vijaykumar,Rajasthan Royals,10,6,1.0,10.0,0
DP Vijaykumar,Royal Challengers Bengaluru,47,42,7.0,6.71,0
DR Sams,Chennai Super Kings,39,48,8.0,4.88,7
DR Sams,Delhi Capitals,99,60,10.0,9.9,1
DR Sams,Gujarat Titans,18,18,3.0,6.0,0
DR Sams,Kings XI Punjab,28,24,4.0,7.0,0
DR Sams,Kolkata Knight Riders,70,42,7.0,10.0,2
DR Sams,Lucknow Super Giants,35,24,4.0,8.75,1
DR Sams,Mumbai Indians,44,24,4.0,11.0,0
DR Sams,Punjab Kings,22,24,4.0,5.5,1
DR Sams,Rajasthan Royals,56,48,8.0,7.0,1
DR Sams,Royal Challengers Bengaluru,37,24,4.0,9.25,0
DR Sams,Sunrisers Hyderabad,39,24,4.0,9.75,1
DR Smith,Chennai Super Kings,82,42,7.0,11.71,0
DR Smith,Delhi Daredevils,165,114,19.0,8.68,4
DR Smith,Kings XI Punjab,96,48,8.0,12.0,3
DR Smith,Kolkata Knight Riders,94,90,15.0,6.27,7
DR Smith,Mumbai Indians,86,60,10.0,8.6,3
DR Smith,Rajasthan Royals,76,59,9.833333333333334,7.73,1
DR Smith,Rising Pune Supergiants,35,30,5.0,7.0,1
DR Smith,Royal Challengers Bengaluru,92,66,11.0,8.36,5
DR Smith,Sunrisers Hyderabad,55,30,5.0,11.0,2
DS Kulkarni,Chennai Super Kings,241,174,29.0,8.31,10
DS Kulkarni,Deccan Chargers,68,60,10.0,6.8,4
DS Kulkarni,Delhi Capitals,51,24,4.0,12.75,1
DS Kulkarni,Delhi Daredevils,321,251,41.833333333333336,7.67,12
DS Kulkarni,Kings XI Punjab,318,220,36.666666666666664,8.67,11
DS Kulkarni,Kolkata Knight Riders,248,173,28.833333333333332,8.6,5
DS Kulkarni,Mumbai Indians,305,216,36.0,8.47,13
DS Kulkarni,Pune Warriors,19,24,4.0,4.75,0
DS Kulkarni,Rajasthan Royals,139,126,21.0,6.62,8
DS Kulkarni,Rising Pune Supergiants,24,18,3.0,8.0,0
DS Kulkarni,Royal Challengers Bengaluru,329,268,44.666666666666664,7.37,15
DS Kulkarni,Sunrisers Hyderabad,291,233,38.833333333333336,7.49,7
DS Rathi,Chennai Super Kings,65,48,8.0,8.12,3
DS Rathi,Delhi Capitals,50,48,8.0,6.25,2
DS Rathi,Gujarat Titans,60,48,8.0,7.5,2
DS Rathi,Kolkata Knight Riders,100,72,12.0,8.33,2
DS Rathi,Mumbai Indians,69,48,8.0,8.62,2
DS Rathi,Punjab Kings,114,66,11.0,10.36,4
DS Rathi,Rajasthan Royals,94,72,12.0,7.83,0
DS Rathi,Royal Challengers Bengaluru,135,72,12.0,11.25,0
DS Rathi,Sunrisers Hyderabad,119,72,12.0,9.92,4
DT Christian,Chennai Super Kings,95,90,15.0,6.33,3
DT Christian,Delhi Capitals,19,12,2.0,9.5,1
DT Christian,Delhi Daredevils,115,84,14.0,8.21,5
DT Christian,Gujarat Lions,26,18,3.0,8.67,1
DT Christian,Kings XI Punjab,140,112,18.666666666666668,7.5,8
DT Christian,Kochi Tuskers Kerala,11,18,3.0,3.67,0
DT Christian,Kolkata Knight Riders,132,88,14.666666666666666,9.0,3
DT Christian,Mumbai Indians,310,204,34.0,9.12,6
DT Christian,Pune Warriors,33,36,6.0,5.5,4
DT Christian,Punjab Kings,11,6,1.0,11.0,0
DT Christian,Rajasthan Royals,87,54,9.0,9.67,2
DT Christian,Royal Challengers Bengaluru,70,72,12.0,5.83,2
DT Christian,Sunrisers Hyderabad,99,89,14.833333333333334,6.67,3
DW Steyn,Chennai Super Kings,325,288,48.0,6.77,9
DW Steyn,Deccan Chargers,117,132,22.0,5.32,7
DW Steyn,Delhi Daredevils,266,264,44.0,6.05,16
DW Steyn,Kings XI Punjab,333,264,44.0,7.57,8
DW Steyn,Kochi Tuskers Kerala,14,21,3.5,4.0,3
DW Steyn,Kolkata Knight Riders,387,306,51.0,7.59,13
DW Steyn,Mumbai Indians,349,330,55.0,6.35,15
DW Steyn,Pune Warriors,137,119,19.833333333333332,6.91,5
DW Steyn,Rajasthan Royals,219,250,41.666666666666664,5.26,13
DW Steyn,Royal Challengers Bengaluru,198,174,29.0,6.83,7
DW Steyn,Sunrisers Hyderabad,48,34,5.666666666666667,8.47,1
E Malinga,Chennai Super Kings,54,48,8.0,6.75,4
E Malinga,Delhi Capitals,58,48,8.0,7.25,5
E Malinga,Gujarat Titans,45,24,4.0,11.25,0
E Malinga,Kolkata Knight Riders,79,54,9.0,8.78,5
E Malinga,Lucknow Super Giants,58,48,8.0,7.25,3
E Malinga,Mumbai Indians,92,66,11.0,8.36,4
E Malinga,Punjab Kings,122,66,11.0,11.09,3
E Malinga,Rajasthan Royals,106,72,12.0,8.83,5
E Malinga,Royal Challengers Bengaluru,101,60,10.0,10.1,4
F du Plessis,Deccan Chargers,16,6,1.0,16.0,0
FA Allen,Kolkata Knight Riders,38,24,4.0,9.5,0
FA Allen,Lucknow Super Giants,46,24,4.0,11.5,1
FA Allen,Mumbai Indians,30,18,3.0,10.0,0
FA Allen,Sunrisers Hyderabad,21,24,4.0,5.25,1
FH Edwards,Chennai Super Kings,21,24,4.0,5.25,1
FH Edwards,Delhi Daredevils,36,22,3.6666666666666665,9.82,0
FH Edwards,Kolkata Knight Riders,6,24,4.0,1.5,0
FH Edwards,Mumbai Indians,23,24,4.0,5.75,2
FH Edwards,Rajasthan Royals,16,22,3.6666666666666665,4.36,1
FH Edwards,Royal Challengers Bengaluru,38,24,4.0,9.5,1
FY Fazal,Kings XI Punjab,6,6,1.0,6.0,0
FY Fazal,Kolkata Knight Riders,14,6,1.0,14.0,0
Fazalhaq Farooqi,Gujarat Titans,68,42,7.0,9.71,1
Fazalhaq Farooqi,Lucknow Super Giants,40,38,6.333333333333333,6.32,1
Fazalhaq Farooqi,Mumbai Indians,81,48,8.0,10.12,0
Fazalhaq Farooqi,Punjab Kings,70,42,7.0,10.0,2
Fazalhaq Farooqi,Rajasthan Royals,41,24,4.0,10.25,2
Fazalhaq Farooqi,Royal Challengers Bengaluru,76,42,7.0,10.86,0
Fazalhaq Farooqi,Sunrisers Hyderabad,49,18,3.0,16.33,0
G Coetzee,Chennai Super Kings,68,42,7.0,9.71,1
G Coetzee,Delhi Capitals,34,24,4.0,8.5,4
G Coetzee,Gujarat Titans,27,24,4.0,6.75,2
G Coetzee,Kolkata Knight Riders,24,12,2.0,12.0,0
G Coetzee,Lucknow Super Giants,26,18,3.0,8.67,1
G Coetzee,Mumbai Indians,58,30,5.0,11.6,1
G Coetzee,Punjab Kings,26,24,4.0,6.5,3
G Coetzee,Rajasthan Royals,58,27,4.5,12.89,0
G Coetzee,Royal Challengers Bengaluru,39,24,4.0,9.75,1
G Coetzee,Sunrisers Hyderabad,85,48,8.0,10.62,2
GB Hogg,Chennai Super Kings,65,72,12.0,5.42,6
GB Hogg,Deccan Chargers,33,24,4.0,8.25,0
GB Hogg,Delhi Daredevils,142,114,19.0,7.47,7
GB Hogg,Gujarat Lions,19,12,2.0,9.5,1
GB Hogg,Kings XI Punjab,56,36,6.0,9.33,0
GB Hogg,Kolkata Knight Riders,48,44,7.333333333333333,6.55,1
GB Hogg,Mumbai Indians,97,72,12.0,8.08,2
GB Hogg,Royal Challengers Bengaluru,71,60,10.0,7.1,4
GB Hogg,Sunrisers Hyderabad,17,24,4.0,4.25,2
GC Viljoen,Delhi Capitals,60,42,7.0,8.57,3
GC Viljoen,Kolkata Knight Riders,34,24,4.0,8.5,1
GC Viljoen,Mumbai Indians,67,48,8.0,8.38,2
GC Viljoen,Royal Challengers Bengaluru,49,24,4.0,12.25,1
GD McGrath,Chennai Super Kings,44,48,8.0,5.5,1
GD McGrath,Deccan Chargers,64,48,8.0,8.0,2
GD McGrath,Kings XI Punjab,47,36,6.0,7.83,2
GD McGrath,Kolkata Knight Riders,22,24,4.0,5.5,0
GD McGrath,Mumbai Indians,63,48,8.0,7.88,0
GD McGrath,Rajasthan Royals,68,72,12.0,5.67,1
GD McGrath,Royal Challengers Bengaluru,43,48,8.0,5.38,6
GD Phillips,Chennai Super Kings,3,6,1.0,3.0,0
GD Phillips,Kolkata Knight Riders,16,6,1.0,16.0,1
GD Phillips,Lucknow Super Giants,10,12,2.0,5.0,1
GD Phillips,Royal Challengers Bengaluru,10,6,1.0,10.0,0
GF Linde,Gujarat Titans,28,18,3.0,9.33,0
GF Linde,Kolkata Knight Riders,18,12,2.0,9.0,1
GF Linde,Royal Challengers Bengaluru,9,7,1.1666666666666667,7.71,0
GH Vihari,Kings XI Punjab,15,24,4.0,3.75,0
GH Vihari,Kolkata Knight Riders,14,6,1.0,14.0,0
GH Vihari,Royal Challengers Bengaluru,17,12,2.0,8.5,1
GHS Garton,Delhi Capitals,19,18,3.0,6.33,0
GHS Garton,Kolkata Knight Riders,29,18,3.0,9.67,0
GHS Garton,Punjab Kings,23,24,4.0,5.75,1
GHS Garton,Rajasthan Royals,29,18,3.0,9.67,1
GHS Garton,Sunrisers Hyderabad,27,12,2.0,13.5,1
GJ Maxwell,Chennai Super Kings,205,166,27.666666666666668,7.41,8
GJ Maxwell,Delhi Capitals,86,64,10.666666666666666,8.06,1
GJ Maxwell,Delhi Daredevils,38,42,7.0,5.43,1
GJ Maxwell,Gujarat Lions,21,12,2.0,10.5,1
GJ Maxwell,Gujarat Titans,90,60,10.0,9.0,3
GJ Maxwell,Kings XI Punjab,22,12,2.0,11.0,0
GJ Maxwell,Kolkata Knight Riders,169,108,18.0,9.39,5
GJ Maxwell,Lucknow Super Giants,57,60,10.0,5.7,5
GJ Maxwell,Mumbai Indians,144,114,19.0,7.58,3
GJ Maxwell,Pune Warriors,5,6,1.0,5.0,0
GJ Maxwell,Punjab Kings,51,36,6.0,8.5,3
GJ Maxwell,Rajasthan Royals,137,90,15.0,9.13,2
GJ Maxwell,Rising Pune Supergiants,18,18,3.0,6.0,0
GJ Maxwell,Royal Challengers Bengaluru,156,114,19.0,8.21,5
GJ Maxwell,Sunrisers Hyderabad,182,120,20.0,9.1,4
GR Napier,Kolkata Knight Riders,27,24,4.0,6.75,1
GS Sandhu,Chennai Super Kings,33,24,4.0,8.25,1
GS Sandhu,Rajasthan Royals,49,24,4.0,12.25,0
Gagandeep Singh,Deccan Chargers,70,42,7.0,10.0,2
Gagandeep Singh,Kolkata Knight Riders,43,24,4.0,10.75,1
Gagandeep Singh,Royal Challengers Bengaluru,28,18,3.0,9.33,0
Gulbadin Naib,Lucknow Super Giants,12,6,1.0,12.0,0
Gurjapneet Singh,Delhi Capitals,62,48,8.0,7.75,2
Gurjapneet Singh,Gujarat Titans,63,42,7.0,9.0,0
Gurjapneet Singh,Kolkata Knight Riders,22,7,1.1666666666666667,18.86,0
Gurjapneet Singh,Lucknow Super Giants,34,18,3.0,11.33,0
Gurjapneet Singh,Mumbai Indians,7,12,2.0,3.5,1
Gurjapneet Singh,Sunrisers Hyderabad,33,24,4.0,8.25,1
Gurkeerat Singh,Chennai Super Kings,22,18,3.0,7.33,0
Gurkeerat Singh,Gujarat Lions,7,6,1.0,7.0,0
Gurkeerat Singh,Kolkata Knight Riders,23,24,4.0,5.75,2
Gurkeerat Singh,Rising Pune Supergiants,14,12,2.0,7.0,2
Gurkeerat Singh,Sunrisers Hyderabad,27,18,3.0,9.0,1
Gurnoor Brar,Lucknow Super Giants,38,18,3.0,12.67,0
H Sharma,Gujarat Titans,28,18,3.0,9.33,0
H Sharma,Rajasthan Royals,29,12,2.0,14.5,0
HF Gurney,Chennai Super Kings,55,36,6.0,9.17,1
HF Gurney,Kings XI Punjab,41,24,4.0,10.25,1
HF Gurney,Mumbai Indians,56,42,7.0,8.0,2
HF Gurney,Rajasthan Royals,24,24,4.0,6.0,2
HF Gurney,Royal Challengers Bengaluru,39,24,4.0,9.75,1
HF Gurney,Sunrisers Hyderabad,15,12,2.0,7.5,0
HH Pandya,Chennai Super Kings,301,222,37.0,8.14,10
HH Pandya,Delhi Capitals,168,108,18.0,9.33,3
HH Pandya,Delhi Daredevils,124,90,15.0,8.27,3
HH Pandya,Gujarat Lions,38,24,4.0,9.5,0
HH Pandya,Gujarat Titans,122,72,12.0,10.17,3
HH Pandya,Kings XI Punjab,217,114,19.0,11.42,3
HH Pandya,Kolkata Knight Riders,321,240,40.0,8.02,15
HH Pandya,Lucknow Super Giants,181,120,20.0,9.05,7
HH Pandya,Mumbai Indians,33,24,4.0,8.25,1
HH Pandya,Punjab Kings,150,90,15.0,10.0,3
HH Pandya,Rajasthan Royals,250,190,31.666666666666668,7.89,12
HH Pandya,Rising Pune Supergiants,75,46,7.666666666666667,9.78,1
HH Pandya,Royal Challengers Bengaluru,325,198,33.0,9.85,8
HH Pandya,Sunrisers Hyderabad,334,226,37.666666666666664,8.87,13
HR Shokeen,Chennai Super Kings,52,48,8.0,6.5,0
HR Shokeen,Delhi Capitals,68,48,8.0,8.5,1
HR Shokeen,Kolkata Knight Riders,33,24,4.0,8.25,2
HR Shokeen,Lucknow Super Giants,48,36,6.0,8.0,0
HR Shokeen,Punjab Kings,22,18,3.0,7.33,0
HR Shokeen,Rajasthan Royals,47,18,3.0,15.67,2
HR Shokeen,Royal Challengers Bengaluru,17,6,1.0,17.0,0
HR Shokeen,Sunrisers Hyderabad,12,6,1.0,12.0,0
HV Patel,Chennai Super Kings,270,236,39.333333333333336,6.86,21
HV Patel,Deccan Chargers,26,24,4.0,6.5,0
HV Patel,Delhi Capitals,262,174,29.0,9.03,8
HV Patel,Delhi Daredevils,161,120,20.0,8.05,6
HV Patel,Gujarat Titans,164,114,19.0,8.63,5
HV Patel,Kings XI Punjab,150,90,15.0,10.0,6
HV Patel,Kolkata Knight Riders,467,318,53.0,8.81,15
HV Patel,Lucknow Super Giants,241,173,28.833333333333332,8.36,8
HV Patel,Mumbai Indians,405,314,52.333333333333336,7.74,25
HV Patel,Pune Warriors,65,48,8.0,8.12,2
HV Patel,Punjab Kings,233,152,25.333333333333332,9.2,10
HV Patel,Rajasthan Royals,363,289,48.166666666666664,7.54,23
HV Patel,Rising Pune Supergiants,43,24,4.0,10.75,1
HV Patel,Royal Challengers Bengaluru,310,177,29.5,10.51,7
HV Patel,Sunrisers Hyderabad,345,254,42.333333333333336,8.15,14
Harbhajan Singh,Chennai Super Kings,491,462,77.0,6.38,24
Harbhajan Singh,Deccan Chargers,178,174,29.0,6.14,9
Harbhajan Singh,Delhi Capitals,87,72,12.0,7.25,3
Harbhajan Singh,Delhi Daredevils,467,417,69.5,6.72,21
Harbhajan Singh,Gujarat Lions,100,84,14.0,7.14,3
Harbhajan Singh,Kings XI Punjab,588,480,80.0,7.35,22
Harbhajan Singh,Kochi Tuskers Kerala,33,24,4.0,8.25,0
Harbhajan Singh,Kolkata Knight Riders,444,378,63.0,7.05,15
Harbhajan Singh,Mumbai Indians,121,119,19.833333333333332,6.1,2
Harbhajan Singh,Pune Warriors,84,102,17.0,4.94,6
Harbhajan Singh,Rajasthan Royals,355,276,46.0,7.72,11
Harbhajan Singh,Rising Pune Supergiants,67,66,11.0,6.09,3
Harbhajan Singh,Royal Challengers Bengaluru,583,492,82.0,7.11,23
Harbhajan Singh,Sunrisers Hyderabad,327,270,45.0,7.27,8
Harmeet Singh,Chennai Super Kings,68,66,11.0,6.18,3
Harmeet Singh,Delhi Daredevils,121,108,18.0,6.72,7
Harmeet Singh,Kolkata Knight Riders,153,115,19.166666666666668,7.98,3
Harmeet Singh,Mumbai Indians,47,24,4.0,11.75,0
Harmeet Singh,Pune Warriors,72,62,10.333333333333334,6.97,6
Harmeet Singh,Rajasthan Royals,45,42,7.0,6.43,3
Harmeet Singh,Royal Challengers Bengaluru,148,108,18.0,8.22,4
Harmeet Singh,Sunrisers Hyderabad,39,24,4.0,9.75,1
Harpreet Brar,Chennai Super Kings,139,108,18.0,7.72,3
Harpreet Brar,Delhi Capitals,192,132,22.0,8.73,8
Harpreet Brar,Gujarat Titans,88,72,12.0,7.33,2
Harpreet Brar,Kolkata Knight Riders,51,36,6.0,8.5,1
Harpreet Brar,Lucknow Super Giants,24,24,4.0,6.0,1
Harpreet Brar,Mumbai Indians,104,72,12.0,8.67,1
Harpreet Brar,Rajasthan Royals,111,102,17.0,6.53,4
Harpreet Brar,Royal Challengers Bengaluru,253,204,34.0,7.44,13
Harpreet Brar,Sunrisers Hyderabad,154,109,18.166666666666668,8.48,4
Harsh Dubey,Delhi Capitals,12,12,2.0,6.0,3
Harsh Dubey,Kolkata Knight Riders,49,36,6.0,8.17,4
Harsh Dubey,Lucknow Super Giants,61,48,8.0,7.62,3
Harsh Dubey,Mumbai Indians,50,18,3.0,16.67,0
Harsh Dubey,Punjab Kings,70,36,6.0,11.67,1
Harsh Dubey,Rajasthan Royals,20,12,2.0,10.0,0
Harsh Dubey,Royal Challengers Bengaluru,55,30,5.0,11.0,2
Harshit Rana,Chennai Super Kings,76,60,10.0,7.6,4
Harshit Rana,Delhi Capitals,93,66,11.0,8.45,3
Harshit Rana,Gujarat Titans,67,42,7.0,9.57,2
Harshit Rana,Lucknow Super Giants,155,97,16.166666666666668,9.59,6
Harshit Rana,Mumbai Indians,57,30,5.0,11.4,2
Harshit Rana,Punjab Kings,141,72,12.0,11.75,5
Harshit Rana,Rajasthan Royals,137,84,14.0,9.79,6
Harshit Rana,Royal Challengers Bengaluru,102,66,11.0,9.27,4
Harshit Rana,Sunrisers Hyderabad,161,132,22.0,7.32,8
I Malhotra,Delhi Daredevils,23,6,1.0,23.0,0
I Sharma,Chennai Super Kings,376,240,40.0,9.4,6
I Sharma,Deccan Chargers,98,102,17.0,5.76,2
I Sharma,Delhi Capitals,18,18,3.0,6.0,1
I Sharma,Delhi Daredevils,186,162,27.0,6.89,8
I Sharma,Gujarat Lions,39,24,4.0,9.75,1
I Sharma,Gujarat Titans,28,36,6.0,4.67,4
I Sharma,Kings XI Punjab,302,228,38.0,7.95,5
I Sharma,Kochi Tuskers Kerala,11,18,3.0,3.67,5
I Sharma,Kolkata Knight Riders,239,180,30.0,7.97,6
I Sharma,Lucknow Super Giants,64,48,8.0,8.0,4
I Sharma,Mumbai Indians,462,343,57.166666666666664,8.08,16
I Sharma,Pune Warriors,87,84,14.0,6.21,1
I Sharma,Punjab Kings,106,72,12.0,8.83,5
I Sharma,Rajasthan Royals,405,294,49.0,8.27,13
I Sharma,Rising Pune Supergiants,12,6,1.0,12.0,0
I Sharma,Royal Challengers Bengaluru,478,370,61.666666666666664,7.75,13
I Sharma,Sunrisers Hyderabad,275,194,32.333333333333336,8.51,6
I Udana,Chennai Super Kings,30,24,4.0,7.5,1
I Udana,Delhi Capitals,63,36,6.0,10.5,1
I Udana,Kings XI Punjab,13,12,2.0,6.5,0
I Udana,Kolkata Knight Riders,25,18,3.0,8.33,1
I Udana,Mumbai Indians,42,24,4.0,10.5,2
I Udana,Rajasthan Royals,81,42,7.0,11.57,2
I Udana,Sunrisers Hyderabad,20,18,3.0,6.67,1
IC Pandey,Delhi Daredevils,106,90,15.0,7.07,5
IC Pandey,Kings XI Punjab,113,78,13.0,8.69,3
IC Pandey,Kolkata Knight Riders,85,60,10.0,8.5,3
IC Pandey,Mumbai Indians,99,84,14.0,7.07,2
IC Pandey,Rajasthan Royals,52,54,9.0,5.78,1
IC Pandey,Royal Challengers Bengaluru,77,60,10.0,7.7,3
IC Pandey,Sunrisers Hyderabad,48,36,6.0,8.0,1
IC Porel,Rajasthan Royals,37,24,4.0,9.25,1
IK Pathan,Chennai Super Kings,397,280,46.666666666666664,8.51,11
IK Pathan,Deccan Chargers,266,192,32.0,8.31,7
IK Pathan,Delhi Daredevils,147,147,24.5,6.0,8
IK Pathan,Kings XI Punjab,229,174,29.0,7.9,6
IK Pathan,Kochi Tuskers Kerala,53,48,8.0,6.62,2
IK Pathan,Kolkata Knight Riders,309,262,43.666666666666664,7.08,8
IK Pathan,Mumbai Indians,347,307,51.166666666666664,6.78,15
IK Pathan,Pune Warriors,137,114,19.0,7.21,4
IK Pathan,Rajasthan Royals,271,215,35.833333333333336,7.56,8
IK Pathan,Royal Challengers Bengaluru,387,278,46.333333333333336,8.35,10
IK Pathan,Sunrisers Hyderabad,24,26,4.333333333333333,5.54,1
IS Sodhi,Chennai Super Kings,29,24,4.0,7.25,1
IS Sodhi,Delhi Capitals,26,19,3.1666666666666665,8.21,3
IS Sodhi,Kings XI Punjab,54,48,8.0,6.75,2
IS Sodhi,Kolkata Knight Riders,36,48,8.0,4.5,1
IS Sodhi,Royal Challengers Bengaluru,31,24,4.0,7.75,1
IS Sodhi,Sunrisers Hyderabad,25,18,3.0,8.33,1
Imran Tahir,Chennai Super Kings,27,24,4.0,6.75,1
Imran Tahir,Delhi Capitals,60,56,9.333333333333334,6.43,6
Imran Tahir,Delhi Daredevils,23,24,4.0,5.75,1
Imran Tahir,Gujarat Lions,104,72,12.0,8.67,7
Imran Tahir,Kings XI Punjab,267,209,34.833333333333336,7.67,12
Imran Tahir,Kolkata Knight Riders,227,168,28.0,8.11,10
Imran Tahir,Mumbai Indians,412,295,49.166666666666664,8.38,17
Imran Tahir,Rajasthan Royals,146,120,20.0,7.3,9
Imran Tahir,Rising Pune Supergiants,25,24,4.0,6.25,2
Imran Tahir,Royal Challengers Bengaluru,230,204,34.0,6.76,12
Imran Tahir,Sunrisers Hyderabad,137,120,20.0,6.85,5
Iqbal Abdulla,Chennai Super Kings,155,129,21.5,7.21,4
Iqbal Abdulla,Deccan Chargers,58,48,8.0,7.25,5
Iqbal Abdulla,Delhi Daredevils,169,150,25.0,6.76,8
Iqbal Abdulla,Gujarat Lions,77,48,8.0,9.62,2
Iqbal Abdulla,Kings XI Punjab,75,66,11.0,6.82,2
Iqbal Abdulla,Kochi Tuskers Kerala,39,36,6.0,6.5,0
Iqbal Abdulla,Kolkata Knight Riders,38,36,6.0,6.33,1
Iqbal Abdulla,Mumbai Indians,208,162,27.0,7.7,6
Iqbal Abdulla,Pune Warriors,79,84,14.0,5.64,5
Iqbal Abdulla,Rajasthan Royals,96,84,14.0,6.86,3
Iqbal Abdulla,Rising Pune Supergiants,21,18,3.0,7.0,0
Iqbal Abdulla,Royal Challengers Bengaluru,29,30,5.0,5.8,1
Iqbal Abdulla,Sunrisers Hyderabad,39,29,4.833333333333333,8.07,3
Ishan Kishan,Lucknow Super Giants,4,1,0.16666666666666666,24.0,0
J Botha,Chennai Super Kings,89,84,14.0,6.36,2
J Botha,Deccan Chargers,89,72,12.0,7.42,1
J Botha,Delhi Daredevils,72,54,9.0,8.0,1
J Botha,Kings XI Punjab,88,78,13.0,6.77,3
J Botha,Kochi Tuskers Kerala,18,24,4.0,4.5,1
J Botha,Kolkata Knight Riders,107,106,17.666666666666668,6.06,5
J Botha,Mumbai Indians,77,66,11.0,7.0,3
J Botha,Pune Warriors,73,72,12.0,6.08,4
J Botha,Rajasthan Royals,19,6,1.0,19.0,0
J Botha,Royal Challengers Bengaluru,72,48,8.0,9.0,1
J Botha,Sunrisers Hyderabad,77,84,14.0,5.5,4
J Little,Chennai Super Kings,71,36,6.0,11.83,1
J Little,Delhi Capitals,54,42,7.0,7.71,0
J Little,Kolkata Knight Riders,67,48,8.0,8.38,3
J Little,Mumbai Indians,43,30,5.0,8.6,1
J Little,Punjab Kings,28,24,4.0,7.0,1
J Little,Rajasthan Royals,24,24,4.0,6.0,1
J Little,Royal Challengers Bengaluru,44,24,4.0,11.0,4
J Overton,Delhi Capitals,21,30,5.0,4.2,5
J Overton,Gujarat Titans,27,12,2.0,13.5,0
J Overton,Kolkata Knight Riders,30,18,3.0,10.0,0
J Overton,Lucknow Super Giants,58,36,6.0,9.67,3
J Overton,Mumbai Indians,61,48,8.0,7.62,2
J Overton,Rajasthan Royals,44,18,3.0,14.67,0
J Overton,Royal Challengers Bengaluru,42,18,3.0,14.0,1
J Overton,Sunrisers Hyderabad,36,24,4.0,9.0,3
J Suchith,Chennai Super Kings,144,90,15.0,9.6,4
J Suchith,Delhi Capitals,21,24,4.0,5.25,0
J Suchith,Delhi Daredevils,24,18,3.0,8.0,1
J Suchith,Kings XI Punjab,72,48,8.0,9.0,2
J Suchith,Kolkata Knight Riders,84,42,7.0,12.0,2
J Suchith,Punjab Kings,63,48,8.0,7.88,2
J Suchith,Rajasthan Royals,66,48,8.0,8.25,1
J Suchith,Royal Challengers Bengaluru,72,60,10.0,7.2,4
J Suchith,Sunrisers Hyderabad,39,42,7.0,5.57,3
J Syed Mohammad,Chennai Super Kings,53,36,6.0,8.83,3
J Syed Mohammad,Deccan Chargers,27,18,3.0,9.0,0
J Syed Mohammad,Delhi Daredevils,49,30,5.0,9.8,0
J Syed Mohammad,Kolkata Knight Riders,20,24,4.0,5.0,1
J Syed Mohammad,Mumbai Indians,105,72,12.0,8.75,3
J Syed Mohammad,Pune Warriors,25,12,2.0,12.5,1
J Theron,Chennai Super Kings,65,53,8.833333333333334,7.36,5
J Theron,Deccan Chargers,29,24,4.0,7.25,1
J Theron,Delhi Daredevils,11,12,2.0,5.5,1
J Theron,Kings XI Punjab,29,24,4.0,7.25,0
J Theron,Kolkata Knight Riders,35,24,4.0,8.75,1
J Theron,Mumbai Indians,38,24,4.0,9.5,1
J Theron,Pune Warriors,28,24,4.0,7.0,2
J Theron,Rajasthan Royals,47,36,6.0,7.83,0
J Yadav,Chennai Super Kings,32,30,5.0,6.4,2
J Yadav,Delhi Capitals,123,114,19.0,6.47,3
J Yadav,Kings XI Punjab,22,24,4.0,5.5,1
J Yadav,Lucknow Super Giants,26,24,4.0,6.5,0
J Yadav,Punjab Kings,20,24,4.0,5.0,0
J Yadav,Rajasthan Royals,51,30,5.0,10.2,0
J Yadav,Rising Pune Supergiants,25,24,4.0,6.25,0
J Yadav,Royal Challengers Bengaluru,10,12,2.0,5.0,0
J Yadav,Sunrisers Hyderabad,127,108,18.0,7.06,2
JA Duffy,Chennai Super Kings,51,24,4.0,12.75,2
JA Duffy,Gujarat Titans,73,48,8.0,9.12,3
JA Duffy,Kolkata Knight Riders,48,24,4.0,12.0,0
JA Duffy,Mumbai Indians,54,24,4.0,13.5,1
JA Duffy,Sunrisers Hyderabad,21,24,4.0,5.25,3
JA Morkel,Chennai Super Kings,48,36,6.0,8.0,2
JA Morkel,Deccan Chargers,232,180,30.0,7.73,10
JA Morkel,Delhi Daredevils,346,262,43.666666666666664,7.92,12
JA Morkel,Gujarat Lions,28,12,2.0,14.0,0
JA Morkel,Kings XI Punjab,312,237,39.5,7.9,13
JA Morkel,Kochi Tuskers Kerala,17,12,2.0,8.5,0
JA Morkel,Kolkata Knight Riders,283,216,36.0,7.86,7
JA Morkel,Mumbai Indians,270,228,38.0,7.11,9
JA Morkel,Pune Warriors,67,54,9.0,7.44,3
JA Morkel,Rajasthan Royals,281,216,36.0,7.81,14
JA Morkel,Royal Challengers Bengaluru,328,252,42.0,7.81,15
JA Morkel,Sunrisers Hyderabad,35,18,3.0,11.67,0
JA Richardson,Chennai Super Kings,21,18,3.0,7.0,0
JA Richardson,Delhi Capitals,40,24,4.0,10.0,2
JA Richardson,Mumbai Indians,38,24,4.0,9.5,0
JA Richardson,Rajasthan Royals,53,24,4.0,13.25,1
JC Archer,Chennai Super Kings,171,186,31.0,5.52,10
JC Archer,Delhi Capitals,172,144,24.0,7.17,11
JC Archer,Delhi Daredevils,30,19,3.1666666666666665,9.47,1
JC Archer,Gujarat Titans,189,114,19.0,9.95,3
JC Archer,Kings XI Punjab,176,143,23.833333333333332,7.38,7
JC Archer,Kolkata Knight Riders,241,201,33.5,7.19,7
JC Archer,Lucknow Super Giants,89,72,12.0,7.42,5
JC Archer,Mumbai Indians,234,205,34.166666666666664,6.85,16
JC Archer,Punjab Kings,153,96,16.0,9.56,5
JC Archer,Rajasthan Royals,25,24,4.0,6.25,1
JC Archer,Royal Challengers Bengaluru,262,184,30.666666666666668,8.54,5
JC Archer,Sunrisers Hyderabad,309,193,32.166666666666664,9.61,13
JD Ryder,Chennai Super Kings,20,12,2.0,10.0,1
JD Ryder,Deccan Chargers,28,18,3.0,9.33,1
JD Ryder,Delhi Daredevils,52,26,4.333333333333333,12.0,1
JD Ryder,Kings XI Punjab,90,84,14.0,6.43,2
JD Ryder,Kochi Tuskers Kerala,8,12,2.0,4.0,1
JD Ryder,Kolkata Knight Riders,25,24,4.0,6.25,0
JD Ryder,Mumbai Indians,26,18,3.0,8.67,0
JD Ryder,Rajasthan Royals,28,30,5.0,5.6,2
JD Ryder,Royal Challengers Bengaluru,20,12,2.0,10.0,0
JD Unadkat,Chennai Super Kings,462,291,48.5,9.53,11
JD Unadkat,Deccan Chargers,34,24,4.0,8.5,2
JD Unadkat,Delhi Capitals,129,104,17.333333333333332,7.44,6
JD Unadkat,Delhi Daredevils,169,132,22.0,7.68,14
JD Unadkat,Gujarat Lions,29,23,3.8333333333333335,7.57,3
JD Unadkat,Gujarat Titans,83,55,9.166666666666666,9.05,3
JD Unadkat,Kings XI Punjab,320,218,36.333333333333336,8.81,6
JD Unadkat,Kochi Tuskers Kerala,24,24,4.0,6.0,2
JD Unadkat,Kolkata Knight Riders,405,294,49.0,8.27,13
JD Unadkat,Lucknow Super Giants,136,83,13.833333333333334,9.83,2
JD Unadkat,Mumbai Indians,515,360,60.0,8.58,17
JD Unadkat,Pune Warriors,37,24,4.0,9.25,2
JD Unadkat,Punjab Kings,128,66,11.0,11.64,2
JD Unadkat,Rajasthan Royals,178,123,20.5,8.68,4
JD Unadkat,Royal Challengers Bengaluru,431,278,46.333333333333336,9.3,13
JD Unadkat,Sunrisers Hyderabad,350,252,42.0,8.33,14
JDP Oram,Deccan Chargers,41,30,5.0,8.2,0
JDP Oram,Delhi Daredevils,14,6,1.0,14.0,0
JDP Oram,Kings XI Punjab,37,24,4.0,9.25,0
JDP Oram,Kochi Tuskers Kerala,32,12,2.0,16.0,1
JDP Oram,Kolkata Knight Riders,32,24,4.0,8.0,3
JDP Oram,Mumbai Indians,81,48,8.0,10.12,1
JDP Oram,Rajasthan Royals,35,30,5.0,7.0,2
JDP Oram,Royal Challengers Bengaluru,64,63,10.5,6.1,2
JDS Neesham,Chennai Super Kings,79,54,9.0,8.78,1
JDS Neesham,Delhi Capitals,17,12,2.0,8.5,1
JDS Neesham,Gujarat Titans,29,18,3.0,9.67,0
JDS Neesham,Kings XI Punjab,14,6,1.0,14.0,0
JDS Neesham,Kolkata Knight Riders,24,12,2.0,12.0,0
JDS Neesham,Mumbai Indians,51,24,4.0,12.75,0
JDS Neesham,Rajasthan Royals,52,48,8.0,6.5,4
JDS Neesham,Royal Challengers Bengaluru,34,24,4.0,8.5,0
JDS Neesham,Sunrisers Hyderabad,28,18,3.0,9.33,2
JE Root,Kolkata Knight Riders,14,12,2.0,7.0,0
JE Taylor,Chennai Super Kings,53,48,8.0,6.62,3
JE Taylor,Mumbai Indians,34,24,4.0,8.5,2
JE Taylor,Rajasthan Royals,22,21,3.5,6.29,0
JE Taylor,Royal Challengers Bengaluru,43,24,4.0,10.75,1
JEC Franklin,Chennai Super Kings,38,24,4.0,9.5,3
JEC Franklin,Deccan Chargers,18,18,3.0,6.0,2
JEC Franklin,Delhi Daredevils,9,6,1.0,9.0,0
JEC Franklin,Kings XI Punjab,4,6,1.0,4.0,1
JEC Franklin,Kolkata Knight Riders,45,30,5.0,9.0,2
JEC Franklin,Pune Warriors,60,42,7.0,8.57,1
JEC Franklin,Rajasthan Royals,31,19,3.1666666666666665,9.79,0
JEC Franklin,Royal Challengers Bengaluru,9,6,1.0,9.0,0
JH Kallis,Chennai Super Kings,384,294,49.0,7.84,10
JH Kallis,Deccan Chargers,206,158,26.333333333333332,7.82,4
JH Kallis,Delhi Daredevils,345,270,45.0,7.67,11
JH Kallis,Kings XI Punjab,315,240,40.0,7.88,9
JH Kallis,Kochi Tuskers Kerala,20,18,3.0,6.67,0
JH Kallis,Kolkata Knight Riders,145,90,15.0,9.67,3
JH Kallis,Mumbai Indians,311,228,38.0,8.18,7
JH Kallis,Pune Warriors,106,72,12.0,8.83,4
JH Kallis,Rajasthan Royals,237,216,36.0,6.58,5
JH Kallis,Royal Challengers Bengaluru,116,126,21.0,5.52,9
JH Kallis,Sunrisers Hyderabad,25,30,5.0,5.0,3
JJ Bumrah,Chennai Super Kings,480,412,68.66666666666667,6.99,16
JJ Bumrah,Delhi Capitals,388,352,58.666666666666664,6.61,22
JJ Bumrah,Delhi Daredevils,258,192,32.0,8.06,8
JJ Bumrah,Gujarat Lions,139,102,17.0,8.18,5
JJ Bumrah,Gujarat Titans,119,114,19.0,6.26,7
JJ Bumrah,Kings XI Punjab,278,280,46.666666666666664,5.96,19
JJ Bumrah,Kolkata Knight Riders,554,449,74.83333333333333,7.4,26
JJ Bumrah,Lucknow Super Giants,125,120,20.0,6.25,5
JJ Bumrah,Punjab Kings,224,186,31.0,7.23,7
JJ Bumrah,Rajasthan Royals,373,366,61.0,6.11,19
JJ Bumrah,Rising Pune Supergiants,174,138,23.0,7.57,7
JJ Bumrah,Royal Challengers Bengaluru,628,522,87.0,7.22,29
JJ Bumrah,Sunrisers Hyderabad,519,420,70.0,7.41,20
JJ van der Wath,Chennai Super Kings,48,24,4.0,12.0,2
JJ van der Wath,Deccan Chargers,27,24,4.0,6.75,1
JJ van der Wath,Kings XI Punjab,50,24,4.0,12.5,0
JL Pattinson,Chennai Super Kings,26,24,4.0,6.5,1
JL Pattinson,Delhi Capitals,34,18,3.0,11.33,0
JL Pattinson,Kings XI Punjab,27,24,4.0,6.75,2
JL Pattinson,Kolkata Knight Riders,24,24,4.0,6.0,2
JL Pattinson,Rajasthan Royals,57,39,6.5,8.77,4
JL Pattinson,Royal Challengers Bengaluru,86,42,7.0,12.29,0
JL Pattinson,Sunrisers Hyderabad,57,42,7.0,8.14,2
JM Kemp,Deccan Chargers,14,13,2.1666666666666665,6.46,0
JM Kemp,Delhi Daredevils,14,6,1.0,14.0,0
JM Kemp,Kings XI Punjab,12,7,1.1666666666666667,10.29,0
JM Kemp,Kolkata Knight Riders,11,18,3.0,3.67,3
JO Holder,Chennai Super Kings,159,102,17.0,9.35,3
JO Holder,Delhi Capitals,225,137,22.833333333333332,9.85,2
JO Holder,Delhi Daredevils,73,48,8.0,9.12,0
JO Holder,Gujarat Lions,13,12,2.0,6.5,0
JO Holder,Gujarat Titans,38,24,4.0,9.5,1
JO Holder,Kings XI Punjab,25,24,4.0,6.25,2
JO Holder,Kolkata Knight Riders,167,105,17.5,9.54,6
JO Holder,Lucknow Super Giants,38,24,4.0,9.5,1
JO Holder,Mumbai Indians,189,117,19.5,9.69,8
JO Holder,Punjab Kings,78,78,13.0,6.0,9
JO Holder,Rajasthan Royals,205,171,28.5,7.19,13
JO Holder,Royal Challengers Bengaluru,293,233,38.833333333333336,7.55,16
JO Holder,Sunrisers Hyderabad,174,150,25.0,6.96,9
JP Behrendorff,Chennai Super Kings,44,42,7.0,6.29,3
JP Behrendorff,Delhi Capitals,23,18,3.0,7.67,3
JP Behrendorff,Gujarat Titans,99,72,12.0,8.25,2
JP Behrendorff,Kings XI Punjab,35,24,4.0,8.75,1
JP Behrendorff,Lucknow Super Giants,50,42,7.0,7.14,2
JP Behrendorff,Punjab Kings,40,18,3.0,13.33,1
JP Behrendorff,Rajasthan Royals,30,18,3.0,10.0,0
JP Behrendorff,Royal Challengers Bengaluru,121,66,11.0,11.0,4
JP Behrendorff,Sunrisers Hyderabad,93,66,11.0,8.45,3
JP Duminy,Chennai Super Kings,68,66,11.0,6.18,1
JP Duminy,Delhi Daredevils,71,57,9.5,7.47,1
JP Duminy,Gujarat Lions,18,18,3.0,6.0,1
JP Duminy,Kings XI Punjab,162,174,29.0,5.59,10
JP Duminy,Kolkata Knight Riders,120,69,11.5,10.43,1
JP Duminy,Mumbai Indians,69,66,11.0,6.27,2
JP Duminy,Pune Warriors,86,60,10.0,8.6,1
JP Duminy,Rajasthan Royals,52,48,8.0,6.5,1
JP Duminy,Rising Pune Supergiants,9,6,1.0,9.0,0
JP Duminy,Royal Challengers Bengaluru,70,54,9.0,7.78,0
JP Duminy,Sunrisers Hyderabad,77,60,10.0,7.7,5
JP Faulkner,Chennai Super Kings,179,136,22.666666666666668,7.9,6
JP Faulkner,Delhi Daredevils,258,171,28.5,9.05,10
JP Faulkner,Kings XI Punjab,312,195,32.5,9.6,8
JP Faulkner,Kolkata Knight Riders,138,114,19.0,7.26,5
JP Faulkner,Mumbai Indians,288,185,30.833333333333332,9.34,11
JP Faulkner,Pune Warriors,80,72,12.0,6.67,4
JP Faulkner,Rajasthan Royals,40,24,4.0,10.0,2
JP Faulkner,Rising Pune Supergiants,67,41,6.833333333333333,9.8,0
JP Faulkner,Royal Challengers Bengaluru,199,138,23.0,8.65,3
JP Faulkner,Sunrisers Hyderabad,180,162,27.0,6.67,12
JPR Scantlebury-Searles,Kings XI Punjab,49,24,4.0,12.25,1
JPR Scantlebury-Searles,Rajasthan Royals,13,6,1.0,13.0,0
JPR Scantlebury-Searles,Sunrisers Hyderabad,24,12,2.0,12.0,1
JR Hazlewood,Chennai Super Kings,72,72,12.0,6.0,5
JR Hazlewood,Delhi Capitals,261,201,33.5,7.79,13
JR Hazlewood,Gujarat Titans,286,164,27.333333333333332,10.46,7
JR Hazlewood,Kolkata Knight Riders,122,96,16.0,7.62,7
JR Hazlewood,Lucknow Super Giants,142,114,19.0,7.47,11
JR Hazlewood,Mumbai Indians,150,102,17.0,8.82,4
JR Hazlewood,Punjab Kings,244,151,25.166666666666668,9.7,8
JR Hazlewood,Rajasthan Royals,217,162,27.0,8.04,12
JR Hazlewood,Royal Challengers Bengaluru,33,24,4.0,8.25,0
JR Hazlewood,Sunrisers Hyderabad,123,90,15.0,8.2,5
JR Hopes,Chennai Super Kings,123,72,12.0,10.25,1
JR Hopes,Deccan Chargers,64,42,7.0,9.14,2
JR Hopes,Delhi Daredevils,2,6,1.0,2.0,2
JR Hopes,Kings XI Punjab,70,42,7.0,10.0,1
JR Hopes,Kolkata Knight Riders,80,54,9.0,8.89,2
JR Hopes,Mumbai Indians,58,36,6.0,9.67,1
JR Hopes,Pune Warriors,25,24,4.0,6.25,1
JR Hopes,Rajasthan Royals,61,42,7.0,8.71,3
JR Hopes,Royal Challengers Bengaluru,56,42,7.0,8.0,1
JW Hastings,Delhi Daredevils,6,16,2.6666666666666665,2.25,2
JW Hastings,Mumbai Indians,29,24,4.0,7.25,0
JW Hastings,Sunrisers Hyderabad,28,18,3.0,9.33,1
Jalaj S Saxena,Delhi Capitals,27,18,3.0,9.0,0
Jaskaran Singh,Chennai Super Kings,15,6,1.0,15.0,0
Jaskaran Singh,Kings XI Punjab,12,6,1.0,12.0,1
Jaskaran Singh,Kolkata Knight Riders,52,42,7.0,7.43,3
Jaskaran Singh,Mumbai Indians,46,30,5.0,9.2,2
Jaskaran Singh,Royal Challengers Bengaluru,31,18,3.0,10.33,0
Joginder Sharma,Deccan Chargers,52,24,4.0,13.0,0
Joginder Sharma,Delhi Daredevils,74,48,8.0,9.25,2
Joginder Sharma,Kings XI Punjab,46,24,4.0,11.5,1
Joginder Sharma,Kolkata Knight Riders,30,24,4.0,7.5,1
Joginder Sharma,Mumbai Indians,122,96,16.0,7.62,5
Joginder Sharma,Rajasthan Royals,23,12,2.0,11.5,0
Joginder Sharma,Royal Challengers Bengaluru,35,28,4.666666666666667,7.5,3
K Goel,Chennai Super Kings,48,30,5.0,9.6,0
K Goel,Mumbai Indians,33,30,5.0,6.6,0
K Goel,Rajasthan Royals,11,6,1.0,11.0,0
K Gowtham,Chennai Super Kings,95,54,9.0,10.56,0
K Gowtham,Delhi Capitals,123,108,18.0,6.83,2
K Gowtham,Delhi Daredevils,37,18,3.0,12.33,0
K Gowtham,Kings XI Punjab,59,60,10.0,5.9,4
K Gowtham,Kolkata Knight Riders,139,96,16.0,8.69,6
K Gowtham,Mumbai Indians,133,78,13.0,10.23,1
K Gowtham,Punjab Kings,30,24,4.0,7.5,1
K Gowtham,Rajasthan Royals,30,24,4.0,7.5,2
K Gowtham,Royal Challengers Bengaluru,71,72,12.0,5.92,3
K Gowtham,Sunrisers Hyderabad,80,54,9.0,8.89,2
K Kartikeya,Chennai Super Kings,56,48,8.0,7.0,3
K Kartikeya,Gujarat Titans,118,72,12.0,9.83,3
K Kartikeya,Kolkata Knight Riders,32,18,3.0,10.67,2
K Kartikeya,Mumbai Indians,22,12,2.0,11.0,0
K Kartikeya,Punjab Kings,42,30,5.0,8.4,1
K Kartikeya,Rajasthan Royals,33,36,6.0,5.5,1
K Kartikeya,Royal Challengers Bengaluru,57,42,7.0,8.14,2
K Kartikeya,Sunrisers Hyderabad,37,24,4.0,9.25,0
K Khejroliya,Chennai Super Kings,43,18,3.0,14.33,2
K Khejroliya,Delhi Capitals,17,8,1.3333333333333333,12.75,0
K Khejroliya,Kings XI Punjab,33,24,4.0,8.25,2
K Khejroliya,Kolkata Knight Riders,30,23,3.8333333333333335,7.83,0
K Khejroliya,Rajasthan Royals,84,42,7.0,12.0,1
K Khejroliya,Royal Challengers Bengaluru,23,12,2.0,11.5,0
K Khejroliya,Sunrisers Hyderabad,28,24,4.0,7.0,1
K Rabada,Chennai Super Kings,307,266,44.333333333333336,6.92,15
K Rabada,Delhi Capitals,193,114,19.0,10.16,2
K Rabada,Gujarat Lions,28,24,4.0,7.0,2
K Rabada,Gujarat Titans,182,120,20.0,9.1,9
K Rabada,Kings XI Punjab,127,111,18.5,6.86,10
K Rabada,Kolkata Knight Riders,403,272,45.333333333333336,8.89,16
K Rabada,Lucknow Super Giants,247,145,24.166666666666668,10.22,10
K Rabada,Mumbai Indians,431,318,53.0,8.13,17
K Rabada,Punjab Kings,172,114,19.0,9.05,8
K Rabada,Rajasthan Royals,362,257,42.833333333333336,8.45,20
K Rabada,Royal Challengers Bengaluru,402,282,47.0,8.55,22
K Rabada,Sunrisers Hyderabad,387,278,46.333333333333336,8.35,20
K Santokie,Kings XI Punjab,40,24,4.0,10.0,1
K Santokie,Rajasthan Royals,47,24,4.0,11.75,2
K Upadhyay,Kolkata Knight Riders,18,12,2.0,9.0,0
K Upadhyay,Rajasthan Royals,28,18,3.0,9.33,0
K Upadhyay,Royal Challengers Bengaluru,33,24,4.0,8.25,0
K Yadav,Chennai Super Kings,18,18,3.0,6.0,1
K Yadav,Mumbai Indians,16,12,2.0,8.0,0
K Yadav,Sunrisers Hyderabad,50,24,4.0,12.5,1
KA Jamieson,Chennai Super Kings,30,18,3.0,10.0,0
KA Jamieson,Delhi Capitals,32,24,4.0,8.0,1
KA Jamieson,Kolkata Knight Riders,63,30,5.0,12.6,3
KA Jamieson,Mumbai Indians,112,84,14.0,8.0,2
KA Jamieson,Punjab Kings,31,18,3.0,10.33,2
KA Jamieson,Rajasthan Royals,74,48,8.0,9.25,2
KA Jamieson,Royal Challengers Bengaluru,114,60,10.0,11.4,5
KA Jamieson,Sunrisers Hyderabad,29,18,3.0,9.67,1
KA Maharaj,Gujarat Titans,16,12,2.0,8.0,0
KA Maharaj,Punjab Kings,23,24,4.0,5.75,2
KA Pollard,Chennai Super Kings,364,265,44.166666666666664,8.24,14
KA Pollard,Deccan Chargers,97,84,14.0,6.93,7
KA Pollard,Delhi Capitals,70,49,8.166666666666666,8.57,2
KA Pollard,Delhi Daredevils,187,146,24.333333333333332,7.68,5
KA Pollard,Gujarat Titans,13,12,2.0,6.5,1
KA Pollard,Kings XI Punjab,230,159,26.5,8.68,5
KA Pollard,Kochi Tuskers Kerala,39,18,3.0,13.0,0
KA Pollard,Kolkata Knight Riders,201,144,24.0,8.38,4
KA Pollard,Lucknow Super Giants,8,12,2.0,4.0,2
KA Pollard,Pune Warriors,95,72,12.0,7.92,3
KA Pollard,Punjab Kings,18,12,2.0,9.0,2
KA Pollard,Rajasthan Royals,293,186,31.0,9.45,12
KA Pollard,Rising Pune Supergiants,29,11,1.8333333333333335,15.82,0
KA Pollard,Royal Challengers Bengaluru,302,222,37.0,8.16,11
KA Pollard,Sunrisers Hyderabad,129,96,16.0,8.06,1
KAJ Roach,Kolkata Knight Riders,46,24,4.0,11.5,0
KAJ Roach,Mumbai Indians,30,24,4.0,7.5,0
KC Cariappa,Delhi Daredevils,58,42,7.0,8.29,2
KC Cariappa,Gujarat Lions,39,42,7.0,5.57,2
KC Cariappa,Mumbai Indians,35,24,4.0,8.75,0
KC Cariappa,Royal Challengers Bengaluru,92,48,8.0,11.5,3
KC Cariappa,Sunrisers Hyderabad,110,60,10.0,11.0,1
KH Pandya,Chennai Super Kings,353,258,43.0,8.21,12
KH Pandya,Delhi Capitals,319,253,42.166666666666664,7.57,8
KH Pandya,Delhi Daredevils,78,73,12.166666666666666,6.41,5
KH Pandya,Gujarat Lions,79,78,13.0,6.08,4
KH Pandya,Gujarat Titans,227,207,34.5,6.58,9
KH Pandya,Kings XI Punjab,220,162,27.0,8.15,4
KH Pandya,Kolkata Knight Riders,364,307,51.166666666666664,7.11,11
KH Pandya,Lucknow Super Giants,79,60,10.0,7.9,3
KH Pandya,Mumbai Indians,219,174,29.0,7.55,9
KH Pandya,Punjab Kings,217,186,31.0,7.0,8
KH Pandya,Rajasthan Royals,313,246,41.0,7.63,9
KH Pandya,Rising Pune Supergiants,101,72,12.0,8.42,0
KH Pandya,Royal Challengers Bengaluru,408,366,61.0,6.69,12
KH Pandya,Sunrisers Hyderabad,324,259,43.166666666666664,7.51,13
KJ Abbott,Kolkata Knight Riders,30,18,3.0,10.0,0
KJ Abbott,Rising Pune Supergiants,62,42,7.0,8.86,1
KJ Abbott,Royal Challengers Bengaluru,43,18,3.0,14.33,1
KJ Abbott,Sunrisers Hyderabad,34,18,3.0,11.33,0
KK Ahmed,Chennai Super Kings,272,215,35.833333333333336,7.59,9
KK Ahmed,Delhi Capitals,231,155,25.833333333333332,8.94,11
KK Ahmed,Gujarat Titans,153,126,21.0,7.29,7
KK Ahmed,Kings XI Punjab,92,66,11.0,8.36,5
KK Ahmed,Kolkata Knight Riders,256,179,29.833333333333332,8.58,9
KK Ahmed,Lucknow Super Giants,128,84,14.0,9.14,6
KK Ahmed,Mumbai Indians,248,175,29.166666666666668,8.5,12
KK Ahmed,Punjab Kings,292,220,36.666666666666664,7.96,12
KK Ahmed,Rajasthan Royals,336,215,35.833333333333336,9.38,9
KK Ahmed,Royal Challengers Bengaluru,265,162,27.0,9.81,8
KK Ahmed,Sunrisers Hyderabad,101,60,10.0,10.1,4
KK Cooper,Chennai Super Kings,129,96,16.0,8.06,5
KK Cooper,Delhi Daredevils,64,66,11.0,5.82,4
KK Cooper,Kings XI Punjab,100,90,15.0,6.67,9
KK Cooper,Kolkata Knight Riders,40,48,8.0,5.0,6
KK Cooper,Mumbai Indians,189,132,22.0,8.59,7
KK Cooper,Pune Warriors,59,48,8.0,7.38,1
KK Cooper,Royal Challengers Bengaluru,33,24,4.0,8.25,0
KK Cooper,Sunrisers Hyderabad,111,72,12.0,9.25,1
KL Nagarkoti,Chennai Super Kings,80,48,8.0,10.0,1
KL Nagarkoti,Delhi Capitals,44,30,5.0,8.8,1
KL Nagarkoti,Kings XI Punjab,40,18,3.0,13.33,0
KL Nagarkoti,Mumbai Indians,28,12,2.0,14.0,0
KL Nagarkoti,Rajasthan Royals,36,36,6.0,6.0,3
KL Nagarkoti,Royal Challengers Bengaluru,36,24,4.0,9.0,0
KL Nagarkoti,Sunrisers Hyderabad,16,12,2.0,8.0,0
KM Asif,Delhi Daredevils,42,18,3.0,14.0,2
KM Asif,Kolkata Knight Riders,57,36,6.0,9.5,2
KM Asif,Punjab Kings,49,25,4.166666666666667,11.76,0
KM Asif,Rajasthan Royals,16,13,2.1666666666666665,7.38,1
KM Asif,Royal Challengers Bengaluru,40,24,4.0,10.0,2
KM Asif,Sunrisers Hyderabad,14,18,3.0,4.67,0
KMA Paul,Chennai Super Kings,61,36,6.0,10.17,0
KMA Paul,Kolkata Knight Riders,44,24,4.0,11.0,2
KMA Paul,Mumbai Indians,49,36,6.0,8.17,1
KMA Paul,Rajasthan Royals,14,19,3.1666666666666665,4.42,0
KMA Paul,Sunrisers Hyderabad,34,48,8.0,4.25,6
KMDN Kulasekara,Kings XI Punjab,26,24,4.0,6.5,1
KMDN Kulasekara,Pune Warriors,72,54,9.0,8.0,3
KMDN Kulasekara,Rajasthan Royals,17,24,4.0,4.25,1
KP Appanna,Deccan Chargers,25,18,3.0,8.33,0
KP Appanna,Delhi Daredevils,48,48,8.0,6.0,2
KP Appanna,Kings XI Punjab,40,30,5.0,8.0,1
KP Appanna,Kolkata Knight Riders,65,42,7.0,9.29,1
KP Appanna,Mumbai Indians,32,18,3.0,10.67,0
KP Appanna,Pune Warriors,51,36,6.0,8.5,1
KP Appanna,Rajasthan Royals,17,24,4.0,4.25,4
KP Pietersen,Chennai Super Kings,56,42,7.0,8.0,2
KP Pietersen,Deccan Chargers,56,42,7.0,8.0,2
KP Pietersen,Delhi Daredevils,3,6,1.0,3.0,0
KP Pietersen,Kings XI Punjab,24,18,3.0,8.0,0
KP Pietersen,Kolkata Knight Riders,18,24,4.0,4.5,1
KP Pietersen,Mumbai Indians,30,30,5.0,6.0,2
KP Pietersen,Pune Warriors,18,12,2.0,9.0,0
KR Mayers,Chennai Super Kings,15,12,2.0,7.5,0
KR Mayers,Delhi Capitals,6,6,1.0,6.0,0
KR Mayers,Gujarat Titans,14,6,1.0,14.0,0
KR Mayers,Punjab Kings,4,6,1.0,4.0,0
KR Mayers,Sunrisers Hyderabad,14,12,2.0,7.0,0
KR Sen,Chennai Super Kings,8,12,2.0,4.0,0
KR Sen,Delhi Capitals,32,19,3.1666666666666665,10.11,0
KR Sen,Gujarat Titans,83,48,8.0,10.38,4
KR Sen,Kolkata Knight Riders,68,43,7.166666666666667,9.49,3
KR Sen,Lucknow Super Giants,35,24,4.0,8.75,1
KR Sen,Mumbai Indians,43,26,4.333333333333333,9.92,1
KR Sen,Punjab Kings,75,48,8.0,9.38,1
KR Sen,Royal Challengers Bengaluru,20,21,3.5,5.71,4
KS Williamson,Kolkata Knight Riders,7,6,1.0,7.0,0
KS Williamson,Mumbai Indians,24,12,2.0,12.0,0
KT Maphaka,Chennai Super Kings,20,12,2.0,10.0,0
KT Maphaka,Punjab Kings,32,18,3.0,10.67,1
KT Maphaka,Rajasthan Royals,23,12,2.0,11.5,1
KT Maphaka,Sunrisers Hyderabad,63,24,4.0,15.75,0
KV Sharma,Chennai Super Kings,188,138,23.0,8.17,4
KV Sharma,Delhi Capitals,152,90,15.0,10.13,5
KV Sharma,Delhi Daredevils,131,124,20.666666666666668,6.34,7
KV Sharma,Gujarat Titans,92,48,8.0,11.5,1
KV Sharma,Kings XI Punjab,207,150,25.0,8.28,5
KV Sharma,Kolkata Knight Riders,352,278,46.333333333333336,7.6,19
KV Sharma,Lucknow Super Giants,92,54,9.0,10.22,3
KV Sharma,Mumbai Indians,203,147,24.5,8.29,6
KV Sharma,Pune Warriors,13,18,3.0,4.33,1
KV Sharma,Punjab Kings,36,18,3.0,12.0,2
KV Sharma,Rajasthan Royals,238,179,29.833333333333332,7.98,14
KV Sharma,Rising Pune Supergiants,85,72,12.0,7.08,3
KV Sharma,Royal Challengers Bengaluru,189,138,23.0,8.22,6
KV Sharma,Sunrisers Hyderabad,211,131,21.833333333333332,9.66,7
KW Richardson,Chennai Super Kings,35,24,4.0,8.75,1
KW Richardson,Delhi Daredevils,75,48,8.0,9.38,1
KW Richardson,Gujarat Lions,47,24,4.0,11.75,1
KW Richardson,Kings XI Punjab,24,18,3.0,8.0,1
KW Richardson,Kolkata Knight Riders,27,24,4.0,6.75,1
KW Richardson,Mumbai Indians,52,41,6.833333333333333,7.61,2
KW Richardson,Rajasthan Royals,28,18,3.0,9.33,1
KW Richardson,Rising Pune Supergiants,13,18,3.0,4.33,3
KW Richardson,Royal Challengers Bengaluru,61,48,8.0,7.62,4
KW Richardson,Sunrisers Hyderabad,96,72,12.0,8.0,4
Kamran Khan,Chennai Super Kings,33,16,2.6666666666666665,12.38,0
Kamran Khan,Delhi Daredevils,34,24,4.0,8.5,1
Kamran Khan,Kings XI Punjab,12,24,4.0,3.0,2
Kamran Khan,Kolkata Knight Riders,40,42,7.0,5.71,6
Kamran Khan,Mumbai Indians,10,6,1.0,10.0,0
Kamran Khan,Royal Challengers Bengaluru,98,54,9.0,10.89,1
Karanveer Singh,Chennai Super Kings,73,48,8.0,9.12,0
Karanveer Singh,Delhi Daredevils,22,24,4.0,5.5,2
Karanveer Singh,Kolkata Knight Riders,90,48,8.0,11.25,7
Karanveer Singh,Mumbai Indians,30,24,4.0,7.5,1
Karanveer Singh,Rajasthan Royals,58,48,8.0,7.25,2
Karanveer Singh,Royal Challengers Bengaluru,39,12,2.0,19.5,0
Karim Janat,Rajasthan Royals,30,6,1.0,30.0,0
Kartik Tyagi,Chennai Super Kings,117,72,12.0,9.75,3
Kartik Tyagi,Delhi Capitals,211,144,24.0,8.79,5
Kartik Tyagi,Gujarat Titans,98,48,8.0,12.25,0
Kartik Tyagi,Kings XI Punjab,42,24,4.0,10.5,0
Kartik Tyagi,Kolkata Knight Riders,63,36,6.0,10.5,3
Kartik Tyagi,Lucknow Super Giants,68,42,7.0,9.71,2
Kartik Tyagi,Mumbai Indians,187,113,18.833333333333332,9.93,5
Kartik Tyagi,Punjab Kings,27,24,4.0,6.75,2
Kartik Tyagi,Rajasthan Royals,21,24,4.0,5.25,3
Kartik Tyagi,Royal Challengers Bengaluru,137,92,15.333333333333334,8.93,5
Kartik Tyagi,Sunrisers Hyderabad,175,109,18.166666666666668,9.63,5
Krish Bhagat,Chennai Super Kings,53,24,4.0,13.25,0
Krish Bhagat,Gujarat Titans,10,12,2.0,5.0,0
Kuldeep Yadav,Chennai Super Kings,291,198,33.0,8.82,4
Kuldeep Yadav,Delhi Capitals,68,48,8.0,8.5,2
Kuldeep Yadav,Delhi Daredevils,110,74,12.333333333333334,8.92,3
Kuldeep Yadav,Gujarat Lions,58,48,8.0,7.25,4
Kuldeep Yadav,Gujarat Titans,215,186,31.0,6.94,6
Kuldeep Yadav,Kings XI Punjab,104,60,10.0,10.4,3
Kuldeep Yadav,Kolkata Knight Riders,190,144,24.0,7.92,13
Kuldeep Yadav,Lucknow Super Giants,230,184,30.666666666666668,7.5,11
Kuldeep Yadav,Mumbai Indians,383,264,44.0,8.7,10
Kuldeep Yadav,Punjab Kings,219,168,28.0,7.82,11
Kuldeep Yadav,Rajasthan Royals,341,270,45.0,7.58,12
Kuldeep Yadav,Rising Pune Supergiants,66,48,8.0,8.25,3
Kuldeep Yadav,Royal Challengers Bengaluru,367,258,43.0,8.53,11
Kuldeep Yadav,Sunrisers Hyderabad,456,336,56.0,8.14,19
L Ablish,Delhi Daredevils,17,12,2.0,8.5,1
L Ablish,Mumbai Indians,16,12,2.0,8.0,2
L Ablish,Royal Challengers Bengaluru,39,18,3.0,13.0,0
L Balaji,Chennai Super Kings,201,144,24.0,8.38,4
L Balaji,Deccan Chargers,204,141,23.5,8.68,5
L Balaji,Delhi Daredevils,212,180,30.0,7.07,12
L Balaji,Kings XI Punjab,254,198,33.0,7.7,10
L Balaji,Kochi Tuskers Kerala,21,24,4.0,5.25,0
L Balaji,Kolkata Knight Riders,144,98,16.333333333333332,8.82,4
L Balaji,Mumbai Indians,207,168,28.0,7.39,5
L Balaji,Pune Warriors,78,75,12.5,6.24,7
L Balaji,Rajasthan Royals,268,195,32.5,8.25,9
L Balaji,Royal Challengers Bengaluru,312,241,40.166666666666664,7.77,16
L Balaji,Sunrisers Hyderabad,42,48,8.0,5.25,4
L Ngidi,Chennai Super Kings,100,72,12.0,8.33,4
L Ngidi,Delhi Daredevils,36,42,7.0,5.14,3
L Ngidi,Gujarat Titans,22,24,4.0,5.5,1
L Ngidi,Kings XI Punjab,47,48,8.0,5.88,7
L Ngidi,Kolkata Knight Riders,129,100,16.666666666666668,7.74,9
L Ngidi,Lucknow Super Giants,27,22,3.6666666666666665,7.36,3
L Ngidi,Mumbai Indians,131,72,12.0,10.92,4
L Ngidi,Punjab Kings,46,24,4.0,11.5,0
L Ngidi,Rajasthan Royals,64,48,8.0,8.0,3
L Ngidi,Royal Challengers Bengaluru,61,48,8.0,7.62,3
L Ngidi,Sunrisers Hyderabad,169,120,20.0,8.45,5
L Wood,Delhi Capitals,68,24,4.0,17.0,1
L Wood,Gujarat Titans,23,12,2.0,11.5,0
LA Carseldine,Royal Challengers Bengaluru,5,6,1.0,5.0,1
LB Williams,Kolkata Knight Riders,36,19,3.1666666666666665,11.37,1
LB Williams,Mumbai Indians,25,18,3.0,8.33,0
LE Plunkett,Chennai Super Kings,52,18,3.0,17.33,0
LE Plunkett,Kings XI Punjab,16,24,4.0,4.0,3
LE Plunkett,Kolkata Knight Riders,24,24,4.0,6.0,0
LE Plunkett,Mumbai Indians,25,18,3.0,8.33,0
LE Plunkett,Rajasthan Royals,37,18,3.0,12.33,0
LE Plunkett,Sunrisers Hyderabad,67,48,8.0,8.38,1
LH Ferguson,Chennai Super Kings,247,138,23.0,10.74,4
LH Ferguson,Delhi Capitals,188,150,25.0,7.52,11
LH Ferguson,Gujarat Lions,42,24,4.0,10.5,0
LH Ferguson,Gujarat Titans,34,24,4.0,8.5,0
LH Ferguson,Kings XI Punjab,71,47,7.833333333333333,9.06,2
LH Ferguson,Kolkata Knight Riders,78,48,8.0,9.75,2
LH Ferguson,Lucknow Super Giants,47,42,7.0,6.71,1
LH Ferguson,Mumbai Indians,115,88,14.666666666666666,7.84,5
LH Ferguson,Punjab Kings,83,60,10.0,8.3,4
LH Ferguson,Rajasthan Royals,190,138,23.0,8.26,9
LH Ferguson,Royal Challengers Bengaluru,203,160,26.666666666666668,7.61,8
LH Ferguson,Sunrisers Hyderabad,293,173,28.833333333333332,10.16,8
LI Meriwala,Punjab Kings,27,18,3.0,9.0,1
LJ Wright,Chennai Super Kings,12,6,1.0,12.0,1
LJ Wright,Delhi Daredevils,38,18,3.0,12.67,0
LJ Wright,Kings XI Punjab,35,17,2.8333333333333335,12.35,0
LJ Wright,Kolkata Knight Riders,11,6,1.0,11.0,0
LJ Wright,Royal Challengers Bengaluru,24,24,4.0,6.0,1
LMP Simmons,Kolkata Knight Riders,34,18,3.0,11.33,1
LPC Silva,Royal Challengers Bengaluru,21,6,1.0,21.0,0
LR Shukla,Chennai Super Kings,101,72,12.0,8.42,2
LR Shukla,Deccan Chargers,44,30,5.0,8.8,2
LR Shukla,Delhi Daredevils,9,11,1.8333333333333335,4.91,3
LR Shukla,Kings XI Punjab,48,30,5.0,9.6,0
LR Shukla,Kolkata Knight Riders,18,12,2.0,9.0,0
LR Shukla,Mumbai Indians,66,54,9.0,7.33,3
LR Shukla,Rajasthan Royals,84,72,12.0,7.0,3
LR Shukla,Royal Challengers Bengaluru,29,19,3.1666666666666665,9.16,2
LR Shukla,Sunrisers Hyderabad,28,14,2.3333333333333335,12.0,0
LRPL Taylor,Chennai Super Kings,12,6,1.0,12.0,0
LRPL Taylor,Royal Challengers Bengaluru,11,6,1.0,11.0,0
LS Livingstone,Chennai Super Kings,80,54,9.0,8.89,4
LS Livingstone,Delhi Capitals,39,30,5.0,7.8,3
LS Livingstone,Gujarat Titans,57,51,8.5,6.71,3
LS Livingstone,Kolkata Knight Riders,54,27,4.5,12.0,0
LS Livingstone,Lucknow Super Giants,41,18,3.0,13.67,1
LS Livingstone,Mumbai Indians,63,36,6.0,10.5,1
LS Livingstone,Rajasthan Royals,33,30,5.0,6.6,1
LS Livingstone,Royal Challengers Bengaluru,49,30,5.0,9.8,0
LS Livingstone,Sunrisers Hyderabad,44,36,6.0,7.33,0
Lalit Yadav,Chennai Super Kings,64,30,5.0,12.8,1
Lalit Yadav,Kolkata Knight Riders,81,60,10.0,8.1,4
Lalit Yadav,Lucknow Super Giants,37,30,5.0,7.4,1
Lalit Yadav,Mumbai Indians,69,66,11.0,6.27,1
Lalit Yadav,Punjab Kings,52,42,7.0,7.43,2
Lalit Yadav,Rajasthan Royals,41,24,4.0,10.25,0
Lalit Yadav,Royal Challengers Bengaluru,28,24,4.0,7.0,1
Lalit Yadav,Sunrisers Hyderabad,41,12,2.0,20.5,0
M Ashwin,Chennai Super Kings,118,102,17.0,6.94,2
M Ashwin,Delhi Capitals,91,84,14.0,6.5,3
M Ashwin,Delhi Daredevils,31,18,3.0,10.33,0
M Ashwin,Gujarat Lions,49,42,7.0,7.0,2
M Ashwin,Gujarat Titans,29,24,4.0,7.25,2
M Ashwin,Kings XI Punjab,36,24,4.0,9.0,3
M Ashwin,Kolkata Knight Riders,187,132,22.0,8.5,7
M Ashwin,Lucknow Super Giants,33,24,4.0,8.25,1
M Ashwin,Mumbai Indians,94,81,13.5,6.96,3
M Ashwin,Punjab Kings,34,24,4.0,8.5,1
M Ashwin,Rajasthan Royals,150,99,16.5,9.09,3
M Ashwin,Royal Challengers Bengaluru,152,120,20.0,7.6,6
M Ashwin,Sunrisers Hyderabad,126,96,16.0,7.88,2
M Jansen,Chennai Super Kings,217,138,23.0,9.43,4
M Jansen,Delhi Capitals,155,85,14.166666666666666,10.94,1
M Jansen,Gujarat Titans,200,144,24.0,8.33,5
M Jansen,Kolkata Knight Riders,177,146,24.333333333333332,7.27,9
M Jansen,Lucknow Super Giants,126,96,16.0,7.88,6
M Jansen,Mumbai Indians,195,114,19.0,10.26,7
M Jansen,Punjab Kings,49,42,7.0,7.0,2
M Jansen,Rajasthan Royals,203,110,18.333333333333332,11.07,4
M Jansen,Royal Challengers Bengaluru,74,84,14.0,5.29,7
M Jansen,Sunrisers Hyderabad,137,60,10.0,13.7,0
M Kartik,Chennai Super Kings,242,192,32.0,7.56,1
M Kartik,Deccan Chargers,143,142,23.666666666666668,6.04,6
M Kartik,Delhi Daredevils,134,138,23.0,5.83,1
M Kartik,Kings XI Punjab,115,89,14.833333333333334,7.75,3
M Kartik,Kochi Tuskers Kerala,27,24,4.0,6.75,0
M Kartik,Kolkata Knight Riders,37,48,8.0,4.62,2
M Kartik,Mumbai Indians,169,168,28.0,6.04,7
M Kartik,Pune Warriors,52,42,7.0,7.43,3
M Kartik,Rajasthan Royals,279,180,30.0,9.3,3
M Kartik,Royal Challengers Bengaluru,94,84,14.0,6.71,4
M Kartik,Sunrisers Hyderabad,44,42,7.0,6.29,1
M Manhas,Deccan Chargers,19,18,3.0,6.33,0
M Manhas,Kings XI Punjab,14,18,3.0,4.67,0
M Manhas,Royal Challengers Bengaluru,9,6,1.0,9.0,0
M Markande,Chennai Super Kings,122,96,16.0,7.62,5
M Markande,Delhi Capitals,121,96,16.0,7.56,5
M Markande,Delhi Daredevils,63,30,5.0,12.6,1
M Markande,Gujarat Titans,58,36,6.0,9.67,1
M Markande,Kings XI Punjab,72,42,7.0,10.29,1
M Markande,Kolkata Knight Riders,162,120,20.0,8.1,7
M Markande,Lucknow Super Giants,39,18,3.0,13.0,1
M Markande,Mumbai Indians,83,48,8.0,10.38,0
M Markande,Punjab Kings,15,24,4.0,3.75,4
M Markande,Rajasthan Royals,122,66,11.0,11.09,0
M Markande,Royal Challengers Bengaluru,199,114,19.0,10.47,6
M Markande,Sunrisers Hyderabad,69,60,10.0,6.9,6
M Morkel,Chennai Super Kings,89,72,12.0,7.42,3
M Morkel,Deccan Chargers,171,138,23.0,7.43,4
M Morkel,Delhi Daredevils,66,48,8.0,8.25,4
M Morkel,Gujarat Lions,76,45,7.5,10.13,1
M Morkel,Kings XI Punjab,303,288,48.0,6.31,17
M Morkel,Kochi Tuskers Kerala,44,42,7.0,6.29,4
M Morkel,Kolkata Knight Riders,151,114,19.0,7.95,6
M Morkel,Mumbai Indians,240,216,36.0,6.67,12
M Morkel,Pune Warriors,149,96,16.0,9.31,4
M Morkel,Rajasthan Royals,172,144,24.0,7.17,4
M Morkel,Rising Pune Supergiants,51,36,6.0,8.5,0
M Morkel,Royal Challengers Bengaluru,304,246,41.0,7.41,9
M Morkel,Sunrisers Hyderabad,179,144,24.0,7.46,9
M Muralitharan,Chennai Super Kings,74,72,12.0,6.17,4
M Muralitharan,Deccan Chargers,156,186,31.0,5.03,7
M Muralitharan,Delhi Daredevils,210,186,31.0,6.77,9
M Muralitharan,Kings XI Punjab,194,172,28.666666666666668,6.77,10
M Muralitharan,Kolkata Knight Riders,238,216,36.0,6.61,6
M Muralitharan,Mumbai Indians,191,180,30.0,6.37,8
M Muralitharan,Pune Warriors,88,65,10.833333333333334,8.12,3
M Muralitharan,Rajasthan Royals,283,211,35.166666666666664,8.05,6
M Muralitharan,Royal Challengers Bengaluru,141,168,28.0,5.04,9
M Muralitharan,Sunrisers Hyderabad,66,72,12.0,5.5,2
M Ntini,Deccan Chargers,59,48,8.0,7.38,1
M Ntini,Delhi Daredevils,29,24,4.0,7.25,0
M Ntini,Kings XI Punjab,23,24,4.0,5.75,2
M Ntini,Kolkata Knight Riders,19,24,4.0,4.75,4
M Ntini,Rajasthan Royals,80,66,11.0,7.27,0
M Ntini,Royal Challengers Bengaluru,27,24,4.0,6.75,0
M Pathirana,Delhi Capitals,105,96,16.0,6.56,9
M Pathirana,Gujarat Titans,150,117,19.5,7.69,8
M Pathirana,Kolkata Knight Riders,79,66,11.0,7.18,1
M Pathirana,Lucknow Super Giants,113,92,15.333333333333334,7.37,7
M Pathirana,Mumbai Indians,72,58,9.666666666666666,7.45,7
M Pathirana,Punjab Kings,125,72,12.0,10.42,3
M Pathirana,Rajasthan Royals,110,83,13.833333333333334,7.95,2
M Pathirana,Royal Challengers Bengaluru,106,72,12.0,8.83,7
M Pathirana,Sunrisers Hyderabad,58,54,9.0,6.44,3
M Prasidh Krishna,Chennai Super Kings,201,150,25.0,8.04,3
M Prasidh Krishna,Delhi Capitals,291,196,32.666666666666664,8.91,12
M Prasidh Krishna,Gujarat Titans,102,69,11.5,8.87,1
M Prasidh Krishna,Kings XI Punjab,123,90,15.0,8.2,5
M Prasidh Krishna,Kolkata Knight Riders,124,96,16.0,7.75,5
M Prasidh Krishna,Lucknow Super Giants,155,120,20.0,7.75,9
M Prasidh Krishna,Mumbai Indians,426,270,45.0,9.47,13
M Prasidh Krishna,Punjab Kings,140,90,15.0,9.33,7
M Prasidh Krishna,Rajasthan Royals,309,206,34.333333333333336,9.0,12
M Prasidh Krishna,Royal Challengers Bengaluru,396,267,44.5,8.9,10
M Prasidh Krishna,Sunrisers Hyderabad,220,186,31.0,7.1,14
M Shahrukh Khan,Chennai Super Kings,13,6,1.0,13.0,1
M Shahrukh Khan,Delhi Capitals,8,6,1.0,8.0,0
M Shahrukh Khan,Punjab Kings,7,6,1.0,7.0,0
M Siddharth,Delhi Capitals,39,24,4.0,9.75,2
M Siddharth,Gujarat Titans,20,25,4.166666666666667,4.8,0
M Siddharth,Kolkata Knight Riders,32,24,4.0,8.0,1
M Siddharth,Mumbai Indians,47,24,4.0,11.75,2
M Siddharth,Punjab Kings,82,48,8.0,10.25,2
M Siddharth,Royal Challengers Bengaluru,21,18,3.0,7.0,1
M Siddharth,Sunrisers Hyderabad,28,24,4.0,7.0,1
M Theekshana,Chennai Super Kings,30,24,4.0,7.5,0
M Theekshana,Delhi Capitals,108,84,14.0,7.71,4
M Theekshana,Gujarat Titans,169,120,20.0,8.45,8
M Theekshana,Kolkata Knight Riders,149,114,19.0,7.84,4
M Theekshana,Lucknow Super Giants,68,48,8.0,8.5,2
M Theekshana,Mumbai Indians,131,90,15.0,8.73,2
M Theekshana,Punjab Kings,86,72,12.0,7.17,3
M Theekshana,Rajasthan Royals,93,72,12.0,7.75,1
M Theekshana,Royal Challengers Bengaluru,181,132,22.0,8.23,8
M Theekshana,Sunrisers Hyderabad,158,120,20.0,7.9,4
M Tiwari,Kolkata Knight Riders,17,12,2.0,8.5,0
M Tiwari,Punjab Kings,52,30,5.0,10.4,2
M Tiwari,Rajasthan Royals,23,24,4.0,5.75,2
M Vijay,Chennai Super Kings,13,6,1.0,13.0,0
M Vijay,Mumbai Indians,12,6,1.0,12.0,0
M Vijay,Sunrisers Hyderabad,23,24,4.0,5.75,0
M de Lange,Chennai Super Kings,61,42,7.0,8.71,0
M de Lange,Delhi Daredevils,64,42,7.0,9.14,2
M de Lange,Pune Warriors,31,24,4.0,7.75,3
MA Khote,Chennai Super Kings,29,18,3.0,9.67,2
MA Khote,Kings XI Punjab,22,12,2.0,11.0,0
MA Starc,Chennai Super Kings,204,180,30.0,6.8,6
MA Starc,Delhi Capitals,62,36,6.0,10.33,3
MA Starc,Delhi Daredevils,109,96,16.0,6.81,6
MA Starc,Gujarat Titans,49,20,3.3333333333333335,14.7,0
MA Starc,Kings XI Punjab,78,84,14.0,5.57,7
MA Starc,Kolkata Knight Riders,171,120,20.0,8.55,9
MA Starc,Lucknow Super Giants,116,84,14.0,8.29,8
MA Starc,Mumbai Indians,172,119,19.833333333333332,8.67,7
MA Starc,Punjab Kings,73,36,6.0,12.17,2
MA Starc,Rajasthan Royals,257,191,31.833333333333332,8.07,14
MA Starc,Royal Challengers Bengaluru,156,78,13.0,12.0,1
MA Starc,Sunrisers Hyderabad,199,152,25.333333333333332,7.86,13
MA Wood,Chennai Super Kings,49,24,4.0,12.25,3
MA Wood,Delhi Capitals,12,24,4.0,3.0,5
MA Wood,Mumbai Indians,48,24,4.0,12.0,0
MA Wood,Punjab Kings,33,24,4.0,8.25,2
MA Wood,Royal Challengers Bengaluru,30,24,4.0,7.5,1
MB Parmar,Deccan Chargers,32,18,3.0,10.67,0
MC Henriques,Chennai Super Kings,27,30,5.0,5.4,2
MC Henriques,Deccan Chargers,39,25,4.166666666666667,9.36,1
MC Henriques,Delhi Daredevils,233,151,25.166666666666668,9.26,6
MC Henriques,Gujarat Lions,89,66,11.0,8.09,1
MC Henriques,Kings XI Punjab,273,187,31.166666666666668,8.76,9
MC Henriques,Kolkata Knight Riders,157,126,21.0,7.48,7
MC Henriques,Mumbai Indians,103,108,18.0,5.72,2
MC Henriques,Pune Warriors,44,24,4.0,11.0,1
MC Henriques,Rajasthan Royals,44,42,7.0,6.29,3
MC Henriques,Rising Pune Supergiants,55,53,8.833333333333334,6.23,2
MC Henriques,Royal Challengers Bengaluru,153,108,18.0,8.5,6
MC Henriques,Sunrisers Hyderabad,38,30,5.0,7.6,2
MD Shanaka,Delhi Capitals,29,18,3.0,9.67,1
MD Shanaka,Lucknow Super Giants,9,6,1.0,9.0,0
MD Shanaka,Mumbai Indians,20,12,2.0,10.0,0
MF Maharoof,Deccan Chargers,74,48,8.0,9.25,4
MF Maharoof,Kings XI Punjab,114,84,14.0,8.14,4
MF Maharoof,Kolkata Knight Riders,54,42,7.0,7.71,2
MF Maharoof,Mumbai Indians,64,48,8.0,8.0,3
MF Maharoof,Rajasthan Royals,136,138,23.0,5.91,11
MF Maharoof,Royal Challengers Bengaluru,50,60,10.0,5.0,3
MG Bracewell,Gujarat Titans,16,6,1.0,16.0,0
MG Bracewell,Kolkata Knight Riders,34,18,3.0,11.33,1
MG Bracewell,Mumbai Indians,16,12,2.0,8.0,1
MG Bracewell,Rajasthan Royals,16,18,3.0,5.33,2
MG Bracewell,Sunrisers Hyderabad,13,12,2.0,6.5,2
MG Johnson,Chennai Super Kings,309,210,35.0,8.83,9
MG Johnson,Delhi Daredevils,208,133,22.166666666666668,9.38,4
MG Johnson,Gujarat Lions,33,24,4.0,8.25,1
MG Johnson,Kings XI Punjab,26,24,4.0,6.5,2
MG Johnson,Kolkata Knight Riders,255,205,34.166666666666664,7.46,14
MG Johnson,Mumbai Indians,164,114,19.0,8.63,4
MG Johnson,Pune Warriors,40,48,8.0,5.0,5
MG Johnson,Rajasthan Royals,164,141,23.5,6.98,7
MG Johnson,Rising Pune Supergiants,59,48,8.0,7.38,4
MG Johnson,Royal Challengers Bengaluru,190,156,26.0,7.31,5
MG Johnson,Sunrisers Hyderabad,175,132,22.0,7.95,7
MG Neser,Royal Challengers Bengaluru,59,24,4.0,14.75,0
MJ Clarke,Kolkata Knight Riders,41,36,6.0,6.83,1
MJ Clarke,Mumbai Indians,9,12,2.0,4.5,0
MJ Clarke,Rajasthan Royals,12,12,2.0,6.0,1
MJ Clarke,Royal Challengers Bengaluru,5,6,1.0,5.0,0
MJ Henry,Chennai Super Kings,54,42,7.0,7.71,1
MJ Henry,Kolkata Knight Riders,31,18,3.0,10.33,1
MJ Henry,Mumbai Indians,61,24,4.0,15.25,0
MJ Henry,Punjab Kings,54,24,4.0,13.5,2
MJ Henry,Rajasthan Royals,71,36,6.0,11.83,0
MJ Henry,Royal Challengers Bengaluru,36,18,3.0,12.0,0
MJ McClenaghan,Chennai Super Kings,193,138,23.0,8.39,8
MJ McClenaghan,Delhi Capitals,40,24,4.0,10.0,3
MJ McClenaghan,Delhi Daredevils,166,132,22.0,7.55,8
MJ McClenaghan,Gujarat Lions,130,95,15.833333333333334,8.21,6
MJ McClenaghan,Kings XI Punjab,252,186,31.0,8.13,10
MJ McClenaghan,Kolkata Knight Riders,198,162,27.0,7.33,7
MJ McClenaghan,Rajasthan Royals,82,66,11.0,7.45,4
MJ McClenaghan,Rising Pune Supergiants,161,114,19.0,8.47,3
MJ McClenaghan,Royal Challengers Bengaluru,284,198,33.0,8.61,11
MJ McClenaghan,Sunrisers Hyderabad,188,159,26.5,7.09,11
MJ Santner,Chennai Super Kings,78,55,9.166666666666666,8.51,2
MJ Santner,Delhi Capitals,73,66,11.0,6.64,6
MJ Santner,Gujarat Titans,138,102,17.0,8.12,3
MJ Santner,Kolkata Knight Riders,101,86,14.333333333333334,7.05,4
MJ Santner,Lucknow Super Giants,67,48,8.0,8.38,1
MJ Santner,Mumbai Indians,57,66,11.0,5.18,5
MJ Santner,Punjab Kings,71,66,11.0,6.45,3
MJ Santner,Rajasthan Royals,56,54,9.0,6.22,2
MJ Santner,Royal Challengers Bengaluru,127,96,16.0,7.94,3
MJ Santner,Sunrisers Hyderabad,63,48,8.0,7.88,1
MJ Suthar,Chennai Super Kings,20,18,3.0,6.67,1
MJ Suthar,Punjab Kings,27,6,1.0,27.0,0
MJ Suthar,Royal Challengers Bengaluru,45,24,4.0,11.25,1
MK Lomror,Delhi Capitals,18,12,2.0,9.0,0
MK Lomror,Gujarat Titans,11,6,1.0,11.0,0
MK Lomror,Kings XI Punjab,19,12,2.0,9.5,0
MK Lomror,Lucknow Super Giants,4,6,1.0,4.0,0
MK Lomror,Punjab Kings,7,6,1.0,7.0,0
MK Lomror,Royal Challengers Bengaluru,12,12,2.0,6.0,0
MK Lomror,Sunrisers Hyderabad,52,36,6.0,8.67,1
MK Tiwary,Chennai Super Kings,11,6,1.0,11.0,0
MK Tiwary,Kings XI Punjab,8,6,1.0,8.0,0
MK Tiwary,Mumbai Indians,10,6,1.0,10.0,1
MK Tiwary,Rajasthan Royals,28,12,2.0,14.0,0
MK Tiwary,Royal Challengers Bengaluru,14,6,1.0,14.0,0
MK Tiwary,Sunrisers Hyderabad,7,6,1.0,7.0,0
MM Ali,Chennai Super Kings,78,72,12.0,6.5,3
MM Ali,Delhi Capitals,144,144,24.0,6.0,6
MM Ali,Delhi Daredevils,23,24,4.0,5.75,1
MM Ali,Gujarat Titans,55,42,7.0,7.86,1
MM Ali,Kings XI Punjab,53,55,9.166666666666666,5.78,3
MM Ali,Kolkata Knight Riders,64,36,6.0,10.67,1
MM Ali,Lucknow Super Giants,78,72,12.0,6.5,6
MM Ali,Mumbai Indians,75,71,11.833333333333334,6.34,4
MM Ali,Punjab Kings,57,42,7.0,8.14,1
MM Ali,Rajasthan Royals,186,140,23.333333333333332,7.97,9
MM Ali,Royal Challengers Bengaluru,57,48,8.0,7.12,3
MM Ali,Sunrisers Hyderabad,144,108,18.0,8.0,3
MM Patel,Chennai Super Kings,247,174,29.0,8.52,9
MM Patel,Deccan Chargers,221,162,27.0,8.19,7
MM Patel,Delhi Daredevils,239,216,36.0,6.64,10
MM Patel,Kings XI Punjab,257,192,32.0,8.03,11
MM Patel,Kochi Tuskers Kerala,15,18,3.0,5.0,0
MM Patel,Kolkata Knight Riders,189,180,30.0,6.3,11
MM Patel,Mumbai Indians,77,65,10.833333333333334,7.11,3
MM Patel,Pune Warriors,87,86,14.333333333333334,6.07,7
MM Patel,Rajasthan Royals,68,64,10.666666666666666,6.38,6
MM Patel,Royal Challengers Bengaluru,225,180,30.0,7.5,10
MM Patel,Sunrisers Hyderabad,22,18,3.0,7.33,0
MM Sharma,Chennai Super Kings,226,151,25.166666666666668,8.98,11
MM Sharma,Delhi Capitals,105,48,8.0,13.12,2
MM Sharma,Delhi Daredevils,247,211,35.166666666666664,7.02,12
MM Sharma,Gujarat Lions,115,88,14.666666666666666,7.84,4
MM Sharma,Gujarat Titans,28,12,2.0,14.0,0
MM Sharma,Kings XI Punjab,203,131,21.833333333333332,9.3,7
MM Sharma,Kolkata Knight Riders,303,229,38.166666666666664,7.94,9
MM Sharma,Lucknow Super Giants,113,84,14.0,8.07,6
MM Sharma,Mumbai Indians,654,447,74.5,8.78,33
MM Sharma,Pune Warriors,20,24,4.0,5.0,3
MM Sharma,Punjab Kings,132,96,16.0,8.25,5
MM Sharma,Rajasthan Royals,261,203,33.833333333333336,7.71,9
MM Sharma,Rising Pune Supergiants,101,78,13.0,7.77,4
MM Sharma,Royal Challengers Bengaluru,467,291,48.5,9.63,7
MM Sharma,Sunrisers Hyderabad,449,310,51.666666666666664,8.69,22
MN Samuels,Chennai Super Kings,66,48,8.0,8.25,3
MN Samuels,Deccan Chargers,70,42,7.0,10.0,2
MN Samuels,Gujarat Lions,22,12,2.0,11.0,0
MN Samuels,Kings XI Punjab,50,46,7.666666666666667,6.52,1
MN Samuels,Mumbai Indians,20,24,4.0,5.0,1
MN Samuels,Rising Pune Supergiants,12,6,1.0,12.0,0
MN Samuels,Royal Challengers Bengaluru,5,12,2.0,2.5,1
MN Samuels,Sunrisers Hyderabad,33,24,4.0,8.25,1
MP Stoinis,Chennai Super Kings,128,84,14.0,9.14,1
MP Stoinis,Delhi Capitals,118,63,10.5,11.24,1
MP Stoinis,Delhi Daredevils,45,30,5.0,9.0,3
MP Stoinis,Gujarat Lions,61,42,7.0,8.71,1
MP Stoinis,Gujarat Titans,96,53,8.833333333333334,10.87,3
MP Stoinis,Kings XI Punjab,54,36,6.0,9.0,3
MP Stoinis,Kolkata Knight Riders,241,139,23.166666666666668,10.4,8
MP Stoinis,Lucknow Super Giants,30,18,3.0,10.0,0
MP Stoinis,Mumbai Indians,243,166,27.666666666666668,8.78,14
MP Stoinis,Punjab Kings,23,17,2.8333333333333335,8.12,1
MP Stoinis,Rajasthan Royals,174,114,19.0,9.16,6
MP Stoinis,Rising Pune Supergiants,25,18,3.0,8.33,1
MP Stoinis,Royal Challengers Bengaluru,137,72,12.0,11.42,1
MP Stoinis,Sunrisers Hyderabad,114,83,13.833333333333334,8.24,3
MP Yadav,Chennai Super Kings,23,24,4.0,5.75,0
MP Yadav,Gujarat Titans,13,6,1.0,13.0,0
MP Yadav,Mumbai Indians,63,43,7.166666666666667,8.79,3
MP Yadav,Punjab Kings,86,48,8.0,10.75,3
MP Yadav,Rajasthan Royals,105,48,8.0,13.12,0
MP Yadav,Royal Challengers Bengaluru,63,48,8.0,7.88,3
MR Marsh,Chennai Super Kings,100,72,12.0,8.33,6
MR Marsh,Deccan Chargers,54,42,7.0,7.71,4
MR Marsh,Delhi Daredevils,28,25,4.166666666666667,6.72,2
MR Marsh,Gujarat Lions,10,6,1.0,10.0,0
MR Marsh,Gujarat Titans,23,19,3.1666666666666665,7.26,1
MR Marsh,Kings XI Punjab,80,68,11.333333333333334,7.06,2
MR Marsh,Kolkata Knight Riders,63,42,7.0,9.0,3
MR Marsh,Mumbai Indians,50,48,8.0,6.25,3
MR Marsh,Punjab Kings,71,30,5.0,14.2,0
MR Marsh,Rajasthan Royals,35,24,4.0,8.75,2
MR Marsh,Royal Challengers Bengaluru,133,76,12.666666666666666,10.5,6
MR Marsh,Sunrisers Hyderabad,114,108,18.0,6.33,8
MS Gony,Chennai Super Kings,82,36,6.0,13.67,0
MS Gony,Deccan Chargers,55,48,8.0,6.88,2
MS Gony,Delhi Daredevils,139,96,16.0,8.69,3
MS Gony,Kings XI Punjab,212,138,23.0,9.22,5
MS Gony,Kochi Tuskers Kerala,19,18,3.0,6.33,1
MS Gony,Kolkata Knight Riders,134,102,17.0,7.88,4
MS Gony,Mumbai Indians,116,90,15.0,7.73,4
MS Gony,Pune Warriors,58,48,8.0,7.25,2
MS Gony,Rajasthan Royals,134,96,16.0,8.38,2
MS Gony,Royal Challengers Bengaluru,275,192,32.0,8.59,12
MS Gony,Sunrisers Hyderabad,24,24,4.0,6.0,2
MW Short,Gujarat Titans,8,6,1.0,8.0,0
MW Short,Lucknow Super Giants,10,12,2.0,5.0,0
MW Short,Mumbai Indians,6,6,1.0,6.0,0
MW Short,Rajasthan Royals,1,1,0.16666666666666666,6.0,0
MW Short,Sunrisers Hyderabad,37,18,3.0,12.33,0
Mandeep Singh,Kolkata Knight Riders,18,6,1.0,18.0,0
Mandeep Singh,Rajasthan Royals,8,6,1.0,8.0,0
Mashrafe Mortaza,Deccan Chargers,50,24,4.0,12.5,0
Mayank Dagar,Chennai Super Kings,27,30,5.0,5.4,0
Mayank Dagar,Kolkata Knight Riders,23,17,2.8333333333333335,8.12,1
Mayank Dagar,Lucknow Super Giants,18,12,2.0,9.0,0
Mayank Dagar,Mumbai Indians,37,24,4.0,9.25,1
Mayank Dagar,Punjab Kings,34,18,3.0,11.33,0
Mayank Dagar,Rajasthan Royals,34,12,2.0,17.0,0
Mayank Dagar,Royal Challengers Bengaluru,25,24,4.0,6.25,0
Mohammad Asif,Chennai Super Kings,66,48,8.0,8.25,2
Mohammad Asif,Deccan Chargers,68,48,8.0,8.5,2
Mohammad Asif,Kings XI Punjab,37,24,4.0,9.25,2
Mohammad Asif,Mumbai Indians,43,24,4.0,10.75,1
Mohammad Asif,Rajasthan Royals,32,24,4.0,8.0,1
Mohammad Asif,Royal Challengers Bengaluru,42,24,4.0,10.5,0
Mohammad Hafeez,Chennai Super Kings,15,12,2.0,7.5,0
Mohammad Hafeez,Deccan Chargers,7,24,4.0,1.75,1
Mohammad Hafeez,Kings XI Punjab,28,18,3.0,9.33,1
Mohammad Hafeez,Mumbai Indians,11,6,1.0,11.0,0
Mohammad Nabi,Chennai Super Kings,19,18,3.0,6.33,0
Mohammad Nabi,Delhi Capitals,87,72,12.0,7.25,3
Mohammad Nabi,Gujarat Lions,17,18,3.0,5.67,0
Mohammad Nabi,Kings XI Punjab,122,77,12.833333333333334,9.51,1
Mohammad Nabi,Kolkata Knight Riders,52,48,8.0,6.5,2
Mohammad Nabi,Lucknow Super Giants,16,8,1.3333333333333333,12.0,1
Mohammad Nabi,Mumbai Indians,106,108,18.0,5.89,4
Mohammad Nabi,Rajasthan Royals,51,24,4.0,12.75,0
Mohammad Nabi,Royal Challengers Bengaluru,44,44,7.333333333333333,6.0,4
Mohammed Shami,Chennai Super Kings,481,377,62.833333333333336,7.66,15
Mohammed Shami,Delhi Capitals,302,254,42.333333333333336,7.13,18
Mohammed Shami,Gujarat Lions,105,66,11.0,9.55,2
Mohammed Shami,Gujarat Titans,110,66,11.0,10.0,3
Mohammed Shami,Kings XI Punjab,137,84,14.0,9.79,3
Mohammed Shami,Kolkata Knight Riders,489,396,66.0,7.41,17
Mohammed Shami,Lucknow Super Giants,115,102,17.0,6.76,6
Mohammed Shami,Mumbai Indians,535,360,60.0,8.92,15
Mohammed Shami,Punjab Kings,291,144,24.0,12.12,6
Mohammed Shami,Rajasthan Royals,512,365,60.833333333333336,8.42,22
Mohammed Shami,Rising Pune Supergiants,90,49,8.166666666666666,11.02,2
Mohammed Shami,Royal Challengers Bengaluru,496,334,55.666666666666664,8.91,16
Mohammed Shami,Sunrisers Hyderabad,385,324,54.0,7.13,20
Mohammed Siraj,Chennai Super Kings,403,276,46.0,8.76,7
Mohammed Siraj,Delhi Capitals,376,257,42.833333333333336,8.78,14
Mohammed Siraj,Delhi Daredevils,159,96,16.0,9.94,5
Mohammed Siraj,Gujarat Lions,32,24,4.0,8.0,4
Mohammed Siraj,Gujarat Titans,119,96,16.0,7.44,5
Mohammed Siraj,Kings XI Punjab,113,60,10.0,11.3,2
Mohammed Siraj,Kolkata Knight Riders,462,368,61.333333333333336,7.53,18
Mohammed Siraj,Lucknow Super Giants,248,186,31.0,8.0,8
Mohammed Siraj,Mumbai Indians,452,337,56.166666666666664,8.05,14
Mohammed Siraj,Punjab Kings,315,210,35.0,9.0,13
Mohammed Siraj,Rajasthan Royals,495,342,57.0,8.68,16
Mohammed Siraj,Rising Pune Supergiants,42,24,4.0,10.5,0
Mohammed Siraj,Royal Challengers Bengaluru,162,108,18.0,9.0,6
Mohammed Siraj,Sunrisers Hyderabad,313,288,48.0,6.52,16
Mohit Rathee,Sunrisers Hyderabad,29,12,2.0,14.5,0
Mohsin Khan,Chennai Super Kings,84,48,8.0,10.5,2
Mohsin Khan,Delhi Capitals,62,72,12.0,5.17,5
Mohsin Khan,Gujarat Titans,76,54,9.0,8.44,2
Mohsin Khan,Kolkata Knight Riders,117,108,18.0,6.5,11
Mohsin Khan,Mumbai Indians,193,132,22.0,8.77,7
Mohsin Khan,Punjab Kings,146,96,16.0,9.12,6
Mohsin Khan,Rajasthan Royals,186,120,20.0,9.3,4
Mohsin Khan,Royal Challengers Bengaluru,24,24,4.0,6.0,1
Monu Kumar,Royal Challengers Bengaluru,14,12,2.0,7.0,0
Mujeeb Ur Rahman,Chennai Super Kings,18,18,3.0,6.0,0
Mujeeb Ur Rahman,Delhi Capitals,35,24,4.0,8.75,0
Mujeeb Ur Rahman,Delhi Daredevils,52,48,8.0,6.5,4
Mujeeb Ur Rahman,Gujarat Titans,23,12,2.0,11.5,1
Mujeeb Ur Rahman,Kolkata Knight Riders,100,62,10.333333333333334,9.68,1
Mujeeb Ur Rahman,Mumbai Indians,63,48,8.0,7.88,4
Mujeeb Ur Rahman,Rajasthan Royals,96,90,15.0,6.4,7
Mujeeb Ur Rahman,Royal Challengers Bengaluru,29,24,4.0,7.25,1
Mujeeb Ur Rahman,Sunrisers Hyderabad,171,120,20.0,8.55,2
Mukesh Choudhary,Delhi Capitals,102,66,11.0,9.27,3
Mukesh Choudhary,Gujarat Titans,81,60,10.0,8.1,2
Mukesh Choudhary,Lucknow Super Giants,102,63,10.5,9.71,1
Mukesh Choudhary,Mumbai Indians,91,84,14.0,6.5,7
Mukesh Choudhary,Punjab Kings,103,60,10.0,10.3,2
Mukesh Choudhary,Rajasthan Royals,41,24,4.0,10.25,0
Mukesh Choudhary,Royal Challengers Bengaluru,67,36,6.0,11.17,1
Mukesh Choudhary,Sunrisers Hyderabad,149,90,15.0,9.93,9
Mukesh Kumar,Chennai Super Kings,91,66,11.0,8.27,4
Mukesh Kumar,Gujarat Titans,181,111,18.5,9.78,7
Mukesh Kumar,Kolkata Knight Riders,52,38,6.333333333333333,8.21,1
Mukesh Kumar,Lucknow Super Giants,173,126,21.0,8.24,7
Mukesh Kumar,Mumbai Indians,199,102,17.0,11.71,10
Mukesh Kumar,Punjab Kings,182,96,16.0,11.38,3
Mukesh Kumar,Rajasthan Royals,183,96,16.0,11.44,5
Mukesh Kumar,Royal Challengers Bengaluru,147,99,16.5,8.91,4
Mukesh Kumar,Sunrisers Hyderabad,184,90,15.0,12.27,1
Musheer Khan,Royal Challengers Bengaluru,27,12,2.0,13.5,1
Mustafizur Rahman,Chennai Super Kings,122,71,11.833333333333334,10.31,2
Mustafizur Rahman,Delhi Capitals,92,73,12.166666666666666,7.56,5
Mustafizur Rahman,Delhi Daredevils,119,96,16.0,7.44,2
Mustafizur Rahman,Gujarat Lions,36,48,8.0,4.5,3
Mustafizur Rahman,Gujarat Titans,76,66,11.0,6.91,5
Mustafizur Rahman,Kings XI Punjab,41,48,8.0,5.12,3
Mustafizur Rahman,Kolkata Knight Riders,192,192,32.0,6.0,8
Mustafizur Rahman,Lucknow Super Giants,146,93,15.5,9.42,2
Mustafizur Rahman,Mumbai Indians,266,165,27.5,9.67,9
Mustafizur Rahman,Punjab Kings,149,120,20.0,7.45,4
Mustafizur Rahman,Rajasthan Royals,77,48,8.0,9.62,2
Mustafizur Rahman,Rising Pune Supergiants,45,36,6.0,7.5,0
Mustafizur Rahman,Royal Challengers Bengaluru,314,201,33.5,9.37,10
Mustafizur Rahman,Sunrisers Hyderabad,104,108,18.0,5.78,10
N Burger,Chennai Super Kings,43,42,7.0,6.14,3
N Burger,Delhi Capitals,70,36,6.0,11.67,2
N Burger,Gujarat Titans,56,42,7.0,8.0,2
N Burger,Kolkata Knight Riders,20,12,2.0,10.0,1
N Burger,Lucknow Super Giants,57,42,7.0,8.14,3
N Burger,Mumbai Indians,92,60,10.0,9.2,6
N Burger,Punjab Kings,59,24,4.0,14.75,1
N Burger,Royal Challengers Bengaluru,54,42,7.0,7.71,1
N Burger,Sunrisers Hyderabad,94,63,10.5,8.95,2
N Rana,Chennai Super Kings,15,6,1.0,15.0,0
N Rana,Delhi Capitals,51,48,8.0,6.38,3
N Rana,Delhi Daredevils,3,6,1.0,3.0,0
N Rana,Gujarat Titans,13,5,0.8333333333333334,15.6,0
N Rana,Kings XI Punjab,15,13,2.1666666666666665,6.92,1
N Rana,Kolkata Knight Riders,9,6,1.0,9.0,0
N Rana,Lucknow Super Giants,12,12,2.0,6.0,0
N Rana,Mumbai Indians,21,18,3.0,7.0,0
N Rana,Punjab Kings,14,12,2.0,7.0,1
N Rana,Rajasthan Royals,50,24,4.0,12.5,2
N Rana,Royal Challengers Bengaluru,39,24,4.0,9.75,3
N Rana,Sunrisers Hyderabad,76,42,7.0,10.86,0
N Thushara,Delhi Capitals,54,24,4.0,13.5,0
N Thushara,Kolkata Knight Riders,67,42,7.0,9.57,4
N Thushara,Lucknow Super Giants,77,72,12.0,6.42,5
N Thushara,Rajasthan Royals,28,18,3.0,9.33,0
N Thushara,Sunrisers Hyderabad,34,24,4.0,8.5,0
N Wadhera,Lucknow Super Giants,13,12,2.0,6.5,0
N Wadhera,Royal Challengers Bengaluru,9,5,0.8333333333333334,10.8,0
NA Saini,Sunrisers Hyderabad,23,12,2.0,11.5,0
NB Singh,Kings XI Punjab,7,12,2.0,3.5,1
NB Singh,Royal Challengers Bengaluru,7,12,2.0,3.5,0
ND Doshi,Chennai Super Kings,24,12,2.0,12.0,0
ND Doshi,Deccan Chargers,16,24,4.0,4.0,1
ND Doshi,Kochi Tuskers Kerala,15,8,1.3333333333333333,11.25,1
ND Doshi,Kolkata Knight Riders,23,12,2.0,11.5,0
NJ Rimmington,Pune Warriors,19,18,3.0,6.33,0
NL McCullum,Chennai Super Kings,12,12,2.0,6.0,0
NL McCullum,Rajasthan Royals,22,18,3.0,7.33,0
NLTC Perera,Chennai Super Kings,73,48,8.0,9.12,4
NLTC Perera,Deccan Chargers,30,24,4.0,7.5,1
NLTC Perera,Delhi Daredevils,99,79,13.166666666666666,7.52,4
NLTC Perera,Gujarat Lions,40,24,4.0,10.0,2
NLTC Perera,Kings XI Punjab,117,85,14.166666666666666,8.26,2
NLTC Perera,Kolkata Knight Riders,135,93,15.5,8.71,4
NLTC Perera,Mumbai Indians,178,99,16.5,10.79,0
NLTC Perera,Pune Warriors,56,54,9.0,6.22,5
NLTC Perera,Rajasthan Royals,84,72,12.0,7.0,3
NLTC Perera,Royal Challengers Bengaluru,125,84,14.0,8.93,5
NLTC Perera,Sunrisers Hyderabad,58,36,6.0,9.67,1
NM Coulter-Nile,Chennai Super Kings,49,48,8.0,6.12,4
NM Coulter-Nile,Delhi Capitals,87,84,14.0,6.21,4
NM Coulter-Nile,Delhi Daredevils,55,48,8.0,6.88,6
NM Coulter-Nile,Gujarat Lions,40,20,3.3333333333333335,12.0,2
NM Coulter-Nile,Kings XI Punjab,93,90,15.0,6.2,5
NM Coulter-Nile,Kolkata Knight Riders,130,96,16.0,8.12,4
NM Coulter-Nile,Mumbai Indians,78,66,11.0,7.09,4
NM Coulter-Nile,Punjab Kings,19,24,4.0,4.75,0
NM Coulter-Nile,Rajasthan Royals,127,96,16.0,7.94,5
NM Coulter-Nile,Rising Pune Supergiants,59,36,6.0,9.83,0
NM Coulter-Nile,Royal Challengers Bengaluru,47,39,6.5,7.23,3
NM Coulter-Nile,Sunrisers Hyderabad,270,210,35.0,7.71,11
NT Ellis,Delhi Capitals,84,60,10.0,8.4,2
NT Ellis,Kolkata Knight Riders,92,66,11.0,8.36,2
NT Ellis,Mumbai Indians,127,90,15.0,8.47,5
NT Ellis,Rajasthan Royals,87,72,12.0,7.25,6
NT Ellis,Royal Challengers Bengaluru,39,24,4.0,9.75,1
NT Ellis,Sunrisers Hyderabad,97,66,11.0,8.82,3
Naman Dhir,Chennai Super Kings,12,18,3.0,4.0,0
Naman Dhir,Gujarat Titans,22,12,2.0,11.0,0
Naman Dhir,Kolkata Knight Riders,24,18,3.0,8.0,0
Naman Dhir,Lucknow Super Giants,17,4,0.6666666666666666,25.5,0
Navdeep Saini,Chennai Super Kings,122,114,19.0,6.42,1
Navdeep Saini,Delhi Capitals,112,66,11.0,10.18,3
Navdeep Saini,Kings XI Punjab,111,96,16.0,6.94,2
Navdeep Saini,Kolkata Knight Riders,98,84,14.0,7.0,5
Navdeep Saini,Lucknow Super Giants,36,18,3.0,12.0,0
Navdeep Saini,Mumbai Indians,147,90,15.0,9.8,3
Navdeep Saini,Punjab Kings,39,24,4.0,9.75,3
Navdeep Saini,Rajasthan Royals,112,78,13.0,8.62,1
Navdeep Saini,Royal Challengers Bengaluru,35,18,3.0,11.67,1
Navdeep Saini,Sunrisers Hyderabad,118,82,13.666666666666666,8.63,5
Naveen-ul-Haq,Delhi Capitals,74,42,7.0,10.57,3
Naveen-ul-Haq,Gujarat Titans,52,48,8.0,6.5,2
Naveen-ul-Haq,Kolkata Knight Riders,94,48,8.0,11.75,3
Naveen-ul-Haq,Mumbai Indians,132,96,16.0,8.25,7
Naveen-ul-Haq,Punjab Kings,66,48,8.0,8.25,3
Naveen-ul-Haq,Rajasthan Royals,55,48,8.0,6.88,2
Naveen-ul-Haq,Royal Challengers Bengaluru,54,46,7.666666666666667,7.04,5
Naveen-ul-Haq,Sunrisers Hyderabad,37,12,2.0,18.5,0
Nithish Kumar Reddy,Chennai Super Kings,68,42,7.0,9.71,2
Nithish Kumar Reddy,Delhi Capitals,72,37,6.166666666666667,11.68,2
Nithish Kumar Reddy,Gujarat Titans,27,18,3.0,9.0,0
Nithish Kumar Reddy,Kolkata Knight Riders,35,24,4.0,8.75,2
Nithish Kumar Reddy,Lucknow Super Giants,39,18,3.0,13.0,1
Nithish Kumar Reddy,Mumbai Indians,81,42,7.0,11.57,1
Nithish Kumar Reddy,Punjab Kings,114,60,10.0,11.4,2
Nithish Kumar Reddy,Rajasthan Royals,58,42,7.0,8.29,2
Nithish Kumar Reddy,Royal Challengers Bengaluru,59,42,7.0,8.43,1
Noor Ahmad,Chennai Super Kings,68,54,9.0,7.56,3
Noor Ahmad,Delhi Capitals,158,107,17.833333333333332,8.86,5
Noor Ahmad,Gujarat Titans,87,66,11.0,7.91,4
Noor Ahmad,Kolkata Knight Riders,79,84,14.0,5.64,10
Noor Ahmad,Lucknow Super Giants,122,144,24.0,5.08,4
Noor Ahmad,Mumbai Indians,206,162,27.0,7.63,11
Noor Ahmad,Punjab Kings,152,114,19.0,8.0,6
Noor Ahmad,Rajasthan Royals,178,110,18.333333333333332,9.71,6
Noor Ahmad,Royal Challengers Bengaluru,212,144,24.0,8.83,8
Noor Ahmad,Sunrisers Hyderabad,171,113,18.833333333333332,9.08,4
O Thomas,Delhi Capitals,13,6,1.0,13.0,0
O Thomas,Kolkata Knight Riders,30,24,4.0,7.5,1
O Thomas,Royal Challengers Bengaluru,5,6,1.0,5.0,2
O Thomas,Sunrisers Hyderabad,27,24,4.0,6.75,2
OC McCoy,Chennai Super Kings,18,24,4.0,4.5,2
OC McCoy,Delhi Capitals,49,19,3.1666666666666665,15.47,1
OC McCoy,Gujarat Titans,62,43,7.166666666666667,8.65,1
OC McCoy,Kolkata Knight Riders,37,22,3.6666666666666665,10.09,2
OC McCoy,Lucknow Super Giants,31,24,4.0,7.75,2
OC McCoy,Royal Challengers Bengaluru,22,24,4.0,5.5,3
OC McCoy,Sunrisers Hyderabad,12,6,1.0,12.0,0
OF Smith,Chennai Super Kings,14,12,2.0,7.0,1
OF Smith,Gujarat Titans,34,18,3.0,11.33,0
OF Smith,Kolkata Knight Riders,37,12,2.0,18.5,1
OF Smith,Mumbai Indians,28,18,3.0,9.33,4
OF Smith,Royal Challengers Bengaluru,51,24,4.0,12.75,0
OF Smith,Sunrisers Hyderabad,8,6,1.0,8.0,0
P Amarnath,Delhi Daredevils,35,18,3.0,11.67,0
P Amarnath,Kings XI Punjab,77,42,7.0,11.0,2
P Amarnath,Kolkata Knight Riders,29,24,4.0,7.25,2
P Amarnath,Mumbai Indians,57,24,4.0,14.25,1
P Amarnath,Royal Challengers Bengaluru,38,24,4.0,9.5,2
P Awana,Chennai Super Kings,180,126,21.0,8.57,7
P Awana,Deccan Chargers,66,48,8.0,8.25,3
P Awana,Delhi Daredevils,123,108,18.0,6.83,7
P Awana,Kolkata Knight Riders,134,81,13.5,9.93,3
P Awana,Mumbai Indians,101,96,16.0,6.31,6
P Awana,Pune Warriors,71,72,12.0,5.92,2
P Awana,Rajasthan Royals,143,96,16.0,8.94,2
P Awana,Royal Challengers Bengaluru,137,96,16.0,8.56,8
P Awana,Sunrisers Hyderabad,35,24,4.0,8.75,1
P Dubey,Delhi Capitals,20,12,2.0,10.0,1
P Dubey,Mumbai Indians,58,36,6.0,9.67,0
P Dubey,Punjab Kings,18,18,3.0,6.0,1
P Dubey,Sunrisers Hyderabad,14,12,2.0,7.0,0
P Kumar,Chennai Super Kings,450,342,57.0,7.89,14
P Kumar,Deccan Chargers,296,234,39.0,7.59,10
P Kumar,Delhi Daredevils,401,300,50.0,8.02,11
P Kumar,Kings XI Punjab,273,225,37.5,7.28,9
P Kumar,Kolkata Knight Riders,350,288,48.0,7.29,9
P Kumar,Mumbai Indians,364,321,53.5,6.8,13
P Kumar,Pune Warriors,147,138,23.0,6.39,4
P Kumar,Rajasthan Royals,309,276,46.0,6.72,10
P Kumar,Rising Pune Supergiants,97,60,10.0,9.7,1
P Kumar,Royal Challengers Bengaluru,256,206,34.333333333333336,7.46,4
P Kumar,Sunrisers Hyderabad,163,134,22.333333333333332,7.3,5
P Negi,Chennai Super Kings,76,48,8.0,9.5,2
P Negi,Delhi Capitals,26,18,3.0,8.67,1
P Negi,Delhi Daredevils,41,36,6.0,6.83,7
P Negi,Gujarat Lions,43,36,6.0,7.17,2
P Negi,Kings XI Punjab,122,90,15.0,8.13,4
P Negi,Kolkata Knight Riders,96,104,17.333333333333332,5.54,8
P Negi,Mumbai Indians,205,126,21.0,9.76,2
P Negi,Pune Warriors,22,24,4.0,5.5,0
P Negi,Rajasthan Royals,90,78,13.0,6.92,4
P Negi,Rising Pune Supergiants,38,48,8.0,4.75,2
P Negi,Royal Challengers Bengaluru,105,72,12.0,8.75,1
P Negi,Sunrisers Hyderabad,58,36,6.0,9.67,1
P Parameswaran,Deccan Chargers,56,42,7.0,8.0,2
P Parameswaran,Delhi Daredevils,58,42,7.0,8.29,5
P Parameswaran,Kings XI Punjab,22,12,2.0,11.0,0
P Parameswaran,Kolkata Knight Riders,21,24,4.0,5.25,0
P Parameswaran,Rajasthan Royals,19,21,3.5,5.43,2
P Parameswaran,Royal Challengers Bengaluru,37,13,2.1666666666666665,17.08,0
P Prasanth,Rajasthan Royals,18,6,1.0,18.0,0
P Ray Barman,Sunrisers Hyderabad,56,24,4.0,14.0,0
P Sahu,Delhi Daredevils,26,15,2.5,10.4,0
P Sahu,Gujarat Lions,35,24,4.0,8.75,1
P Sahu,Kolkata Knight Riders,18,24,4.0,4.5,2
P Sahu,Mumbai Indians,35,18,3.0,11.67,0
P Sahu,Rising Pune Supergiants,30,24,4.0,7.5,0
P Suyal,Chennai Super Kings,44,36,6.0,7.33,1
P Suyal,Kings XI Punjab,21,18,3.0,7.0,0
P Suyal,Rajasthan Royals,40,24,4.0,10.0,0
P Suyal,Royal Challengers Bengaluru,32,18,3.0,10.67,1
PC Valthaty,Deccan Chargers,47,48,8.0,5.88,5
PC Valthaty,Delhi Daredevils,47,30,5.0,9.4,1
PC Valthaty,Kolkata Knight Riders,13,12,2.0,6.5,0
PC Valthaty,Mumbai Indians,10,6,1.0,10.0,0
PC Valthaty,Pune Warriors,17,13,2.1666666666666665,7.85,0
PC Valthaty,Rajasthan Royals,35,18,3.0,11.67,0
PC Valthaty,Royal Challengers Bengaluru,30,24,4.0,7.5,1
PD Collingwood,Deccan Chargers,23,18,3.0,7.67,1
PD Collingwood,Kings XI Punjab,19,24,4.0,4.75,2
PD Collingwood,Kolkata Knight Riders,25,17,2.8333333333333335,8.82,1
PD Collingwood,Mumbai Indians,27,24,4.0,6.75,0
PD Collingwood,Rajasthan Royals,6,6,1.0,6.0,1
PH Solanki,Gujarat Titans,18,24,4.0,4.5,0
PH Solanki,Rajasthan Royals,20,12,2.0,10.0,2
PHKD Mendis,Chennai Super Kings,26,18,3.0,8.67,1
PHKD Mendis,Gujarat Titans,30,18,3.0,10.0,0
PHKD Mendis,Kolkata Knight Riders,4,6,1.0,4.0,1
PJ Cummins,Chennai Super Kings,325,240,40.0,8.12,10
PJ Cummins,Delhi Capitals,219,156,26.0,8.42,9
PJ Cummins,Gujarat Lions,68,48,8.0,8.5,3
PJ Cummins,Gujarat Titans,112,94,15.666666666666666,7.15,4
PJ Cummins,Kings XI Punjab,83,72,12.0,6.92,2
PJ Cummins,Kolkata Knight Riders,253,156,26.0,9.73,7
PJ Cummins,Lucknow Super Giants,106,66,11.0,9.64,3
PJ Cummins,Mumbai Indians,402,270,45.0,8.93,15
PJ Cummins,Punjab Kings,159,114,19.0,8.37,6
PJ Cummins,Rajasthan Royals,338,209,34.833333333333336,9.7,10
PJ Cummins,Rising Pune Supergiants,53,43,7.166666666666667,7.4,3
PJ Cummins,Royal Challengers Bengaluru,313,222,37.0,8.46,11
PJ Cummins,Sunrisers Hyderabad,147,119,19.833333333333332,7.41,4
PJ Sangwan,Chennai Super Kings,177,114,19.0,9.32,6
PJ Sangwan,Deccan Chargers,59,64,10.666666666666666,5.53,4
PJ Sangwan,Delhi Daredevils,114,66,11.0,10.36,3
PJ Sangwan,Kings XI Punjab,153,96,16.0,9.56,4
PJ Sangwan,Kolkata Knight Riders,110,84,14.0,7.86,4
PJ Sangwan,Mumbai Indians,151,138,23.0,6.57,7
PJ Sangwan,Punjab Kings,23,12,2.0,11.5,0
PJ Sangwan,Rajasthan Royals,77,72,12.0,6.42,1
PJ Sangwan,Rising Pune Supergiants,37,24,4.0,9.25,2
PJ Sangwan,Royal Challengers Bengaluru,174,126,21.0,8.29,7
PJ Sangwan,Sunrisers Hyderabad,100,60,10.0,10.0,0
PM Sarvesh Kumar,Chennai Super Kings,18,12,2.0,9.0,1
PM Sarvesh Kumar,Delhi Daredevils,23,18,3.0,7.67,0
PP Chawla,Chennai Super Kings,611,447,74.5,8.2,22
PP Chawla,Deccan Chargers,276,210,35.0,7.89,7
PP Chawla,Delhi Capitals,192,125,20.833333333333332,9.22,7
PP Chawla,Delhi Daredevils,456,368,61.333333333333336,7.43,20
PP Chawla,Gujarat Lions,62,48,8.0,7.75,2
PP Chawla,Gujarat Titans,139,84,14.0,9.93,6
PP Chawla,Kings XI Punjab,379,276,46.0,8.24,15
PP Chawla,Kochi Tuskers Kerala,24,24,4.0,6.0,1
PP Chawla,Kolkata Knight Riders,330,272,45.333333333333336,7.28,14
PP Chawla,Lucknow Super Giants,104,84,14.0,7.43,5
PP Chawla,Mumbai Indians,582,433,72.16666666666667,8.06,25
PP Chawla,Pune Warriors,101,90,15.0,6.73,2
PP Chawla,Punjab Kings,43,42,7.0,6.14,4
PP Chawla,Rajasthan Royals,602,476,79.33333333333333,7.59,24
PP Chawla,Rising Pune Supergiants,83,66,11.0,7.55,3
PP Chawla,Royal Challengers Bengaluru,567,457,76.16666666666667,7.44,19
PP Chawla,Sunrisers Hyderabad,475,348,58.0,8.19,16
PP Hinge,Chennai Super Kings,88,42,7.0,12.57,2
PP Hinge,Gujarat Titans,17,18,3.0,5.67,2
PP Hinge,Mumbai Indians,54,24,4.0,13.5,2
PP Hinge,Rajasthan Royals,128,72,12.0,10.67,8
PP Ojha,Chennai Super Kings,333,314,52.333333333333336,6.36,21
PP Ojha,Deccan Chargers,37,24,4.0,9.25,0
PP Ojha,Delhi Daredevils,275,246,41.0,6.71,12
PP Ojha,Kings XI Punjab,207,174,29.0,7.14,8
PP Ojha,Kolkata Knight Riders,344,300,50.0,6.88,12
PP Ojha,Mumbai Indians,151,156,26.0,5.81,9
PP Ojha,Pune Warriors,140,120,20.0,7.0,6
PP Ojha,Rajasthan Royals,410,272,45.333333333333336,9.04,8
PP Ojha,Royal Challengers Bengaluru,238,203,33.833333333333336,7.03,13
PP Ojha,Sunrisers Hyderabad,120,90,15.0,8.0,0
PR Veer,Mumbai Indians,25,12,2.0,12.5,0
PV Tambe,Chennai Super Kings,115,90,15.0,7.67,2
PV Tambe,Delhi Daredevils,112,90,15.0,7.47,4
PV Tambe,Kings XI Punjab,97,84,14.0,6.93,1
PV Tambe,Kolkata Knight Riders,70,60,10.0,7.0,5
PV Tambe,Mumbai Indians,98,66,11.0,8.91,4
PV Tambe,Rising Pune Supergiants,33,24,4.0,8.25,2
PV Tambe,Royal Challengers Bengaluru,181,120,20.0,9.05,6
PV Tambe,Sunrisers Hyderabad,128,126,21.0,6.1,4
PVD Chameera,Chennai Super Kings,48,24,4.0,12.0,0
PVD Chameera,Delhi Capitals,44,24,4.0,11.0,1
PVD Chameera,Gujarat Titans,74,54,9.0,8.22,2
PVD Chameera,Kolkata Knight Riders,54,36,6.0,9.0,2
PVD Chameera,Lucknow Super Giants,25,18,3.0,8.33,1
PVD Chameera,Mumbai Indians,109,72,12.0,9.08,2
PVD Chameera,Punjab Kings,87,54,9.0,9.67,2
PVD Chameera,Rajasthan Royals,50,42,7.0,7.14,0
PVD Chameera,Royal Challengers Bengaluru,123,72,12.0,10.25,3
PVSN Raju,Chennai Super Kings,12,6,1.0,12.0,0
PVSN Raju,Gujarat Titans,36,18,3.0,12.0,1
PWA Mulder,Delhi Capitals,16,6,1.0,16.0,0
PWH de Silva,Chennai Super Kings,186,120,20.0,9.3,9
PWH de Silva,Delhi Capitals,147,90,15.0,9.8,3
PWH de Silva,Gujarat Titans,90,72,12.0,7.5,3
PWH de Silva,Kolkata Knight Riders,132,102,17.0,7.76,7
PWH de Silva,Lucknow Super Giants,113,84,14.0,8.07,4
PWH de Silva,Mumbai Indians,79,48,8.0,9.88,4
PWH de Silva,Punjab Kings,161,114,19.0,8.47,6
PWH de Silva,Rajasthan Royals,112,96,16.0,7.0,4
PWH de Silva,Royal Challengers Bengaluru,62,42,7.0,8.86,1
PWH de Silva,Sunrisers Hyderabad,25,30,5.0,5.0,5
Pankaj Singh,Chennai Super Kings,62,48,8.0,7.75,2
Pankaj Singh,Deccan Chargers,51,30,5.0,10.2,0
Pankaj Singh,Delhi Daredevils,79,60,10.0,7.9,4
Pankaj Singh,Kings XI Punjab,74,36,6.0,12.33,0
Pankaj Singh,Kolkata Knight Riders,14,6,1.0,14.0,0
Pankaj Singh,Mumbai Indians,71,36,6.0,11.83,0
Pankaj Singh,Rajasthan Royals,27,24,4.0,6.75,2
Pankaj Singh,Royal Challengers Bengaluru,73,60,10.0,7.3,3
Parvez Rasool,Chennai Super Kings,46,30,5.0,9.2,0
Parvez Rasool,Delhi Daredevils,48,42,7.0,6.86,1
Parvez Rasool,Kolkata Knight Riders,45,30,5.0,9.0,1
Parvez Rasool,Mumbai Indians,5,6,1.0,5.0,0
Parvez Rasool,Rising Pune Supergiants,37,18,3.0,12.33,0
Parvez Rasool,Royal Challengers Bengaluru,23,24,4.0,5.75,1
Parvez Rasool,Sunrisers Hyderabad,64,48,8.0,8.0,1
Prince Yadav,Chennai Super Kings,81,48,8.0,10.12,0
Prince Yadav,Delhi Capitals,85,59,9.833333333333334,8.64,2
Prince Yadav,Gujarat Titans,30,24,4.0,7.5,1
Prince Yadav,Kolkata Knight Riders,69,49,8.166666666666666,8.45,2
Prince Yadav,Mumbai Indians,66,42,7.0,9.43,1
Prince Yadav,Punjab Kings,98,66,11.0,8.91,3
Prince Yadav,Rajasthan Royals,110,72,12.0,9.17,2
Prince Yadav,Royal Challengers Bengaluru,64,42,7.0,9.14,6
Prince Yadav,Sunrisers Hyderabad,59,48,8.0,7.38,3
R Ashwin,Chennai Super Kings,342,270,45.0,7.6,15
R Ashwin,Deccan Chargers,103,132,22.0,4.68,4
R Ashwin,Delhi Capitals,208,174,29.0,7.17,9
R Ashwin,Delhi Daredevils,346,367,61.166666666666664,5.66,18
R Ashwin,Gujarat Lions,60,48,8.0,7.5,0
R Ashwin,Gujarat Titans,186,120,20.0,9.3,0
R Ashwin,Kings XI Punjab,432,372,62.0,6.97,18
R Ashwin,Kochi Tuskers Kerala,47,48,8.0,5.88,3
R Ashwin,Kolkata Knight Riders,762,583,97.16666666666667,7.84,24
R Ashwin,Lucknow Super Giants,128,120,20.0,6.4,5
R Ashwin,Mumbai Indians,847,762,127.0,6.67,27
R Ashwin,Pune Warriors,139,132,22.0,6.32,4
R Ashwin,Punjab Kings,161,120,20.0,8.05,4
R Ashwin,Rajasthan Royals,480,407,67.83333333333333,7.08,20
R Ashwin,Royal Challengers Bengaluru,667,594,99.0,6.74,25
R Ashwin,Sunrisers Hyderabad,544,461,76.83333333333333,7.08,11
R Bhatia,Chennai Super Kings,273,228,38.0,7.18,10
R Bhatia,Deccan Chargers,153,136,22.666666666666668,6.75,11
R Bhatia,Delhi Daredevils,194,163,27.166666666666668,7.14,8
R Bhatia,Gujarat Lions,54,36,6.0,9.0,1
R Bhatia,Kings XI Punjab,207,180,30.0,6.9,4
R Bhatia,Kochi Tuskers Kerala,22,18,3.0,7.33,1
R Bhatia,Kolkata Knight Riders,181,144,24.0,7.54,5
R Bhatia,Mumbai Indians,272,233,38.833333333333336,7.0,13
R Bhatia,Pune Warriors,92,90,15.0,6.13,3
R Bhatia,Rajasthan Royals,118,114,19.0,6.21,5
R Bhatia,Royal Challengers Bengaluru,294,186,31.0,9.48,3
R Bhatia,Sunrisers Hyderabad,124,108,18.0,6.89,7
R Dhawan,Chennai Super Kings,96,72,12.0,8.0,5
R Dhawan,Delhi Capitals,27,18,3.0,9.0,0
R Dhawan,Delhi Daredevils,79,66,11.0,7.18,1
R Dhawan,Gujarat Titans,23,24,4.0,5.75,1
R Dhawan,Kings XI Punjab,24,24,4.0,6.0,1
R Dhawan,Kolkata Knight Riders,128,90,15.0,8.53,1
R Dhawan,Lucknow Super Giants,13,12,2.0,6.5,0
R Dhawan,Mumbai Indians,118,90,15.0,7.87,4
R Dhawan,Pune Warriors,27,24,4.0,6.75,0
R Dhawan,Rajasthan Royals,95,78,13.0,7.31,3
R Dhawan,Rising Pune Supergiants,20,18,3.0,6.67,1
R Dhawan,Royal Challengers Bengaluru,68,60,10.0,6.8,4
R Dhawan,Sunrisers Hyderabad,131,86,14.333333333333334,9.14,4
R Goyal,Chennai Super Kings,33,24,4.0,8.25,0
R McLaren,Chennai Super Kings,73,66,11.0,6.64,1
R McLaren,Deccan Chargers,101,72,12.0,8.42,4
R McLaren,Kings XI Punjab,41,30,5.0,8.2,0
R McLaren,Kolkata Knight Riders,61,42,7.0,8.71,0
R McLaren,Mumbai Indians,54,24,4.0,13.5,2
R McLaren,Pune Warriors,26,18,3.0,8.67,1
R McLaren,Rajasthan Royals,65,36,6.0,10.83,1
R McLaren,Royal Challengers Bengaluru,92,66,11.0,8.36,3
R Ninan,Chennai Super Kings,31,18,3.0,10.33,2
R Ninan,Deccan Chargers,34,18,3.0,11.33,1
R Parag,Chennai Super Kings,62,36,6.0,10.33,0
R Parag,Delhi Capitals,96,60,10.0,9.6,1
R Parag,Gujarat Titans,37,18,3.0,12.33,2
R Parag,Kolkata Knight Riders,75,60,10.0,7.5,1
R Parag,Mumbai Indians,39,30,5.0,7.8,1
R Parag,Punjab Kings,47,30,5.0,9.4,2
R Parag,Royal Challengers Bengaluru,87,49,8.166666666666666,10.65,1
R Parag,Sunrisers Hyderabad,55,36,6.0,9.17,1
R Powell,Kolkata Knight Riders,16,6,1.0,16.0,0
R Powell,Rajasthan Royals,16,12,2.0,8.0,1
R Rampaul,Chennai Super Kings,69,48,8.0,8.62,5
R Rampaul,Delhi Daredevils,70,54,9.0,7.78,2
R Rampaul,Kings XI Punjab,27,24,4.0,6.75,1
R Rampaul,Kolkata Knight Riders,15,24,4.0,3.75,1
R Rampaul,Mumbai Indians,35,24,4.0,8.75,1
R Rampaul,Pune Warriors,20,24,4.0,5.0,2
R Rampaul,Rajasthan Royals,62,70,11.666666666666666,5.31,4
R Ravindra,Kolkata Knight Riders,4,6,1.0,4.0,0
R Ravindra,Sunrisers Hyderabad,3,6,1.0,3.0,0
R Sai Kishore,Chennai Super Kings,79,54,9.0,8.78,3
R Sai Kishore,Delhi Capitals,77,36,6.0,12.83,2
R Sai Kishore,Kolkata Knight Riders,55,36,6.0,9.17,2
R Sai Kishore,Lucknow Super Giants,76,39,6.5,11.69,3
R Sai Kishore,Mumbai Indians,135,96,16.0,8.44,6
R Sai Kishore,Punjab Kings,62,48,8.0,7.75,7
R Sai Kishore,Rajasthan Royals,105,62,10.333333333333334,10.16,5
R Sai Kishore,Royal Challengers Bengaluru,71,66,11.0,6.45,3
R Sai Kishore,Sunrisers Hyderabad,25,28,4.666666666666667,5.36,2
R Sanjay Yadav,Sunrisers Hyderabad,21,12,2.0,10.5,0
R Sathish,Chennai Super Kings,59,30,5.0,11.8,0
R Sathish,Deccan Chargers,12,12,2.0,6.0,0
R Sathish,Kings XI Punjab,13,12,2.0,6.5,0
R Sathish,Kochi Tuskers Kerala,11,6,1.0,11.0,0
R Sathish,Kolkata Knight Riders,10,12,2.0,5.0,1
R Sathish,Mumbai Indians,28,12,2.0,14.0,0
R Sathish,Rajasthan Royals,65,31,5.166666666666667,12.58,1
R Sathish,Rising Pune Supergiants,20,18,3.0,6.67,1
R Sathish,Sunrisers Hyderabad,9,6,1.0,9.0,0
R Sharma,Chennai Super Kings,148,138,23.0,6.43,5
R Sharma,Deccan Chargers,87,72,12.0,7.25,4
R Sharma,Delhi Daredevils,179,132,22.0,8.14,5
R Sharma,Kings XI Punjab,145,132,22.0,6.59,7
R Sharma,Kochi Tuskers Kerala,18,24,4.0,4.5,1
R Sharma,Kolkata Knight Riders,29,24,4.0,7.25,0
R Sharma,Mumbai Indians,87,108,18.0,4.83,5
R Sharma,Rajasthan Royals,159,130,21.666666666666668,7.34,5
R Sharma,Royal Challengers Bengaluru,185,120,20.0,9.25,5
R Sharma,Sunrisers Hyderabad,42,48,8.0,5.25,3
R Shepherd,Chennai Super Kings,70,24,4.0,17.5,0
R Shepherd,Delhi Capitals,91,41,6.833333333333333,13.32,1
R Shepherd,Gujarat Titans,60,36,6.0,10.0,2
R Shepherd,Lucknow Super Giants,130,66,11.0,11.82,3
R Shepherd,Mumbai Indians,43,25,4.166666666666667,10.32,1
R Shepherd,Punjab Kings,101,60,10.0,10.1,4
R Shepherd,Rajasthan Royals,65,42,7.0,9.29,1
R Shepherd,Royal Challengers Bengaluru,22,12,2.0,11.0,0
R Shepherd,Sunrisers Hyderabad,100,54,9.0,11.11,5
R Shukla,Chennai Super Kings,24,12,2.0,12.0,0
R Shukla,Delhi Daredevils,54,36,6.0,9.0,1
R Shukla,Kolkata Knight Riders,26,18,3.0,8.67,2
R Shukla,Rajasthan Royals,42,24,4.0,10.5,0
R Shukla,Royal Challengers Bengaluru,38,24,4.0,9.5,1
R Shukla,Sunrisers Hyderabad,13,6,1.0,13.0,1
R Tewatia,Chennai Super Kings,155,114,19.0,8.16,8
R Tewatia,Delhi Capitals,108,90,15.0,7.2,2
R Tewatia,Kings XI Punjab,125,96,16.0,7.81,3
R Tewatia,Kolkata Knight Riders,128,114,19.0,6.74,10
R Tewatia,Lucknow Super Giants,7,6,1.0,7.0,0
R Tewatia,Mumbai Indians,142,104,17.333333333333332,8.19,4
R Tewatia,Punjab Kings,71,36,6.0,11.83,1
R Tewatia,Rajasthan Royals,37,30,5.0,7.4,0
R Tewatia,Rising Pune Supergiants,14,18,3.0,4.67,0
R Tewatia,Royal Challengers Bengaluru,140,114,19.0,7.37,2
R Tewatia,Sunrisers Hyderabad,160,121,20.166666666666668,7.93,2
R Vinay Kumar,Chennai Super Kings,449,292,48.666666666666664,9.23,17
R Vinay Kumar,Deccan Chargers,154,134,22.333333333333332,6.9,13
R Vinay Kumar,Delhi Daredevils,433,308,51.333333333333336,8.44,9
R Vinay Kumar,Gujarat Lions,17,18,3.0,5.67,2
R Vinay Kumar,Kings XI Punjab,299,203,33.833333333333336,8.84,4
R Vinay Kumar,Kolkata Knight Riders,301,263,43.833333333333336,6.87,19
R Vinay Kumar,Mumbai Indians,393,276,46.0,8.54,11
R Vinay Kumar,Pune Warriors,131,114,19.0,6.89,10
R Vinay Kumar,Rajasthan Royals,401,287,47.833333333333336,8.38,11
R Vinay Kumar,Rising Pune Supergiants,11,12,2.0,5.5,0
R Vinay Kumar,Royal Challengers Bengaluru,142,100,16.666666666666668,8.52,6
R Vinay Kumar,Sunrisers Hyderabad,167,120,20.0,8.35,3
RA Bawa,Punjab Kings,9,6,1.0,9.0,1
RA Bawa,Royal Challengers Bengaluru,32,18,3.0,10.67,1
RA Jadeja,Chennai Super Kings,71,62,10.333333333333334,6.87,4
RA Jadeja,Deccan Chargers,111,108,18.0,6.17,8
RA Jadeja,Delhi Capitals,361,251,41.833333333333336,8.63,14
RA Jadeja,Delhi Daredevils,318,263,43.833333333333336,7.25,9
RA Jadeja,Gujarat Titans,257,180,30.0,8.57,8
RA Jadeja,Kings XI Punjab,459,336,56.0,8.2,13
RA Jadeja,Kolkata Knight Riders,646,541,90.16666666666667,7.16,25
RA Jadeja,Lucknow Super Giants,143,108,18.0,7.94,4
RA Jadeja,Mumbai Indians,777,546,91.0,8.54,21
RA Jadeja,Pune Warriors,98,96,16.0,6.12,3
RA Jadeja,Punjab Kings,228,192,32.0,7.12,7
RA Jadeja,Rajasthan Royals,476,412,68.66666666666667,6.93,22
RA Jadeja,Rising Pune Supergiants,112,84,14.0,8.0,3
RA Jadeja,Royal Challengers Bengaluru,770,624,104.0,7.4,27
RA Jadeja,Sunrisers Hyderabad,531,451,75.16666666666667,7.06,12
RA Shaikh,Delhi Daredevils,11,6,1.0,11.0,0
RA Tripathi,Kolkata Knight Riders,12,6,1.0,12.0,0
RD Chahar,Chennai Super Kings,297,294,49.0,6.06,15
RD Chahar,Delhi Capitals,254,219,36.5,6.96,9
RD Chahar,Gujarat Lions,26,18,3.0,8.67,1
RD Chahar,Gujarat Titans,74,51,8.5,8.71,1
RD Chahar,Kings XI Punjab,113,96,16.0,7.06,5
RD Chahar,Kolkata Knight Riders,249,204,34.0,7.32,15
RD Chahar,Lucknow Super Giants,128,84,14.0,9.14,3
RD Chahar,Mumbai Indians,125,72,12.0,10.42,0
RD Chahar,Punjab Kings,91,72,12.0,7.58,2
RD Chahar,Rajasthan Royals,275,200,33.333333333333336,8.25,10
RD Chahar,Royal Challengers Bengaluru,316,216,36.0,8.78,6
RD Chahar,Sunrisers Hyderabad,204,168,28.0,7.29,8
RE van der Merwe,Chennai Super Kings,100,108,18.0,5.56,3
RE van der Merwe,Deccan Chargers,58,48,8.0,7.25,1
RE van der Merwe,Delhi Daredevils,31,24,4.0,7.75,1
RE van der Merwe,Kings XI Punjab,38,42,7.0,5.43,3
RE van der Merwe,Kochi Tuskers Kerala,33,41,6.833333333333333,4.83,4
RE van der Merwe,Kolkata Knight Riders,79,66,11.0,7.18,5
RE van der Merwe,Mumbai Indians,95,84,14.0,6.79,3
RE van der Merwe,Rajasthan Royals,52,30,5.0,10.4,1
RG More,Kolkata Knight Riders,30,23,3.8333333333333335,7.83,1
RG More,Sunrisers Hyderabad,27,12,2.0,13.5,0
RG Sharma,Chennai Super Kings,85,66,11.0,7.73,2
RG Sharma,Delhi Daredevils,62,42,7.0,8.86,1
RG Sharma,Kings XI Punjab,106,86,14.333333333333334,7.4,4
RG Sharma,Kolkata Knight Riders,43,31,5.166666666666667,8.32,1
RG Sharma,Mumbai Indians,51,42,7.0,7.29,4
RG Sharma,Rajasthan Royals,42,42,7.0,6.0,3
RG Sharma,Royal Challengers Bengaluru,45,24,4.0,11.25,0
RG Sharma,Sunrisers Hyderabad,4,6,1.0,4.0,0
RJ Gleeson,Gujarat Titans,38,21,3.5,10.86,1
RJ Gleeson,Punjab Kings,67,47,7.833333333333333,8.55,1
RJ Harris,Chennai Super Kings,163,144,24.0,6.79,8
RJ Harris,Deccan Chargers,98,72,12.0,8.17,2
RJ Harris,Delhi Daredevils,100,96,16.0,6.25,6
RJ Harris,Kings XI Punjab,82,66,11.0,7.45,1
RJ Harris,Kochi Tuskers Kerala,39,24,4.0,9.75,1
RJ Harris,Kolkata Knight Riders,28,36,6.0,4.67,2
RJ Harris,Mumbai Indians,111,84,14.0,7.93,4
RJ Harris,Pune Warriors,34,48,8.0,4.25,2
RJ Harris,Rajasthan Royals,126,96,16.0,7.88,7
RJ Harris,Royal Challengers Bengaluru,215,166,27.666666666666668,7.77,12
RJ Peterson,Chennai Super Kings,22,12,2.0,11.0,0
RJ Peterson,Deccan Chargers,8,6,1.0,8.0,0
RJ Peterson,Delhi Daredevils,37,24,4.0,9.25,3
RJ Peterson,Kings XI Punjab,3,6,1.0,3.0,0
RJW Topley,Lucknow Super Giants,38,24,4.0,9.5,1
RJW Topley,Mumbai Indians,47,30,5.0,9.4,1
RJW Topley,Punjab Kings,40,18,3.0,13.33,0
RJW Topley,Rajasthan Royals,26,24,4.0,6.5,2
RJW Topley,Sunrisers Hyderabad,66,24,4.0,16.5,1
RN ten Doeschate,Deccan Chargers,6,6,1.0,6.0,0
RN ten Doeschate,Kings XI Punjab,6,6,1.0,6.0,0
RN ten Doeschate,Pune Warriors,10,12,2.0,5.0,0
RN ten Doeschate,Rajasthan Royals,14,12,2.0,7.0,0
RN ten Doeschate,Royal Challengers Bengaluru,34,24,4.0,8.5,1
RN ten Doeschate,Sunrisers Hyderabad,18,18,3.0,6.0,1
RP Meredith,Chennai Super Kings,65,64,10.666666666666666,6.09,3
RP Meredith,Delhi Capitals,92,70,11.666666666666666,7.89,4
RP Meredith,Gujarat Titans,78,48,8.0,9.75,1
RP Meredith,Kolkata Knight Riders,70,42,7.0,10.0,1
RP Meredith,Lucknow Super Giants,39,24,4.0,9.75,2
RP Meredith,Rajasthan Royals,118,72,12.0,9.83,4
RP Meredith,Royal Challengers Bengaluru,29,20,3.3333333333333335,8.7,1
RP Meredith,Sunrisers Hyderabad,71,48,8.0,8.88,3
RP Singh,Chennai Super Kings,350,263,43.833333333333336,7.98,11
RP Singh,Deccan Chargers,39,42,7.0,5.57,3
RP Singh,Delhi Daredevils,342,246,41.0,8.34,7
RP Singh,Gujarat Lions,20,12,2.0,10.0,0
RP Singh,Kings XI Punjab,326,217,36.166666666666664,9.01,10
RP Singh,Kolkata Knight Riders,271,203,33.833333333333336,8.01,15
RP Singh,Mumbai Indians,202,186,31.0,6.52,14
RP Singh,Pune Warriors,75,66,11.0,6.82,2
RP Singh,Rajasthan Royals,236,234,39.0,6.05,13
RP Singh,Royal Challengers Bengaluru,310,264,44.0,7.05,11
RP Singh,Sunrisers Hyderabad,47,42,7.0,6.71,4
RR Bhatkal,Chennai Super Kings,35,12,2.0,17.5,0
RR Bose,Royal Challengers Bengaluru,24,12,2.0,12.0,0
RR Powar,Chennai Super Kings,118,108,18.0,6.56,4
RR Powar,Deccan Chargers,61,54,9.0,6.78,3
RR Powar,Delhi Daredevils,88,72,12.0,7.33,3
RR Powar,Kolkata Knight Riders,71,72,12.0,5.92,1
RR Powar,Mumbai Indians,61,54,9.0,6.78,1
RR Powar,Rajasthan Royals,67,48,8.0,8.38,1
RR Powar,Royal Challengers Bengaluru,35,18,3.0,11.67,0
RR Raje,Chennai Super Kings,47,24,4.0,11.75,0
RR Raje,Deccan Chargers,43,30,5.0,8.6,1
RR Raje,Delhi Daredevils,35,23,3.8333333333333335,9.13,0
RR Raje,Kings XI Punjab,5,6,1.0,5.0,0
RR Raje,Kolkata Knight Riders,16,14,2.3333333333333335,6.86,2
RR Raje,Rajasthan Royals,53,42,7.0,7.57,3
RS Bopara,Chennai Super Kings,29,24,4.0,7.25,0
RS Bopara,Delhi Daredevils,51,30,5.0,10.2,0
RS Bopara,Kolkata Knight Riders,62,38,6.333333333333333,9.79,2
RS Bopara,Mumbai Indians,31,24,4.0,7.75,3
RS Bopara,Rajasthan Royals,56,54,9.0,6.22,4
RS Bopara,Royal Challengers Bengaluru,47,36,6.0,7.83,2
RS Gavaskar,Royal Challengers Bengaluru,8,6,1.0,8.0,0
RS Ghosh,Mumbai Indians,24,18,3.0,8.0,1
RS Hangargekar,Gujarat Titans,32,24,4.0,8.0,3
RS Hangargekar,Lucknow Super Giants,21,12,2.0,10.5,0
RV Gomez,Chennai Super Kings,20,12,2.0,10.0,1
RV Gomez,Deccan Chargers,4,6,1.0,4.0,0
RV Gomez,Delhi Daredevils,16,12,2.0,8.0,0
RV Gomez,Kings XI Punjab,12,6,1.0,12.0,0
RV Gomez,Kolkata Knight Riders,19,30,5.0,3.8,2
RV Gomez,Mumbai Indians,28,18,3.0,9.33,1
RV Gomez,Rajasthan Royals,9,6,1.0,9.0,0
RV Gomez,Royal Challengers Bengaluru,20,6,1.0,20.0,1
RV Patel,Royal Challengers Bengaluru,20,18,3.0,6.67,0
RW Price,Kolkata Knight Riders,33,18,3.0,11.0,0
Raghu Sharma,Chennai Super Kings,24,24,4.0,6.0,0
Raghu Sharma,Kolkata Knight Riders,23,12,2.0,11.5,0
Raghu Sharma,Lucknow Super Giants,36,24,4.0,9.0,1
Raghu Sharma,Punjab Kings,22,12,2.0,11.0,0
Raghu Sharma,Rajasthan Royals,25,18,3.0,8.33,0
Ramandeep Singh,Chennai Super Kings,5,6,1.0,5.0,1
Ramandeep Singh,Delhi Capitals,25,12,2.0,12.5,2
Ramandeep Singh,Gujarat Titans,4,4,0.6666666666666666,6.0,1
Ramandeep Singh,Punjab Kings,9,4,0.6666666666666666,13.5,0
Ramandeep Singh,Rajasthan Royals,22,12,2.0,11.0,0
Ramandeep Singh,Sunrisers Hyderabad,19,18,3.0,6.33,3
Rashid Khan,Chennai Super Kings,601,444,74.0,8.12,22
Rashid Khan,Delhi Capitals,378,378,63.0,6.0,22
Rashid Khan,Delhi Daredevils,115,96,16.0,7.19,2
Rashid Khan,Gujarat Lions,53,48,8.0,6.62,6
Rashid Khan,Kings XI Punjab,198,192,32.0,6.19,16
Rashid Khan,Kolkata Knight Riders,536,424,70.66666666666667,7.58,20
Rashid Khan,Lucknow Super Giants,238,179,29.833333333333332,7.98,9
Rashid Khan,Mumbai Indians,460,447,74.5,6.17,21
Rashid Khan,Punjab Kings,266,240,40.0,6.65,11
Rashid Khan,Rajasthan Royals,510,444,74.0,6.89,24
Rashid Khan,Rising Pune Supergiants,35,48,8.0,4.38,2
Rashid Khan,Royal Challengers Bengaluru,623,460,76.66666666666667,8.13,21
Rashid Khan,Sunrisers Hyderabad,218,143,23.833333333333332,9.15,3
Rasikh Salam,Chennai Super Kings,25,12,2.0,12.5,0
Rasikh Salam,Delhi Capitals,101,66,11.0,9.18,1
Rasikh Salam,Gujarat Titans,153,102,17.0,9.0,8
Rasikh Salam,Kolkata Knight Riders,143,75,12.5,11.44,2
Rasikh Salam,Lucknow Super Giants,106,66,11.0,9.64,5
Rasikh Salam,Mumbai Indians,114,83,13.833333333333334,8.24,5
Rasikh Salam,Punjab Kings,33,24,4.0,8.25,3
Rasikh Salam,Rajasthan Royals,35,18,3.0,11.67,1
Rasikh Salam,Royal Challengers Bengaluru,20,18,3.0,6.67,2
Rasikh Salam,Sunrisers Hyderabad,49,24,4.0,12.25,2
Ravi Bishnoi,Chennai Super Kings,239,192,32.0,7.47,10
Ravi Bishnoi,Delhi Capitals,336,240,40.0,8.4,11
Ravi Bishnoi,Gujarat Titans,179,120,20.0,8.95,7
Ravi Bishnoi,Kolkata Knight Riders,300,250,41.666666666666664,7.2,12
Ravi Bishnoi,Lucknow Super Giants,21,18,3.0,7.0,1
Ravi Bishnoi,Mumbai Indians,377,282,47.0,8.02,15
Ravi Bishnoi,Punjab Kings,161,99,16.5,9.76,5
Ravi Bishnoi,Rajasthan Royals,206,168,28.0,7.36,3
Ravi Bishnoi,Royal Challengers Bengaluru,315,228,38.0,8.29,10
Ravi Bishnoi,Sunrisers Hyderabad,282,192,32.0,8.81,9
S Aravind,Chennai Super Kings,112,84,14.0,8.0,6
S Aravind,Deccan Chargers,25,18,3.0,8.33,0
S Aravind,Delhi Daredevils,83,66,11.0,7.55,3
S Aravind,Gujarat Lions,97,78,13.0,7.46,2
S Aravind,Kings XI Punjab,136,108,18.0,7.56,11
S Aravind,Kochi Tuskers Kerala,19,24,4.0,4.75,2
S Aravind,Kolkata Knight Riders,159,100,16.666666666666668,9.54,7
S Aravind,Mumbai Indians,119,102,17.0,7.0,4
S Aravind,Pune Warriors,32,24,4.0,8.0,1
S Aravind,Rajasthan Royals,101,66,11.0,9.18,5
S Aravind,Rising Pune Supergiants,58,48,8.0,7.25,2
S Aravind,Sunrisers Hyderabad,66,42,7.0,9.43,2
S Badree,Delhi Daredevils,33,24,4.0,8.25,0
S Badree,Gujarat Lions,29,18,3.0,9.67,2
S Badree,Kings XI Punjab,14,18,3.0,4.67,0
S Badree,Kolkata Knight Riders,73,42,7.0,10.43,1
S Badree,Mumbai Indians,40,48,8.0,5.0,5
S Badree,Rajasthan Royals,14,24,4.0,3.5,1
S Badree,Rising Pune Supergiants,63,48,8.0,7.88,2
S Badree,Royal Challengers Bengaluru,43,36,6.0,7.17,0
S Dhawan,Delhi Daredevils,33,18,3.0,11.0,2
S Dhawan,Kings XI Punjab,8,12,2.0,4.0,1
S Dhawan,Kolkata Knight Riders,4,6,1.0,4.0,0
S Dhawan,Pune Warriors,9,6,1.0,9.0,1
S Dhawan,Royal Challengers Bengaluru,11,6,1.0,11.0,0
S Dube,Chennai Super Kings,15,10,1.6666666666666665,9.0,0
S Dube,Delhi Capitals,5,6,1.0,5.0,0
S Dube,Gujarat Titans,50,24,4.0,12.5,0
S Dube,Kings XI Punjab,33,18,3.0,11.0,2
S Dube,Kolkata Knight Riders,34,24,4.0,8.5,0
S Dube,Lucknow Super Giants,23,6,1.0,23.0,0
S Dube,Mumbai Indians,5,6,1.0,5.0,0
S Dube,Punjab Kings,34,12,2.0,17.0,1
S Dube,Rajasthan Royals,4,6,1.0,4.0,0
S Dube,Royal Challengers Bengaluru,29,12,2.0,14.5,1
S Dube,Sunrisers Hyderabad,33,30,5.0,6.6,2
S Gopal,Chennai Super Kings,134,120,20.0,6.7,6
S Gopal,Delhi Capitals,149,102,17.0,8.76,6
S Gopal,Delhi Daredevils,46,30,5.0,9.2,2
S Gopal,Kings XI Punjab,147,102,17.0,8.65,2
S Gopal,Kolkata Knight Riders,209,126,21.0,9.95,5
S Gopal,Mumbai Indians,159,126,21.0,7.57,6
S Gopal,Punjab Kings,66,30,5.0,13.2,1
S Gopal,Rajasthan Royals,83,55,9.166666666666666,9.05,4
S Gopal,Rising Pune Supergiants,18,18,3.0,6.0,0
S Gopal,Royal Challengers Bengaluru,187,168,28.0,6.68,15
S Gopal,Sunrisers Hyderabad,138,114,19.0,7.26,5
S Joseph,Kolkata Knight Riders,36,24,4.0,9.0,0
S Kaul,Chennai Super Kings,234,148,24.666666666666668,9.49,2
S Kaul,Delhi Capitals,65,48,8.0,8.12,4
S Kaul,Delhi Daredevils,153,96,16.0,9.56,3
S Kaul,Gujarat Lions,29,24,4.0,7.25,1
S Kaul,Gujarat Titans,43,24,4.0,10.75,0
S Kaul,Kings XI Punjab,196,142,23.666666666666668,8.28,6
S Kaul,Kolkata Knight Riders,215,166,27.666666666666668,7.77,9
S Kaul,Mumbai Indians,245,156,26.0,9.42,12
S Kaul,Pune Warriors,27,24,4.0,6.75,2
S Kaul,Punjab Kings,25,22,3.6666666666666665,6.82,1
S Kaul,Rajasthan Royals,207,161,26.833333333333332,7.71,7
S Kaul,Rising Pune Supergiants,73,42,7.0,10.43,4
S Kaul,Royal Challengers Bengaluru,180,138,23.0,7.83,6
S Kaul,Sunrisers Hyderabad,11,18,3.0,3.67,1
S Kaushik,Delhi Daredevils,29,24,4.0,7.25,1
S Kaushik,Kings XI Punjab,19,24,4.0,4.75,3
S Kaushik,Kolkata Knight Riders,54,30,5.0,10.8,0
S Kaushik,Rising Pune Supergiants,31,18,3.0,10.33,0
S Kaushik,Royal Challengers Bengaluru,84,36,6.0,14.0,0
S Kaushik,Sunrisers Hyderabad,74,72,12.0,6.17,2
S Ladda,Chennai Super Kings,29,18,3.0,9.67,0
S Ladda,Deccan Chargers,20,12,2.0,10.0,1
S Ladda,Kings XI Punjab,39,24,4.0,9.75,1
S Ladda,Kochi Tuskers Kerala,11,6,1.0,11.0,0
S Ladda,Mumbai Indians,58,30,5.0,11.6,2
S Ladda,Rajasthan Royals,63,48,8.0,7.88,1
S Lamichhane,Chennai Super Kings,21,24,4.0,5.25,1
S Lamichhane,Kings XI Punjab,67,48,8.0,8.38,5
S Lamichhane,Kolkata Knight Riders,29,24,4.0,7.25,1
S Lamichhane,Mumbai Indians,35,24,4.0,8.75,3
S Lamichhane,Royal Challengers Bengaluru,107,66,11.0,9.73,2
S Lamichhane,Sunrisers Hyderabad,32,24,4.0,8.0,1
S Midhun,Kolkata Knight Riders,26,12,2.0,13.0,0
S Nadeem,Chennai Super Kings,183,162,27.0,6.78,2
S Nadeem,Deccan Chargers,79,66,11.0,7.18,4
S Nadeem,Delhi Capitals,47,30,5.0,9.4,1
S Nadeem,Gujarat Lions,82,54,9.0,9.11,2
S Nadeem,Kings XI Punjab,75,53,8.833333333333334,8.49,2
S Nadeem,Kolkata Knight Riders,229,170,28.333333333333332,8.08,5
S Nadeem,Mumbai Indians,273,240,40.0,6.82,9
S Nadeem,Pune Warriors,151,120,20.0,7.55,3
S Nadeem,Rajasthan Royals,264,198,33.0,8.0,7
S Nadeem,Rising Pune Supergiants,43,42,7.0,6.14,2
S Nadeem,Royal Challengers Bengaluru,247,208,34.666666666666664,7.13,8
S Nadeem,Sunrisers Hyderabad,69,72,12.0,5.75,3
S Narwal,Chennai Super Kings,89,30,5.0,17.8,0
S Narwal,Deccan Chargers,35,24,4.0,8.75,2
S Narwal,Delhi Daredevils,35,24,4.0,8.75,3
S Narwal,Rajasthan Royals,15,12,2.0,7.5,0
S Narwal,Royal Challengers Bengaluru,21,16,2.6666666666666665,7.88,0
S Rana,Chennai Super Kings,16,12,2.0,8.0,0
S Rana,Kolkata Knight Riders,2,4,0.6666666666666666,3.0,0
S Randiv,Deccan Chargers,33,24,4.0,8.25,0
S Randiv,Kings XI Punjab,32,24,4.0,8.0,1
S Randiv,Kolkata Knight Riders,45,36,6.0,7.5,1
S Randiv,Mumbai Indians,28,18,3.0,9.33,1
S Randiv,Pune Warriors,23,24,4.0,5.75,0
S Randiv,Rajasthan Royals,32,24,4.0,8.0,1
S Randiv,Royal Challengers Bengaluru,24,24,4.0,6.0,2
S Sandeep Warrier,Chennai Super Kings,28,18,3.0,9.33,1
S Sandeep Warrier,Delhi Capitals,69,48,8.0,8.62,5
S Sandeep Warrier,Kings XI Punjab,31,24,4.0,7.75,2
S Sandeep Warrier,Mumbai Indians,84,66,11.0,7.64,0
S Sandeep Warrier,Punjab Kings,14,6,1.0,14.0,0
S Sandeep Warrier,Royal Challengers Bengaluru,13,6,1.0,13.0,0
S Sreesanth,Chennai Super Kings,147,114,19.0,7.74,6
S Sreesanth,Deccan Chargers,177,132,22.0,8.05,3
S Sreesanth,Delhi Daredevils,144,150,25.0,5.76,8
S Sreesanth,Kings XI Punjab,70,59,9.833333333333334,7.12,2
S Sreesanth,Kolkata Knight Riders,100,90,15.0,6.67,5
S Sreesanth,Mumbai Indians,76,54,9.0,8.44,4
S Sreesanth,Pune Warriors,50,34,5.666666666666667,8.82,0
S Sreesanth,Rajasthan Royals,177,121,20.166666666666668,8.78,5
S Sreesanth,Royal Challengers Bengaluru,152,126,21.0,7.24,7
S Sriram,Kings XI Punjab,25,6,1.0,25.0,0
S Sriram,Kolkata Knight Riders,24,12,2.0,12.0,0
S Tyagi,Deccan Chargers,57,29,4.833333333333333,11.79,1
S Tyagi,Delhi Daredevils,16,18,3.0,5.33,2
S Tyagi,Kings XI Punjab,33,24,4.0,8.25,0
S Tyagi,Kolkata Knight Riders,29,18,3.0,9.67,0
S Tyagi,Mumbai Indians,48,36,6.0,8.0,2
S Tyagi,Rajasthan Royals,62,48,8.0,7.75,0
S Tyagi,Royal Challengers Bengaluru,38,36,6.0,6.33,1
S Vidyut,Rajasthan Royals,21,12,2.0,10.5,1
SA Abbott,Delhi Capitals,44,24,4.0,11.0,1
SA Abbott,Kolkata Knight Riders,36,18,3.0,12.0,0
SA Abbott,Sunrisers Hyderabad,19,12,2.0,9.5,0
SA Yadav,Delhi Daredevils,8,6,1.0,8.0,0
SB Bangar,Chennai Super Kings,36,24,4.0,9.0,1
SB Bangar,Delhi Daredevils,29,12,2.0,14.5,0
SB Bangar,Kings XI Punjab,26,24,4.0,6.5,0
SB Bangar,Kolkata Knight Riders,23,24,4.0,5.75,0
SB Bangar,Mumbai Indians,34,24,4.0,8.5,2
SB Bangar,Rajasthan Royals,20,12,2.0,10.0,0
SB Bangar,Royal Challengers Bengaluru,44,30,5.0,8.8,1
SB Jakati,Chennai Super Kings,41,22,3.6666666666666665,11.18,0
SB Jakati,Deccan Chargers,143,120,20.0,7.15,11
SB Jakati,Delhi Daredevils,138,114,19.0,7.26,7
SB Jakati,Kings XI Punjab,84,43,7.166666666666667,11.72,1
SB Jakati,Kochi Tuskers Kerala,53,42,7.0,7.57,1
SB Jakati,Kolkata Knight Riders,225,186,31.0,7.26,6
SB Jakati,Mumbai Indians,209,168,28.0,7.46,6
SB Jakati,Pune Warriors,47,42,7.0,6.71,1
SB Jakati,Rajasthan Royals,164,126,21.0,7.81,7
SB Jakati,Rising Pune Supergiants,62,36,6.0,10.33,0
SB Jakati,Royal Challengers Bengaluru,255,186,31.0,8.23,7
SB Joshi,Delhi Daredevils,19,6,1.0,19.0,0
SB Joshi,Kolkata Knight Riders,26,18,3.0,8.67,0
SB Joshi,Mumbai Indians,10,12,2.0,5.0,0
SB Joshi,Rajasthan Royals,27,19,3.1666666666666665,8.53,1
SB Styris,Chennai Super Kings,39,36,6.0,6.5,1
SB Styris,Delhi Daredevils,32,24,4.0,8.0,0
SB Styris,Kings XI Punjab,49,30,5.0,9.8,1
SB Styris,Kolkata Knight Riders,78,66,11.0,7.09,2
SB Styris,Rajasthan Royals,13,12,2.0,6.5,0
SB Styris,Royal Challengers Bengaluru,59,48,8.0,7.38,4
SB Wagh,Chennai Super Kings,16,6,1.0,16.0,1
SB Wagh,Deccan Chargers,8,6,1.0,8.0,0
SB Wagh,Delhi Daredevils,36,18,3.0,12.0,0
SB Wagh,Kings XI Punjab,31,30,5.0,6.2,3
SB Wagh,Kochi Tuskers Kerala,10,12,2.0,5.0,0
SB Wagh,Mumbai Indians,30,30,5.0,6.0,1
SC Ganguly,Deccan Chargers,72,48,8.0,9.0,2
SC Ganguly,Delhi Daredevils,73,60,10.0,7.3,2
SC Ganguly,Kings XI Punjab,33,30,5.0,6.6,2
SC Ganguly,Kolkata Knight Riders,15,12,2.0,7.5,0
SC Ganguly,Mumbai Indians,42,24,4.0,10.5,0
SC Ganguly,Rajasthan Royals,61,36,6.0,10.17,1
SC Ganguly,Royal Challengers Bengaluru,62,66,11.0,5.64,3
SC Kuggeleijn,Kings XI Punjab,36,24,4.0,9.0,2
SC Kuggeleijn,Kolkata Knight Riders,33,24,4.0,8.25,0
SD Chitnis,Deccan Chargers,19,12,2.0,9.5,0
SD Chitnis,Kings XI Punjab,35,24,4.0,8.75,2
SE Bond,Chennai Super Kings,33,24,4.0,8.25,0
SE Bond,Deccan Chargers,26,24,4.0,6.5,1
SE Bond,Kings XI Punjab,54,48,8.0,6.75,3
SE Bond,Mumbai Indians,55,42,7.0,7.86,2
SE Bond,Rajasthan Royals,50,48,8.0,6.25,3
SE Rutherford,Chennai Super Kings,17,12,2.0,8.5,0
SE Rutherford,Kings XI Punjab,5,6,1.0,5.0,0
SE Rutherford,Rajasthan Royals,16,11,1.8333333333333335,8.73,0
SE Rutherford,Royal Challengers Bengaluru,6,6,1.0,6.0,1
SE Rutherford,Sunrisers Hyderabad,10,6,1.0,10.0,0
SH Johnson,Chennai Super Kings,35,24,4.0,8.75,1
SH Johnson,Delhi Capitals,20,12,2.0,10.0,1
SH Johnson,Gujarat Titans,39,24,4.0,9.75,1
SH Johnson,Lucknow Super Giants,112,66,11.0,10.18,1
SH Johnson,Mumbai Indians,39,24,4.0,9.75,2
SH Johnson,Rajasthan Royals,76,48,8.0,9.5,1
SH Johnson,Royal Challengers Bengaluru,31,14,2.3333333333333335,13.29,0
SH Johnson,Sunrisers Hyderabad,26,18,3.0,8.67,0
SJ Srivastava,Chennai Super Kings,23,18,3.0,7.67,0
SJ Srivastava,Deccan Chargers,73,48,8.0,9.12,1
SJ Srivastava,Delhi Daredevils,78,48,8.0,9.75,2
SJ Srivastava,Kochi Tuskers Kerala,28,24,4.0,7.0,1
SJ Srivastava,Kolkata Knight Riders,52,36,6.0,8.67,2
SJ Srivastava,Mumbai Indians,40,36,6.0,6.67,2
SJ Srivastava,Pune Warriors,18,18,3.0,6.0,2
SJ Srivastava,Rajasthan Royals,46,24,4.0,11.5,1
SJ Srivastava,Royal Challengers Bengaluru,51,30,5.0,10.2,3
SK Raina,Deccan Chargers,69,73,12.166666666666666,5.67,7
SK Raina,Delhi Daredevils,132,108,18.0,7.33,0
SK Raina,Kings XI Punjab,122,101,16.833333333333332,7.25,3
SK Raina,Kochi Tuskers Kerala,24,24,4.0,6.0,0
SK Raina,Kolkata Knight Riders,132,114,19.0,6.95,3
SK Raina,Mumbai Indians,147,111,18.5,7.95,3
SK Raina,Pune Warriors,49,54,9.0,5.44,0
SK Raina,Rajasthan Royals,91,83,13.833333333333334,6.58,4
SK Raina,Rising Pune Supergiants,9,6,1.0,9.0,0
SK Raina,Royal Challengers Bengaluru,219,156,26.0,8.42,2
SK Raina,Sunrisers Hyderabad,102,78,13.0,7.85,3
SK Trivedi,Chennai Super Kings,277,196,32.666666666666664,8.48,4
SK Trivedi,Deccan Chargers,196,173,28.833333333333332,6.8,12
SK Trivedi,Delhi Daredevils,210,162,27.0,7.78,5
SK Trivedi,Kings XI Punjab,279,228,38.0,7.34,11
SK Trivedi,Kochi Tuskers Kerala,19,24,4.0,4.75,3
SK Trivedi,Kolkata Knight Riders,229,192,32.0,7.16,9
SK Trivedi,Mumbai Indians,217,198,33.0,6.58,7
SK Trivedi,Pune Warriors,133,108,18.0,7.39,3
SK Trivedi,Royal Challengers Bengaluru,201,159,26.5,7.58,9
SK Trivedi,Sunrisers Hyderabad,62,66,11.0,5.64,2
SK Warne,Chennai Super Kings,253,198,33.0,7.67,7
SK Warne,Deccan Chargers,183,162,27.0,6.78,12
SK Warne,Delhi Daredevils,209,180,30.0,6.97,8
SK Warne,Kings XI Punjab,220,132,22.0,10.0,7
SK Warne,Kochi Tuskers Kerala,16,24,4.0,4.0,3
SK Warne,Kolkata Knight Riders,177,168,28.0,6.32,4
SK Warne,Mumbai Indians,166,150,25.0,6.64,7
SK Warne,Pune Warriors,31,24,4.0,7.75,1
SK Warne,Royal Challengers Bengaluru,153,156,26.0,5.88,8
SL Malinga,Chennai Super Kings,549,489,81.5,6.74,31
SL Malinga,Deccan Chargers,137,184,30.666666666666668,4.47,19
SL Malinga,Delhi Capitals,36,24,4.0,9.0,1
SL Malinga,Delhi Daredevils,251,259,43.166666666666664,5.81,21
SL Malinga,Gujarat Lions,69,48,8.0,8.62,3
SL Malinga,Kings XI Punjab,412,330,55.0,7.49,22
SL Malinga,Kochi Tuskers Kerala,39,24,4.0,9.75,2
SL Malinga,Kolkata Knight Riders,436,391,65.16666666666667,6.69,20
SL Malinga,Pune Warriors,130,144,24.0,5.42,12
SL Malinga,Rajasthan Royals,377,307,51.166666666666664,7.37,11
SL Malinga,Rising Pune Supergiants,34,42,7.0,4.86,1
SL Malinga,Royal Challengers Bengaluru,453,376,62.666666666666664,7.23,14
SL Malinga,Sunrisers Hyderabad,253,210,35.0,7.23,13
SM Boland,Delhi Daredevils,31,24,4.0,7.75,2
SM Boland,Mumbai Indians,22,18,3.0,7.33,0
SM Curran,Chennai Super Kings,177,114,19.0,9.32,5
SM Curran,Delhi Capitals,188,138,23.0,8.17,8
SM Curran,Gujarat Titans,61,47,7.833333333333333,7.79,2
SM Curran,Kings XI Punjab,46,30,5.0,9.2,0
SM Curran,Kolkata Knight Riders,337,174,29.0,11.62,5
SM Curran,Lucknow Super Giants,95,66,11.0,8.64,7
SM Curran,Mumbai Indians,246,138,23.0,10.7,7
SM Curran,Punjab Kings,38,36,6.0,6.33,1
SM Curran,Rajasthan Royals,301,192,32.0,9.41,12
SM Curran,Royal Challengers Bengaluru,293,180,30.0,9.77,8
SM Curran,Sunrisers Hyderabad,187,138,23.0,8.13,4
SM Harwood,Chennai Super Kings,21,12,2.0,10.5,0
SM Harwood,Deccan Chargers,25,24,4.0,6.25,2
SM Harwood,Kings XI Punjab,15,24,4.0,3.75,1
SM Pollock,Chennai Super Kings,40,42,7.0,5.71,1
SM Pollock,Deccan Chargers,33,12,2.0,16.5,0
SM Pollock,Delhi Daredevils,49,42,7.0,7.0,2
SM Pollock,Kings XI Punjab,53,42,7.0,7.57,2
SM Pollock,Kolkata Knight Riders,38,48,8.0,4.75,5
SM Pollock,Rajasthan Royals,44,42,7.0,6.29,1
SM Pollock,Royal Challengers Bengaluru,40,48,8.0,5.0,0
SMSM Senanayake,Chennai Super Kings,18,24,4.0,4.5,1
SMSM Senanayake,Kings XI Punjab,57,48,8.0,7.12,2
SMSM Senanayake,Mumbai Indians,50,24,4.0,12.5,1
SMSM Senanayake,Pune Warriors,22,24,4.0,5.5,1
SMSM Senanayake,Rajasthan Royals,24,24,4.0,6.0,2
SMSM Senanayake,Royal Challengers Bengaluru,18,24,4.0,4.5,1
SMSM Senanayake,Sunrisers Hyderabad,17,24,4.0,4.25,1
SN Khan,Royal Challengers Bengaluru,6,2,0.3333333333333333,18.0,0
SN Thakur,Chennai Super Kings,95,60,10.0,9.5,1
SN Thakur,Delhi Capitals,254,148,24.666666666666668,10.3,7
SN Thakur,Delhi Daredevils,98,60,10.0,9.8,2
SN Thakur,Gujarat Lions,37,36,6.0,6.17,2
SN Thakur,Gujarat Titans,130,90,15.0,8.67,2
SN Thakur,Kings XI Punjab,146,112,18.666666666666668,7.82,10
SN Thakur,Kolkata Knight Riders,386,276,46.0,8.39,17
SN Thakur,Lucknow Super Giants,129,76,12.666666666666666,10.18,6
SN Thakur,Mumbai Indians,455,290,48.333333333333336,9.41,11
SN Thakur,Punjab Kings,319,196,32.666666666666664,9.77,14
SN Thakur,Rajasthan Royals,407,283,47.166666666666664,8.63,14
SN Thakur,Royal Challengers Bengaluru,341,228,38.0,8.97,15
SN Thakur,Sunrisers Hyderabad,527,347,57.833333333333336,9.11,18
SP Narine,Chennai Super Kings,549,536,89.33333333333333,6.15,27
SP Narine,Deccan Chargers,26,24,4.0,6.5,2
SP Narine,Delhi Capitals,352,300,50.0,7.04,12
SP Narine,Delhi Daredevils,305,294,49.0,6.22,17
SP Narine,Gujarat Lions,99,72,12.0,8.25,1
SP Narine,Gujarat Titans,178,138,23.0,7.74,7
SP Narine,Kings XI Punjab,497,438,73.0,6.81,28
SP Narine,Lucknow Super Giants,186,189,31.5,5.9,9
SP Narine,Mumbai Indians,671,595,99.16666666666667,6.77,28
SP Narine,Pune Warriors,66,96,16.0,4.12,4
SP Narine,Punjab Kings,212,186,31.0,6.84,8
SP Narine,Rajasthan Royals,581,498,83.0,7.0,16
SP Narine,Rising Pune Supergiants,103,94,15.666666666666666,6.57,3
SP Narine,Royal Challengers Bengaluru,590,528,88.0,6.7,28
SP Narine,Sunrisers Hyderabad,760,672,112.0,6.79,19
SPD Smith,Rajasthan Royals,5,2,0.3333333333333333,15.0,0
SR Dubey,Delhi Capitals,24,24,4.0,6.0,2
SR Dubey,Gujarat Titans,15,16,2.6666666666666665,5.62,1
SR Dubey,Mumbai Indians,32,24,4.0,8.0,2
SR Dubey,Royal Challengers Bengaluru,21,13,2.1666666666666665,9.69,0
SR Tendulkar,Delhi Daredevils,19,6,1.0,19.0,0
SR Tendulkar,Kings XI Punjab,6,6,1.0,6.0,0
SR Tendulkar,Kolkata Knight Riders,11,12,2.0,5.5,0
SR Tendulkar,Royal Challengers Bengaluru,21,12,2.0,10.5,0
SR Watson,Chennai Super Kings,278,203,33.833333333333336,8.22,5
SR Watson,Deccan Chargers,101,72,12.0,8.42,2
SR Watson,Delhi Daredevils,258,246,41.0,6.29,13
SR Watson,Gujarat Lions,81,63,10.5,7.71,5
SR Watson,Kings XI Punjab,297,246,41.0,7.24,13
SR Watson,Kochi Tuskers Kerala,22,24,4.0,5.5,0
SR Watson,Kolkata Knight Riders,343,259,43.166666666666664,7.95,11
SR Watson,Mumbai Indians,440,316,52.666666666666664,8.35,14
SR Watson,Pune Warriors,90,90,15.0,6.0,3
SR Watson,Rajasthan Royals,21,24,4.0,5.25,1
SR Watson,Rising Pune Supergiants,93,72,12.0,7.75,6
SR Watson,Royal Challengers Bengaluru,226,216,36.0,6.28,9
SR Watson,Sunrisers Hyderabad,312,198,33.0,9.45,10
SS Agarwal,Kings XI Punjab,42,24,4.0,10.5,1
SS Cottrell,Chennai Super Kings,28,18,3.0,9.33,0
SS Cottrell,Delhi Capitals,23,24,4.0,5.75,2
SS Cottrell,Mumbai Indians,19,24,4.0,4.75,1
SS Cottrell,Rajasthan Royals,49,18,3.0,16.33,1
SS Cottrell,Royal Challengers Bengaluru,15,18,3.0,5.0,2
SS Cottrell,Sunrisers Hyderabad,27,18,3.0,9.0,0
SS Iyer,Delhi Capitals,7,6,1.0,7.0,0
SS Mishra,Lucknow Super Giants,40,24,4.0,10.0,0
SS Mishra,Sunrisers Hyderabad,18,14,2.3333333333333335,7.71,2
SS Mundhe,Delhi Daredevils,5,6,1.0,5.0,1
SS Sarkar,Delhi Daredevils,19,7,1.1666666666666667,16.29,0
SS Sarkar,Rajasthan Royals,15,18,3.0,5.0,1
SSB Magala,Mumbai Indians,37,24,4.0,9.25,1
SSB Magala,Rajasthan Royals,13,12,2.0,6.5,0
ST Jayasuriya,Chennai Super Kings,34,24,4.0,8.5,2
ST Jayasuriya,Deccan Chargers,89,66,11.0,8.09,2
ST Jayasuriya,Delhi Daredevils,82,66,11.0,7.45,2
ST Jayasuriya,Kings XI Punjab,8,12,2.0,4.0,1
ST Jayasuriya,Kolkata Knight Riders,24,30,5.0,4.8,3
ST Jayasuriya,Rajasthan Royals,63,48,8.0,7.88,2
ST Jayasuriya,Royal Challengers Bengaluru,75,48,8.0,9.38,1
STR Binny,Chennai Super Kings,113,72,12.0,9.42,2
STR Binny,Deccan Chargers,22,12,2.0,11.0,1
STR Binny,Delhi Capitals,9,12,2.0,4.5,0
STR Binny,Delhi Daredevils,75,60,10.0,7.5,4
STR Binny,Gujarat Lions,17,18,3.0,5.67,0
STR Binny,Kings XI Punjab,85,72,12.0,7.08,1
STR Binny,Kolkata Knight Riders,68,48,8.0,8.5,2
STR Binny,Mumbai Indians,128,108,18.0,7.11,6
STR Binny,Pune Warriors,47,42,7.0,6.71,1
STR Binny,Rising Pune Supergiants,57,36,6.0,9.5,1
STR Binny,Royal Challengers Bengaluru,48,48,8.0,6.0,2
STR Binny,Sunrisers Hyderabad,72,66,11.0,6.55,2
SW Tait,Chennai Super Kings,75,67,11.166666666666666,6.72,2
SW Tait,Deccan Chargers,50,46,7.666666666666667,6.52,3
SW Tait,Delhi Daredevils,140,90,15.0,9.33,3
SW Tait,Kings XI Punjab,53,67,11.166666666666666,4.75,8
SW Tait,Kochi Tuskers Kerala,32,18,3.0,10.67,0
SW Tait,Kolkata Knight Riders,74,71,11.833333333333334,6.25,2
SW Tait,Mumbai Indians,70,48,8.0,8.75,1
SW Tait,Pune Warriors,36,48,8.0,4.5,4
SW Tait,Royal Challengers Bengaluru,22,18,3.0,7.33,0
SZ Mulani,Gujarat Titans,23,18,3.0,7.67,0
SZ Mulani,Sunrisers Hyderabad,31,12,2.0,15.5,0
Sachin Baby,Gujarat Lions,4,4,0.6666666666666666,6.0,2
Sachin Baby,Kings XI Punjab,4,6,1.0,4.0,0
Sakib Hussain,Chennai Super Kings,54,48,8.0,6.75,3
Sakib Hussain,Delhi Capitals,29,24,4.0,7.25,1
Sakib Hussain,Gujarat Titans,34,24,4.0,8.5,2
Sakib Hussain,Kolkata Knight Riders,15,18,3.0,5.0,1
Sakib Hussain,Mumbai Indians,38,18,3.0,12.67,1
Sakib Hussain,Punjab Kings,33,24,4.0,8.25,1
Sakib Hussain,Rajasthan Royals,133,72,12.0,11.08,5
Sakib Hussain,Royal Challengers Bengaluru,31,24,4.0,7.75,1
Sandeep Sharma,Chennai Super Kings,548,378,63.0,8.7,14
Sandeep Sharma,Delhi Capitals,269,214,35.666666666666664,7.54,6
Sandeep Sharma,Delhi Daredevils,251,222,37.0,6.78,14
Sandeep Sharma,Gujarat Lions,119,90,15.0,7.93,6
Sandeep Sharma,Gujarat Titans,159,132,22.0,7.23,4
Sandeep Sharma,Kings XI Punjab,123,120,20.0,6.15,8
Sandeep Sharma,Kolkata Knight Riders,423,312,52.0,8.13,10
Sandeep Sharma,Lucknow Super Giants,196,132,22.0,8.91,6
Sandeep Sharma,Mumbai Indians,444,367,61.166666666666664,7.26,26
Sandeep Sharma,Punjab Kings,111,96,16.0,6.94,3
Sandeep Sharma,Rajasthan Royals,267,210,35.0,7.63,5
Sandeep Sharma,Rising Pune Supergiants,93,84,14.0,6.64,5
Sandeep Sharma,Royal Challengers Bengaluru,688,494,82.33333333333333,8.36,30
Sandeep Sharma,Sunrisers Hyderabad,463,312,52.0,8.9,14
Shahbaz Ahmed,Chennai Super Kings,164,96,16.0,10.25,5
Shahbaz Ahmed,Delhi Capitals,112,63,10.5,10.67,2
Shahbaz Ahmed,Gujarat Titans,97,66,11.0,8.82,4
Shahbaz Ahmed,Kolkata Knight Riders,75,39,6.5,11.54,1
Shahbaz Ahmed,Lucknow Super Giants,82,66,11.0,7.45,0
Shahbaz Ahmed,Mumbai Indians,83,42,7.0,11.86,1
Shahbaz Ahmed,Punjab Kings,109,72,12.0,9.08,3
Shahbaz Ahmed,Rajasthan Royals,136,85,14.166666666666666,9.6,5
Shahbaz Ahmed,Royal Challengers Bengaluru,101,60,10.0,10.1,2
Shahbaz Ahmed,Sunrisers Hyderabad,84,66,11.0,7.64,4
Shahid Afridi,Chennai Super Kings,44,36,6.0,7.33,1
Shahid Afridi,Delhi Daredevils,35,18,3.0,11.67,0
Shahid Afridi,Kings XI Punjab,28,18,3.0,9.33,0
Shahid Afridi,Mumbai Indians,53,48,8.0,6.62,4
Shahid Afridi,Rajasthan Royals,37,36,6.0,6.17,3
Shahid Afridi,Royal Challengers Bengaluru,23,24,4.0,5.75,1
Shakib Al Hasan,Chennai Super Kings,245,174,29.0,8.45,3
Shakib Al Hasan,Delhi Capitals,26,24,4.0,6.5,0
Shakib Al Hasan,Delhi Daredevils,133,114,19.0,7.0,4
Shakib Al Hasan,Gujarat Lions,69,36,6.0,11.5,1
Shakib Al Hasan,Kings XI Punjab,189,144,24.0,7.88,4
Shakib Al Hasan,Kochi Tuskers Kerala,28,24,4.0,7.0,3
Shakib Al Hasan,Kolkata Knight Riders,105,82,13.666666666666666,7.68,5
Shakib Al Hasan,Mumbai Indians,317,278,46.333333333333336,6.84,13
Shakib Al Hasan,Pune Warriors,32,48,8.0,4.0,4
Shakib Al Hasan,Rajasthan Royals,227,217,36.166666666666664,6.28,13
Shakib Al Hasan,Rising Pune Supergiants,35,36,6.0,5.83,2
Shakib Al Hasan,Royal Challengers Bengaluru,246,175,29.166666666666668,8.43,5
Shakib Al Hasan,Sunrisers Hyderabad,150,132,22.0,6.82,6
Shashank Singh,Chennai Super Kings,10,6,1.0,10.0,0
Shashank Singh,Kolkata Knight Riders,9,6,1.0,9.0,0
Shashank Singh,Lucknow Super Giants,28,18,3.0,9.33,1
Shashank Singh,Mumbai Indians,19,12,2.0,9.5,1
Shashank Singh,Royal Challengers Bengaluru,20,12,2.0,10.0,0
Shashank Singh,Sunrisers Hyderabad,51,36,6.0,8.5,3
Shivam Mavi,Chennai Super Kings,111,84,14.0,7.93,2
Shivam Mavi,Delhi Capitals,90,48,8.0,11.25,1
Shivam Mavi,Delhi Daredevils,68,36,6.0,11.33,2
Shivam Mavi,Gujarat Titans,33,24,4.0,8.25,1
Shivam Mavi,Kings XI Punjab,27,18,3.0,9.0,0
Shivam Mavi,Lucknow Super Giants,49,24,4.0,12.25,1
Shivam Mavi,Mumbai Indians,53,42,7.0,7.57,3
Shivam Mavi,Punjab Kings,80,60,10.0,8.0,3
Shivam Mavi,Rajasthan Royals,216,187,31.166666666666668,6.93,13
Shivam Mavi,Royal Challengers Bengaluru,46,42,7.0,6.57,0
Shivam Mavi,Sunrisers Hyderabad,117,84,14.0,8.36,4
Shivam Sharma,Delhi Daredevils,32,24,4.0,8.0,0
Shivam Sharma,Mumbai Indians,32,24,4.0,8.0,0
Shivam Sharma,Rajasthan Royals,44,18,3.0,14.67,1
Shivam Sharma,Royal Challengers Bengaluru,26,24,4.0,6.5,2
Shivam Sharma,Sunrisers Hyderabad,31,24,4.0,7.75,1
Shivang Kumar,Chennai Super Kings,38,36,6.0,6.33,1
Shivang Kumar,Delhi Capitals,28,12,2.0,14.0,0
Shivang Kumar,Gujarat Titans,17,12,2.0,8.5,0
Shivang Kumar,Kolkata Knight Riders,72,48,8.0,9.0,1
Shivang Kumar,Lucknow Super Giants,30,24,4.0,7.5,1
Shivang Kumar,Punjab Kings,75,48,8.0,9.38,5
Shivang Kumar,Rajasthan Royals,78,42,7.0,11.14,1
Shivang Kumar,Royal Challengers Bengaluru,31,12,2.0,15.5,0
Shoaib Ahmed,Chennai Super Kings,44,30,5.0,8.8,1
Shoaib Ahmed,Delhi Daredevils,44,30,5.0,8.8,2
Shoaib Ahmed,Kings XI Punjab,25,18,3.0,8.33,2
Shoaib Ahmed,Mumbai Indians,19,12,2.0,9.5,0
Shoaib Ahmed,Rajasthan Royals,19,12,2.0,9.5,0
Shoaib Akhtar,Chennai Super Kings,12,12,2.0,6.0,0
Shoaib Akhtar,Delhi Daredevils,10,18,3.0,3.33,4
Shoaib Akhtar,Mumbai Indians,28,12,2.0,14.0,1
Shoaib Malik,Chennai Super Kings,34,18,3.0,11.33,0
Shoaib Malik,Kings XI Punjab,28,21,3.5,8.0,1
Shoaib Malik,Mumbai Indians,6,6,1.0,6.0,1
Shoaib Malik,Royal Challengers Bengaluru,8,6,1.0,8.0,0
Sikandar Raza,Chennai Super Kings,31,18,3.0,10.33,1
Sikandar Raza,Delhi Capitals,3,6,1.0,3.0,0
Sikandar Raza,Gujarat Titans,22,12,2.0,11.0,0
Sikandar Raza,Kolkata Knight Riders,24,18,3.0,8.0,1
Sikandar Raza,Lucknow Super Giants,35,19,3.1666666666666665,11.05,1
Sikandar Raza,Rajasthan Royals,18,12,2.0,9.0,0
Simarjeet Singh,Delhi Capitals,26,24,4.0,6.5,2
Simarjeet Singh,Gujarat Titans,103,48,8.0,12.88,0
Simarjeet Singh,Kolkata Knight Riders,47,24,4.0,11.75,0
Simarjeet Singh,Lucknow Super Giants,28,12,2.0,14.0,0
Simarjeet Singh,Mumbai Indians,17,24,4.0,4.25,1
Simarjeet Singh,Punjab Kings,16,18,3.0,5.33,2
Simarjeet Singh,Rajasthan Royals,82,60,10.0,8.2,6
Simarjeet Singh,Royal Challengers Bengaluru,37,18,3.0,12.33,0
Simarjeet Singh,Sunrisers Hyderabad,22,12,2.0,11.0,0
Sohail Tanvir,Chennai Super Kings,84,72,12.0,7.0,10
Sohail Tanvir,Deccan Chargers,38,24,4.0,9.5,0
Sohail Tanvir,Delhi Daredevils,13,12,2.0,6.5,0
Sohail Tanvir,Kolkata Knight Riders,52,48,8.0,6.5,5
Sohail Tanvir,Mumbai Indians,22,43,7.166666666666667,3.07,4
Sohail Tanvir,Royal Challengers Bengaluru,37,48,8.0,4.62,3
Sumit Kumar,Kolkata Knight Riders,19,12,2.0,9.5,0
Sumit Kumar,Punjab Kings,17,8,1.3333333333333333,12.75,0
Sunny Gupta,Chennai Super Kings,45,18,3.0,15.0,0
Suryansh Shedge,Chennai Super Kings,37,18,3.0,12.33,0
Suyash Sharma,Chennai Super Kings,151,114,19.0,7.95,2
Suyash Sharma,Delhi Capitals,82,90,15.0,5.47,2
Suyash Sharma,Gujarat Titans,148,95,15.833333333333334,9.35,3
Suyash Sharma,Kolkata Knight Riders,46,24,4.0,11.5,1
Suyash Sharma,Lucknow Super Giants,106,60,10.0,10.6,0
Suyash Sharma,Mumbai Indians,126,84,14.0,9.0,4
Suyash Sharma,Punjab Kings,156,120,20.0,7.8,7
Suyash Sharma,Rajasthan Royals,91,66,11.0,8.27,0
Suyash Sharma,Royal Challengers Bengaluru,90,60,10.0,9.0,5
Suyash Sharma,Sunrisers Hyderabad,170,90,15.0,11.33,3
Swapnil Singh,Chennai Super Kings,12,12,2.0,6.0,0
Swapnil Singh,Delhi Capitals,9,6,1.0,9.0,1
Swapnil Singh,Gujarat Titans,31,30,5.0,6.2,1
Swapnil Singh,Kolkata Knight Riders,47,30,5.0,9.4,0
Swapnil Singh,Mumbai Indians,33,18,3.0,11.0,0
Swapnil Singh,Punjab Kings,28,18,3.0,9.33,2
Swapnil Singh,Rajasthan Royals,19,12,2.0,9.5,0
Swapnil Singh,Rising Pune Supergiants,20,18,3.0,6.67,1
Swapnil Singh,Sunrisers Hyderabad,38,18,3.0,12.67,2
T Henderson,Kolkata Knight Riders,10,12,2.0,5.0,0
T Henderson,Royal Challengers Bengaluru,30,24,4.0,7.5,1
T Natarajan,Chennai Super Kings,323,183,30.5,10.59,10
T Natarajan,Delhi Capitals,152,138,23.0,6.61,9
T Natarajan,Delhi Daredevils,6,12,2.0,3.0,0
T Natarajan,Gujarat Lions,50,34,5.666666666666667,8.82,1
T Natarajan,Gujarat Titans,192,114,19.0,10.11,3
T Natarajan,Kings XI Punjab,44,47,7.833333333333333,5.62,2
T Natarajan,Kolkata Knight Riders,337,216,36.0,9.36,15
T Natarajan,Lucknow Super Giants,155,114,19.0,8.16,5
T Natarajan,Mumbai Indians,230,134,22.333333333333332,10.3,2
T Natarajan,Punjab Kings,189,126,21.0,9.0,5
T Natarajan,Rajasthan Royals,271,180,30.0,9.03,8
T Natarajan,Rising Pune Supergiants,26,18,3.0,8.67,1
T Natarajan,Royal Challengers Bengaluru,282,213,35.5,7.94,12
T Natarajan,Sunrisers Hyderabad,37,24,4.0,9.25,0
T Shamsi,Delhi Capitals,34,24,4.0,8.5,0
T Shamsi,Gujarat Lions,21,24,4.0,5.25,1
T Shamsi,Kolkata Knight Riders,51,24,4.0,12.75,0
T Shamsi,Rising Pune Supergiants,36,24,4.0,9.0,1
T Shamsi,Sunrisers Hyderabad,39,24,4.0,9.75,1
T Stubbs,Chennai Super Kings,14,12,2.0,7.0,1
T Stubbs,Gujarat Titans,10,6,1.0,10.0,2
T Stubbs,Lucknow Super Giants,32,12,2.0,16.0,1
T Stubbs,Rajasthan Royals,12,6,1.0,12.0,0
T Thushara,Deccan Chargers,25,24,4.0,6.25,0
T Thushara,Kings XI Punjab,26,24,4.0,6.5,2
T Thushara,Mumbai Indians,40,39,6.5,6.15,3
T Thushara,Rajasthan Royals,27,24,4.0,6.75,2
T Thushara,Royal Challengers Bengaluru,29,24,4.0,7.25,1
T Vijay,Rajasthan Royals,29,12,2.0,14.5,0
TA Boult,Chennai Super Kings,486,335,55.833333333333336,8.7,13
TA Boult,Delhi Capitals,367,282,47.0,7.81,16
TA Boult,Gujarat Lions,76,48,8.0,9.5,2
TA Boult,Gujarat Titans,241,174,29.0,8.31,8
TA Boult,Kings XI Punjab,253,165,27.5,9.2,8
TA Boult,Kolkata Knight Riders,357,270,45.0,7.93,14
TA Boult,Lucknow Super Giants,181,162,27.0,6.7,12
TA Boult,Mumbai Indians,349,257,42.833333333333336,8.15,14
TA Boult,Punjab Kings,278,193,32.166666666666664,8.64,4
TA Boult,Rajasthan Royals,275,199,33.166666666666664,8.29,12
TA Boult,Royal Challengers Bengaluru,488,348,58.0,8.41,20
TA Boult,Sunrisers Hyderabad,461,351,58.5,7.88,22
TG Southee,Chennai Super Kings,56,42,7.0,8.0,0
TG Southee,Delhi Capitals,80,60,10.0,8.0,2
TG Southee,Delhi Daredevils,120,90,15.0,8.0,0
TG Southee,Gujarat Lions,31,24,4.0,7.75,0
TG Southee,Gujarat Titans,22,24,4.0,5.5,3
TG Southee,Kings XI Punjab,166,126,21.0,7.9,6
TG Southee,Kochi Tuskers Kerala,36,18,3.0,12.0,0
TG Southee,Kolkata Knight Riders,263,162,27.0,9.74,5
TG Southee,Lucknow Super Giants,84,48,8.0,10.5,1
TG Southee,Mumbai Indians,116,90,15.0,7.73,5
TG Southee,Pune Warriors,31,24,4.0,7.75,1
TG Southee,Punjab Kings,128,72,12.0,10.67,4
TG Southee,Rajasthan Royals,79,48,8.0,9.88,2
TG Southee,Rising Pune Supergiants,66,48,8.0,8.25,1
TG Southee,Royal Challengers Bengaluru,192,162,27.0,7.11,7
TG Southee,Sunrisers Hyderabad,209,168,28.0,7.46,10
TH David,Rajasthan Royals,18,6,1.0,18.0,0
TK Curran,Chennai Super Kings,157,88,14.666666666666666,10.7,7
TK Curran,Delhi Daredevils,21,12,2.0,10.5,1
TK Curran,Kings XI Punjab,49,25,4.166666666666667,11.76,1
TK Curran,Kolkata Knight Riders,33,24,4.0,8.25,1
TK Curran,Mumbai Indians,62,36,6.0,10.33,1
TK Curran,Rajasthan Royals,51,34,5.666666666666667,9.0,2
TK Curran,Royal Challengers Bengaluru,40,19,3.1666666666666665,12.63,0
TL Suman,Chennai Super Kings,37,24,4.0,9.25,1
TL Suman,Deccan Chargers,15,12,2.0,7.5,0
TL Suman,Kings XI Punjab,81,66,11.0,7.36,2
TL Suman,Kolkata Knight Riders,14,6,1.0,14.0,0
TL Suman,Mumbai Indians,14,24,4.0,3.5,2
TL Suman,Royal Challengers Bengaluru,33,18,3.0,11.0,1
TM Dilshan,Chennai Super Kings,93,67,11.166666666666666,8.33,2
TM Dilshan,Deccan Chargers,94,66,11.0,8.55,0
TM Dilshan,Delhi Daredevils,10,6,1.0,10.0,0
TM Dilshan,Kings XI Punjab,14,12,2.0,7.0,1
TM Dilshan,Kochi Tuskers Kerala,36,30,5.0,7.2,1
TM Dilshan,Kolkata Knight Riders,51,48,8.0,6.38,0
TM Dilshan,Mumbai Indians,12,6,1.0,12.0,0
TM Dilshan,Pune Warriors,24,12,2.0,12.0,0
TM Dilshan,Rajasthan Royals,14,12,2.0,7.0,0
TM Dilshan,Royal Challengers Bengaluru,3,6,1.0,3.0,1
TM Dilshan,Sunrisers Hyderabad,10,6,1.0,10.0,0
TM Head,Delhi Daredevils,30,18,3.0,10.0,2
TM Head,Gujarat Lions,29,17,2.8333333333333335,10.24,0
TM Head,Kolkata Knight Riders,43,17,2.8333333333333335,15.18,0
TM Head,Royal Challengers Bengaluru,7,6,1.0,7.0,1
TM Head,Sunrisers Hyderabad,11,6,1.0,11.0,0
TP Sudhindra,Chennai Super Kings,44,24,4.0,11.0,1
TP Sudhindra,Delhi Daredevils,38,22,3.6666666666666665,10.36,0
TP Sudhindra,Kings XI Punjab,46,24,4.0,11.5,0
TS Mills,Delhi Capitals,24,18,3.0,8.0,1
TS Mills,Delhi Daredevils,33,24,4.0,8.25,1
TS Mills,Kings XI Punjab,22,12,2.0,11.0,1
TS Mills,Kolkata Knight Riders,63,42,7.0,9.0,4
TS Mills,Lucknow Super Giants,52,18,3.0,17.33,0
TS Mills,Mumbai Indians,35,23,3.8333333333333335,9.13,0
TS Mills,Punjab Kings,35,24,4.0,8.75,0
TS Mills,Rajasthan Royals,35,24,4.0,8.75,3
TS Mills,Sunrisers Hyderabad,29,24,4.0,7.25,1
TU Deshpande,Chennai Super Kings,113,72,12.0,9.42,2
TU Deshpande,Delhi Capitals,138,108,18.0,7.67,2
TU Deshpande,Gujarat Titans,349,200,33.333333333333336,10.47,9
TU Deshpande,Kings XI Punjab,40,12,2.0,20.0,0
TU Deshpande,Kolkata Knight Riders,162,117,19.5,8.31,5
TU Deshpande,Lucknow Super Giants,167,121,20.166666666666668,8.28,4
TU Deshpande,Mumbai Indians,112,78,13.0,8.62,6
TU Deshpande,Punjab Kings,117,72,12.0,9.75,7
TU Deshpande,Rajasthan Royals,140,96,16.0,8.75,8
TU Deshpande,Royal Challengers Bengaluru,183,96,16.0,11.44,4
TU Deshpande,Sunrisers Hyderabad,239,132,22.0,10.86,8
Tejas Baroka,Sunrisers Hyderabad,33,21,3.5,9.43,0
Tilak Varma,Delhi Capitals,6,6,1.0,6.0,0
Tilak Varma,Kolkata Knight Riders,6,6,1.0,6.0,0
Tilak Varma,Lucknow Super Giants,7,6,1.0,7.0,0
Tilak Varma,Rajasthan Royals,8,4,0.6666666666666666,12.0,0
UT Yadav,Chennai Super Kings,446,354,59.0,7.56,15
UT Yadav,Deccan Chargers,88,66,11.0,8.0,3
UT Yadav,Delhi Capitals,116,78,13.0,8.92,5
UT Yadav,Delhi Daredevils,263,198,33.0,7.97,9
UT Yadav,Gujarat Lions,35,24,4.0,8.75,1
UT Yadav,Gujarat Titans,54,42,7.0,7.71,1
UT Yadav,Kings XI Punjab,519,427,71.16666666666667,7.29,29
UT Yadav,Kochi Tuskers Kerala,43,24,4.0,10.75,0
UT Yadav,Kolkata Knight Riders,239,193,32.166666666666664,7.43,13
UT Yadav,Lucknow Super Giants,56,42,7.0,8.0,2
UT Yadav,Mumbai Indians,474,345,57.5,8.24,17
UT Yadav,Pune Warriors,168,120,20.0,8.4,3
UT Yadav,Punjab Kings,84,66,11.0,7.64,6
UT Yadav,Rajasthan Royals,432,299,49.833333333333336,8.67,11
UT Yadav,Rising Pune Supergiants,63,54,9.0,7.0,3
UT Yadav,Royal Challengers Bengaluru,467,306,51.0,9.16,12
UT Yadav,Sunrisers Hyderabad,604,419,69.83333333333333,8.65,14
Umar Gul,Deccan Chargers,33,24,4.0,8.25,1
Umar Gul,Kings XI Punjab,46,48,8.0,5.75,6
Umar Gul,Rajasthan Royals,53,45,7.5,7.07,5
Umar Gul,Royal Challengers Bengaluru,27,18,3.0,9.0,0
Umran Malik,Chennai Super Kings,93,60,10.0,9.3,0
Umran Malik,Delhi Capitals,82,42,7.0,11.71,0
Umran Malik,Gujarat Titans,58,48,8.0,7.25,6
Umran Malik,Kolkata Knight Riders,119,84,14.0,8.5,6
Umran Malik,Lucknow Super Giants,53,30,5.0,10.6,1
Umran Malik,Mumbai Indians,116,67,11.166666666666666,10.39,4
Umran Malik,Punjab Kings,83,61,10.166666666666666,8.16,7
Umran Malik,Rajasthan Royals,63,42,7.0,9.0,3
Umran Malik,Royal Challengers Bengaluru,57,60,10.0,5.7,2
V Kaverappa,Royal Challengers Bengaluru,36,24,4.0,9.0,2
V Kohli,Chennai Super Kings,99,60,10.0,9.9,1
V Kohli,Deccan Chargers,61,52,8.666666666666666,7.04,2
V Kohli,Delhi Daredevils,22,18,3.0,7.33,0
V Kohli,Gujarat Lions,10,6,1.0,10.0,0
V Kohli,Kings XI Punjab,44,30,5.0,8.8,0
V Kohli,Kochi Tuskers Kerala,14,12,2.0,7.0,1
V Kohli,Kolkata Knight Riders,37,20,3.3333333333333335,11.1,0
V Kohli,Mumbai Indians,25,18,3.0,8.33,0
V Kohli,Rajasthan Royals,35,35,5.833333333333333,6.0,0
V Nigam,Chennai Super Kings,27,24,4.0,6.75,2
V Nigam,Gujarat Titans,87,54,9.0,9.67,0
V Nigam,Kolkata Knight Riders,73,36,6.0,12.17,2
V Nigam,Lucknow Super Giants,57,24,4.0,14.25,1
V Nigam,Mumbai Indians,87,66,11.0,7.91,3
V Nigam,Punjab Kings,60,36,6.0,10.0,3
V Nigam,Rajasthan Royals,12,6,1.0,12.0,0
V Nigam,Royal Challengers Bengaluru,25,30,5.0,5.0,2
V Nigam,Sunrisers Hyderabad,18,12,2.0,9.0,0
V Pratap Singh,Chennai Super Kings,34,18,3.0,11.33,2
V Pratap Singh,Delhi Daredevils,31,24,4.0,7.75,1
V Pratap Singh,Kings XI Punjab,43,24,4.0,10.75,1
V Pratap Singh,Kolkata Knight Riders,34,24,4.0,8.5,0
V Pratap Singh,Mumbai Indians,27,24,4.0,6.75,1
V Pratap Singh,Pune Warriors,31,24,4.0,7.75,1
V Pratap Singh,Rajasthan Royals,30,24,4.0,7.5,2
V Pratap Singh,Royal Challengers Bengaluru,59,42,7.0,8.43,2
V Puthur,Chennai Super Kings,32,24,4.0,8.0,3
V Puthur,Kolkata Knight Riders,21,12,2.0,10.5,1
V Puthur,Lucknow Super Giants,30,24,4.0,7.5,1
V Puthur,Royal Challengers Bengaluru,10,6,1.0,10.0,1
V Puthur,Sunrisers Hyderabad,15,6,1.0,15.0,0
V Sehwag,Chennai Super Kings,99,60,10.0,9.9,3
V Sehwag,Deccan Chargers,20,6,1.0,20.0,0
V Sehwag,Kings XI Punjab,24,12,2.0,12.0,0
V Sehwag,Kolkata Knight Riders,7,6,1.0,7.0,0
V Sehwag,Mumbai Indians,2,6,1.0,2.0,1
V Sehwag,Pune Warriors,9,6,1.0,9.0,0
V Sehwag,Rajasthan Royals,38,28,4.666666666666667,8.14,2
V Sehwag,Royal Challengers Bengaluru,30,12,2.0,15.0,0
V Shankar,Chennai Super Kings,29,24,4.0,7.25,2
V Shankar,Delhi Capitals,57,47,7.833333333333333,7.28,1
V Shankar,Kolkata Knight Riders,56,42,7.0,8.0,1
V Shankar,Mumbai Indians,19,18,3.0,6.33,2
V Shankar,Punjab Kings,6,6,1.0,6.0,0
V Shankar,Rajasthan Royals,105,69,11.5,9.13,2
V Shankar,Royal Challengers Bengaluru,30,26,4.333333333333333,6.92,1
V Shankar,Sunrisers Hyderabad,13,6,1.0,13.0,0
V Viyaskanth,Kolkata Knight Riders,22,12,2.0,11.0,0
V Viyaskanth,Lucknow Super Giants,27,24,4.0,6.75,0
V Viyaskanth,Punjab Kings,37,24,4.0,9.25,1
VG Arora,Chennai Super Kings,202,138,23.0,8.78,10
VG Arora,Delhi Capitals,128,90,15.0,8.53,7
VG Arora,Gujarat Titans,111,72,12.0,9.25,2
VG Arora,Lucknow Super Giants,170,126,21.0,8.1,7
VG Arora,Mumbai Indians,139,79,13.166666666666666,10.56,2
VG Arora,Punjab Kings,90,57,9.5,9.47,3
VG Arora,Rajasthan Royals,162,90,15.0,10.8,4
VG Arora,Royal Challengers Bengaluru,107,54,9.0,11.89,1
VG Arora,Sunrisers Hyderabad,219,161,26.833333333333332,8.16,11
VR Aaron,Chennai Super Kings,135,86,14.333333333333334,9.42,5
VR Aaron,Deccan Chargers,30,24,4.0,7.5,2
VR Aaron,Delhi Capitals,47,30,5.0,9.4,0
VR Aaron,Delhi Daredevils,69,78,13.0,5.31,7
VR Aaron,Gujarat Lions,60,36,6.0,10.0,0
VR Aaron,Kings XI Punjab,243,191,31.833333333333332,7.63,6
VR Aaron,Kolkata Knight Riders,239,178,29.666666666666668,8.06,8
VR Aaron,Lucknow Super Giants,42,24,4.0,10.5,2
VR Aaron,Mumbai Indians,175,118,19.666666666666668,8.9,5
VR Aaron,Rajasthan Royals,39,17,2.8333333333333335,13.76,0
VR Aaron,Rising Pune Supergiants,31,18,3.0,10.33,0
VR Aaron,Royal Challengers Bengaluru,123,84,14.0,8.79,3
VR Aaron,Sunrisers Hyderabad,160,110,18.333333333333332,8.73,6
VR Iyer,Chennai Super Kings,10,12,2.0,5.0,0
VR Iyer,Delhi Capitals,83,42,7.0,11.86,2
VR Iyer,Mumbai Indians,8,6,1.0,8.0,0
VR Iyer,Punjab Kings,29,15,2.5,11.6,1
VR Iyer,Royal Challengers Bengaluru,10,6,1.0,10.0,0
VRV Singh,Chennai Super Kings,118,66,11.0,10.73,1
VRV Singh,Deccan Chargers,74,48,8.0,9.25,1
VRV Singh,Delhi Daredevils,64,42,7.0,9.14,3
VRV Singh,Kolkata Knight Riders,57,48,8.0,7.12,3
VRV Singh,Mumbai Indians,88,48,8.0,11.0,1
VRV Singh,Rajasthan Royals,51,48,8.0,6.38,0
VRV Singh,Royal Challengers Bengaluru,69,60,10.0,6.9,3
VS Malik,Chennai Super Kings,19,18,3.0,6.33,0
VS Malik,Deccan Chargers,35,25,4.166666666666667,8.4,1
VS Malik,Delhi Daredevils,11,6,1.0,11.0,0
VS Malik,Kings XI Punjab,28,18,3.0,9.33,1
VS Malik,Kolkata Knight Riders,61,54,9.0,6.78,1
VS Malik,Mumbai Indians,57,48,8.0,7.12,1
VS Malik,Royal Challengers Bengaluru,28,18,3.0,9.33,0
VS Malik,Sunrisers Hyderabad,14,18,3.0,4.67,2
VS Yeligati,Chennai Super Kings,11,6,1.0,11.0,0
VS Yeligati,Kings XI Punjab,42,24,4.0,10.5,0
VY Mahesh,Chennai Super Kings,63,48,8.0,7.88,3
VY Mahesh,Deccan Chargers,28,24,4.0,7.0,1
VY Mahesh,Kings XI Punjab,96,66,11.0,8.73,3
VY Mahesh,Kolkata Knight Riders,39,30,5.0,7.8,2
VY Mahesh,Mumbai Indians,69,48,8.0,8.62,7
VY Mahesh,Pune Warriors,22,14,2.3333333333333335,9.43,1
VY Mahesh,Rajasthan Royals,96,61,10.166666666666666,9.44,4
VY Mahesh,Royal Challengers Bengaluru,50,48,8.0,6.25,0
Vijaykumar Vyshak,Chennai Super Kings,100,48,8.0,12.5,3
Vijaykumar Vyshak,Delhi Capitals,67,42,7.0,9.57,3
Vijaykumar Vyshak,Gujarat Titans,147,111,18.5,7.95,8
Vijaykumar Vyshak,Kolkata Knight Riders,61,48,8.0,7.62,3
Vijaykumar Vyshak,Lucknow Super Giants,100,60,10.0,10.0,1
Vijaykumar Vyshak,Mumbai Indians,161,96,16.0,10.06,6
Vijaykumar Vyshak,Punjab Kings,28,18,3.0,9.33,0
Vijaykumar Vyshak,Rajasthan Royals,23,12,2.0,11.5,0
Vijaykumar Vyshak,Royal Challengers Bengaluru,28,24,4.0,7.0,1
Vijaykumar Vyshak,Sunrisers Hyderabad,149,60,10.0,14.9,1
Vivrant Sharma,Mumbai Indians,11,6,1.0,11.0,0
Vivrant Sharma,Rajasthan Royals,17,12,2.0,8.5,0
W O'Rourke,Gujarat Titans,27,24,4.0,6.75,3
W O'Rourke,Royal Challengers Bengaluru,71,24,4.0,17.75,2
W O'Rourke,Sunrisers Hyderabad,31,14,2.3333333333333335,13.29,1
WA Mota,Chennai Super Kings,30,24,4.0,7.5,2
WA Mota,Deccan Chargers,42,30,5.0,8.4,1
WA Mota,Delhi Daredevils,6,6,1.0,6.0,1
WA Mota,Mumbai Indians,3,6,1.0,3.0,0
WA Mota,Rajasthan Royals,12,6,1.0,12.0,0
WD Parnell,Chennai Super Kings,73,48,8.0,9.12,2
WD Parnell,Deccan Chargers,82,68,11.333333333333334,7.24,3
WD Parnell,Delhi Capitals,28,24,4.0,7.0,1
WD Parnell,Delhi Daredevils,48,30,5.0,9.6,1
WD Parnell,Gujarat Titans,40,19,3.1666666666666665,12.63,0
WD Parnell,Kings XI Punjab,71,70,11.666666666666666,6.09,3
WD Parnell,Kochi Tuskers Kerala,30,24,4.0,7.5,3
WD Parnell,Kolkata Knight Riders,163,144,24.0,6.79,8
WD Parnell,Lucknow Super Giants,38,24,4.0,9.5,3
WD Parnell,Mumbai Indians,101,111,18.5,5.46,3
WD Parnell,Punjab Kings,32,18,3.0,10.67,1
WD Parnell,Rajasthan Royals,81,77,12.833333333333334,6.31,8
WD Parnell,Royal Challengers Bengaluru,19,18,3.0,6.33,0
WD Parnell,Sunrisers Hyderabad,73,48,8.0,9.12,0
WG Jacks,Chennai Super Kings,33,30,5.0,6.6,1
WG Jacks,Delhi Capitals,31,12,2.0,15.5,1
WG Jacks,Gujarat Titans,14,6,1.0,14.0,0
WG Jacks,Kolkata Knight Riders,7,5,0.8333333333333334,8.4,0
WG Jacks,Lucknow Super Giants,51,24,4.0,12.75,3
WG Jacks,Mumbai Indians,24,12,2.0,12.0,1
WG Jacks,Punjab Kings,22,18,3.0,7.33,0
WG Jacks,Rajasthan Royals,10,12,2.0,5.0,1
WG Jacks,Royal Challengers Bengaluru,22,18,3.0,7.33,0
WG Jacks,Sunrisers Hyderabad,84,54,9.0,9.33,3
WPUJC Vaas,Chennai Super Kings,21,24,4.0,5.25,3
WPUJC Vaas,Delhi Daredevils,104,90,15.0,6.93,4
WPUJC Vaas,Kings XI Punjab,26,24,4.0,6.5,2
WPUJC Vaas,Kolkata Knight Riders,67,54,9.0,7.44,5
WPUJC Vaas,Rajasthan Royals,89,66,11.0,8.09,3
WPUJC Vaas,Royal Challengers Bengaluru,36,24,4.0,9.0,1
Washington Sundar,Chennai Super Kings,107,100,16.666666666666668,6.42,4
Washington Sundar,Delhi Capitals,186,138,23.0,8.09,6
Washington Sundar,Delhi Daredevils,54,42,7.0,7.71,2
Washington Sundar,Gujarat Lions,12,12,2.0,6.0,0
Washington Sundar,Gujarat Titans,73,60,10.0,7.3,0
Washington Sundar,Kings XI Punjab,94,72,12.0,7.83,2
Washington Sundar,Kolkata Knight Riders,257,180,30.0,8.57,8
Washington Sundar,Lucknow Super Giants,67,54,9.0,7.44,3
Washington Sundar,Mumbai Indians,224,204,34.0,6.59,7
Washington Sundar,Punjab Kings,52,37,6.166666666666667,8.43,2
Washington Sundar,Rajasthan Royals,242,155,25.833333333333332,9.37,1
Washington Sundar,Royal Challengers Bengaluru,7,12,2.0,3.5,1
Washington Sundar,Sunrisers Hyderabad,126,108,18.0,7.0,4
XC Bartlett,Chennai Super Kings,46,24,4.0,11.5,1
XC Bartlett,Delhi Capitals,68,24,4.0,17.0,1
XC Bartlett,Gujarat Titans,68,48,8.0,8.5,0
XC Bartlett,Kolkata Knight Riders,39,28,4.666666666666667,8.36,3
XC Bartlett,Lucknow Super Giants,52,24,4.0,13.0,0
XC Bartlett,Mumbai Indians,92,47,7.833333333333333,11.74,0
XC Bartlett,Rajasthan Royals,12,6,1.0,12.0,0
XC Bartlett,Royal Challengers Bengaluru,54,36,6.0,9.0,1
XC Bartlett,Sunrisers Hyderabad,41,24,4.0,10.25,1
Y Gnaneswara Rao,Rajasthan Royals,7,6,1.0,7.0,0
Y Nagar,Deccan Chargers,55,30,5.0,11.0,1
Y Nagar,Kings XI Punjab,16,6,1.0,16.0,0
Y Nagar,Kochi Tuskers Kerala,14,6,1.0,14.0,0
Y Nagar,Pune Warriors,8,6,1.0,8.0,0
Y Nagar,Royal Challengers Bengaluru,22,18,3.0,7.33,3
Y Prithvi Raj,Rajasthan Royals,27,12,2.0,13.5,0
Y Prithvi Raj,Sunrisers Hyderabad,27,18,3.0,9.0,1
Y Venugopal Rao,Chennai Super Kings,34,24,4.0,8.5,1
Y Venugopal Rao,Deccan Chargers,12,6,1.0,12.0,0
Y Venugopal Rao,Delhi Daredevils,50,30,5.0,10.0,0
Y Venugopal Rao,Kings XI Punjab,56,42,7.0,8.0,1
Y Venugopal Rao,Kolkata Knight Riders,33,30,5.0,6.6,0
Y Venugopal Rao,Mumbai Indians,56,42,7.0,8.0,2
Y Venugopal Rao,Pune Warriors,14,6,1.0,14.0,0
Y Venugopal Rao,Rajasthan Royals,36,18,3.0,12.0,2
Y Venugopal Rao,Royal Challengers Bengaluru,38,18,3.0,12.67,0
YA Abdulla,Chennai Super Kings,18,12,2.0,9.0,0
YA Abdulla,Delhi Daredevils,48,30,5.0,9.6,1
YA Abdulla,Kolkata Knight Riders,51,36,6.0,8.5,1
YA Abdulla,Mumbai Indians,16,24,4.0,4.0,2
YA Abdulla,Rajasthan Royals,59,42,7.0,8.43,3
YA Abdulla,Royal Challengers Bengaluru,98,65,10.833333333333334,9.05,8
YBK Jaiswal,Royal Challengers Bengaluru,6,1,0.16666666666666666,36.0,0
YK Pathan,Chennai Super Kings,293,241,40.166666666666664,7.29,9
YK Pathan,Deccan Chargers,164,144,24.0,6.83,7
YK Pathan,Delhi Daredevils,92,78,13.0,7.08,1
YK Pathan,Gujarat Lions,21,12,2.0,10.5,0
YK Pathan,Kings XI Punjab,165,144,24.0,6.88,6
YK Pathan,Kochi Tuskers Kerala,35,42,7.0,5.0,4
YK Pathan,Kolkata Knight Riders,103,90,15.0,6.87,3
YK Pathan,Mumbai Indians,120,102,17.0,7.06,0
YK Pathan,Pune Warriors,56,48,8.0,7.0,4
YK Pathan,Rajasthan Royals,67,60,10.0,6.7,4
YK Pathan,Royal Challengers Bengaluru,144,102,17.0,8.47,3
YK Pathan,Sunrisers Hyderabad,112,84,14.0,8.0,1
YS Chahal,Chennai Super Kings,488,426,71.0,6.87,24
YS Chahal,Delhi Capitals,376,264,44.0,8.55,11
YS Chahal,Delhi Daredevils,228,187,31.166666666666668,7.32,12
YS Chahal,Gujarat Lions,146,114,19.0,7.68,8
YS Chahal,Gujarat Titans,255,191,31.833333333333332,8.01,8
YS Chahal,Kings XI Punjab,356,277,46.166666666666664,7.71,21
YS Chahal,Kolkata Knight Riders,664,516,86.0,7.72,33
YS Chahal,Lucknow Super Giants,330,210,35.0,9.43,11
YS Chahal,Mumbai Indians,716,528,88.0,8.14,31
YS Chahal,Punjab Kings,231,168,28.0,8.25,11
YS Chahal,Rajasthan Royals,320,309,51.5,6.21,21
YS Chahal,Rising Pune Supergiants,68,42,7.0,9.71,1
YS Chahal,Royal Challengers Bengaluru,340,252,42.0,8.1,11
YS Chahal,Sunrisers Hyderabad,730,553,92.16666666666667,7.92,30
Yash Dayal,Chennai Super Kings,197,132,22.0,8.95,7
Yash Dayal,Delhi Capitals,106,72,12.0,8.83,5
Yash Dayal,Gujarat Titans,70,66,11.0,6.36,2
Yash Dayal,Kolkata Knight Riders,225,115,19.166666666666668,11.74,6
Yash Dayal,Lucknow Super Giants,91,54,9.0,10.11,3
Yash Dayal,Mumbai Indians,46,24,4.0,11.5,2
Yash Dayal,Punjab Kings,123,103,17.166666666666668,7.17,4
Yash Dayal,Rajasthan Royals,242,150,25.0,9.68,8
Yash Dayal,Royal Challengers Bengaluru,73,48,8.0,9.12,1
Yash Dayal,Sunrisers Hyderabad,147,108,18.0,8.17,3
Yash Raj Punja,Delhi Capitals,28,24,4.0,7.0,0
Yash Raj Punja,Gujarat Titans,64,36,6.0,10.67,1
Yash Raj Punja,Kolkata Knight Riders,25,24,4.0,6.25,1
Yash Raj Punja,Lucknow Super Giants,35,24,4.0,8.75,2
Yash Raj Punja,Mumbai Indians,43,24,4.0,10.75,2
Yash Raj Punja,Punjab Kings,41,24,4.0,10.25,2
Yash Raj Punja,Sunrisers Hyderabad,37,24,4.0,9.25,1
Yash Thakur,Chennai Super Kings,163,96,16.0,10.19,3
Yash Thakur,Delhi Capitals,76,48,8.0,9.5,3
Yash Thakur,Gujarat Titans,75,47,7.833333333333333,9.57,5
Yash Thakur,Kolkata Knight Riders,95,54,9.0,10.56,3
Yash Thakur,Mumbai Indians,65,48,8.0,8.12,5
Yash Thakur,Punjab Kings,36,23,3.8333333333333335,9.39,4
Yash Thakur,Rajasthan Royals,89,42,7.0,12.71,1
Yash Thakur,Royal Challengers Bengaluru,48,36,6.0,8.0,1
Yash Thakur,Sunrisers Hyderabad,134,73,12.166666666666666,11.01,2
Yudhvir Singh,Chennai Super Kings,46,25,4.166666666666667,11.04,3
Yudhvir Singh,Delhi Capitals,28,12,2.0,14.0,0
Yudhvir Singh,Gujarat Titans,38,18,3.0,12.67,0
Yudhvir Singh,Kolkata Knight Riders,49,24,4.0,12.25,2
Yudhvir Singh,Punjab Kings,36,30,5.0,7.2,2
Yudhvir Singh,Rajasthan Royals,22,12,2.0,11.0,0
Yudhvir Singh,Sunrisers Hyderabad,23,18,3.0,7.67,1
Yuvraj Singh,Chennai Super Kings,118,90,15.0,7.87,2
Yuvraj Singh,Deccan Chargers,129,120,20.0,6.45,9
Yuvraj Singh,Delhi Daredevils,195,175,29.166666666666668,6.69,7
Yuvraj Singh,Gujarat Lions,12,12,2.0,6.0,0
Yuvraj Singh,Kings XI Punjab,82,54,9.0,9.11,1
Yuvraj Singh,Kochi Tuskers Kerala,12,6,1.0,12.0,0
Yuvraj Singh,Kolkata Knight Riders,93,60,10.0,9.3,1
Yuvraj Singh,Mumbai Indians,120,120,20.0,6.0,6
Yuvraj Singh,Rajasthan Royals,147,102,17.0,8.65,6
Yuvraj Singh,Rising Pune Supergiants,10,6,1.0,10.0,0
Yuvraj Singh,Royal Challengers Bengaluru,119,96,16.0,7.44,3
Yuvraj Singh,Sunrisers Hyderabad,27,28,4.666666666666667,5.79,1
Z Khan,Chennai Super Kings,345,276,46.0,7.5,16
Z Khan,Deccan Chargers,178,150,25.0,7.12,12
Z Khan,Delhi Daredevils,232,155,25.833333333333332,8.98,6
Z Khan,Gujarat Lions,104,72,12.0,8.67,1
Z Khan,Kings XI Punjab,383,323,53.833333333333336,7.11,13
Z Khan,Kochi Tuskers Kerala,54,48,8.0,6.75,2
Z Khan,Kolkata Knight Riders,403,311,51.833333333333336,7.77,19
Z Khan,Mumbai Indians,275,240,40.0,6.88,7
Z Khan,Pune Warriors,86,72,12.0,7.17,3
Z Khan,Rajasthan Royals,204,192,32.0,6.38,5
Z Khan,Rising Pune Supergiants,60,60,10.0,6.0,5
Z Khan,Royal Challengers Bengaluru,247,205,34.166666666666664,7.23,10
Z Khan,Sunrisers Hyderabad,120,96,16.0,7.5,3
Zeeshan Ansari,Chennai Super Kings,27,18,3.0,9.0,0
Zeeshan Ansari,Delhi Capitals,72,42,7.0,10.29,3
Zeeshan Ansari,Gujarat Titans,74,48,8.0,9.25,1
Zeeshan Ansari,Kolkata Knight Riders,25,18,3.0,8.33,1
Zeeshan Ansari,Lucknow Super Giants,21,12,2.0,10.5,0
Zeeshan Ansari,Mumbai Indians,69,41,6.833333333333333,10.1,1
Zeeshan Ansari,Punjab Kings,39,24,4.0,9.75,0
