Bowler,season,Phase,runs_conceded,balls_bowled,overs,economy
A Ashish Reddy,2012,Death,89,55,9.166666666666666,9.71
A Ashish Reddy,2012,Middle,118,102,17.0,6.94
A Ashish Reddy,2012,Powerplay,20,6,1.0,20.0
A Ashish Reddy,2013,Death,24,10,1.6666666666666665,14.4
A Ashish Reddy,2013,Middle,45,30,5.0,9.0
A Ashish Reddy,2015,Death,3,6,1.0,3.0
A Ashish Reddy,2015,Middle,46,30,5.0,9.2
A Ashish Reddy,2016,Middle,39,23,3.8333333333333335,10.17
A Badoni,2022,Middle,11,12,2.0,5.5
A Badoni,2023,Powerplay,0,1,0.16666666666666666,0.0
A Badoni,2024,Middle,25,12,2.0,12.5
A Badoni,2025,Death,13,10,1.6666666666666665,7.8
A Badoni,2026,Middle,14,6,1.0,14.0
A Chandila,2012,Middle,45,42,7.0,6.43
A Chandila,2012,Powerplay,41,42,7.0,5.86
A Chandila,2013,Death,6,6,1.0,6.0
A Chandila,2013,Middle,54,42,7.0,7.71
A Chandila,2013,Powerplay,96,102,17.0,5.65
A Choudhary,2017,Death,37,24,4.0,9.25
A Choudhary,2017,Middle,55,41,6.833333333333333,8.05
A Choudhary,2017,Powerplay,45,36,6.0,7.5
A Dananjaya,2018,Middle,34,18,3.0,11.33
A Dananjaya,2018,Powerplay,12,6,1.0,12.0
A Flintoff,2009,Death,52,18,3.0,17.33
A Flintoff,2009,Middle,32,36,6.0,5.33
A Flintoff,2009,Powerplay,21,12,2.0,10.5
A Kamboj,2024,Middle,49,30,5.0,9.8
A Kamboj,2024,Powerplay,53,30,5.0,10.6
A Kamboj,2025,Death,3,3,0.5,6.0
A Kamboj,2025,Powerplay,168,126,21.0,8.0
A Kamboj,2026,Death,213,122,20.333333333333332,10.48
A Kamboj,2026,Middle,88,54,9.0,9.78
A Kamboj,2026,Powerplay,212,126,21.0,10.1
A Kumble,2008,Death,39,14,2.3333333333333335,16.71
A Kumble,2008,Middle,240,192,32.0,7.5
A Kumble,2008,Powerplay,15,24,4.0,3.75
A Kumble,2009,Death,58,54,9.0,6.44
A Kumble,2009,Middle,259,265,44.166666666666664,5.86
A Kumble,2009,Powerplay,23,36,6.0,3.83
A Kumble,2010,Death,39,38,6.333333333333333,6.16
A Kumble,2010,Middle,301,294,49.0,6.14
A Kumble,2010,Powerplay,45,48,8.0,5.62
A Mishra,2008,Death,2,6,1.0,2.0
A Mishra,2008,Middle,111,101,16.833333333333332,6.59
A Mishra,2008,Powerplay,21,12,2.0,10.5
A Mishra,2009,Death,37,18,3.0,12.33
A Mishra,2009,Middle,231,223,37.166666666666664,6.22
A Mishra,2009,Powerplay,15,12,2.0,7.5
A Mishra,2010,Death,56,42,7.0,8.0
A Mishra,2010,Middle,234,198,33.0,7.09
A Mishra,2010,Powerplay,57,78,13.0,4.38
A Mishra,2011,Death,53,44,7.333333333333333,7.23
A Mishra,2011,Middle,286,264,44.0,6.5
A Mishra,2011,Powerplay,15,12,2.0,7.5
A Mishra,2012,Death,42,24,4.0,10.5
A Mishra,2012,Middle,322,258,43.0,7.49
A Mishra,2013,Death,35,30,5.0,7.0
A Mishra,2013,Middle,336,336,56.0,6.0
A Mishra,2013,Powerplay,12,6,1.0,12.0
A Mishra,2014,Death,71,27,4.5,15.78
A Mishra,2014,Middle,263,198,33.0,7.97
A Mishra,2015,Death,41,25,4.166666666666667,9.84
A Mishra,2015,Middle,260,216,36.0,7.22
A Mishra,2016,Death,37,24,4.0,9.25
A Mishra,2016,Middle,294,252,42.0,7.0
A Mishra,2017,Death,9,5,0.8333333333333334,10.8
A Mishra,2017,Middle,330,228,38.0,8.68
A Mishra,2018,Middle,227,210,35.0,6.49
A Mishra,2018,Powerplay,32,12,2.0,16.0
A Mishra,2019,Death,23,12,2.0,11.5
A Mishra,2019,Middle,244,228,38.0,6.42
A Mishra,2020,Middle,70,60,10.0,7.0
A Mishra,2021,Death,16,12,2.0,8.0
A Mishra,2021,Middle,83,66,11.0,7.55
A Mishra,2021,Powerplay,10,6,1.0,10.0
A Mishra,2023,Death,24,18,3.0,8.0
A Mishra,2023,Middle,124,96,16.0,7.75
A Mishra,2024,Middle,20,12,2.0,10.0
A Mithun,2009,Death,13,6,1.0,13.0
A Mithun,2009,Middle,15,12,2.0,7.5
A Mithun,2009,Powerplay,11,6,1.0,11.0
A Mithun,2010,Death,19,6,1.0,19.0
A Mithun,2010,Middle,6,6,1.0,6.0
A Mithun,2010,Powerplay,12,6,1.0,12.0
A Mithun,2011,Death,85,54,9.0,9.44
A Mithun,2011,Middle,169,120,20.0,8.45
A Mithun,2011,Powerplay,37,30,5.0,7.4
A Mithun,2012,Death,16,6,1.0,16.0
A Mithun,2012,Powerplay,16,12,2.0,8.0
A Mithun,2013,Death,14,6,1.0,14.0
A Mithun,2013,Middle,6,6,1.0,6.0
A Mithun,2013,Powerplay,16,12,2.0,8.0
A Nehra,2008,Death,76,47,7.833333333333333,9.7
A Nehra,2008,Middle,53,54,9.0,5.89
A Nehra,2008,Powerplay,203,168,28.0,7.25
A Nehra,2009,Death,93,84,14.0,6.64
A Nehra,2009,Middle,62,54,9.0,6.89
A Nehra,2009,Powerplay,165,168,28.0,5.89
A Nehra,2010,Death,38,24,4.0,9.5
A Nehra,2010,Middle,4,6,1.0,4.0
A Nehra,2010,Powerplay,53,54,9.0,5.89
A Nehra,2012,Death,105,60,10.0,10.5
A Nehra,2012,Middle,128,114,19.0,6.74
A Nehra,2012,Powerplay,159,114,19.0,8.37
A Nehra,2013,Death,78,42,7.0,11.14
A Nehra,2013,Middle,73,54,9.0,8.11
A Nehra,2013,Powerplay,156,120,20.0,7.8
A Nehra,2014,Death,42,30,5.0,8.4
A Nehra,2014,Middle,32,12,2.0,16.0
A Nehra,2014,Powerplay,65,48,8.0,8.12
A Nehra,2015,Death,104,84,14.0,7.43
A Nehra,2015,Middle,45,36,6.0,7.5
A Nehra,2015,Powerplay,287,252,42.0,6.83
A Nehra,2016,Death,26,18,3.0,8.67
A Nehra,2016,Middle,35,30,5.0,7.0
A Nehra,2016,Powerplay,131,108,18.0,7.28
A Nehra,2017,Death,31,30,5.0,6.2
A Nehra,2017,Middle,63,36,6.0,10.5
A Nehra,2017,Powerplay,98,61,10.166666666666666,9.64
A Nel,2008,Death,8,6,1.0,8.0
A Nel,2008,Middle,11,6,1.0,11.0
A Nel,2008,Powerplay,12,6,1.0,12.0
A Nortje,2020,Death,159,118,19.666666666666668,8.08
A Nortje,2020,Middle,133,86,14.333333333333334,9.28
A Nortje,2020,Powerplay,210,162,27.0,7.78
A Nortje,2021,Death,52,50,8.333333333333334,6.24
A Nortje,2021,Middle,55,48,8.0,6.88
A Nortje,2021,Powerplay,67,84,14.0,4.79
A Nortje,2022,Death,42,30,5.0,8.4
A Nortje,2022,Middle,69,44,7.333333333333333,9.41
A Nortje,2022,Powerplay,89,60,10.0,8.9
A Nortje,2023,Death,163,96,16.0,10.19
A Nortje,2023,Middle,72,60,10.0,7.2
A Nortje,2023,Powerplay,112,84,14.0,8.0
A Nortje,2024,Death,137,42,7.0,19.57
A Nortje,2024,Middle,74,54,9.0,8.22
A Nortje,2024,Powerplay,69,36,6.0,11.5
A Nortje,2025,Death,17,6,1.0,17.0
A Nortje,2025,Middle,26,18,3.0,8.67
A Nortje,2025,Powerplay,33,18,3.0,11.0
A Nortje,2026,Death,8,6,1.0,8.0
A Nortje,2026,Middle,24,18,3.0,8.0
A Singh,2009,Death,40,33,5.5,7.27
A Singh,2009,Middle,2,6,1.0,2.0
A Singh,2009,Powerplay,50,66,11.0,4.55
A Singh,2011,Death,58,45,7.5,7.73
A Singh,2011,Middle,51,36,6.0,8.5
A Singh,2011,Powerplay,102,90,15.0,6.8
A Singh,2012,Death,154,71,11.833333333333334,13.01
A Singh,2012,Middle,19,18,3.0,6.33
A Singh,2012,Powerplay,126,108,18.0,7.0
A Symonds,2008,Death,19,5,0.8333333333333334,22.8
A Symonds,2008,Middle,75,36,6.0,12.5
A Symonds,2009,Death,19,12,2.0,9.5
A Symonds,2009,Middle,112,90,15.0,7.47
A Symonds,2009,Powerplay,25,42,7.0,3.57
A Symonds,2010,Death,63,36,6.0,10.5
A Symonds,2010,Middle,226,210,35.0,6.46
A Symonds,2010,Powerplay,76,72,12.0,6.33
A Symonds,2011,Middle,41,24,4.0,10.25
A Uniyal,2010,Death,25,18,3.0,8.33
A Uniyal,2010,Middle,18,6,1.0,18.0
A Uniyal,2010,Powerplay,21,12,2.0,10.5
A Zampa,2016,Death,33,24,4.0,8.25
A Zampa,2016,Middle,74,72,12.0,6.17
A Zampa,2016,Powerplay,3,6,1.0,3.0
A Zampa,2017,Death,22,6,1.0,22.0
A Zampa,2017,Middle,138,113,18.833333333333332,7.33
A Zampa,2020,Death,27,6,1.0,27.0
A Zampa,2020,Middle,64,60,10.0,6.4
A Zampa,2023,Death,34,18,3.0,11.33
A Zampa,2023,Middle,113,78,13.0,8.69
A Zampa,2023,Powerplay,39,36,6.0,6.5
A Zampa,2025,Death,21,6,1.0,21.0
A Zampa,2025,Middle,71,42,7.0,10.14
AA Chavan,2011,Middle,5,6,1.0,5.0
AA Chavan,2011,Powerplay,22,24,4.0,5.5
AA Chavan,2012,Death,22,8,1.3333333333333333,16.5
AA Chavan,2012,Middle,131,84,14.0,9.36
AA Chavan,2012,Powerplay,77,72,12.0,6.42
AA Chavan,2013,Middle,10,6,1.0,10.0
AA Chavan,2013,Powerplay,51,48,8.0,6.38
AA Jhunjhunwala,2010,Death,2,1,0.16666666666666666,12.0
AA Jhunjhunwala,2010,Middle,45,24,4.0,11.25
AA Jhunjhunwala,2010,Powerplay,20,12,2.0,10.0
AA Jhunjhunwala,2011,Middle,21,12,2.0,10.5
AA Jhunjhunwala,2012,Middle,13,18,3.0,4.33
AA Jhunjhunwala,2012,Powerplay,25,18,3.0,8.33
AA Kazi,2011,Middle,20,12,2.0,10.0
AA Noffke,2008,Death,7,6,1.0,7.0
AA Noffke,2008,Middle,11,12,2.0,5.5
AA Noffke,2008,Powerplay,17,6,1.0,17.0
AB Agarkar,2008,Death,10,12,2.0,5.0
AB Agarkar,2008,Middle,89,78,13.0,6.85
AB Agarkar,2008,Powerplay,96,66,11.0,8.73
AB Agarkar,2009,Death,100,60,10.0,10.0
AB Agarkar,2009,Middle,101,78,13.0,7.77
AB Agarkar,2009,Powerplay,69,48,8.0,8.62
AB Agarkar,2010,Death,24,18,3.0,8.0
AB Agarkar,2010,Middle,113,72,12.0,9.42
AB Agarkar,2010,Powerplay,56,42,7.0,8.0
AB Agarkar,2011,Death,82,48,8.0,10.25
AB Agarkar,2011,Middle,126,102,17.0,7.41
AB Agarkar,2011,Powerplay,21,12,2.0,10.5
AB Agarkar,2012,Death,15,8,1.3333333333333333,11.25
AB Agarkar,2012,Middle,100,72,12.0,8.33
AB Agarkar,2012,Powerplay,15,6,1.0,15.0
AB Agarkar,2013,Death,23,12,2.0,11.5
AB Agarkar,2013,Middle,53,42,7.0,7.57
AB Agarkar,2013,Powerplay,13,6,1.0,13.0
AB Dinda,2008,Death,10,12,2.0,5.0
AB Dinda,2008,Middle,98,78,13.0,7.54
AB Dinda,2008,Powerplay,137,144,24.0,5.71
AB Dinda,2009,Death,46,24,4.0,11.5
AB Dinda,2009,Middle,6,18,3.0,2.0
AB Dinda,2009,Powerplay,135,102,17.0,7.94
AB Dinda,2010,Death,20,19,3.1666666666666665,6.32
AB Dinda,2010,Middle,30,36,6.0,5.0
AB Dinda,2010,Powerplay,97,84,14.0,6.93
AB Dinda,2011,Death,54,24,4.0,13.5
AB Dinda,2011,Middle,9,12,2.0,4.5
AB Dinda,2011,Powerplay,79,66,11.0,7.18
AB Dinda,2012,Death,67,54,9.0,7.44
AB Dinda,2012,Middle,13,12,2.0,6.5
AB Dinda,2012,Powerplay,76,78,13.0,5.85
AB Dinda,2013,Death,243,126,21.0,11.57
AB Dinda,2013,Middle,77,66,11.0,7.0
AB Dinda,2013,Powerplay,128,102,17.0,7.53
AB Dinda,2014,Death,105,54,9.0,11.67
AB Dinda,2014,Middle,75,84,14.0,5.36
AB Dinda,2014,Powerplay,70,48,8.0,8.75
AB Dinda,2015,Middle,18,6,1.0,18.0
AB Dinda,2015,Powerplay,36,24,4.0,9.0
AB Dinda,2016,Death,97,57,9.5,10.21
AB Dinda,2016,Powerplay,121,126,21.0,5.76
AB Dinda,2017,Death,66,24,4.0,16.5
AB Dinda,2017,Powerplay,48,36,6.0,8.0
AB McDonald,2009,Middle,22,18,3.0,7.33
AB McDonald,2010,Death,50,24,4.0,12.5
AB McDonald,2010,Middle,50,36,6.0,8.33
AB McDonald,2010,Powerplay,37,24,4.0,9.25
AB McDonald,2011,Middle,12,6,1.0,12.0
AB McDonald,2011,Powerplay,11,6,1.0,11.0
AB McDonald,2012,Death,1,6,1.0,1.0
AB McDonald,2012,Middle,44,42,7.0,6.29
AB McDonald,2012,Powerplay,15,12,2.0,7.5
AB McDonald,2013,Middle,17,12,2.0,8.5
AC Gilchrist,2013,Death,0,1,0.16666666666666666,0.0
AC Thomas,2011,Death,110,69,11.5,9.57
AC Thomas,2011,Middle,40,30,5.0,8.0
AC Thomas,2011,Powerplay,137,132,22.0,6.23
AC Thomas,2012,Death,50,30,5.0,10.0
AC Thomas,2012,Middle,7,6,1.0,7.0
AC Thomas,2012,Powerplay,48,48,8.0,6.0
AC Voges,2010,Death,5,6,1.0,5.0
AC Voges,2010,Middle,44,36,6.0,7.33
AC Voges,2010,Powerplay,25,12,2.0,12.5
AD Mascarenhas,2008,Middle,7,12,2.0,3.5
AD Mascarenhas,2008,Powerplay,20,12,2.0,10.0
AD Mascarenhas,2009,Death,3,2,0.3333333333333333,9.0
AD Mascarenhas,2009,Middle,34,30,5.0,6.8
AD Mascarenhas,2009,Powerplay,95,84,14.0,6.79
AD Mascarenhas,2010,Middle,25,24,4.0,6.25
AD Mascarenhas,2010,Powerplay,40,24,4.0,10.0
AD Mascarenhas,2012,Death,20,12,2.0,10.0
AD Mascarenhas,2012,Middle,48,48,8.0,6.0
AD Mascarenhas,2012,Powerplay,36,36,6.0,6.0
AD Mascarenhas,2013,Middle,12,12,2.0,6.0
AD Mascarenhas,2013,Powerplay,13,12,2.0,6.5
AD Mathews,2009,Death,6,2,0.3333333333333333,18.0
AD Mathews,2009,Middle,16,6,1.0,16.0
AD Mathews,2009,Powerplay,8,6,1.0,8.0
AD Mathews,2010,Death,27,27,4.5,6.0
AD Mathews,2010,Middle,247,174,29.0,8.52
AD Mathews,2010,Powerplay,35,24,4.0,8.75
AD Mathews,2012,Death,25,12,2.0,12.5
AD Mathews,2012,Middle,134,132,22.0,6.09
AD Mathews,2012,Powerplay,30,12,2.0,15.0
AD Mathews,2013,Death,68,48,8.0,8.5
AD Mathews,2013,Middle,121,96,16.0,7.56
AD Mathews,2013,Powerplay,41,42,7.0,5.86
AD Mathews,2015,Death,46,30,5.0,9.2
AD Mathews,2015,Middle,129,108,18.0,7.17
AD Mathews,2015,Powerplay,66,42,7.0,9.43
AD Mathews,2017,Death,12,6,1.0,12.0
AD Mathews,2017,Middle,43,24,4.0,10.75
AD Russell,2012,Death,34,12,2.0,17.0
AD Russell,2012,Middle,101,60,10.0,10.1
AD Russell,2012,Powerplay,24,24,4.0,6.0
AD Russell,2013,Death,12,6,1.0,12.0
AD Russell,2013,Middle,46,30,5.0,9.2
AD Russell,2013,Powerplay,8,6,1.0,8.0
AD Russell,2014,Death,23,12,2.0,11.5
AD Russell,2014,Middle,27,18,3.0,9.0
AD Russell,2015,Death,76,48,8.0,9.5
AD Russell,2015,Middle,180,154,25.666666666666668,7.01
AD Russell,2015,Powerplay,56,42,7.0,8.0
AD Russell,2016,Death,89,45,7.5,11.87
AD Russell,2016,Middle,80,54,9.0,8.89
AD Russell,2016,Powerplay,113,120,20.0,5.65
AD Russell,2018,Death,78,42,7.0,11.14
AD Russell,2018,Middle,131,102,17.0,7.71
AD Russell,2018,Powerplay,134,83,13.833333333333334,9.69
AD Russell,2019,Death,52,31,5.166666666666667,10.06
AD Russell,2019,Middle,148,102,17.0,8.71
AD Russell,2019,Powerplay,86,48,8.0,10.75
AD Russell,2020,Death,101,60,10.0,10.1
AD Russell,2020,Middle,41,30,5.0,8.2
AD Russell,2020,Powerplay,22,18,3.0,7.33
AD Russell,2021,Death,91,54,9.0,10.11
AD Russell,2021,Middle,89,60,10.0,8.9
AD Russell,2022,Death,127,67,11.166666666666666,11.37
AD Russell,2022,Middle,116,78,13.0,8.92
AD Russell,2022,Powerplay,23,24,4.0,5.75
AD Russell,2023,Death,44,25,4.166666666666667,10.56
AD Russell,2023,Middle,51,30,5.0,10.2
AD Russell,2023,Powerplay,60,36,6.0,10.0
AD Russell,2024,Death,67,44,7.333333333333333,9.14
AD Russell,2024,Middle,216,132,22.0,9.82
AD Russell,2025,Death,94,50,8.333333333333334,11.28
AD Russell,2025,Middle,106,53,8.833333333333334,12.0
AD Russell,2025,Powerplay,10,6,1.0,10.0
AF Milne,2016,Death,11,6,1.0,11.0
AF Milne,2016,Middle,7,6,1.0,7.0
AF Milne,2016,Powerplay,20,12,2.0,10.0
AF Milne,2017,Death,36,30,5.0,7.2
AF Milne,2017,Middle,48,24,4.0,12.0
AF Milne,2017,Powerplay,44,30,5.0,8.8
AF Milne,2021,Death,27,12,2.0,13.5
AF Milne,2021,Middle,33,30,5.0,6.6
AF Milne,2021,Powerplay,68,42,7.0,9.71
AF Milne,2022,Death,7,3,0.5,14.0
AF Milne,2022,Powerplay,12,12,2.0,6.0
AF Milne,2026,Death,10,2,0.3333333333333333,30.0
AF Milne,2026,Middle,7,6,1.0,7.0
AF Milne,2026,Powerplay,22,12,2.0,11.0
AG Murtaza,2010,Death,6,6,1.0,6.0
AG Murtaza,2010,Middle,73,54,9.0,8.11
AG Murtaza,2010,Powerplay,7,12,2.0,3.5
AG Murtaza,2011,Death,20,6,1.0,20.0
AG Murtaza,2011,Middle,64,66,11.0,5.82
AG Murtaza,2011,Powerplay,31,48,8.0,3.88
AG Murtaza,2012,Powerplay,11,12,2.0,5.5
AG Murtaza,2013,Middle,90,54,9.0,10.0
AG Murtaza,2013,Powerplay,2,6,1.0,2.0
AJ Finch,2010,Death,1,1,0.16666666666666666,6.0
AJ Finch,2010,Middle,4,6,1.0,4.0
AJ Finch,2011,Middle,12,12,2.0,6.0
AJ Finch,2013,Middle,46,18,3.0,15.33
AJ Finch,2013,Powerplay,3,6,1.0,3.0
AJ Hosein,2023,Middle,10,6,1.0,10.0
AJ Hosein,2023,Powerplay,30,18,3.0,10.0
AJ Hosein,2026,Death,8,4,0.6666666666666666,12.0
AJ Hosein,2026,Middle,96,78,13.0,7.38
AJ Hosein,2026,Powerplay,90,66,11.0,8.18
AJ Tye,2017,Death,63,48,8.0,7.88
AJ Tye,2017,Middle,36,42,7.0,5.14
AJ Tye,2017,Powerplay,40,36,6.0,6.67
AJ Tye,2018,Death,169,114,19.0,8.89
AJ Tye,2018,Middle,144,120,20.0,7.2
AJ Tye,2018,Powerplay,117,102,17.0,6.88
AJ Tye,2019,Death,73,36,6.0,12.17
AJ Tye,2019,Middle,105,72,12.0,8.75
AJ Tye,2019,Powerplay,50,24,4.0,12.5
AJ Tye,2020,Death,16,7,1.1666666666666667,13.71
AJ Tye,2020,Middle,24,12,2.0,12.0
AJ Tye,2020,Powerplay,7,6,1.0,7.0
AJ Tye,2022,Death,28,18,3.0,9.33
AJ Tye,2022,Middle,44,24,4.0,11.0
AJ Tye,2022,Powerplay,32,24,4.0,8.0
AK Markram,2021,Middle,5,6,1.0,5.0
AK Markram,2021,Powerplay,17,18,3.0,5.67
AK Markram,2022,Middle,64,36,6.0,10.67
AK Markram,2023,Death,1,1,0.16666666666666666,6.0
AK Markram,2023,Middle,52,36,6.0,8.67
AK Markram,2023,Powerplay,17,12,2.0,8.5
AK Markram,2024,Middle,14,12,2.0,7.0
AK Markram,2025,Middle,77,54,9.0,8.56
AK Markram,2025,Powerplay,23,12,2.0,11.5
AK Markram,2026,Death,27,12,2.0,13.5
AK Markram,2026,Middle,53,24,4.0,13.25
AL Menaria,2011,Death,24,12,2.0,12.0
AL Menaria,2011,Middle,43,36,6.0,7.17
AL Menaria,2011,Powerplay,50,42,7.0,7.14
AL Menaria,2012,Middle,21,14,2.3333333333333335,9.0
AL Menaria,2012,Powerplay,2,6,1.0,2.0
AM Ghazanfar,2026,Death,26,12,2.0,13.0
AM Ghazanfar,2026,Middle,250,161,26.833333333333332,9.32
AM Ghazanfar,2026,Powerplay,107,60,10.0,10.7
AM Nayar,2008,Middle,67,42,7.0,9.57
AM Nayar,2009,Death,9,6,1.0,9.0
AM Nayar,2009,Middle,60,60,10.0,6.0
AM Nayar,2009,Powerplay,10,6,1.0,10.0
AM Nayar,2011,Middle,93,61,10.166666666666666,9.15
AM Nayar,2012,Middle,16,6,1.0,16.0
AM Nayar,2013,Middle,56,48,8.0,7.0
AM Rahane,2009,Middle,5,6,1.0,5.0
AM Salvi,2009,Death,16,12,2.0,8.0
AM Salvi,2009,Middle,54,42,7.0,7.71
AM Salvi,2009,Powerplay,56,48,8.0,7.0
AM Salvi,2011,Death,29,18,3.0,9.67
AM Salvi,2011,Middle,15,12,2.0,7.5
AM Salvi,2011,Powerplay,20,18,3.0,6.67
AN Ahmed,2010,Middle,20,12,2.0,10.0
AN Ahmed,2011,Death,19,18,3.0,6.33
AN Ahmed,2011,Middle,71,54,9.0,7.89
AN Ahmed,2011,Powerplay,60,48,8.0,7.5
AN Ahmed,2012,Powerplay,16,12,2.0,8.0
AN Ahmed,2013,Death,5,6,1.0,5.0
AN Ahmed,2013,Middle,8,12,2.0,4.0
AN Ahmed,2013,Powerplay,32,24,4.0,8.0
AN Ahmed,2014,Death,45,30,5.0,9.0
AN Ahmed,2014,Middle,42,32,5.333333333333333,7.88
AN Ahmed,2014,Powerplay,20,24,4.0,5.0
AN Ahmed,2015,Death,57,24,4.0,14.25
AN Ahmed,2015,Middle,21,18,3.0,7.0
AN Ahmed,2015,Powerplay,35,30,5.0,7.0
AP Dole,2010,Death,12,6,1.0,12.0
AP Dole,2010,Middle,36,30,5.0,7.2
AP Dole,2010,Powerplay,57,30,5.0,11.4
AR Patel,2014,Death,59,54,9.0,6.56
AR Patel,2014,Middle,285,294,49.0,5.82
AR Patel,2014,Powerplay,50,48,8.0,6.25
AR Patel,2015,Death,81,47,7.833333333333333,10.34
AR Patel,2015,Middle,279,215,35.833333333333336,7.79
AR Patel,2015,Powerplay,22,18,3.0,7.33
AR Patel,2016,Death,30,17,2.8333333333333335,10.59
AR Patel,2016,Middle,270,210,35.0,7.71
AR Patel,2016,Powerplay,81,60,10.0,8.1
AR Patel,2017,Death,32,24,4.0,8.0
AR Patel,2017,Middle,280,228,38.0,7.37
AR Patel,2017,Powerplay,44,36,6.0,7.33
AR Patel,2018,Death,6,6,1.0,6.0
AR Patel,2018,Middle,163,120,20.0,8.15
AR Patel,2018,Powerplay,47,30,5.0,9.4
AR Patel,2019,Death,20,18,3.0,6.67
AR Patel,2019,Middle,264,222,37.0,7.14
AR Patel,2019,Powerplay,79,66,11.0,7.18
AR Patel,2020,Death,6,6,1.0,6.0
AR Patel,2020,Middle,250,234,39.0,6.41
AR Patel,2020,Powerplay,69,66,11.0,6.27
AR Patel,2021,Death,22,18,3.0,7.33
AR Patel,2021,Middle,215,204,34.0,6.32
AR Patel,2021,Powerplay,72,60,10.0,7.2
AR Patel,2022,Death,14,6,1.0,14.0
AR Patel,2022,Middle,246,204,34.0,7.24
AR Patel,2022,Powerplay,57,48,8.0,7.12
AR Patel,2023,Middle,247,216,36.0,6.86
AR Patel,2023,Powerplay,81,66,11.0,7.36
AR Patel,2024,Death,7,6,1.0,7.0
AR Patel,2024,Middle,275,234,39.0,7.05
AR Patel,2024,Powerplay,54,24,4.0,13.5
AR Patel,2025,Death,22,12,2.0,11.0
AR Patel,2025,Middle,165,114,19.0,8.68
AR Patel,2025,Powerplay,123,90,15.0,8.2
AR Patel,2026,Middle,237,180,30.0,7.9
AR Patel,2026,Powerplay,115,84,14.0,8.21
AS Joseph,2019,Death,5,4,0.6666666666666666,7.5
AS Joseph,2019,Middle,45,24,4.0,11.25
AS Joseph,2019,Powerplay,34,24,4.0,8.5
AS Joseph,2022,Death,67,42,7.0,9.57
AS Joseph,2022,Middle,98,84,14.0,7.0
AS Joseph,2022,Powerplay,92,54,9.0,10.22
AS Joseph,2023,Death,36,24,4.0,9.0
AS Joseph,2023,Middle,168,108,18.0,9.33
AS Joseph,2023,Powerplay,15,12,2.0,7.5
AS Joseph,2024,Death,42,22,3.6666666666666665,11.45
AS Joseph,2024,Middle,32,18,3.0,10.67
AS Joseph,2024,Powerplay,34,18,3.0,11.33
AS Rajpoot,2013,Powerplay,34,24,4.0,8.5
AS Rajpoot,2016,Death,19,12,2.0,9.5
AS Rajpoot,2016,Middle,34,30,5.0,6.8
AS Rajpoot,2016,Powerplay,34,24,4.0,8.5
AS Rajpoot,2017,Death,35,18,3.0,11.67
AS Rajpoot,2017,Middle,69,66,11.0,6.27
AS Rajpoot,2018,Death,31,18,3.0,10.33
AS Rajpoot,2018,Middle,60,37,6.166666666666667,9.73
AS Rajpoot,2018,Powerplay,123,102,17.0,7.24
AS Rajpoot,2019,Death,22,18,3.0,7.33
AS Rajpoot,2019,Middle,36,24,4.0,9.0
AS Rajpoot,2019,Powerplay,80,54,9.0,8.89
AS Rajpoot,2020,Death,58,24,4.0,14.5
AS Rajpoot,2020,Middle,13,12,2.0,6.5
AS Rajpoot,2020,Powerplay,113,67,11.166666666666666,10.12
AS Raut,2009,Middle,36,24,4.0,9.0
AS Raut,2011,Middle,8,6,1.0,8.0
AS Roy,2019,Middle,8,12,2.0,4.0
AS Roy,2022,Middle,31,24,4.0,7.75
AS Roy,2022,Powerplay,24,18,3.0,8.0
AS Roy,2023,Middle,62,48,8.0,7.75
AS Roy,2024,Death,6,4,0.6666666666666666,9.0
AS Roy,2024,Middle,3,6,1.0,3.0
AS Roy,2024,Powerplay,51,24,4.0,12.75
AS Roy,2025,Middle,11,12,2.0,5.5
AS Roy,2025,Powerplay,15,12,2.0,7.5
AS Roy,2026,Death,26,13,2.1666666666666665,12.0
AS Roy,2026,Middle,123,90,15.0,8.2
AS Roy,2026,Powerplay,90,60,10.0,9.0
AU Rashid,2021,Middle,35,18,3.0,11.67
AU Rashid,2023,Middle,56,42,7.0,8.0
AUK Pathan,2011,Death,14,9,1.5,9.33
AUK Pathan,2011,Middle,29,24,4.0,7.25
AUK Pathan,2012,Middle,14,6,1.0,14.0
Abdul Samad,2020,Death,15,6,1.0,15.0
Abdul Samad,2020,Middle,76,36,6.0,12.67
Abdul Samad,2021,Middle,9,6,1.0,9.0
Abdul Samad,2022,Middle,8,6,1.0,8.0
Abdul Samad,2025,Death,6,2,0.3333333333333333,18.0
Abdul Samad,2026,Death,6,1,0.16666666666666666,36.0
Abdur Razzak,2008,Middle,19,12,2.0,9.5
Abhinandan Singh,2026,Death,3,4,0.6666666666666666,4.5
Abhinandan Singh,2026,Middle,48,30,5.0,9.6
Abhinandan Singh,2026,Powerplay,69,24,4.0,17.25
Abhishek Sharma,2019,Middle,19,12,2.0,9.5
Abhishek Sharma,2020,Death,11,6,1.0,11.0
Abhishek Sharma,2020,Middle,78,54,9.0,8.67
Abhishek Sharma,2021,Middle,40,42,7.0,5.71
Abhishek Sharma,2021,Powerplay,21,18,3.0,7.0
Abhishek Sharma,2022,Middle,38,24,4.0,9.5
Abhishek Sharma,2023,Middle,110,66,11.0,10.0
Abhishek Sharma,2023,Powerplay,11,6,1.0,11.0
Abhishek Sharma,2024,Middle,24,24,4.0,6.0
Abhishek Sharma,2024,Powerplay,27,18,3.0,9.0
Abhishek Sharma,2025,Middle,73,42,7.0,10.43
Abhishek Sharma,2025,Powerplay,38,24,4.0,9.5
Abhishek Sharma,2026,Death,7,5,0.8333333333333334,8.4
Abhishek Sharma,2026,Middle,13,6,1.0,13.0
Abhishek Sharma,2026,Powerplay,29,18,3.0,9.67
Akash Deep,2022,Death,52,17,2.8333333333333335,18.35
Akash Deep,2022,Middle,104,66,11.0,9.45
Akash Deep,2022,Powerplay,43,30,5.0,8.6
Akash Deep,2023,Death,12,6,1.0,12.0
Akash Deep,2023,Middle,24,12,2.0,12.0
Akash Deep,2023,Powerplay,13,12,2.0,6.5
Akash Deep,2024,Middle,45,15,2.5,18.0
Akash Deep,2024,Powerplay,8,6,1.0,8.0
Akash Deep,2025,Death,7,6,1.0,7.0
Akash Deep,2025,Middle,74,36,6.0,12.33
Akash Deep,2025,Powerplay,131,72,12.0,10.92
Akash Madhwal,2023,Death,77,63,10.5,7.33
Akash Madhwal,2023,Middle,91,60,10.0,9.1
Akash Madhwal,2023,Powerplay,36,30,5.0,7.2
Akash Madhwal,2024,Death,31,13,2.1666666666666665,14.31
Akash Madhwal,2024,Middle,97,54,9.0,10.78
Akash Madhwal,2024,Powerplay,55,42,7.0,7.86
Akash Madhwal,2025,Death,49,30,5.0,9.8
Akash Madhwal,2025,Middle,93,54,9.0,10.33
Akash Madhwal,2025,Powerplay,13,6,1.0,13.0
Akash Singh,2021,Middle,21,12,2.0,10.5
Akash Singh,2021,Powerplay,18,12,2.0,9.0
Akash Singh,2023,Death,10,6,1.0,10.0
Akash Singh,2023,Middle,33,18,3.0,11.0
Akash Singh,2023,Powerplay,142,90,15.0,9.47
Akash Singh,2025,Middle,38,24,4.0,9.5
Akash Singh,2025,Powerplay,61,43,7.166666666666667,8.51
Akash Singh,2026,Middle,38,18,3.0,12.67
Akash Singh,2026,Powerplay,32,24,4.0,8.0
Aman Hakim Khan,2022,Middle,13,6,1.0,13.0
Anand Rajan,2011,Death,25,12,2.0,12.5
Anand Rajan,2011,Middle,10,12,2.0,5.0
Anand Rajan,2011,Powerplay,10,6,1.0,10.0
Anand Rajan,2012,Death,32,11,1.8333333333333335,17.45
Anand Rajan,2012,Middle,52,48,8.0,6.5
Anand Rajan,2012,Powerplay,20,12,2.0,10.0
Anand Rajan,2013,Death,8,6,1.0,8.0
Anand Rajan,2013,Middle,18,18,3.0,6.0
Anand Rajan,2013,Powerplay,13,24,4.0,3.25
Ankit Sharma,2012,Death,6,1,0.16666666666666666,36.0
Ankit Sharma,2012,Middle,109,78,13.0,8.38
Ankit Sharma,2012,Powerplay,48,66,11.0,4.36
Ankit Sharma,2013,Middle,7,6,1.0,7.0
Ankit Sharma,2013,Powerplay,10,6,1.0,10.0
Ankit Sharma,2014,Middle,16,18,3.0,5.33
Ankit Sharma,2014,Powerplay,27,30,5.0,5.4
Ankit Sharma,2015,Middle,89,66,11.0,8.09
Ankit Sharma,2015,Powerplay,19,18,3.0,6.33
Ankit Sharma,2016,Death,14,6,1.0,14.0
Ankit Sharma,2016,Middle,45,48,8.0,5.62
Ankit Sharma,2016,Powerplay,19,12,2.0,9.5
Ankit Sharma,2017,Powerplay,16,6,1.0,16.0
Ankit Sharma,2018,Powerplay,11,6,1.0,11.0
Ankit Soni,2017,Death,4,1,0.16666666666666666,24.0
Ankit Soni,2017,Middle,134,102,17.0,7.88
Ankit Soni,2017,Powerplay,3,6,1.0,3.0
Anureet Singh,2009,Death,22,12,2.0,11.0
Anureet Singh,2009,Powerplay,21,18,3.0,7.0
Anureet Singh,2015,Death,174,100,16.666666666666668,10.44
Anureet Singh,2015,Middle,136,90,15.0,9.07
Anureet Singh,2015,Powerplay,137,120,20.0,6.85
Anureet Singh,2016,Middle,16,18,3.0,5.33
Anureet Singh,2016,Powerplay,19,18,3.0,6.33
Anureet Singh,2017,Middle,16,6,1.0,16.0
Anureet Singh,2017,Powerplay,10,6,1.0,10.0
Anureet Singh,2018,Middle,42,24,4.0,10.5
Arjun Tendulkar,2023,Death,3,5,0.8333333333333334,3.6
Arjun Tendulkar,2023,Middle,36,12,2.0,18.0
Arjun Tendulkar,2023,Powerplay,40,42,7.0,5.71
Arjun Tendulkar,2024,Middle,12,2,0.3333333333333333,36.0
Arjun Tendulkar,2024,Powerplay,9,12,2.0,4.5
Arjun Tendulkar,2026,Death,5,6,1.0,5.0
Arjun Tendulkar,2026,Middle,31,18,3.0,10.33
Arshad Khan,2023,Death,64,25,4.166666666666667,15.36
Arshad Khan,2023,Middle,29,18,3.0,9.67
Arshad Khan,2023,Powerplay,83,42,7.0,11.86
Arshad Khan,2024,Death,6,1,0.16666666666666666,36.0
Arshad Khan,2024,Middle,17,6,1.0,17.0
Arshad Khan,2024,Powerplay,59,42,7.0,8.43
Arshad Khan,2025,Death,34,18,3.0,11.33
Arshad Khan,2025,Middle,13,6,1.0,13.0
Arshad Khan,2025,Powerplay,159,102,17.0,9.35
Arshad Khan,2026,Death,45,26,4.333333333333333,10.38
Arshad Khan,2026,Middle,120,78,13.0,9.23
Arshad Khan (2),2024,Middle,22,12,2.0,11.0
Arshdeep Singh,2019,Death,22,12,2.0,11.0
Arshdeep Singh,2019,Middle,13,6,1.0,13.0
Arshdeep Singh,2019,Powerplay,69,42,7.0,9.86
Arshdeep Singh,2020,Death,61,41,6.833333333333333,8.93
Arshdeep Singh,2020,Middle,48,30,5.0,9.6
Arshdeep Singh,2020,Powerplay,98,78,13.0,7.54
Arshdeep Singh,2021,Death,121,80,13.333333333333334,9.07
Arshdeep Singh,2021,Middle,72,54,9.0,8.0
Arshdeep Singh,2021,Powerplay,134,114,19.0,7.05
Arshdeep Singh,2022,Death,123,102,17.0,7.24
Arshdeep Singh,2022,Middle,110,90,15.0,7.33
Arshdeep Singh,2022,Powerplay,123,108,18.0,6.83
Arshdeep Singh,2023,Death,139,89,14.833333333333334,9.37
Arshdeep Singh,2023,Middle,119,84,14.0,8.5
Arshdeep Singh,2023,Powerplay,216,132,22.0,9.82
Arshdeep Singh,2024,Death,164,86,14.333333333333334,11.44
Arshdeep Singh,2024,Middle,87,54,9.0,9.67
Arshdeep Singh,2024,Powerplay,230,162,27.0,8.52
Arshdeep Singh,2025,Death,138,86,14.333333333333334,9.63
Arshdeep Singh,2025,Middle,95,72,12.0,7.92
Arshdeep Singh,2025,Powerplay,263,192,32.0,8.22
Arshdeep Singh,2026,Death,141,78,13.0,10.85
Arshdeep Singh,2026,Middle,123,72,12.0,10.25
Arshdeep Singh,2026,Powerplay,244,168,28.0,8.71
Ashok Sharma,2026,Death,66,36,6.0,11.0
Ashok Sharma,2026,Middle,92,66,11.0,8.36
Ashok Sharma,2026,Powerplay,59,24,4.0,14.75
Ashwani Kumar,2025,Death,39,21,3.5,11.14
Ashwani Kumar,2025,Middle,124,72,12.0,10.33
Ashwani Kumar,2025,Powerplay,60,30,5.0,12.0
Ashwani Kumar,2026,Death,14,6,1.0,14.0
Ashwani Kumar,2026,Middle,78,48,8.0,9.75
Ashwani Kumar,2026,Powerplay,6,6,1.0,6.0
Atharva Taide,2024,Death,4,1,0.16666666666666666,24.0
Auqib Nabi,2026,Middle,10,6,1.0,10.0
Auqib Nabi,2026,Powerplay,123,72,12.0,10.25
Avesh Khan,2017,Death,13,6,1.0,13.0
Avesh Khan,2017,Middle,4,6,1.0,4.0
Avesh Khan,2017,Powerplay,6,12,2.0,3.0
Avesh Khan,2018,Death,12,12,2.0,6.0
Avesh Khan,2018,Middle,39,24,4.0,9.75
Avesh Khan,2018,Powerplay,149,78,13.0,11.46
Avesh Khan,2019,Middle,17,12,2.0,8.5
Avesh Khan,2019,Powerplay,12,6,1.0,12.0
Avesh Khan,2020,Death,10,6,1.0,10.0
Avesh Khan,2020,Middle,19,12,2.0,9.5
Avesh Khan,2020,Powerplay,12,6,1.0,12.0
Avesh Khan,2021,Death,194,138,23.0,8.43
Avesh Khan,2021,Middle,102,96,16.0,6.38
Avesh Khan,2021,Powerplay,135,132,22.0,6.14
Avesh Khan,2022,Death,181,106,17.666666666666668,10.25
Avesh Khan,2022,Middle,65,66,11.0,5.91
Avesh Khan,2022,Powerplay,146,114,19.0,7.68
Avesh Khan,2023,Death,108,60,10.0,10.8
Avesh Khan,2023,Middle,45,42,7.0,6.43
Avesh Khan,2023,Powerplay,124,72,12.0,10.33
Avesh Khan,2024,Death,165,113,18.833333333333332,8.76
Avesh Khan,2024,Middle,204,138,23.0,8.87
Avesh Khan,2024,Powerplay,133,78,13.0,10.23
Avesh Khan,2025,Death,156,87,14.5,10.76
Avesh Khan,2025,Middle,160,114,19.0,8.42
Avesh Khan,2025,Powerplay,161,83,13.833333333333334,11.64
Avesh Khan,2026,Death,60,40,6.666666666666667,9.0
Avesh Khan,2026,Middle,139,84,14.0,9.93
Avesh Khan,2026,Powerplay,66,24,4.0,16.5
Azhar Mahmood,2012,Death,117,76,12.666666666666666,9.24
Azhar Mahmood,2012,Middle,159,138,23.0,6.91
Azhar Mahmood,2012,Powerplay,36,42,7.0,5.14
Azhar Mahmood,2013,Death,139,89,14.833333333333334,9.37
Azhar Mahmood,2013,Middle,78,78,13.0,6.0
Azhar Mahmood,2013,Powerplay,109,96,16.0,6.81
Azhar Mahmood,2015,Death,13,6,1.0,13.0
Azhar Mahmood,2015,Middle,13,6,1.0,13.0
Azhar Mahmood,2015,Powerplay,9,6,1.0,9.0
Azmatullah Omarzai,2024,Death,16,6,1.0,16.0
Azmatullah Omarzai,2024,Middle,7,12,2.0,3.5
Azmatullah Omarzai,2024,Powerplay,158,108,18.0,8.78
Azmatullah Omarzai,2025,Death,68,36,6.0,11.33
Azmatullah Omarzai,2025,Middle,107,72,12.0,8.92
Azmatullah Omarzai,2025,Powerplay,95,54,9.0,10.56
Azmatullah Omarzai,2026,Death,10,12,2.0,5.0
Azmatullah Omarzai,2026,Middle,39,24,4.0,9.75
Azmatullah Omarzai,2026,Powerplay,51,30,5.0,10.2
B Akhil,2008,Death,16,8,1.3333333333333333,12.0
B Akhil,2008,Middle,116,96,16.0,7.25
B Akhil,2009,Death,26,12,2.0,13.0
B Akhil,2009,Middle,39,48,8.0,4.88
B Akhil,2009,Powerplay,12,6,1.0,12.0
B Akhil,2010,Middle,6,6,1.0,6.0
B Akhil,2011,Middle,20,12,2.0,10.0
B Chipli,2011,Middle,20,6,1.0,20.0
B Geeves,2008,Middle,41,24,4.0,10.25
B Geeves,2008,Powerplay,49,24,4.0,12.25
B Kumar,2011,Middle,38,30,5.0,7.6
B Kumar,2011,Powerplay,28,36,6.0,4.67
B Kumar,2012,Death,60,54,9.0,6.67
B Kumar,2012,Middle,105,90,15.0,7.0
B Kumar,2012,Powerplay,105,90,15.0,7.0
B Kumar,2013,Death,119,84,14.0,8.5
B Kumar,2013,Middle,62,54,9.0,6.89
B Kumar,2013,Powerplay,163,204,34.0,4.79
B Kumar,2014,Death,123,83,13.833333333333334,8.89
B Kumar,2014,Middle,52,44,7.333333333333333,7.09
B Kumar,2014,Powerplay,171,192,32.0,5.34
B Kumar,2015,Death,170,113,18.833333333333332,9.03
B Kumar,2015,Middle,35,30,5.0,7.0
B Kumar,2015,Powerplay,188,167,27.833333333333332,6.75
B Kumar,2016,Death,195,126,21.0,9.29
B Kumar,2016,Middle,64,54,9.0,7.11
B Kumar,2016,Powerplay,203,216,36.0,5.64
B Kumar,2017,Death,173,134,22.333333333333332,7.75
B Kumar,2017,Middle,39,36,6.0,6.5
B Kumar,2017,Powerplay,145,144,24.0,6.04
B Kumar,2018,Death,131,79,13.166666666666666,9.95
B Kumar,2018,Middle,67,42,7.0,9.57
B Kumar,2018,Powerplay,146,156,26.0,5.62
B Kumar,2019,Death,176,108,18.0,9.78
B Kumar,2019,Middle,90,66,11.0,8.18
B Kumar,2019,Powerplay,179,180,30.0,5.97
B Kumar,2020,Death,40,25,4.166666666666667,9.6
B Kumar,2020,Middle,20,12,2.0,10.0
B Kumar,2020,Powerplay,35,48,8.0,4.38
B Kumar,2021,Death,131,78,13.0,10.08
B Kumar,2021,Middle,56,30,5.0,11.2
B Kumar,2021,Powerplay,141,144,24.0,5.88
B Kumar,2022,Death,155,115,19.166666666666668,8.09
B Kumar,2022,Middle,42,30,5.0,8.4
B Kumar,2022,Powerplay,161,168,28.0,5.75
B Kumar,2023,Death,149,102,17.0,8.76
B Kumar,2023,Middle,55,36,6.0,9.17
B Kumar,2023,Powerplay,204,168,28.0,7.29
B Kumar,2024,Death,137,66,11.0,12.45
B Kumar,2024,Middle,55,36,6.0,9.17
B Kumar,2024,Powerplay,322,240,40.0,8.05
B Kumar,2025,Death,155,90,15.0,10.33
B Kumar,2025,Middle,75,36,6.0,12.5
B Kumar,2025,Powerplay,247,186,31.0,7.97
B Kumar,2026,Death,150,108,18.0,8.33
B Kumar,2026,Middle,106,66,11.0,9.64
B Kumar,2026,Powerplay,227,204,34.0,6.68
B Laughlin,2013,Death,43,18,3.0,14.33
B Laughlin,2013,Middle,25,24,4.0,6.25
B Laughlin,2018,Death,80,41,6.833333333333333,11.71
B Laughlin,2018,Middle,64,49,8.166666666666666,7.84
B Laughlin,2018,Powerplay,58,36,6.0,9.67
B Lee,2008,Death,29,18,3.0,9.67
B Lee,2008,Middle,20,18,3.0,6.67
B Lee,2008,Powerplay,55,60,10.0,5.5
B Lee,2009,Death,20,36,6.0,3.33
B Lee,2009,Middle,18,24,4.0,4.5
B Lee,2009,Powerplay,55,60,10.0,5.5
B Lee,2010,Death,66,33,5.5,12.0
B Lee,2010,Middle,13,12,2.0,6.5
B Lee,2010,Powerplay,56,42,7.0,8.0
B Lee,2011,Death,124,96,16.0,7.75
B Lee,2011,Middle,32,26,4.333333333333333,7.38
B Lee,2011,Powerplay,166,150,25.0,6.64
B Lee,2012,Death,89,60,10.0,8.9
B Lee,2012,Middle,41,36,6.0,6.83
B Lee,2012,Powerplay,162,132,22.0,7.36
B Lee,2013,Death,41,24,4.0,10.25
B Lee,2013,Middle,4,6,1.0,4.0
B Lee,2013,Powerplay,38,42,7.0,5.43
B Muzarabani,2026,Death,14,6,1.0,14.0
B Muzarabani,2026,Middle,19,18,3.0,6.33
B Muzarabani,2026,Powerplay,40,18,3.0,13.33
B Stanlake,2017,Middle,22,12,2.0,11.0
B Stanlake,2017,Powerplay,46,36,6.0,7.67
B Stanlake,2018,Death,11,6,1.0,11.0
B Stanlake,2018,Middle,55,42,7.0,7.86
B Stanlake,2018,Powerplay,60,48,8.0,7.5
BA Bhatt,2011,Death,44,36,6.0,7.33
BA Bhatt,2011,Middle,112,71,11.833333333333334,9.46
BA Bhatt,2011,Powerplay,67,60,10.0,6.7
BA Bhatt,2012,Death,20,9,1.5,13.33
BA Bhatt,2012,Middle,75,60,10.0,7.5
BA Bhatt,2012,Powerplay,39,30,5.0,7.8
BA Bhatt,2013,Middle,22,24,4.0,5.5
BA Bhatt,2013,Powerplay,9,6,1.0,9.0
BA Stokes,2017,Death,76,60,10.0,7.6
BA Stokes,2017,Middle,137,126,21.0,6.52
BA Stokes,2017,Powerplay,92,78,13.0,7.08
BA Stokes,2018,Death,72,42,7.0,10.29
BA Stokes,2018,Middle,141,120,20.0,7.05
BA Stokes,2018,Powerplay,80,60,10.0,8.0
BA Stokes,2019,Death,59,30,5.0,11.8
BA Stokes,2019,Middle,82,53,8.833333333333334,9.28
BA Stokes,2019,Powerplay,39,18,3.0,13.0
BA Stokes,2020,Death,56,30,5.0,11.2
BA Stokes,2020,Middle,39,36,6.0,6.5
BA Stokes,2020,Powerplay,50,24,4.0,12.5
BA Stokes,2021,Middle,12,6,1.0,12.0
BA Stokes,2023,Powerplay,18,6,1.0,18.0
BAW Mendis,2008,Death,7,6,1.0,7.0
BAW Mendis,2008,Middle,4,6,1.0,4.0
BAW Mendis,2008,Powerplay,13,12,2.0,6.5
BAW Mendis,2009,Death,14,12,2.0,7.0
BAW Mendis,2009,Middle,97,78,13.0,7.46
BAW Mendis,2009,Powerplay,22,10,1.6666666666666665,13.2
BAW Mendis,2010,Death,26,12,2.0,13.0
BAW Mendis,2010,Middle,29,30,5.0,5.8
BAW Mendis,2010,Powerplay,5,6,1.0,5.0
BAW Mendis,2013,Death,7,6,1.0,7.0
BAW Mendis,2013,Middle,45,36,6.0,7.5
BAW Mendis,2013,Powerplay,26,30,5.0,5.2
BB Sran,2015,Middle,13,6,1.0,13.0
BB Sran,2015,Powerplay,16,12,2.0,8.0
BB Sran,2016,Death,41,33,5.5,7.45
BB Sran,2016,Middle,180,138,23.0,7.83
BB Sran,2016,Powerplay,177,126,21.0,8.43
BB Sran,2017,Middle,19,6,1.0,19.0
BB Sran,2017,Powerplay,9,6,1.0,9.0
BB Sran,2018,Death,60,36,6.0,10.0
BB Sran,2018,Middle,58,30,5.0,11.6
BB Sran,2018,Powerplay,91,66,11.0,8.27
BB Sran,2019,Middle,13,6,1.0,13.0
BB Sran,2019,Powerplay,37,18,3.0,12.33
BCJ Cutting,2014,Middle,14,12,2.0,7.0
BCJ Cutting,2014,Powerplay,17,12,2.0,8.5
BCJ Cutting,2016,Death,10,6,1.0,10.0
BCJ Cutting,2016,Middle,46,49,8.166666666666666,5.63
BCJ Cutting,2016,Powerplay,23,12,2.0,11.5
BCJ Cutting,2017,Death,49,22,3.6666666666666665,13.36
BCJ Cutting,2017,Middle,55,42,7.0,7.86
BCJ Cutting,2017,Powerplay,16,12,2.0,8.0
BCJ Cutting,2018,Death,61,30,5.0,12.2
BCJ Cutting,2018,Middle,94,66,11.0,8.55
BCJ Cutting,2018,Powerplay,10,6,1.0,10.0
BCJ Cutting,2019,Middle,27,12,2.0,13.5
BE Hendricks,2014,Death,52,30,5.0,10.4
BE Hendricks,2014,Middle,18,12,2.0,9.0
BE Hendricks,2014,Powerplay,49,30,5.0,9.8
BE Hendricks,2015,Death,12,12,2.0,6.0
BE Hendricks,2015,Middle,41,36,6.0,6.83
BE Hendricks,2015,Powerplay,51,30,5.0,10.2
BJ Dwarshuis,2026,Death,17,6,1.0,17.0
BJ Dwarshuis,2026,Middle,29,18,3.0,9.67
BJ Hodge,2009,Death,11,6,1.0,11.0
BJ Hodge,2009,Middle,95,84,14.0,6.79
BJ Hodge,2009,Powerplay,47,30,5.0,9.4
BJ Hodge,2010,Middle,41,30,5.0,8.2
BJ Hodge,2011,Middle,76,66,11.0,6.91
BJ Hodge,2012,Middle,21,12,2.0,10.5
BJ Hodge,2013,Powerplay,3,6,1.0,3.0
BJ Rohrer,2013,Middle,11,6,1.0,11.0
BMAJ Mendis,2013,Middle,36,30,5.0,7.2
BW Hilfenhaus,2012,Death,60,36,6.0,10.0
BW Hilfenhaus,2012,Middle,27,24,4.0,6.75
BW Hilfenhaus,2012,Powerplay,133,144,24.0,5.54
BW Hilfenhaus,2014,Death,90,48,8.0,11.25
BW Hilfenhaus,2014,Middle,50,24,4.0,12.5
BW Hilfenhaus,2014,Powerplay,98,96,16.0,6.12
Basil Thampi,2017,Death,167,94,15.666666666666666,10.66
Basil Thampi,2017,Middle,92,72,12.0,7.67
Basil Thampi,2017,Powerplay,155,102,17.0,9.12
Basil Thampi,2018,Death,30,19,3.1666666666666665,9.47
Basil Thampi,2018,Middle,66,36,6.0,11.0
Basil Thampi,2018,Powerplay,17,6,1.0,17.0
Basil Thampi,2019,Death,35,12,2.0,17.5
Basil Thampi,2019,Middle,74,60,10.0,7.4
Basil Thampi,2020,Death,26,12,2.0,13.0
Basil Thampi,2020,Powerplay,20,12,2.0,10.0
Basil Thampi,2022,Death,33,18,3.0,11.0
Basil Thampi,2022,Middle,57,36,6.0,9.5
Basil Thampi,2022,Powerplay,56,42,7.0,8.0
Bipul Sharma,2010,Death,23,6,1.0,23.0
Bipul Sharma,2010,Middle,71,54,9.0,7.89
Bipul Sharma,2011,Death,8,6,1.0,8.0
Bipul Sharma,2011,Middle,41,42,7.0,5.86
Bipul Sharma,2011,Powerplay,22,24,4.0,5.5
Bipul Sharma,2012,Death,18,4,0.6666666666666666,27.0
Bipul Sharma,2012,Middle,44,36,6.0,7.33
Bipul Sharma,2012,Powerplay,11,6,1.0,11.0
Bipul Sharma,2013,Middle,19,18,3.0,6.33
Bipul Sharma,2013,Powerplay,2,6,1.0,2.0
Bipul Sharma,2015,Middle,45,36,6.0,7.5
Bipul Sharma,2015,Powerplay,5,6,1.0,5.0
Bipul Sharma,2016,Middle,115,78,13.0,8.85
Bipul Sharma,2016,Powerplay,6,6,1.0,6.0
Bipul Sharma,2017,Middle,98,72,12.0,8.17
Bipul Sharma,2017,Powerplay,29,26,4.333333333333333,6.69
Brijesh Sharma,2026,Death,132,81,13.5,9.78
Brijesh Sharma,2026,Middle,164,120,20.0,8.2
Brijesh Sharma,2026,Powerplay,123,72,12.0,10.25
C Bosch,2025,Death,7,12,2.0,3.5
C Bosch,2025,Middle,35,24,4.0,8.75
C Bosch,2025,Powerplay,10,6,1.0,10.0
C Bosch,2026,Death,60,31,5.166666666666667,11.61
C Bosch,2026,Middle,109,78,13.0,8.38
C Bosch,2026,Powerplay,20,12,2.0,10.0
C Ganapathy,2010,Middle,13,6,1.0,13.0
C Green,2023,Death,62,24,4.0,15.5
C Green,2023,Middle,160,114,19.0,8.42
C Green,2023,Powerplay,121,90,15.0,8.07
C Green,2024,Death,35,25,4.166666666666667,8.4
C Green,2024,Middle,251,180,30.0,8.37
C Green,2024,Powerplay,5,6,1.0,5.0
C Green,2026,Death,25,12,2.0,12.5
C Green,2026,Middle,87,60,10.0,8.7
C Green,2026,Powerplay,112,60,10.0,11.2
C Munro,2016,Middle,15,12,2.0,7.5
C Nanda,2009,Middle,55,48,8.0,6.88
C Sakariya,2021,Death,108,72,12.0,9.0
C Sakariya,2021,Middle,131,102,17.0,7.71
C Sakariya,2021,Powerplay,157,138,23.0,6.83
C Sakariya,2022,Death,16,12,2.0,8.0
C Sakariya,2022,Middle,38,24,4.0,9.5
C Sakariya,2022,Powerplay,24,30,5.0,4.8
C Sakariya,2023,Death,49,18,3.0,16.33
C Sakariya,2023,Middle,17,12,2.0,8.5
C Sakariya,2023,Powerplay,14,18,3.0,4.67
C Sakariya,2025,Middle,18,6,1.0,18.0
C Sakariya,2025,Powerplay,20,12,2.0,10.0
C de Grandhomme,2017,Death,7,2,0.3333333333333333,21.0
C de Grandhomme,2017,Middle,105,82,13.666666666666666,7.68
C de Grandhomme,2017,Powerplay,11,12,2.0,5.5
C de Grandhomme,2018,Death,5,6,1.0,5.0
C de Grandhomme,2018,Middle,113,84,14.0,8.07
C de Grandhomme,2019,Middle,54,30,5.0,10.8
CH Gayle,2009,Death,35,23,3.8333333333333335,9.13
CH Gayle,2009,Middle,82,78,13.0,6.31
CH Gayle,2009,Powerplay,15,12,2.0,7.5
CH Gayle,2010,Death,31,18,3.0,10.33
CH Gayle,2010,Middle,32,24,4.0,8.0
CH Gayle,2010,Powerplay,75,54,9.0,8.33
CH Gayle,2011,Death,40,36,6.0,6.67
CH Gayle,2011,Middle,155,144,24.0,6.46
CH Gayle,2011,Powerplay,34,36,6.0,5.67
CH Gayle,2012,Death,14,4,0.6666666666666666,21.0
CH Gayle,2012,Middle,50,24,4.0,12.5
CH Gayle,2013,Death,31,18,3.0,10.33
CH Gayle,2013,Middle,8,6,1.0,8.0
CH Gayle,2015,Middle,14,12,2.0,7.0
CH Gayle,2016,Death,1,6,1.0,1.0
CH Gayle,2016,Middle,35,36,6.0,5.83
CH Gayle,2016,Powerplay,21,18,3.0,7.0
CH Gayle,2020,Death,5,5,0.8333333333333334,6.0
CH Morris,2013,Death,140,96,16.0,8.75
CH Morris,2013,Middle,122,102,17.0,7.18
CH Morris,2013,Powerplay,129,102,17.0,7.59
CH Morris,2015,Death,148,96,16.0,9.25
CH Morris,2015,Middle,38,48,8.0,4.75
CH Morris,2015,Powerplay,118,114,19.0,6.21
CH Morris,2016,Death,114,96,16.0,7.12
CH Morris,2016,Middle,56,60,10.0,5.6
CH Morris,2016,Powerplay,124,108,18.0,6.89
CH Morris,2017,Death,85,72,12.0,7.08
CH Morris,2017,Middle,52,30,5.0,10.4
CH Morris,2017,Powerplay,100,84,14.0,7.14
CH Morris,2018,Death,41,24,4.0,10.25
CH Morris,2018,Middle,49,24,4.0,12.25
CH Morris,2018,Powerplay,50,36,6.0,8.33
CH Morris,2019,Death,102,78,13.0,7.85
CH Morris,2019,Middle,87,54,9.0,9.67
CH Morris,2019,Powerplay,103,66,11.0,9.36
CH Morris,2020,Death,65,58,9.666666666666666,6.72
CH Morris,2020,Middle,45,42,7.0,6.43
CH Morris,2020,Powerplay,86,90,15.0,5.73
CH Morris,2021,Death,111,66,11.0,10.09
CH Morris,2021,Middle,138,96,16.0,8.62
CH Morris,2021,Powerplay,107,84,14.0,7.64
CJ Anderson,2014,Death,39,18,3.0,13.0
CJ Anderson,2014,Middle,50,36,6.0,8.33
CJ Anderson,2014,Powerplay,88,54,9.0,9.78
CJ Anderson,2015,Middle,12,12,2.0,6.0
CJ Anderson,2015,Powerplay,21,12,2.0,10.5
CJ Anderson,2017,Death,48,24,4.0,12.0
CJ Anderson,2017,Middle,122,84,14.0,8.71
CJ Anderson,2017,Powerplay,7,5,0.8333333333333334,8.4
CJ Anderson,2018,Death,59,22,3.6666666666666665,16.09
CJ Anderson,2018,Middle,51,30,5.0,10.2
CJ Dala,2018,Middle,17,12,2.0,8.5
CJ Dala,2018,Powerplay,16,6,1.0,16.0
CJ Green,2020,Death,8,5,0.8333333333333334,9.6
CJ Green,2020,Powerplay,16,12,2.0,8.0
CJ Jordan,2016,Death,107,60,10.0,10.7
CJ Jordan,2016,Middle,83,78,13.0,6.38
CJ Jordan,2016,Powerplay,49,30,5.0,9.8
CJ Jordan,2017,Powerplay,8,6,1.0,8.0
CJ Jordan,2018,Death,12,6,1.0,12.0
CJ Jordan,2018,Middle,4,6,1.0,4.0
CJ Jordan,2018,Powerplay,14,12,2.0,7.0
CJ Jordan,2020,Death,153,81,13.5,11.33
CJ Jordan,2020,Middle,84,78,13.0,6.46
CJ Jordan,2020,Powerplay,62,36,6.0,10.33
CJ Jordan,2021,Death,37,24,4.0,9.25
CJ Jordan,2021,Middle,40,42,7.0,5.71
CJ Jordan,2021,Powerplay,17,6,1.0,17.0
CJ Jordan,2022,Death,63,29,4.833333333333333,13.03
CJ Jordan,2022,Middle,43,24,4.0,10.75
CJ Jordan,2022,Powerplay,22,24,4.0,5.5
CJ Jordan,2023,Death,98,48,8.0,12.25
CJ Jordan,2023,Middle,77,48,8.0,9.62
CJ Jordan,2023,Powerplay,53,36,6.0,8.83
CJ McKay,2012,Death,20,12,2.0,10.0
CJ McKay,2012,Middle,14,18,3.0,4.67
CJ McKay,2012,Powerplay,26,12,2.0,13.0
CK Kapugedera,2008,Death,15,6,1.0,15.0
CK Kapugedera,2008,Middle,34,11,1.8333333333333335,18.55
CK Langeveldt,2009,Death,4,6,1.0,4.0
CK Langeveldt,2009,Middle,2,6,1.0,2.0
CK Langeveldt,2009,Powerplay,8,12,2.0,4.0
CK Langeveldt,2010,Death,33,24,4.0,8.25
CK Langeveldt,2010,Middle,2,6,1.0,2.0
CK Langeveldt,2010,Powerplay,49,36,6.0,8.17
CK Langeveldt,2011,Death,17,12,2.0,8.5
CK Langeveldt,2011,Middle,30,18,3.0,10.0
CK Langeveldt,2011,Powerplay,33,36,6.0,5.5
CL White,2008,Middle,22,6,1.0,22.0
CL White,2010,Middle,18,6,1.0,18.0
CL White,2012,Middle,25,18,3.0,8.33
CL White,2013,Middle,16,12,2.0,8.0
CR Brathwaite,2016,Death,20,13,2.1666666666666665,9.23
CR Brathwaite,2016,Middle,134,108,18.0,7.44
CR Brathwaite,2016,Powerplay,25,18,3.0,8.33
CR Brathwaite,2017,Death,16,6,1.0,16.0
CR Brathwaite,2017,Middle,49,30,5.0,9.8
CR Brathwaite,2018,Death,39,25,4.166666666666667,9.36
CR Brathwaite,2018,Middle,52,36,6.0,8.67
CR Brathwaite,2019,Middle,21,12,2.0,10.5
CR Brathwaite,2019,Powerplay,5,6,1.0,5.0
CR Woakes,2017,Death,135,84,14.0,9.64
CR Woakes,2017,Middle,111,108,18.0,6.17
CR Woakes,2017,Powerplay,126,72,12.0,10.5
CR Woakes,2018,Death,86,44,7.333333333333333,11.73
CR Woakes,2018,Middle,22,18,3.0,7.33
CR Woakes,2018,Powerplay,74,48,8.0,9.25
CR Woakes,2021,Death,45,24,4.0,11.25
CR Woakes,2021,Powerplay,35,42,7.0,5.0
CRD Fernando,2008,Death,77,42,7.0,11.0
CRD Fernando,2008,Middle,58,54,9.0,6.44
CRD Fernando,2008,Powerplay,16,24,4.0,4.0
CRD Fernando,2010,Death,31,30,5.0,6.2
CRD Fernando,2010,Middle,27,30,5.0,5.4
CRD Fernando,2010,Powerplay,67,54,9.0,7.44
CV Varun,2019,Middle,10,12,2.0,5.0
CV Varun,2019,Powerplay,25,6,1.0,25.0
CV Varun,2020,Death,56,36,6.0,9.33
CV Varun,2020,Middle,256,234,39.0,6.56
CV Varun,2020,Powerplay,43,42,7.0,6.14
CV Varun,2021,Death,57,42,7.0,8.14
CV Varun,2021,Middle,276,258,43.0,6.42
CV Varun,2021,Powerplay,107,108,18.0,5.94
CV Varun,2022,Death,17,6,1.0,17.0
CV Varun,2022,Middle,261,199,33.166666666666664,7.87
CV Varun,2022,Powerplay,41,30,5.0,8.2
CV Varun,2023,Death,96,64,10.666666666666666,9.0
CV Varun,2023,Middle,195,156,26.0,7.5
CV Varun,2023,Powerplay,126,96,16.0,7.88
CV Varun,2024,Death,46,24,4.0,11.5
CV Varun,2024,Middle,312,253,42.166666666666664,7.4
CV Varun,2024,Powerplay,34,24,4.0,8.5
CV Varun,2025,Death,33,24,4.0,8.25
CV Varun,2025,Middle,266,210,35.0,7.6
CV Varun,2025,Powerplay,76,66,11.0,6.91
CV Varun,2026,Death,51,24,4.0,12.75
CV Varun,2026,Middle,261,210,35.0,7.46
CV Varun,2026,Powerplay,39,12,2.0,19.5
D Brevis,2022,Death,8,3,0.5,16.0
D Ferreira,2026,Death,16,6,1.0,16.0
D Ferreira,2026,Middle,25,12,2.0,12.5
D Jansen,2023,Death,21,12,2.0,10.5
D Jansen,2023,Middle,13,6,1.0,13.0
D Jansen,2023,Powerplay,15,6,1.0,15.0
D Kalyankrishna,2008,Middle,85,48,8.0,10.62
D Madushanka,2026,Middle,17,12,2.0,8.5
D Madushanka,2026,Powerplay,15,12,2.0,7.5
D Pretorius,2022,Death,113,54,9.0,12.56
D Pretorius,2022,Middle,85,72,12.0,7.08
D Pretorius,2023,Death,17,12,2.0,8.5
D Pretorius,2023,Middle,7,12,2.0,3.5
D Salunkhe,2008,Middle,69,47,7.833333333333333,8.81
D Wiese,2015,Death,64,44,7.333333333333333,8.73
D Wiese,2015,Middle,222,150,25.0,8.88
D Wiese,2015,Powerplay,58,60,10.0,5.8
D Wiese,2016,Death,11,6,1.0,11.0
D Wiese,2016,Middle,34,18,3.0,11.33
D Wiese,2023,Middle,15,6,1.0,15.0
D Wiese,2023,Powerplay,23,12,2.0,11.5
D du Preez,2009,Death,13,6,1.0,13.0
D du Preez,2009,Middle,28,18,3.0,9.33
D du Preez,2009,Powerplay,12,18,3.0,4.0
DA Payne,2026,Middle,26,18,3.0,8.67
DA Payne,2026,Powerplay,43,12,2.0,21.5
DA Warner,2020,Middle,1,1,0.16666666666666666,6.0
DAJ Bracewell,2012,Death,10,6,1.0,10.0
DAJ Bracewell,2012,Middle,14,12,2.0,7.0
DAJ Bracewell,2012,Powerplay,7,6,1.0,7.0
DB Ravi Teja,2008,Middle,19,12,2.0,9.5
DB Ravi Teja,2011,Middle,9,6,1.0,9.0
DE Bollinger,2010,Death,104,66,11.0,9.45
DE Bollinger,2010,Middle,5,6,1.0,5.0
DE Bollinger,2010,Powerplay,89,114,19.0,4.68
DE Bollinger,2011,Death,121,120,20.0,6.05
DE Bollinger,2011,Middle,23,24,4.0,5.75
DE Bollinger,2011,Powerplay,167,138,23.0,7.26
DE Bollinger,2012,Death,31,24,4.0,7.75
DE Bollinger,2012,Middle,12,12,2.0,6.0
DE Bollinger,2012,Powerplay,109,72,12.0,9.08
DG Nalkande,2022,Death,6,1,0.16666666666666666,36.0
DG Nalkande,2022,Middle,51,30,5.0,10.2
DG Nalkande,2023,Middle,22,12,2.0,11.0
DG Nalkande,2023,Powerplay,21,12,2.0,10.5
DG Nalkande,2024,Death,17,11,1.8333333333333335,9.27
DG Nalkande,2024,Middle,26,18,3.0,8.67
DJ Bravo,2008,Death,39,26,4.333333333333333,9.0
DJ Bravo,2008,Middle,156,109,18.166666666666668,8.59
DJ Bravo,2008,Powerplay,27,36,6.0,4.5
DJ Bravo,2009,Death,59,43,7.166666666666667,8.23
DJ Bravo,2009,Middle,84,66,11.0,7.64
DJ Bravo,2009,Powerplay,103,90,15.0,6.87
DJ Bravo,2010,Death,32,19,3.1666666666666665,10.11
DJ Bravo,2010,Middle,136,96,16.0,8.5
DJ Bravo,2010,Powerplay,55,42,7.0,7.86
DJ Bravo,2011,Death,25,12,2.0,12.5
DJ Bravo,2011,Middle,113,102,17.0,6.65
DJ Bravo,2011,Powerplay,10,6,1.0,10.0
DJ Bravo,2012,Death,160,106,17.666666666666668,9.06
DJ Bravo,2012,Middle,244,222,37.0,6.59
DJ Bravo,2012,Powerplay,38,18,3.0,12.67
DJ Bravo,2013,Death,206,159,26.5,7.77
DJ Bravo,2013,Middle,264,210,35.0,7.54
DJ Bravo,2013,Powerplay,10,6,1.0,10.0
DJ Bravo,2015,Death,231,170,28.333333333333332,8.15
DJ Bravo,2015,Middle,179,144,24.0,7.46
DJ Bravo,2016,Death,258,138,23.0,11.22
DJ Bravo,2016,Middle,198,186,31.0,6.39
DJ Bravo,2016,Powerplay,21,12,2.0,10.5
DJ Bravo,2018,Death,289,147,24.5,11.8
DJ Bravo,2018,Middle,227,174,29.0,7.83
DJ Bravo,2019,Death,129,85,14.166666666666666,9.11
DJ Bravo,2019,Middle,176,156,26.0,6.77
DJ Bravo,2019,Powerplay,2,6,1.0,2.0
DJ Bravo,2020,Death,71,48,8.0,8.88
DJ Bravo,2020,Middle,100,78,13.0,7.69
DJ Bravo,2021,Death,124,88,14.666666666666666,8.45
DJ Bravo,2021,Middle,119,114,19.0,6.26
DJ Bravo,2022,Death,104,74,12.333333333333334,8.43
DJ Bravo,2022,Middle,153,120,20.0,7.65
DJ Bravo,2022,Powerplay,18,12,2.0,9.0
DJ Harris,2012,Death,10,6,1.0,10.0
DJ Harris,2012,Middle,16,12,2.0,8.0
DJ Hooda,2015,Death,19,7,1.1666666666666667,16.29
DJ Hooda,2015,Middle,69,60,10.0,6.9
DJ Hooda,2015,Powerplay,34,24,4.0,8.5
DJ Hooda,2016,Middle,69,54,9.0,7.67
DJ Hooda,2016,Powerplay,25,24,4.0,6.25
DJ Hooda,2017,Middle,25,18,3.0,8.33
DJ Hooda,2017,Powerplay,17,6,1.0,17.0
DJ Hooda,2018,Middle,23,18,3.0,7.67
DJ Hooda,2019,Middle,20,12,2.0,10.0
DJ Hooda,2020,Middle,9,6,1.0,9.0
DJ Hooda,2021,Death,7,6,1.0,7.0
DJ Hooda,2021,Middle,111,72,12.0,9.25
DJ Hooda,2021,Powerplay,18,18,3.0,6.0
DJ Hooda,2022,Middle,43,24,4.0,10.75
DJ Hooda,2023,Middle,8,6,1.0,8.0
DJ Hooda,2024,Middle,21,18,3.0,7.0
DJ Hooda,2025,Middle,14,6,1.0,14.0
DJ Hussey,2008,Death,19,6,1.0,19.0
DJ Hussey,2008,Middle,110,72,12.0,9.17
DJ Hussey,2009,Middle,23,18,3.0,7.67
DJ Hussey,2009,Powerplay,10,6,1.0,10.0
DJ Hussey,2010,Middle,74,54,9.0,8.22
DJ Hussey,2010,Powerplay,6,6,1.0,6.0
DJ Hussey,2011,Middle,23,12,2.0,11.5
DJ Hussey,2011,Powerplay,15,6,1.0,15.0
DJ Hussey,2012,Death,19,12,2.0,9.5
DJ Hussey,2012,Middle,30,36,6.0,5.0
DJ Hussey,2012,Powerplay,13,6,1.0,13.0
DJ Hussey,2013,Death,26,6,1.0,26.0
DJ Hussey,2013,Middle,51,48,8.0,6.38
DJ Hussey,2013,Powerplay,12,12,2.0,6.0
DJ Hussey,2014,Death,26,11,1.8333333333333335,14.18
DJ Hussey,2014,Middle,10,6,1.0,10.0
DJ Mitchell,2022,Middle,26,12,2.0,13.0
DJ Mitchell,2024,Middle,68,36,6.0,11.33
DJ Muthuswami,2015,Death,1,6,1.0,1.0
DJ Muthuswami,2015,Middle,8,6,1.0,8.0
DJ Muthuswami,2015,Powerplay,92,72,12.0,7.67
DJ Thornely,2008,Middle,38,42,7.0,5.43
DJ Willey,2018,Death,30,18,3.0,10.0
DJ Willey,2018,Middle,26,18,3.0,8.67
DJ Willey,2018,Powerplay,38,24,4.0,9.5
DJ Willey,2022,Middle,13,6,1.0,13.0
DJ Willey,2022,Powerplay,59,60,10.0,5.9
DJ Willey,2023,Death,10,6,1.0,10.0
DJ Willey,2023,Middle,37,30,5.0,7.4
DJ Willey,2023,Powerplay,54,54,9.0,6.0
DJG Sammy,2013,Death,46,26,4.333333333333333,10.62
DJG Sammy,2013,Middle,97,96,16.0,6.06
DJG Sammy,2013,Powerplay,18,12,2.0,9.0
DJG Sammy,2014,Middle,138,72,12.0,11.5
DJG Sammy,2014,Powerplay,15,12,2.0,7.5
DJG Sammy,2015,Middle,25,18,3.0,8.33
DJM Short,2018,Middle,19,18,3.0,6.33
DL Chahar,2016,Middle,7,6,1.0,7.0
DL Chahar,2016,Powerplay,31,24,4.0,7.75
DL Chahar,2017,Powerplay,72,42,7.0,10.29
DL Chahar,2018,Middle,34,36,6.0,5.67
DL Chahar,2018,Powerplay,224,193,32.166666666666664,6.96
DL Chahar,2019,Death,70,57,9.5,7.37
DL Chahar,2019,Middle,37,30,5.0,7.4
DL Chahar,2019,Powerplay,356,300,50.0,7.12
DL Chahar,2020,Death,58,42,7.0,8.29
DL Chahar,2020,Middle,59,48,8.0,7.38
DL Chahar,2020,Powerplay,270,222,37.0,7.3
DL Chahar,2021,Death,34,24,4.0,8.5
DL Chahar,2021,Middle,79,60,10.0,7.9
DL Chahar,2021,Powerplay,323,240,40.0,8.07
DL Chahar,2023,Death,50,24,4.0,12.5
DL Chahar,2023,Middle,14,18,3.0,4.67
DL Chahar,2023,Powerplay,222,162,27.0,8.22
DL Chahar,2024,Death,6,1,0.16666666666666666,36.0
DL Chahar,2024,Middle,26,18,3.0,8.67
DL Chahar,2024,Powerplay,165,122,20.333333333333332,8.11
DL Chahar,2025,Death,41,18,3.0,13.67
DL Chahar,2025,Middle,46,30,5.0,9.2
DL Chahar,2025,Powerplay,266,198,33.0,8.06
DL Chahar,2026,Death,45,27,4.5,10.0
DL Chahar,2026,Middle,60,24,4.0,15.0
DL Chahar,2026,Powerplay,151,102,17.0,8.88
DL Vettori,2008,Death,19,18,3.0,6.33
DL Vettori,2008,Middle,35,30,5.0,7.0
DL Vettori,2009,Death,36,19,3.1666666666666665,11.37
DL Vettori,2009,Middle,143,120,20.0,7.15
DL Vettori,2010,Death,29,22,3.6666666666666665,7.91
DL Vettori,2010,Middle,42,36,6.0,7.0
DL Vettori,2010,Powerplay,24,12,2.0,12.0
DL Vettori,2011,Death,27,16,2.6666666666666665,10.12
DL Vettori,2011,Middle,235,246,41.0,5.73
DL Vettori,2011,Powerplay,47,48,8.0,5.88
DL Vettori,2012,Death,28,18,3.0,9.33
DL Vettori,2012,Middle,181,162,27.0,6.7
DL Vettori,2012,Powerplay,25,30,5.0,5.0
DNT Zoysa,2008,Death,28,18,3.0,9.33
DNT Zoysa,2008,Middle,21,12,2.0,10.5
DNT Zoysa,2008,Powerplay,44,36,6.0,7.33
DP Nannes,2009,Death,114,87,14.5,7.86
DP Nannes,2009,Middle,75,54,9.0,8.33
DP Nannes,2009,Powerplay,160,156,26.0,6.15
DP Nannes,2010,Death,86,68,11.333333333333334,7.59
DP Nannes,2010,Middle,42,36,6.0,7.0
DP Nannes,2010,Powerplay,80,102,17.0,4.71
DP Nannes,2011,Death,6,6,1.0,6.0
DP Nannes,2011,Middle,8,6,1.0,8.0
DP Nannes,2011,Powerplay,16,12,2.0,8.0
DP Nannes,2013,Death,42,23,3.8333333333333335,10.96
DP Nannes,2013,Middle,33,24,4.0,8.25
DP Nannes,2013,Powerplay,70,72,12.0,5.83
DP Vijaykumar,2008,Death,45,26,4.333333333333333,10.38
DP Vijaykumar,2008,Middle,23,24,4.0,5.75
DP Vijaykumar,2008,Powerplay,122,102,17.0,7.18
DR Sams,2020,Death,44,18,3.0,14.67
DR Sams,2020,Middle,30,24,4.0,7.5
DR Sams,2020,Powerplay,35,30,5.0,7.0
DR Sams,2021,Death,6,6,1.0,6.0
DR Sams,2021,Middle,8,6,1.0,8.0
DR Sams,2021,Powerplay,23,24,4.0,5.75
DR Sams,2022,Death,43,24,4.0,10.75
DR Sams,2022,Middle,159,102,17.0,9.35
DR Sams,2022,Powerplay,139,126,21.0,6.62
DR Smith,2008,Middle,76,66,11.0,6.91
DR Smith,2009,Death,18,12,2.0,9.0
DR Smith,2009,Middle,52,48,8.0,6.5
DR Smith,2009,Powerplay,52,24,4.0,13.0
DR Smith,2010,Death,7,5,0.8333333333333334,8.4
DR Smith,2010,Middle,5,6,1.0,5.0
DR Smith,2010,Powerplay,24,12,2.0,12.0
DR Smith,2012,Death,10,6,1.0,10.0
DR Smith,2012,Middle,83,72,12.0,6.92
DR Smith,2013,Death,10,6,1.0,10.0
DR Smith,2013,Middle,46,24,4.0,11.5
DR Smith,2014,Middle,93,60,10.0,9.3
DR Smith,2015,Middle,17,12,2.0,8.5
DR Smith,2016,Death,21,6,1.0,21.0
DR Smith,2016,Middle,97,78,13.0,7.46
DR Smith,2016,Powerplay,26,24,4.0,6.5
DR Smith,2017,Death,18,6,1.0,18.0
DR Smith,2017,Middle,109,66,11.0,9.91
DR Smith,2017,Powerplay,17,6,1.0,17.0
DS Kulkarni,2008,Death,70,51,8.5,8.24
DS Kulkarni,2008,Middle,74,84,14.0,5.29
DS Kulkarni,2008,Powerplay,66,42,7.0,9.43
DS Kulkarni,2009,Death,3,6,1.0,3.0
DS Kulkarni,2009,Middle,61,42,7.0,8.71
DS Kulkarni,2009,Powerplay,134,108,18.0,7.44
DS Kulkarni,2010,Death,12,6,1.0,12.0
DS Kulkarni,2010,Powerplay,23,18,3.0,7.67
DS Kulkarni,2011,Death,34,24,4.0,8.5
DS Kulkarni,2011,Middle,65,54,9.0,7.22
DS Kulkarni,2011,Powerplay,42,42,7.0,6.0
DS Kulkarni,2012,Death,24,12,2.0,12.0
DS Kulkarni,2012,Middle,14,6,1.0,14.0
DS Kulkarni,2012,Powerplay,21,30,5.0,4.2
DS Kulkarni,2013,Death,39,36,6.0,6.5
DS Kulkarni,2013,Middle,34,24,4.0,8.5
DS Kulkarni,2013,Powerplay,67,52,8.666666666666666,7.73
DS Kulkarni,2014,Death,73,36,6.0,12.17
DS Kulkarni,2014,Middle,50,36,6.0,8.33
DS Kulkarni,2014,Powerplay,87,90,15.0,5.8
DS Kulkarni,2015,Death,24,12,2.0,12.0
DS Kulkarni,2015,Middle,99,78,13.0,7.62
DS Kulkarni,2015,Powerplay,138,120,20.0,6.9
DS Kulkarni,2016,Death,50,36,6.0,8.33
DS Kulkarni,2016,Middle,94,66,11.0,8.55
DS Kulkarni,2016,Powerplay,217,192,32.0,6.78
DS Kulkarni,2017,Middle,86,53,8.833333333333334,9.74
DS Kulkarni,2017,Powerplay,82,60,10.0,8.2
DS Kulkarni,2018,Middle,42,23,3.8333333333333335,10.96
DS Kulkarni,2018,Powerplay,139,96,16.0,8.69
DS Kulkarni,2019,Death,63,24,4.0,15.75
DS Kulkarni,2019,Middle,70,42,7.0,10.0
DS Kulkarni,2019,Powerplay,191,144,24.0,7.96
DS Kulkarni,2020,Middle,8,6,1.0,8.0
DS Kulkarni,2020,Powerplay,12,12,2.0,6.0
DS Kulkarni,2021,Death,13,6,1.0,13.0
DS Kulkarni,2021,Middle,16,6,1.0,16.0
DS Kulkarni,2021,Powerplay,17,12,2.0,8.5
DS Rathi,2025,Death,81,54,9.0,9.0
DS Rathi,2025,Middle,219,168,28.0,7.82
DS Rathi,2025,Powerplay,115,90,15.0,7.67
DS Rathi,2026,Death,43,18,3.0,14.33
DS Rathi,2026,Middle,260,168,28.0,9.29
DS Rathi,2026,Powerplay,88,48,8.0,11.0
DT Christian,2011,Death,67,34,5.666666666666667,11.82
DT Christian,2011,Middle,190,174,29.0,6.55
DT Christian,2011,Powerplay,75,66,11.0,6.82
DT Christian,2012,Death,84,42,7.0,12.0
DT Christian,2012,Middle,70,66,11.0,6.36
DT Christian,2012,Powerplay,72,54,9.0,8.0
DT Christian,2013,Death,19,6,1.0,19.0
DT Christian,2013,Middle,10,12,2.0,5.0
DT Christian,2013,Powerplay,20,18,3.0,6.67
DT Christian,2017,Death,88,60,10.0,8.8
DT Christian,2017,Middle,162,150,25.0,6.48
DT Christian,2017,Powerplay,39,30,5.0,7.8
DT Christian,2018,Death,21,11,1.8333333333333335,11.45
DT Christian,2018,Middle,62,54,9.0,6.89
DT Christian,2018,Powerplay,18,6,1.0,18.0
DT Christian,2021,Death,14,10,1.6666666666666665,8.4
DT Christian,2021,Middle,122,84,14.0,8.71
DT Christian,2021,Powerplay,15,6,1.0,15.0
DW Steyn,2008,Death,38,30,5.0,7.6
DW Steyn,2008,Middle,63,66,11.0,5.73
DW Steyn,2008,Powerplay,121,132,22.0,5.5
DW Steyn,2009,Death,24,18,3.0,8.0
DW Steyn,2009,Powerplay,33,36,6.0,5.5
DW Steyn,2010,Death,90,78,13.0,6.92
DW Steyn,2010,Middle,107,114,19.0,5.63
DW Steyn,2010,Powerplay,180,162,27.0,6.67
DW Steyn,2011,Death,101,81,13.5,7.48
DW Steyn,2011,Middle,53,54,9.0,5.89
DW Steyn,2011,Powerplay,129,138,23.0,5.61
DW Steyn,2012,Death,108,76,12.666666666666666,8.53
DW Steyn,2012,Middle,41,60,10.0,4.1
DW Steyn,2012,Powerplay,122,144,24.0,5.08
DW Steyn,2013,Death,137,113,18.833333333333332,7.27
DW Steyn,2013,Middle,76,90,15.0,5.07
DW Steyn,2013,Powerplay,164,210,35.0,4.69
DW Steyn,2014,Death,152,96,16.0,9.5
DW Steyn,2014,Middle,99,72,12.0,8.25
DW Steyn,2014,Powerplay,174,168,28.0,6.21
DW Steyn,2015,Death,9,6,1.0,9.0
DW Steyn,2015,Middle,62,42,7.0,8.86
DW Steyn,2015,Powerplay,97,66,11.0,8.82
DW Steyn,2016,Powerplay,16,12,2.0,8.0
DW Steyn,2019,Death,31,12,2.0,15.5
DW Steyn,2019,Powerplay,38,36,6.0,6.33
DW Steyn,2020,Death,54,22,3.6666666666666665,14.73
DW Steyn,2020,Middle,24,12,2.0,12.0
DW Steyn,2020,Powerplay,50,36,6.0,8.33
E Malinga,2025,Death,51,40,6.666666666666667,7.65
E Malinga,2025,Middle,127,96,16.0,7.94
E Malinga,2025,Powerplay,55,24,4.0,13.75
E Malinga,2026,Death,101,62,10.333333333333334,9.77
E Malinga,2026,Middle,210,144,24.0,8.75
E Malinga,2026,Powerplay,171,120,20.0,8.55
F du Plessis,2012,Middle,16,6,1.0,16.0
FA Allen,2021,Middle,69,54,9.0,7.67
FA Allen,2021,Powerplay,20,12,2.0,10.0
FA Allen,2022,Middle,35,18,3.0,11.67
FA Allen,2022,Powerplay,11,6,1.0,11.0
FH Edwards,2009,Death,64,44,7.333333333333333,8.73
FH Edwards,2009,Middle,22,18,3.0,7.33
FH Edwards,2009,Powerplay,54,78,13.0,4.15
FY Fazal,2010,Middle,20,12,2.0,10.0
Fazalhaq Farooqi,2022,Death,47,18,3.0,15.67
Fazalhaq Farooqi,2022,Middle,32,24,4.0,8.0
Fazalhaq Farooqi,2022,Powerplay,27,30,5.0,5.4
Fazalhaq Farooqi,2023,Death,22,14,2.3333333333333335,9.43
Fazalhaq Farooqi,2023,Middle,27,24,4.0,6.75
Fazalhaq Farooqi,2023,Powerplay,62,42,7.0,8.86
Fazalhaq Farooqi,2025,Death,52,18,3.0,17.33
Fazalhaq Farooqi,2025,Middle,55,24,4.0,13.75
Fazalhaq Farooqi,2025,Powerplay,101,60,10.0,10.1
G Coetzee,2024,Death,52,42,7.0,7.43
G Coetzee,2024,Middle,158,93,15.5,10.19
G Coetzee,2024,Powerplay,108,66,11.0,9.82
G Coetzee,2025,Death,43,18,3.0,14.33
G Coetzee,2025,Middle,84,54,9.0,9.33
GB Hogg,2012,Death,27,24,4.0,6.75
GB Hogg,2012,Middle,204,180,30.0,6.8
GB Hogg,2012,Powerplay,10,12,2.0,5.0
GB Hogg,2013,Death,4,2,0.3333333333333333,12.0
GB Hogg,2013,Middle,25,18,3.0,8.33
GB Hogg,2015,Death,43,36,6.0,7.17
GB Hogg,2015,Middle,68,66,11.0,6.18
GB Hogg,2015,Powerplay,31,24,4.0,7.75
GB Hogg,2016,Death,32,18,3.0,10.67
GB Hogg,2016,Middle,94,66,11.0,8.55
GB Hogg,2016,Powerplay,10,12,2.0,5.0
GC Viljoen,2019,Death,75,30,5.0,15.0
GC Viljoen,2019,Middle,81,72,12.0,6.75
GC Viljoen,2019,Powerplay,54,36,6.0,9.0
GD McGrath,2008,Death,100,66,11.0,9.09
GD McGrath,2008,Middle,44,36,6.0,7.33
GD McGrath,2008,Powerplay,207,222,37.0,5.59
GD Phillips,2021,Middle,19,12,2.0,9.5
GD Phillips,2023,Middle,16,12,2.0,8.0
GD Phillips,2023,Powerplay,4,6,1.0,4.0
GF Linde,2026,Middle,55,37,6.166666666666667,8.92
GH Vihari,2013,Middle,4,12,2.0,2.0
GH Vihari,2013,Powerplay,33,24,4.0,8.25
GH Vihari,2019,Middle,9,6,1.0,9.0
GHS Garton,2021,Death,12,12,2.0,6.0
GHS Garton,2021,Middle,15,18,3.0,5.0
GHS Garton,2021,Powerplay,100,60,10.0,10.0
GJ Maxwell,2012,Middle,10,12,2.0,5.0
GJ Maxwell,2012,Powerplay,11,6,1.0,11.0
GJ Maxwell,2013,Middle,23,12,2.0,11.5
GJ Maxwell,2014,Middle,107,60,10.0,10.7
GJ Maxwell,2014,Powerplay,20,6,1.0,20.0
GJ Maxwell,2015,Middle,93,60,10.0,9.3
GJ Maxwell,2016,Middle,56,42,7.0,8.0
GJ Maxwell,2016,Powerplay,22,12,2.0,11.0
GJ Maxwell,2017,Death,5,6,1.0,5.0
GJ Maxwell,2017,Middle,101,102,17.0,5.94
GJ Maxwell,2017,Powerplay,18,6,1.0,18.0
GJ Maxwell,2018,Death,8,6,1.0,8.0
GJ Maxwell,2018,Middle,73,54,9.0,8.11
GJ Maxwell,2018,Powerplay,49,36,6.0,8.17
GJ Maxwell,2020,Middle,125,96,16.0,7.81
GJ Maxwell,2020,Powerplay,44,30,5.0,8.8
GJ Maxwell,2021,Middle,92,72,12.0,7.67
GJ Maxwell,2021,Powerplay,40,24,4.0,10.0
GJ Maxwell,2022,Death,7,6,1.0,7.0
GJ Maxwell,2022,Middle,96,78,13.0,7.38
GJ Maxwell,2022,Powerplay,60,60,10.0,6.0
GJ Maxwell,2023,Death,16,8,1.3333333333333333,12.0
GJ Maxwell,2023,Middle,56,36,6.0,9.33
GJ Maxwell,2023,Powerplay,20,18,3.0,6.67
GJ Maxwell,2024,Middle,84,66,11.0,7.64
GJ Maxwell,2024,Powerplay,39,30,5.0,7.8
GJ Maxwell,2025,Middle,67,48,8.0,8.38
GJ Maxwell,2025,Powerplay,39,30,5.0,7.8
GR Napier,2009,Middle,24,18,3.0,8.0
GR Napier,2009,Powerplay,3,6,1.0,3.0
GS Sandhu,2015,Death,50,24,4.0,12.5
GS Sandhu,2015,Middle,25,18,3.0,8.33
GS Sandhu,2015,Powerplay,7,6,1.0,7.0
Gagandeep Singh,2008,Death,56,18,3.0,18.67
Gagandeep Singh,2008,Middle,78,60,10.0,7.8
Gagandeep Singh,2008,Powerplay,7,6,1.0,7.0
Gulbadin Naib,2024,Middle,12,6,1.0,12.0
Gurjapneet Singh,2026,Death,48,31,5.166666666666667,9.29
Gurjapneet Singh,2026,Middle,159,108,18.0,8.83
Gurjapneet Singh,2026,Powerplay,14,12,2.0,7.0
Gurkeerat Singh,2015,Middle,45,42,7.0,6.43
Gurkeerat Singh,2015,Powerplay,19,12,2.0,9.5
Gurkeerat Singh,2016,Middle,29,24,4.0,7.25
Gurnoor Brar,2023,Middle,21,6,1.0,21.0
Gurnoor Brar,2023,Powerplay,17,12,2.0,8.5
H Sharma,2023,Middle,28,18,3.0,9.33
H Sharma,2024,Middle,29,12,2.0,14.5
HF Gurney,2019,Death,104,48,8.0,13.0
HF Gurney,2019,Middle,64,48,8.0,8.0
HF Gurney,2019,Powerplay,62,66,11.0,5.64
HH Pandya,2015,Death,36,12,2.0,18.0
HH Pandya,2015,Middle,135,90,15.0,9.0
HH Pandya,2016,Death,9,6,1.0,9.0
HH Pandya,2016,Middle,138,94,15.666666666666666,8.81
HH Pandya,2017,Death,31,24,4.0,7.75
HH Pandya,2017,Middle,126,102,17.0,7.41
HH Pandya,2017,Powerplay,50,30,5.0,10.0
HH Pandya,2018,Death,70,40,6.666666666666667,10.5
HH Pandya,2018,Middle,144,126,21.0,6.86
HH Pandya,2018,Powerplay,147,90,15.0,9.8
HH Pandya,2019,Death,118,51,8.5,13.88
HH Pandya,2019,Middle,209,168,28.0,7.46
HH Pandya,2019,Powerplay,48,36,6.0,8.0
HH Pandya,2022,Death,28,21,3.5,8.0
HH Pandya,2022,Middle,129,96,16.0,8.06
HH Pandya,2022,Powerplay,59,66,11.0,5.36
HH Pandya,2023,Middle,62,48,8.0,7.75
HH Pandya,2023,Powerplay,160,102,17.0,9.41
HH Pandya,2024,Death,63,24,4.0,15.75
HH Pandya,2024,Middle,219,138,23.0,9.52
HH Pandya,2024,Powerplay,95,54,9.0,10.56
HH Pandya,2025,Death,78,30,5.0,15.6
HH Pandya,2025,Middle,231,174,29.0,7.97
HH Pandya,2025,Powerplay,14,6,1.0,14.0
HH Pandya,2026,Death,40,16,2.6666666666666665,15.0
HH Pandya,2026,Middle,101,72,12.0,8.42
HH Pandya,2026,Powerplay,99,48,8.0,12.38
HR Shokeen,2022,Middle,97,66,11.0,8.82
HR Shokeen,2022,Powerplay,26,24,4.0,6.5
HR Shokeen,2023,Middle,136,84,14.0,9.71
HR Shokeen,2023,Powerplay,40,30,5.0,8.0
HV Patel,2012,Death,48,24,4.0,12.0
HV Patel,2012,Middle,227,180,30.0,7.57
HV Patel,2012,Powerplay,62,42,7.0,8.86
HV Patel,2014,Death,11,6,1.0,11.0
HV Patel,2014,Middle,61,36,6.0,10.17
HV Patel,2014,Powerplay,35,24,4.0,8.75
HV Patel,2015,Death,68,47,7.833333333333333,8.68
HV Patel,2015,Middle,132,120,20.0,6.6
HV Patel,2015,Powerplay,119,96,16.0,7.44
HV Patel,2016,Death,52,24,4.0,13.0
HV Patel,2016,Middle,51,36,6.0,8.5
HV Patel,2016,Powerplay,34,24,4.0,8.5
HV Patel,2017,Death,14,6,1.0,14.0
HV Patel,2017,Middle,14,12,2.0,7.0
HV Patel,2017,Powerplay,14,6,1.0,14.0
HV Patel,2018,Death,34,27,4.5,7.56
HV Patel,2018,Middle,78,48,8.0,9.75
HV Patel,2018,Powerplay,48,30,5.0,9.6
HV Patel,2019,Middle,63,42,7.0,9.0
HV Patel,2019,Powerplay,6,6,1.0,6.0
HV Patel,2020,Death,17,12,2.0,8.5
HV Patel,2020,Middle,78,60,10.0,7.8
HV Patel,2020,Powerplay,30,18,3.0,10.0
HV Patel,2021,Death,200,140,23.333333333333332,8.57
HV Patel,2021,Middle,189,168,28.0,6.75
HV Patel,2021,Powerplay,35,30,5.0,7.0
HV Patel,2022,Death,190,129,21.5,8.84
HV Patel,2022,Middle,186,186,31.0,6.0
HV Patel,2022,Powerplay,9,6,1.0,9.0
HV Patel,2023,Death,168,96,16.0,10.5
HV Patel,2023,Middle,255,187,31.166666666666668,8.18
HV Patel,2024,Death,171,102,17.0,10.06
HV Patel,2024,Middle,210,150,25.0,8.4
HV Patel,2024,Powerplay,63,42,7.0,9.0
HV Patel,2025,Death,112,77,12.833333333333334,8.73
HV Patel,2025,Middle,179,126,21.0,8.52
HV Patel,2025,Powerplay,96,60,10.0,9.6
HV Patel,2026,Death,13,12,2.0,6.5
HV Patel,2026,Middle,112,64,10.666666666666666,10.5
HV Patel,2026,Powerplay,21,6,1.0,21.0
Harbhajan Singh,2008,Death,24,18,3.0,8.0
Harbhajan Singh,2008,Middle,55,42,7.0,7.86
Harbhajan Singh,2009,Death,32,30,5.0,6.4
Harbhajan Singh,2009,Middle,171,192,32.0,5.34
Harbhajan Singh,2009,Powerplay,49,42,7.0,7.0
Harbhajan Singh,2010,Death,29,33,5.5,5.27
Harbhajan Singh,2010,Middle,245,210,35.0,7.0
Harbhajan Singh,2010,Powerplay,86,78,13.0,6.62
Harbhajan Singh,2011,Death,54,48,8.0,6.75
Harbhajan Singh,2011,Middle,188,156,26.0,7.23
Harbhajan Singh,2011,Powerplay,116,114,19.0,6.11
Harbhajan Singh,2012,Death,23,12,2.0,11.5
Harbhajan Singh,2012,Middle,308,258,43.0,7.16
Harbhajan Singh,2012,Powerplay,36,54,9.0,4.0
Harbhajan Singh,2013,Death,34,18,3.0,11.33
Harbhajan Singh,2013,Middle,319,324,54.0,5.91
Harbhajan Singh,2013,Powerplay,86,78,13.0,6.62
Harbhajan Singh,2014,Death,32,12,2.0,16.0
Harbhajan Singh,2014,Middle,270,270,45.0,6.0
Harbhajan Singh,2014,Powerplay,48,48,8.0,6.0
Harbhajan Singh,2015,Middle,362,300,50.0,7.24
Harbhajan Singh,2015,Powerplay,74,42,7.0,10.57
Harbhajan Singh,2016,Middle,344,264,44.0,7.82
Harbhajan Singh,2016,Powerplay,42,30,5.0,8.4
Harbhajan Singh,2017,Middle,212,186,31.0,6.84
Harbhajan Singh,2017,Powerplay,53,60,10.0,5.3
Harbhajan Singh,2018,Middle,183,144,24.0,7.62
Harbhajan Singh,2018,Powerplay,85,47,7.833333333333333,10.85
Harbhajan Singh,2019,Middle,118,114,19.0,6.21
Harbhajan Singh,2019,Powerplay,187,150,25.0,7.48
Harbhajan Singh,2021,Death,18,6,1.0,18.0
Harbhajan Singh,2021,Middle,11,6,1.0,11.0
Harbhajan Singh,2021,Powerplay,31,30,5.0,6.2
Harmeet Singh,2009,Death,41,17,2.8333333333333335,14.47
Harmeet Singh,2009,Middle,111,96,16.0,6.94
Harmeet Singh,2009,Powerplay,35,24,4.0,8.75
Harmeet Singh,2010,Death,25,30,5.0,5.0
Harmeet Singh,2010,Middle,90,84,14.0,6.43
Harmeet Singh,2010,Powerplay,48,30,5.0,9.6
Harmeet Singh,2011,Death,14,6,1.0,14.0
Harmeet Singh,2011,Middle,27,24,4.0,6.75
Harmeet Singh,2011,Powerplay,6,12,2.0,3.0
Harmeet Singh,2012,Death,22,26,4.333333333333333,5.08
Harmeet Singh,2012,Middle,143,102,17.0,8.41
Harmeet Singh,2012,Powerplay,14,6,1.0,14.0
Harmeet Singh,2013,Death,28,20,3.3333333333333335,8.4
Harmeet Singh,2013,Middle,56,48,8.0,7.0
Harmeet Singh,2013,Powerplay,33,24,4.0,8.25
Harpreet Brar,2019,Middle,24,18,3.0,8.0
Harpreet Brar,2019,Powerplay,24,12,2.0,12.0
Harpreet Brar,2020,Middle,33,18,3.0,11.0
Harpreet Brar,2020,Powerplay,7,6,1.0,7.0
Harpreet Brar,2021,Middle,128,132,22.0,5.82
Harpreet Brar,2021,Powerplay,6,6,1.0,6.0
Harpreet Brar,2022,Death,10,6,1.0,10.0
Harpreet Brar,2022,Middle,99,72,12.0,8.25
Harpreet Brar,2022,Powerplay,32,18,3.0,10.67
Harpreet Brar,2023,Death,43,19,3.1666666666666665,13.58
Harpreet Brar,2023,Middle,98,96,16.0,6.12
Harpreet Brar,2023,Powerplay,74,48,8.0,9.25
Harpreet Brar,2024,Death,17,12,2.0,8.5
Harpreet Brar,2024,Middle,251,198,33.0,7.61
Harpreet Brar,2024,Powerplay,29,18,3.0,9.67
Harpreet Brar,2025,Death,20,12,2.0,10.0
Harpreet Brar,2025,Middle,104,90,15.0,6.93
Harpreet Brar,2025,Powerplay,58,30,5.0,11.6
Harpreet Brar,2026,Middle,39,30,5.0,7.8
Harpreet Brar,2026,Powerplay,20,18,3.0,6.67
Harsh Dubey,2025,Middle,73,48,8.0,9.12
Harsh Dubey,2025,Powerplay,24,12,2.0,12.0
Harsh Dubey,2026,Death,42,30,5.0,8.4
Harsh Dubey,2026,Middle,110,60,10.0,11.0
Harsh Dubey,2026,Powerplay,68,42,7.0,9.71
Harshit Rana,2022,Middle,21,18,3.0,7.0
Harshit Rana,2022,Powerplay,23,12,2.0,11.5
Harshit Rana,2023,Death,21,6,1.0,21.0
Harshit Rana,2023,Middle,14,12,2.0,7.0
Harshit Rana,2023,Powerplay,105,84,14.0,7.5
Harshit Rana,2024,Death,105,67,11.166666666666666,9.4
Harshit Rana,2024,Middle,132,102,17.0,7.76
Harshit Rana,2024,Powerplay,135,84,14.0,9.64
Harshit Rana,2025,Death,91,60,10.0,9.1
Harshit Rana,2025,Middle,154,90,15.0,10.27
Harshit Rana,2025,Powerplay,188,114,19.0,9.89
I Malhotra,2011,Middle,23,6,1.0,23.0
I Sharma,2008,Death,65,40,6.666666666666667,9.75
I Sharma,2008,Middle,66,54,9.0,7.33
I Sharma,2008,Powerplay,169,159,26.5,6.38
I Sharma,2009,Death,62,42,7.0,8.86
I Sharma,2009,Middle,59,60,10.0,5.9
I Sharma,2009,Powerplay,153,156,26.0,5.88
I Sharma,2010,Death,61,36,6.0,10.17
I Sharma,2010,Middle,47,30,5.0,9.4
I Sharma,2010,Powerplay,117,84,14.0,8.36
I Sharma,2011,Death,83,42,7.0,11.86
I Sharma,2011,Middle,60,48,8.0,7.5
I Sharma,2011,Powerplay,158,174,29.0,5.45
I Sharma,2013,Death,73,46,7.666666666666667,9.52
I Sharma,2013,Middle,105,84,14.0,7.5
I Sharma,2013,Powerplay,265,228,38.0,6.97
I Sharma,2014,Death,4,6,1.0,4.0
I Sharma,2014,Middle,71,48,8.0,8.88
I Sharma,2014,Powerplay,24,12,2.0,12.0
I Sharma,2015,Death,38,18,3.0,12.67
I Sharma,2015,Middle,58,24,4.0,14.5
I Sharma,2015,Powerplay,54,42,7.0,7.71
I Sharma,2016,Death,32,12,2.0,16.0
I Sharma,2016,Middle,23,12,2.0,11.5
I Sharma,2016,Powerplay,80,66,11.0,7.27
I Sharma,2017,Death,20,6,1.0,20.0
I Sharma,2017,Middle,50,24,4.0,12.5
I Sharma,2017,Powerplay,102,78,13.0,7.85
I Sharma,2019,Death,50,36,6.0,8.33
I Sharma,2019,Middle,55,36,6.0,9.17
I Sharma,2019,Powerplay,232,204,34.0,6.82
I Sharma,2020,Middle,12,6,1.0,12.0
I Sharma,2020,Powerplay,12,12,2.0,6.0
I Sharma,2021,Middle,49,24,4.0,12.25
I Sharma,2021,Powerplay,48,48,8.0,6.0
I Sharma,2023,Death,28,18,3.0,9.33
I Sharma,2023,Middle,31,30,5.0,6.2
I Sharma,2023,Powerplay,132,102,17.0,7.76
I Sharma,2024,Death,35,18,3.0,11.67
I Sharma,2024,Middle,54,36,6.0,9.0
I Sharma,2024,Powerplay,151,108,18.0,8.39
I Sharma,2025,Death,44,26,4.333333333333333,10.15
I Sharma,2025,Middle,66,36,6.0,11.0
I Sharma,2025,Powerplay,88,48,8.0,11.0
I Udana,2020,Death,83,54,9.0,9.22
I Udana,2020,Middle,91,66,11.0,8.27
I Udana,2020,Powerplay,100,54,9.0,11.11
IC Pandey,2013,Middle,24,12,2.0,12.0
IC Pandey,2013,Powerplay,21,12,2.0,10.5
IC Pandey,2014,Death,30,18,3.0,10.0
IC Pandey,2014,Middle,118,90,15.0,7.87
IC Pandey,2014,Powerplay,167,144,24.0,6.96
IC Pandey,2015,Death,17,6,1.0,17.0
IC Pandey,2015,Middle,96,72,12.0,8.0
IC Pandey,2015,Powerplay,107,108,18.0,5.94
IC Porel,2021,Middle,13,12,2.0,6.5
IC Porel,2021,Powerplay,24,12,2.0,12.0
IK Pathan,2008,Death,79,72,12.0,6.58
IK Pathan,2008,Middle,99,84,14.0,7.07
IK Pathan,2008,Powerplay,153,162,27.0,5.67
IK Pathan,2009,Death,144,110,18.333333333333332,7.85
IK Pathan,2009,Middle,42,30,5.0,8.4
IK Pathan,2009,Powerplay,192,162,27.0,7.11
IK Pathan,2010,Death,152,80,13.333333333333334,11.4
IK Pathan,2010,Middle,113,90,15.0,7.53
IK Pathan,2010,Powerplay,149,108,18.0,8.28
IK Pathan,2011,Death,40,23,3.8333333333333335,10.43
IK Pathan,2011,Middle,115,84,14.0,8.21
IK Pathan,2011,Powerplay,166,168,28.0,5.93
IK Pathan,2012,Death,37,18,3.0,12.33
IK Pathan,2012,Middle,242,192,32.0,7.56
IK Pathan,2012,Powerplay,180,150,25.0,7.2
IK Pathan,2013,Death,62,32,5.333333333333333,11.62
IK Pathan,2013,Middle,176,132,22.0,8.0
IK Pathan,2013,Powerplay,136,144,24.0,5.67
IK Pathan,2014,Death,50,46,7.666666666666667,6.52
IK Pathan,2014,Middle,121,84,14.0,8.64
IK Pathan,2014,Powerplay,32,12,2.0,16.0
IK Pathan,2016,Death,16,6,1.0,16.0
IK Pathan,2016,Middle,37,36,6.0,6.17
IK Pathan,2016,Powerplay,8,6,1.0,8.0
IK Pathan,2017,Death,10,6,1.0,10.0
IK Pathan,2017,Powerplay,16,6,1.0,16.0
IS Sodhi,2018,Middle,135,138,23.0,5.87
IS Sodhi,2019,Death,6,1,0.16666666666666666,36.0
IS Sodhi,2019,Middle,43,30,5.0,8.6
IS Sodhi,2019,Powerplay,17,12,2.0,8.5
Imran Tahir,2014,Death,41,36,6.0,6.83
Imran Tahir,2014,Middle,118,83,13.833333333333334,8.53
Imran Tahir,2014,Powerplay,5,6,1.0,5.0
Imran Tahir,2015,Death,95,69,11.5,8.26
Imran Tahir,2015,Middle,194,138,23.0,8.43
Imran Tahir,2015,Powerplay,8,6,1.0,8.0
Imran Tahir,2016,Death,38,18,3.0,12.67
Imran Tahir,2016,Middle,99,78,13.0,7.62
Imran Tahir,2017,Death,33,24,4.0,8.25
Imran Tahir,2017,Middle,286,234,39.0,7.33
Imran Tahir,2017,Powerplay,39,24,4.0,9.75
Imran Tahir,2018,Death,17,16,2.6666666666666665,6.38
Imran Tahir,2018,Middle,157,102,17.0,9.24
Imran Tahir,2018,Powerplay,12,6,1.0,12.0
Imran Tahir,2019,Death,64,44,7.333333333333333,8.73
Imran Tahir,2019,Middle,348,336,56.0,6.21
Imran Tahir,2019,Powerplay,14,6,1.0,14.0
Imran Tahir,2020,Middle,71,60,10.0,7.1
Imran Tahir,2020,Powerplay,5,6,1.0,5.0
Imran Tahir,2021,Middle,14,24,4.0,3.5
Iqbal Abdulla,2008,Middle,22,18,3.0,7.33
Iqbal Abdulla,2010,Death,4,6,1.0,4.0
Iqbal Abdulla,2010,Middle,57,45,7.5,7.6
Iqbal Abdulla,2011,Death,29,24,4.0,7.25
Iqbal Abdulla,2011,Middle,165,150,25.0,6.6
Iqbal Abdulla,2011,Powerplay,106,126,21.0,5.05
Iqbal Abdulla,2012,Death,8,6,1.0,8.0
Iqbal Abdulla,2012,Middle,62,66,11.0,5.64
Iqbal Abdulla,2012,Powerplay,70,60,10.0,7.0
Iqbal Abdulla,2013,Death,16,5,0.8333333333333334,19.2
Iqbal Abdulla,2013,Middle,99,84,14.0,7.07
Iqbal Abdulla,2013,Powerplay,27,24,4.0,6.75
Iqbal Abdulla,2014,Middle,8,6,1.0,8.0
Iqbal Abdulla,2014,Powerplay,9,6,1.0,9.0
Iqbal Abdulla,2015,Death,7,6,1.0,7.0
Iqbal Abdulla,2015,Middle,119,90,15.0,7.93
Iqbal Abdulla,2015,Powerplay,16,18,3.0,5.33
Iqbal Abdulla,2016,Death,34,18,3.0,11.33
Iqbal Abdulla,2016,Middle,136,102,17.0,8.0
Iqbal Abdulla,2016,Powerplay,38,30,5.0,7.6
Iqbal Abdulla,2017,Middle,32,18,3.0,10.67
Iqbal Abdulla,2017,Powerplay,19,12,2.0,9.5
Ishan Kishan,2025,Death,4,1,0.16666666666666666,24.0
J Botha,2009,Death,34,24,4.0,8.5
J Botha,2009,Middle,33,48,8.0,4.12
J Botha,2011,Death,9,12,2.0,4.5
J Botha,2011,Middle,137,132,22.0,6.23
J Botha,2011,Powerplay,90,72,12.0,7.5
J Botha,2012,Death,30,24,4.0,7.5
J Botha,2012,Middle,162,156,26.0,6.23
J Botha,2012,Powerplay,100,66,11.0,9.09
J Botha,2013,Death,3,4,0.6666666666666666,4.5
J Botha,2013,Middle,79,78,13.0,6.08
J Botha,2013,Powerplay,25,18,3.0,8.33
J Botha,2015,Death,20,6,1.0,20.0
J Botha,2015,Middle,25,18,3.0,8.33
J Botha,2015,Powerplay,34,36,6.0,5.67
J Little,2023,Death,81,48,8.0,10.12
J Little,2023,Middle,121,90,15.0,8.07
J Little,2023,Powerplay,85,66,11.0,7.73
J Little,2024,Middle,10,12,2.0,5.0
J Little,2024,Powerplay,34,12,2.0,17.0
J Overton,2025,Middle,24,12,2.0,12.0
J Overton,2025,Powerplay,54,24,4.0,13.5
J Overton,2026,Death,92,54,9.0,10.22
J Overton,2026,Middle,132,108,18.0,7.33
J Overton,2026,Powerplay,17,6,1.0,17.0
J Suchith,2015,Death,10,6,1.0,10.0
J Suchith,2015,Middle,252,192,32.0,7.88
J Suchith,2015,Powerplay,68,36,6.0,11.33
J Suchith,2016,Middle,29,12,2.0,14.5
J Suchith,2019,Middle,23,12,2.0,11.5
J Suchith,2019,Powerplay,5,12,2.0,2.5
J Suchith,2021,Middle,63,36,6.0,10.5
J Suchith,2021,Powerplay,3,6,1.0,3.0
J Suchith,2022,Death,17,6,1.0,17.0
J Suchith,2022,Middle,91,84,14.0,6.5
J Suchith,2022,Powerplay,24,18,3.0,8.0
J Syed Mohammad,2011,Death,6,6,1.0,6.0
J Syed Mohammad,2011,Middle,106,66,11.0,9.64
J Syed Mohammad,2011,Powerplay,14,18,3.0,4.67
J Syed Mohammad,2012,Middle,64,42,7.0,9.14
J Syed Mohammad,2013,Middle,89,60,10.0,8.9
J Theron,2010,Death,61,54,9.0,6.78
J Theron,2010,Middle,63,54,9.0,7.0
J Theron,2010,Powerplay,63,41,6.833333333333333,9.22
J Theron,2012,Death,32,24,4.0,8.0
J Theron,2012,Middle,3,6,1.0,3.0
J Theron,2012,Powerplay,22,18,3.0,7.33
J Theron,2015,Death,23,12,2.0,11.5
J Theron,2015,Middle,4,6,1.0,4.0
J Theron,2015,Powerplay,11,6,1.0,11.0
J Yadav,2015,Middle,19,30,5.0,3.8
J Yadav,2015,Powerplay,10,12,2.0,5.0
J Yadav,2016,Middle,61,54,9.0,6.78
J Yadav,2016,Powerplay,62,48,8.0,7.75
J Yadav,2017,Middle,12,12,2.0,6.0
J Yadav,2017,Powerplay,28,24,4.0,7.0
J Yadav,2019,Middle,28,24,4.0,7.0
J Yadav,2019,Powerplay,21,18,3.0,7.0
J Yadav,2020,Middle,32,24,4.0,8.0
J Yadav,2020,Powerplay,11,18,3.0,3.67
J Yadav,2021,Middle,73,72,12.0,6.08
J Yadav,2021,Powerplay,53,30,5.0,10.6
J Yadav,2023,Middle,10,12,2.0,5.0
J Yadav,2023,Powerplay,16,12,2.0,8.0
JA Duffy,2026,Death,31,12,2.0,15.5
JA Duffy,2026,Middle,68,54,9.0,7.56
JA Duffy,2026,Powerplay,148,78,13.0,11.38
JA Morkel,2008,Death,113,78,13.0,8.69
JA Morkel,2008,Middle,144,138,23.0,6.26
JA Morkel,2008,Powerplay,113,72,12.0,9.42
JA Morkel,2009,Death,64,42,7.0,9.14
JA Morkel,2009,Middle,38,30,5.0,7.6
JA Morkel,2009,Powerplay,207,168,28.0,7.39
JA Morkel,2010,Death,96,64,10.666666666666666,9.0
JA Morkel,2010,Middle,141,114,19.0,7.42
JA Morkel,2010,Powerplay,155,108,18.0,8.61
JA Morkel,2011,Death,76,42,7.0,10.86
JA Morkel,2011,Middle,63,54,9.0,7.0
JA Morkel,2011,Powerplay,232,174,29.0,8.0
JA Morkel,2012,Death,43,33,5.5,7.82
JA Morkel,2012,Middle,104,96,16.0,6.5
JA Morkel,2012,Powerplay,220,168,28.0,7.86
JA Morkel,2013,Death,19,18,3.0,6.33
JA Morkel,2013,Middle,38,42,7.0,5.43
JA Morkel,2013,Powerplay,96,84,14.0,6.86
JA Morkel,2014,Middle,19,18,3.0,6.33
JA Morkel,2014,Powerplay,98,78,13.0,7.54
JA Morkel,2015,Death,29,12,2.0,14.5
JA Morkel,2015,Middle,40,36,6.0,6.67
JA Morkel,2015,Powerplay,38,24,4.0,9.5
JA Morkel,2016,Death,10,6,1.0,10.0
JA Morkel,2016,Powerplay,51,24,4.0,12.75
JA Richardson,2021,Death,26,12,2.0,13.0
JA Richardson,2021,Middle,53,30,5.0,10.6
JA Richardson,2021,Powerplay,35,24,4.0,8.75
JA Richardson,2024,Middle,25,18,3.0,8.33
JA Richardson,2024,Powerplay,13,6,1.0,13.0
JC Archer,2018,Death,122,89,14.833333333333334,8.22
JC Archer,2018,Middle,79,54,9.0,8.78
JC Archer,2018,Powerplay,108,90,15.0,7.2
JC Archer,2019,Death,153,103,17.166666666666668,8.91
JC Archer,2019,Middle,55,60,10.0,5.5
JC Archer,2019,Powerplay,76,96,16.0,4.75
JC Archer,2020,Death,163,101,16.833333333333332,9.68
JC Archer,2020,Middle,82,78,13.0,6.31
JC Archer,2020,Powerplay,108,156,26.0,4.15
JC Archer,2023,Death,57,24,4.0,14.25
JC Archer,2023,Middle,49,42,7.0,7.0
JC Archer,2023,Powerplay,64,54,9.0,7.11
JC Archer,2025,Death,162,82,13.666666666666666,11.85
JC Archer,2025,Middle,55,42,7.0,7.86
JC Archer,2025,Powerplay,191,150,25.0,7.64
JC Archer,2026,Death,119,78,13.0,9.15
JC Archer,2026,Middle,95,78,13.0,7.31
JC Archer,2026,Powerplay,313,204,34.0,9.21
JD Ryder,2009,Death,25,12,2.0,12.5
JD Ryder,2009,Middle,81,84,14.0,5.79
JD Ryder,2009,Powerplay,7,6,1.0,7.0
JD Ryder,2011,Death,14,8,1.3333333333333333,10.5
JD Ryder,2011,Middle,102,84,14.0,7.29
JD Ryder,2012,Middle,68,42,7.0,9.71
JD Unadkat,2010,Death,20,8,1.3333333333333333,15.0
JD Unadkat,2010,Middle,20,30,5.0,4.0
JD Unadkat,2010,Powerplay,45,24,4.0,11.25
JD Unadkat,2011,Death,26,18,3.0,8.67
JD Unadkat,2011,Middle,50,42,7.0,7.14
JD Unadkat,2011,Powerplay,71,48,8.0,8.88
JD Unadkat,2012,Middle,32,18,3.0,10.67
JD Unadkat,2013,Death,31,24,4.0,7.75
JD Unadkat,2013,Middle,243,174,29.0,8.38
JD Unadkat,2013,Powerplay,91,96,16.0,5.69
JD Unadkat,2014,Death,135,67,11.166666666666666,12.09
JD Unadkat,2014,Middle,71,60,10.0,7.1
JD Unadkat,2014,Powerplay,62,60,10.0,6.2
JD Unadkat,2015,Middle,15,6,1.0,15.0
JD Unadkat,2015,Powerplay,15,12,2.0,7.5
JD Unadkat,2016,Death,21,6,1.0,21.0
JD Unadkat,2016,Powerplay,27,12,2.0,13.5
JD Unadkat,2017,Death,149,107,17.833333333333332,8.36
JD Unadkat,2017,Middle,33,36,6.0,5.5
JD Unadkat,2017,Powerplay,136,132,22.0,6.18
JD Unadkat,2018,Death,181,92,15.333333333333334,11.8
JD Unadkat,2018,Middle,154,120,20.0,7.7
JD Unadkat,2018,Powerplay,143,90,15.0,9.53
JD Unadkat,2019,Death,145,68,11.333333333333334,12.79
JD Unadkat,2019,Middle,188,108,18.0,10.44
JD Unadkat,2019,Powerplay,53,48,8.0,6.62
JD Unadkat,2020,Death,90,42,7.0,12.86
JD Unadkat,2020,Middle,51,36,6.0,8.5
JD Unadkat,2020,Powerplay,79,60,10.0,7.9
JD Unadkat,2021,Middle,72,48,8.0,9.0
JD Unadkat,2021,Powerplay,94,84,14.0,6.71
JD Unadkat,2022,Death,87,42,7.0,12.43
JD Unadkat,2022,Middle,53,42,7.0,7.57
JD Unadkat,2022,Powerplay,46,36,6.0,7.67
JD Unadkat,2023,Death,38,18,3.0,12.67
JD Unadkat,2023,Middle,14,6,1.0,14.0
JD Unadkat,2023,Powerplay,32,24,4.0,8.0
JD Unadkat,2024,Death,75,37,6.166666666666667,12.16
JD Unadkat,2024,Middle,202,138,23.0,8.78
JD Unadkat,2024,Powerplay,29,12,2.0,14.5
JD Unadkat,2025,Death,24,23,3.8333333333333335,6.26
JD Unadkat,2025,Middle,54,48,8.0,6.75
JD Unadkat,2025,Powerplay,94,72,12.0,7.83
JD Unadkat,2026,Death,26,11,1.8333333333333335,14.18
JD Unadkat,2026,Middle,30,24,4.0,7.5
JD Unadkat,2026,Powerplay,83,42,7.0,11.86
JDP Oram,2008,Death,36,24,4.0,9.0
JDP Oram,2008,Middle,8,6,1.0,8.0
JDP Oram,2008,Powerplay,101,66,11.0,9.18
JDP Oram,2009,Death,46,39,6.5,7.08
JDP Oram,2009,Middle,62,42,7.0,8.86
JDP Oram,2009,Powerplay,18,12,2.0,9.0
JDP Oram,2011,Powerplay,45,24,4.0,11.25
JDP Oram,2013,Death,11,12,2.0,5.5
JDP Oram,2013,Middle,7,6,1.0,7.0
JDP Oram,2013,Powerplay,2,6,1.0,2.0
JDS Neesham,2014,Middle,74,48,8.0,9.25
JDS Neesham,2014,Powerplay,14,6,1.0,14.0
JDS Neesham,2020,Death,18,6,1.0,18.0
JDS Neesham,2020,Middle,91,60,10.0,9.1
JDS Neesham,2020,Powerplay,36,24,4.0,9.0
JDS Neesham,2021,Middle,66,54,9.0,7.33
JDS Neesham,2022,Middle,17,12,2.0,8.5
JDS Neesham,2022,Powerplay,12,6,1.0,12.0
JE Root,2023,Middle,14,12,2.0,7.0
JE Taylor,2011,Death,85,51,8.5,10.0
JE Taylor,2011,Middle,19,18,3.0,6.33
JE Taylor,2011,Powerplay,48,48,8.0,6.0
JEC Franklin,2011,Death,19,6,1.0,19.0
JEC Franklin,2011,Middle,76,55,9.166666666666666,8.29
JEC Franklin,2012,Middle,103,78,13.0,7.92
JEC Franklin,2012,Powerplay,16,12,2.0,8.0
JH Kallis,2008,Death,78,42,7.0,11.14
JH Kallis,2008,Middle,165,128,21.333333333333332,7.73
JH Kallis,2008,Powerplay,59,36,6.0,9.83
JH Kallis,2009,Death,58,24,4.0,14.5
JH Kallis,2009,Middle,81,78,13.0,6.23
JH Kallis,2009,Powerplay,191,174,29.0,6.59
JH Kallis,2010,Death,106,66,11.0,9.64
JH Kallis,2010,Middle,242,186,31.0,7.81
JH Kallis,2010,Powerplay,116,90,15.0,7.73
JH Kallis,2011,Death,60,42,7.0,8.57
JH Kallis,2011,Middle,65,72,12.0,5.42
JH Kallis,2011,Powerplay,39,30,5.0,7.8
JH Kallis,2012,Death,81,48,8.0,10.12
JH Kallis,2012,Middle,195,162,27.0,7.22
JH Kallis,2012,Powerplay,115,114,19.0,6.05
JH Kallis,2013,Death,91,72,12.0,7.58
JH Kallis,2013,Middle,225,192,32.0,7.03
JH Kallis,2013,Powerplay,59,54,9.0,6.56
JH Kallis,2014,Death,11,12,2.0,5.5
JH Kallis,2014,Middle,145,102,17.0,8.53
JH Kallis,2014,Powerplay,28,18,3.0,9.33
JJ Bumrah,2013,Death,11,6,1.0,11.0
JJ Bumrah,2013,Middle,20,18,3.0,6.67
JJ Bumrah,2013,Powerplay,36,18,3.0,12.0
JJ Bumrah,2014,Death,114,76,12.666666666666666,9.0
JJ Bumrah,2014,Middle,81,72,12.0,6.75
JJ Bumrah,2014,Powerplay,97,90,15.0,6.47
JJ Bumrah,2015,Death,68,24,4.0,17.0
JJ Bumrah,2015,Middle,76,42,7.0,10.86
JJ Bumrah,2015,Powerplay,31,24,4.0,7.75
JJ Bumrah,2016,Death,192,120,20.0,9.6
JJ Bumrah,2016,Middle,88,90,15.0,5.87
JJ Bumrah,2016,Powerplay,115,102,17.0,6.76
JJ Bumrah,2017,Death,199,152,25.333333333333332,7.86
JJ Bumrah,2017,Middle,128,102,17.0,7.53
JJ Bumrah,2017,Powerplay,95,108,18.0,5.28
JJ Bumrah,2018,Death,151,120,20.0,7.55
JJ Bumrah,2018,Middle,96,96,16.0,6.0
JJ Bumrah,2018,Powerplay,111,108,18.0,6.17
JJ Bumrah,2019,Death,212,172,28.666666666666668,7.4
JJ Bumrah,2019,Middle,78,84,14.0,5.57
JJ Bumrah,2019,Powerplay,111,118,19.666666666666668,5.64
JJ Bumrah,2020,Death,183,120,20.0,9.15
JJ Bumrah,2020,Middle,111,138,23.0,4.83
JJ Bumrah,2020,Powerplay,110,114,19.0,5.79
JJ Bumrah,2021,Death,149,132,22.0,6.77
JJ Bumrah,2021,Middle,88,78,13.0,6.77
JJ Bumrah,2021,Powerplay,140,120,20.0,7.0
JJ Bumrah,2022,Death,125,104,17.333333333333332,7.21
JJ Bumrah,2022,Middle,117,90,15.0,7.8
JJ Bumrah,2022,Powerplay,133,126,21.0,6.33
JJ Bumrah,2024,Death,88,89,14.833333333333334,5.93
JJ Bumrah,2024,Middle,111,96,16.0,6.94
JJ Bumrah,2024,Powerplay,108,126,21.0,5.14
JJ Bumrah,2025,Death,100,80,13.333333333333334,7.5
JJ Bumrah,2025,Middle,91,114,19.0,4.79
JJ Bumrah,2025,Powerplay,120,90,15.0,8.0
JJ Bumrah,2026,Death,86,66,11.0,7.82
JJ Bumrah,2026,Middle,97,84,14.0,6.93
JJ Bumrah,2026,Powerplay,192,144,24.0,8.0
JJ van der Wath,2011,Death,44,24,4.0,11.0
JJ van der Wath,2011,Middle,43,18,3.0,14.33
JJ van der Wath,2011,Powerplay,38,30,5.0,7.6
JL Pattinson,2020,Death,47,27,4.5,10.44
JL Pattinson,2020,Middle,120,84,14.0,8.57
JL Pattinson,2020,Powerplay,144,102,17.0,8.47
JM Kemp,2010,Death,1,1,0.16666666666666666,6.0
JM Kemp,2010,Middle,50,43,7.166666666666667,6.98
JO Holder,2013,Middle,50,42,7.0,7.14
JO Holder,2013,Powerplay,113,78,13.0,8.69
JO Holder,2014,Middle,18,12,2.0,9.0
JO Holder,2014,Powerplay,5,6,1.0,5.0
JO Holder,2016,Death,10,12,2.0,5.0
JO Holder,2016,Middle,71,54,9.0,7.89
JO Holder,2016,Powerplay,17,12,2.0,8.5
JO Holder,2020,Death,68,48,8.0,8.5
JO Holder,2020,Middle,50,42,7.0,7.14
JO Holder,2020,Powerplay,107,78,13.0,8.23
JO Holder,2021,Death,67,47,7.833333333333333,8.55
JO Holder,2021,Middle,82,78,13.0,6.31
JO Holder,2021,Powerplay,82,66,11.0,7.45
JO Holder,2022,Death,108,66,11.0,9.82
JO Holder,2022,Middle,152,105,17.5,8.69
JO Holder,2022,Powerplay,114,78,13.0,8.77
JO Holder,2023,Death,122,63,10.5,11.62
JO Holder,2023,Middle,113,78,13.0,8.69
JO Holder,2023,Powerplay,44,30,5.0,8.8
JO Holder,2026,Death,24,26,4.333333333333333,5.54
JO Holder,2026,Middle,240,192,32.0,7.5
JO Holder,2026,Powerplay,20,12,2.0,10.0
JP Behrendorff,2019,Middle,43,36,6.0,7.17
JP Behrendorff,2019,Powerplay,119,78,13.0,9.15
JP Behrendorff,2023,Death,95,48,8.0,11.88
JP Behrendorff,2023,Middle,74,42,7.0,10.57
JP Behrendorff,2023,Powerplay,204,162,27.0,7.56
JP Duminy,2009,Death,12,3,0.5,24.0
JP Duminy,2009,Middle,73,96,16.0,4.56
JP Duminy,2009,Powerplay,1,6,1.0,1.0
JP Duminy,2010,Death,6,3,0.5,12.0
JP Duminy,2010,Middle,31,30,5.0,6.2
JP Duminy,2011,Death,11,6,1.0,11.0
JP Duminy,2011,Middle,80,54,9.0,8.89
JP Duminy,2011,Powerplay,49,48,8.0,6.12
JP Duminy,2012,Middle,66,48,8.0,8.25
JP Duminy,2012,Powerplay,32,24,4.0,8.0
JP Duminy,2014,Death,13,6,1.0,13.0
JP Duminy,2014,Middle,176,150,25.0,7.04
JP Duminy,2014,Powerplay,41,42,7.0,5.86
JP Duminy,2015,Death,22,18,3.0,7.33
JP Duminy,2015,Middle,55,54,9.0,6.11
JP Duminy,2015,Powerplay,44,30,5.0,8.8
JP Duminy,2016,Middle,54,42,7.0,7.71
JP Duminy,2018,Middle,8,6,1.0,8.0
JP Duminy,2018,Powerplay,28,12,2.0,14.0
JP Faulkner,2011,Powerplay,9,12,2.0,4.5
JP Faulkner,2012,Death,39,24,4.0,9.75
JP Faulkner,2012,Middle,9,6,1.0,9.0
JP Faulkner,2012,Powerplay,23,18,3.0,7.67
JP Faulkner,2013,Death,150,115,19.166666666666668,7.83
JP Faulkner,2013,Middle,124,114,19.0,6.53
JP Faulkner,2013,Powerplay,137,150,25.0,5.48
JP Faulkner,2014,Death,162,98,16.333333333333332,9.92
JP Faulkner,2014,Middle,103,64,10.666666666666666,9.66
JP Faulkner,2014,Powerplay,142,102,17.0,8.35
JP Faulkner,2015,Death,134,66,11.0,12.18
JP Faulkner,2015,Middle,219,162,27.0,8.11
JP Faulkner,2015,Powerplay,62,42,7.0,8.86
JP Faulkner,2016,Death,38,24,4.0,9.5
JP Faulkner,2016,Middle,108,72,12.0,9.0
JP Faulkner,2016,Powerplay,14,6,1.0,14.0
JP Faulkner,2017,Death,76,50,8.333333333333334,9.12
JP Faulkner,2017,Middle,113,72,12.0,9.42
JP Faulkner,2017,Powerplay,79,41,6.833333333333333,11.56
JPR Scantlebury-Searles,2018,Middle,74,36,6.0,12.33
JPR Scantlebury-Searles,2018,Powerplay,12,6,1.0,12.0
JR Hazlewood,2020,Death,20,12,2.0,10.0
JR Hazlewood,2020,Middle,8,6,1.0,8.0
JR Hazlewood,2020,Powerplay,35,42,7.0,5.0
JR Hazlewood,2021,Death,48,36,6.0,8.0
JR Hazlewood,2021,Middle,62,48,8.0,7.75
JR Hazlewood,2021,Powerplay,178,126,21.0,8.48
JR Hazlewood,2022,Death,150,87,14.5,10.34
JR Hazlewood,2022,Middle,47,42,7.0,6.71
JR Hazlewood,2022,Powerplay,170,150,25.0,6.8
JR Hazlewood,2023,Death,7,6,1.0,7.0
JR Hazlewood,2023,Middle,13,12,2.0,6.5
JR Hazlewood,2023,Powerplay,51,36,6.0,8.5
JR Hazlewood,2025,Death,118,71,11.833333333333334,9.97
JR Hazlewood,2025,Middle,104,61,10.166666666666666,10.23
JR Hazlewood,2025,Powerplay,158,132,22.0,7.18
JR Hazlewood,2026,Death,104,69,11.5,9.04
JR Hazlewood,2026,Middle,122,84,14.0,8.71
JR Hazlewood,2026,Powerplay,255,156,26.0,9.81
JR Hopes,2008,Death,92,42,7.0,13.14
JR Hopes,2008,Middle,156,108,18.0,8.67
JR Hopes,2008,Powerplay,25,18,3.0,8.33
JR Hopes,2011,Death,59,42,7.0,8.43
JR Hopes,2011,Middle,207,150,25.0,8.28
JW Hastings,2014,Middle,3,6,1.0,3.0
JW Hastings,2014,Powerplay,25,12,2.0,12.5
JW Hastings,2016,Death,9,10,1.6666666666666665,5.4
JW Hastings,2016,Middle,4,6,1.0,4.0
JW Hastings,2016,Powerplay,22,24,4.0,5.5
Jalaj S Saxena,2021,Middle,17,12,2.0,8.5
Jalaj S Saxena,2021,Powerplay,10,6,1.0,10.0
Jaskaran Singh,2009,Middle,31,18,3.0,10.33
Jaskaran Singh,2010,Death,51,24,4.0,12.75
Jaskaran Singh,2010,Middle,29,18,3.0,9.67
Jaskaran Singh,2010,Powerplay,45,42,7.0,6.43
Joginder Sharma,2008,Death,64,34,5.666666666666667,11.29
Joginder Sharma,2008,Middle,152,114,19.0,8.0
Joginder Sharma,2009,Middle,56,42,7.0,8.0
Joginder Sharma,2010,Death,20,12,2.0,10.0
Joginder Sharma,2010,Middle,30,18,3.0,10.0
Joginder Sharma,2010,Powerplay,28,18,3.0,9.33
Joginder Sharma,2011,Middle,24,12,2.0,12.0
Joginder Sharma,2011,Powerplay,8,6,1.0,8.0
K Goel,2008,Middle,25,12,2.0,12.5
K Goel,2009,Middle,60,48,8.0,7.5
K Goel,2010,Middle,7,6,1.0,7.0
K Gowtham,2018,Middle,131,90,15.0,8.73
K Gowtham,2018,Powerplay,177,150,25.0,7.08
K Gowtham,2019,Middle,77,66,11.0,7.0
K Gowtham,2019,Powerplay,87,54,9.0,9.67
K Gowtham,2020,Death,25,6,1.0,25.0
K Gowtham,2020,Middle,47,36,6.0,7.83
K Gowtham,2020,Powerplay,12,6,1.0,12.0
K Gowtham,2022,Middle,77,60,10.0,7.7
K Gowtham,2022,Powerplay,22,12,2.0,11.0
K Gowtham,2023,Death,4,6,1.0,4.0
K Gowtham,2023,Middle,55,54,9.0,6.11
K Gowtham,2023,Powerplay,55,36,6.0,9.17
K Gowtham,2024,Powerplay,28,12,2.0,14.0
K Kartikeya,2022,Middle,86,72,12.0,7.17
K Kartikeya,2022,Powerplay,16,6,1.0,16.0
K Kartikeya,2023,Death,38,18,3.0,12.67
K Kartikeya,2023,Middle,181,138,23.0,7.87
K Kartikeya,2025,Middle,76,48,8.0,9.5
K Khejroliya,2018,Death,24,11,1.8333333333333335,13.09
K Khejroliya,2018,Middle,60,42,7.0,8.57
K Khejroliya,2018,Powerplay,18,12,2.0,9.0
K Khejroliya,2019,Death,5,6,1.0,5.0
K Khejroliya,2019,Middle,23,18,3.0,7.67
K Khejroliya,2019,Powerplay,17,6,1.0,17.0
K Khejroliya,2023,Death,33,14,2.3333333333333335,14.14
K Khejroliya,2023,Powerplay,27,12,2.0,13.5
K Khejroliya,2025,Middle,28,18,3.0,9.33
K Khejroliya,2026,Middle,23,12,2.0,11.5
K Rabada,2017,Death,65,38,6.333333333333333,10.26
K Rabada,2017,Middle,14,18,3.0,4.67
K Rabada,2017,Powerplay,91,72,12.0,7.58
K Rabada,2019,Death,168,120,20.0,8.4
K Rabada,2019,Middle,56,60,10.0,5.6
K Rabada,2019,Powerplay,139,108,18.0,7.72
K Rabada,2020,Death,172,118,19.666666666666668,8.75
K Rabada,2020,Middle,186,139,23.166666666666668,8.03
K Rabada,2020,Powerplay,174,141,23.5,7.4
K Rabada,2021,Death,136,84,14.0,9.71
K Rabada,2021,Middle,188,150,25.0,7.52
K Rabada,2021,Powerplay,120,102,17.0,7.06
K Rabada,2022,Death,90,66,11.0,8.18
K Rabada,2022,Middle,74,60,10.0,7.4
K Rabada,2022,Powerplay,218,162,27.0,8.07
K Rabada,2023,Death,62,30,5.0,12.4
K Rabada,2023,Middle,51,37,6.166666666666667,8.27
K Rabada,2023,Powerplay,104,72,12.0,8.67
K Rabada,2024,Death,53,30,5.0,10.6
K Rabada,2024,Middle,143,102,17.0,8.41
K Rabada,2024,Powerplay,166,120,20.0,8.3
K Rabada,2025,Death,41,24,4.0,10.25
K Rabada,2025,Middle,32,18,3.0,10.67
K Rabada,2025,Powerplay,85,42,7.0,12.14
K Rabada,2026,Death,77,48,8.0,9.62
K Rabada,2026,Middle,100,70,11.666666666666666,8.57
K Rabada,2026,Powerplay,436,270,45.0,9.69
K Santokie,2014,Death,44,18,3.0,14.67
K Santokie,2014,Middle,14,12,2.0,7.0
K Santokie,2014,Powerplay,29,18,3.0,9.67
K Upadhyay,2012,Middle,16,12,2.0,8.0
K Upadhyay,2012,Powerplay,17,12,2.0,8.5
K Upadhyay,2013,Middle,5,6,1.0,5.0
K Upadhyay,2013,Powerplay,41,24,4.0,10.25
K Yadav,2021,Middle,3,6,1.0,3.0
K Yadav,2021,Powerplay,13,6,1.0,13.0
K Yadav,2023,Death,28,12,2.0,14.0
K Yadav,2023,Middle,27,18,3.0,9.0
K Yadav,2023,Powerplay,13,12,2.0,6.5
KA Jamieson,2021,Death,52,24,4.0,13.0
KA Jamieson,2021,Middle,57,42,7.0,8.14
KA Jamieson,2021,Powerplay,143,102,17.0,8.41
KA Jamieson,2025,Death,25,12,2.0,12.5
KA Jamieson,2025,Middle,50,30,5.0,10.0
KA Jamieson,2025,Powerplay,68,48,8.0,8.5
KA Jamieson,2026,Middle,15,6,1.0,15.0
KA Jamieson,2026,Powerplay,75,36,6.0,12.5
KA Maharaj,2024,Middle,31,30,5.0,6.2
KA Maharaj,2024,Powerplay,8,6,1.0,8.0
KA Pollard,2010,Death,30,24,4.0,7.5
KA Pollard,2010,Middle,210,186,31.0,6.77
KA Pollard,2010,Powerplay,22,12,2.0,11.0
KA Pollard,2011,Death,65,39,6.5,10.0
KA Pollard,2011,Middle,259,204,34.0,7.62
KA Pollard,2011,Powerplay,16,12,2.0,8.0
KA Pollard,2012,Death,23,24,4.0,5.75
KA Pollard,2012,Middle,298,233,38.833333333333336,7.67
KA Pollard,2012,Powerplay,6,6,1.0,6.0
KA Pollard,2013,Death,96,54,9.0,10.67
KA Pollard,2013,Middle,185,132,22.0,8.41
KA Pollard,2014,Death,67,30,5.0,13.4
KA Pollard,2014,Middle,174,114,19.0,9.16
KA Pollard,2014,Powerplay,11,6,1.0,11.0
KA Pollard,2015,Death,38,22,3.6666666666666665,10.36
KA Pollard,2015,Middle,77,54,9.0,8.56
KA Pollard,2016,Death,22,6,1.0,22.0
KA Pollard,2016,Middle,58,30,5.0,11.6
KA Pollard,2017,Death,15,5,0.8333333333333334,18.0
KA Pollard,2017,Middle,14,6,1.0,14.0
KA Pollard,2020,Death,13,12,2.0,6.5
KA Pollard,2020,Middle,165,114,19.0,8.68
KA Pollard,2021,Death,4,1,0.16666666666666666,24.0
KA Pollard,2021,Middle,85,78,13.0,6.54
KA Pollard,2022,Death,21,6,1.0,21.0
KA Pollard,2022,Middle,101,78,13.0,7.77
KAJ Roach,2010,Death,43,18,3.0,14.33
KAJ Roach,2010,Middle,14,12,2.0,7.0
KAJ Roach,2010,Powerplay,19,18,3.0,6.33
KC Cariappa,2015,Middle,16,6,1.0,16.0
KC Cariappa,2015,Powerplay,12,6,1.0,12.0
KC Cariappa,2016,Middle,124,84,14.0,8.86
KC Cariappa,2016,Powerplay,26,18,3.0,8.67
KC Cariappa,2017,Death,11,6,1.0,11.0
KC Cariappa,2017,Middle,105,78,13.0,8.08
KC Cariappa,2017,Powerplay,7,6,1.0,7.0
KC Cariappa,2019,Middle,14,6,1.0,14.0
KC Cariappa,2019,Powerplay,19,6,1.0,19.0
KH Pandya,2016,Death,0,1,0.16666666666666666,0.0
KH Pandya,2016,Middle,180,150,25.0,7.2
KH Pandya,2016,Powerplay,45,36,6.0,7.5
KH Pandya,2017,Death,5,6,1.0,5.0
KH Pandya,2017,Middle,251,222,37.0,6.78
KH Pandya,2017,Powerplay,10,12,2.0,5.0
KH Pandya,2018,Death,16,19,3.1666666666666665,5.05
KH Pandya,2018,Middle,166,150,25.0,6.64
KH Pandya,2018,Powerplay,97,72,12.0,8.08
KH Pandya,2019,Death,23,12,2.0,11.5
KH Pandya,2019,Middle,227,198,33.0,6.88
KH Pandya,2019,Powerplay,79,66,11.0,7.18
KH Pandya,2020,Death,29,19,3.1666666666666665,9.16
KH Pandya,2020,Middle,269,216,36.0,7.47
KH Pandya,2020,Powerplay,62,66,11.0,5.64
KH Pandya,2021,Death,9,7,1.1666666666666667,7.71
KH Pandya,2021,Middle,166,126,21.0,7.9
KH Pandya,2021,Powerplay,69,66,11.0,6.27
KH Pandya,2022,Death,1,6,1.0,1.0
KH Pandya,2022,Middle,177,174,29.0,6.1
KH Pandya,2022,Powerplay,83,48,8.0,10.38
KH Pandya,2023,Death,9,6,1.0,9.0
KH Pandya,2023,Middle,153,132,22.0,6.95
KH Pandya,2023,Powerplay,150,114,19.0,7.89
KH Pandya,2024,Death,28,18,3.0,9.33
KH Pandya,2024,Middle,164,150,25.0,6.56
KH Pandya,2024,Powerplay,48,30,5.0,9.6
KH Pandya,2025,Death,21,12,2.0,10.5
KH Pandya,2025,Middle,294,228,38.0,7.74
KH Pandya,2025,Powerplay,55,36,6.0,9.17
KH Pandya,2026,Death,34,15,2.5,13.6
KH Pandya,2026,Middle,362,276,46.0,7.87
KH Pandya,2026,Powerplay,19,12,2.0,9.5
KJ Abbott,2016,Death,36,18,3.0,12.0
KJ Abbott,2016,Middle,63,36,6.0,10.5
KJ Abbott,2016,Powerplay,70,42,7.0,10.0
KK Ahmed,2018,Middle,13,6,1.0,13.0
KK Ahmed,2018,Powerplay,24,12,2.0,12.0
KK Ahmed,2019,Death,60,53,8.833333333333334,6.79
KK Ahmed,2019,Middle,51,42,7.0,7.29
KK Ahmed,2019,Powerplay,163,114,19.0,8.58
KK Ahmed,2020,Death,69,34,5.666666666666667,12.18
KK Ahmed,2020,Middle,41,30,5.0,8.2
KK Ahmed,2020,Powerplay,128,90,15.0,8.53
KK Ahmed,2021,Death,60,42,7.0,8.57
KK Ahmed,2021,Middle,73,60,10.0,7.3
KK Ahmed,2021,Powerplay,79,60,10.0,7.9
KK Ahmed,2022,Death,119,67,11.166666666666666,10.66
KK Ahmed,2022,Middle,82,60,10.0,8.2
KK Ahmed,2022,Powerplay,107,108,18.0,5.94
KK Ahmed,2023,Death,118,66,11.0,10.73
KK Ahmed,2023,Middle,40,24,4.0,10.0
KK Ahmed,2023,Powerplay,123,108,18.0,6.83
KK Ahmed,2024,Death,115,60,10.0,11.5
KK Ahmed,2024,Middle,74,54,9.0,8.22
KK Ahmed,2024,Powerplay,263,186,31.0,8.48
KK Ahmed,2025,Death,104,52,8.666666666666666,12.0
KK Ahmed,2025,Middle,4,6,1.0,4.0
KK Ahmed,2025,Powerplay,323,222,37.0,8.73
KK Ahmed,2026,Death,7,5,0.8333333333333334,8.4
KK Ahmed,2026,Middle,38,18,3.0,12.67
KK Ahmed,2026,Powerplay,96,78,13.0,7.38
KK Cooper,2012,Death,91,66,11.0,8.27
KK Cooper,2012,Middle,47,42,7.0,6.71
KK Cooper,2012,Powerplay,31,36,6.0,5.17
KK Cooper,2013,Death,198,138,23.0,8.61
KK Cooper,2013,Middle,186,156,26.0,7.15
KK Cooper,2013,Powerplay,40,30,5.0,8.0
KK Cooper,2014,Death,49,42,7.0,7.0
KK Cooper,2014,Middle,54,36,6.0,9.0
KK Cooper,2014,Powerplay,29,30,5.0,5.8
KL Nagarkoti,2020,Death,20,18,3.0,6.67
KL Nagarkoti,2020,Middle,178,114,19.0,9.37
KL Nagarkoti,2020,Powerplay,29,24,4.0,7.25
KL Nagarkoti,2021,Middle,25,12,2.0,12.5
KL Nagarkoti,2022,Middle,13,6,1.0,13.0
KL Nagarkoti,2022,Powerplay,15,6,1.0,15.0
KM Asif,2018,Middle,39,12,2.0,19.5
KM Asif,2018,Powerplay,34,24,4.0,8.5
KM Asif,2021,Death,2,1,0.16666666666666666,12.0
KM Asif,2021,Middle,14,12,2.0,7.0
KM Asif,2023,Death,31,13,2.1666666666666665,14.31
KM Asif,2023,Middle,64,54,9.0,7.11
KM Asif,2023,Powerplay,34,18,3.0,11.33
KMA Paul,2019,Death,58,37,6.166666666666667,9.41
KMA Paul,2019,Middle,135,120,20.0,6.75
KMA Paul,2019,Powerplay,9,6,1.0,9.0
KMDN Kulasekara,2011,Powerplay,25,18,3.0,8.33
KMDN Kulasekara,2012,Death,30,30,5.0,6.0
KMDN Kulasekara,2012,Middle,8,6,1.0,8.0
KMDN Kulasekara,2012,Powerplay,52,48,8.0,6.5
KP Appanna,2009,Middle,87,72,12.0,7.25
KP Appanna,2010,Middle,49,42,7.0,7.0
KP Appanna,2012,Middle,117,84,14.0,8.36
KP Appanna,2012,Powerplay,25,18,3.0,8.33
KP Pietersen,2009,Death,19,12,2.0,9.5
KP Pietersen,2009,Middle,53,54,9.0,5.89
KP Pietersen,2009,Powerplay,7,12,2.0,3.5
KP Pietersen,2010,Death,10,6,1.0,10.0
KP Pietersen,2010,Middle,67,54,9.0,7.44
KP Pietersen,2012,Middle,42,30,5.0,8.4
KP Pietersen,2012,Powerplay,7,6,1.0,7.0
KR Mayers,2023,Middle,14,6,1.0,14.0
KR Mayers,2023,Powerplay,39,36,6.0,6.5
KR Sen,2022,Death,83,37,6.166666666666667,13.46
KR Sen,2022,Middle,115,90,15.0,7.67
KR Sen,2022,Powerplay,32,24,4.0,8.0
KR Sen,2023,Middle,21,12,2.0,10.5
KR Sen,2023,Powerplay,2,6,1.0,2.0
KR Sen,2024,Death,21,12,2.0,10.5
KR Sen,2024,Middle,65,48,8.0,8.12
KR Sen,2024,Powerplay,25,12,2.0,12.5
KS Williamson,2016,Powerplay,7,6,1.0,7.0
KS Williamson,2020,Middle,24,12,2.0,12.0
KT Maphaka,2024,Death,16,6,1.0,16.0
KT Maphaka,2024,Middle,20,6,1.0,20.0
KT Maphaka,2024,Powerplay,50,24,4.0,12.5
KT Maphaka,2025,Death,16,6,1.0,16.0
KT Maphaka,2025,Middle,9,6,1.0,9.0
KT Maphaka,2025,Powerplay,27,18,3.0,9.0
KV Sharma,2013,Death,26,11,1.8333333333333335,14.18
KV Sharma,2013,Middle,179,180,30.0,5.97
KV Sharma,2013,Powerplay,23,18,3.0,7.67
KV Sharma,2014,Death,16,16,2.6666666666666665,6.0
KV Sharma,2014,Middle,287,222,37.0,7.76
KV Sharma,2014,Powerplay,70,66,11.0,6.36
KV Sharma,2015,Death,20,6,1.0,20.0
KV Sharma,2015,Middle,285,215,35.833333333333336,7.95
KV Sharma,2015,Powerplay,27,18,3.0,9.0
KV Sharma,2016,Death,22,8,1.3333333333333333,16.5
KV Sharma,2016,Middle,147,90,15.0,9.8
KV Sharma,2017,Middle,146,130,21.666666666666668,6.74
KV Sharma,2017,Powerplay,63,54,9.0,7.0
KV Sharma,2018,Death,13,9,1.5,8.67
KV Sharma,2018,Middle,75,48,8.0,9.38
KV Sharma,2019,Death,13,5,0.8333333333333334,15.6
KV Sharma,2019,Middle,20,12,2.0,10.0
KV Sharma,2020,Death,19,6,1.0,19.0
KV Sharma,2020,Middle,142,108,18.0,7.89
KV Sharma,2023,Middle,220,129,21.5,10.23
KV Sharma,2024,Middle,249,144,24.0,10.38
KV Sharma,2025,Death,5,6,1.0,5.0
KV Sharma,2025,Middle,122,84,14.0,8.71
KW Richardson,2013,Death,31,17,2.8333333333333335,10.94
KW Richardson,2013,Middle,26,18,3.0,8.67
KW Richardson,2013,Powerplay,42,36,6.0,7.0
KW Richardson,2014,Death,91,48,8.0,11.38
KW Richardson,2014,Middle,38,36,6.0,6.33
KW Richardson,2014,Powerplay,72,78,13.0,5.54
KW Richardson,2016,Death,38,24,4.0,9.5
KW Richardson,2016,Middle,29,12,2.0,14.5
KW Richardson,2016,Powerplay,63,48,8.0,7.88
KW Richardson,2021,Middle,19,12,2.0,9.5
KW Richardson,2021,Powerplay,9,6,1.0,9.0
Kamran Khan,2009,Death,50,34,5.666666666666667,8.82
Kamran Khan,2009,Middle,31,36,6.0,5.17
Kamran Khan,2009,Powerplay,48,42,7.0,6.86
Kamran Khan,2010,Middle,11,6,1.0,11.0
Kamran Khan,2010,Powerplay,40,30,5.0,8.0
Kamran Khan,2011,Middle,10,6,1.0,10.0
Kamran Khan,2011,Powerplay,37,12,2.0,18.5
Karanveer Singh,2014,Death,37,18,3.0,12.33
Karanveer Singh,2014,Middle,121,102,17.0,7.12
Karanveer Singh,2015,Middle,128,72,12.0,10.67
Karanveer Singh,2015,Powerplay,26,12,2.0,13.0
Karim Janat,2025,Middle,30,6,1.0,30.0
Kartik Tyagi,2020,Death,111,61,10.166666666666666,10.92
Kartik Tyagi,2020,Middle,116,96,16.0,7.25
Kartik Tyagi,2020,Powerplay,124,72,12.0,10.33
Kartik Tyagi,2021,Death,10,12,2.0,5.0
Kartik Tyagi,2021,Middle,52,30,5.0,10.4
Kartik Tyagi,2021,Powerplay,50,42,7.0,7.14
Kartik Tyagi,2022,Death,18,12,2.0,9.0
Kartik Tyagi,2022,Middle,29,24,4.0,7.25
Kartik Tyagi,2022,Powerplay,25,12,2.0,12.5
Kartik Tyagi,2023,Death,12,7,1.1666666666666667,10.29
Kartik Tyagi,2023,Middle,27,12,2.0,13.5
Kartik Tyagi,2023,Powerplay,39,18,3.0,13.0
Kartik Tyagi,2024,Middle,41,18,3.0,13.67
Kartik Tyagi,2024,Powerplay,8,6,1.0,8.0
Kartik Tyagi,2026,Death,174,102,17.0,10.24
Kartik Tyagi,2026,Middle,188,138,23.0,8.17
Kartik Tyagi,2026,Powerplay,122,66,11.0,11.09
Krish Bhagat,2026,Death,20,12,2.0,10.0
Krish Bhagat,2026,Middle,15,6,1.0,15.0
Krish Bhagat,2026,Powerplay,28,18,3.0,9.33
Kuldeep Yadav,2016,Death,9,6,1.0,9.0
Kuldeep Yadav,2016,Middle,85,66,11.0,7.73
Kuldeep Yadav,2017,Death,54,36,6.0,9.0
Kuldeep Yadav,2017,Middle,248,180,30.0,8.27
Kuldeep Yadav,2017,Powerplay,33,30,5.0,6.6
Kuldeep Yadav,2018,Death,11,6,1.0,11.0
Kuldeep Yadav,2018,Middle,374,278,46.333333333333336,8.07
Kuldeep Yadav,2018,Powerplay,25,24,4.0,6.25
Kuldeep Yadav,2019,Death,22,24,4.0,5.5
Kuldeep Yadav,2019,Middle,260,174,29.0,8.97
Kuldeep Yadav,2020,Death,14,12,2.0,7.0
Kuldeep Yadav,2020,Middle,75,60,10.0,7.5
Kuldeep Yadav,2022,Death,19,12,2.0,9.5
Kuldeep Yadav,2022,Middle,392,286,47.666666666666664,8.22
Kuldeep Yadav,2023,Death,36,30,5.0,7.2
Kuldeep Yadav,2023,Middle,319,264,44.0,7.25
Kuldeep Yadav,2024,Death,58,30,5.0,11.6
Kuldeep Yadav,2024,Middle,285,222,37.0,7.7
Kuldeep Yadav,2024,Powerplay,20,6,1.0,20.0
Kuldeep Yadav,2025,Death,24,30,5.0,4.8
Kuldeep Yadav,2025,Middle,359,288,48.0,7.48
Kuldeep Yadav,2026,Death,38,18,3.0,12.67
Kuldeep Yadav,2026,Middle,338,204,34.0,9.94
L Ablish,2010,Death,2,6,1.0,2.0
L Ablish,2010,Middle,5,6,1.0,5.0
L Ablish,2010,Powerplay,26,12,2.0,13.0
L Ablish,2011,Middle,39,18,3.0,13.0
L Balaji,2008,Death,115,72,12.0,9.58
L Balaji,2008,Middle,163,126,21.0,7.76
L Balaji,2009,Death,136,84,14.0,9.71
L Balaji,2009,Middle,107,92,15.333333333333334,6.98
L Balaji,2009,Powerplay,68,48,8.0,8.5
L Balaji,2010,Death,66,32,5.333333333333333,12.38
L Balaji,2010,Middle,66,60,10.0,6.6
L Balaji,2010,Powerplay,60,48,8.0,7.5
L Balaji,2011,Death,121,84,14.0,8.64
L Balaji,2011,Middle,115,86,14.333333333333334,8.02
L Balaji,2011,Powerplay,114,96,16.0,7.12
L Balaji,2012,Death,33,36,6.0,5.5
L Balaji,2012,Middle,74,84,14.0,5.29
L Balaji,2012,Powerplay,44,60,10.0,4.4
L Balaji,2013,Death,109,54,9.0,12.11
L Balaji,2013,Middle,126,108,18.0,7.0
L Balaji,2013,Powerplay,140,138,23.0,6.09
L Balaji,2014,Death,120,60,10.0,12.0
L Balaji,2014,Middle,96,84,14.0,6.86
L Balaji,2014,Powerplay,70,60,10.0,7.0
L Ngidi,2018,Death,50,42,7.0,7.14
L Ngidi,2018,Middle,16,24,4.0,4.0
L Ngidi,2018,Powerplay,83,90,15.0,5.53
L Ngidi,2020,Death,73,42,7.0,10.43
L Ngidi,2020,Middle,35,30,5.0,7.0
L Ngidi,2020,Powerplay,39,24,4.0,9.75
L Ngidi,2021,Death,27,18,3.0,9.0
L Ngidi,2021,Middle,63,36,6.0,10.5
L Ngidi,2021,Powerplay,32,18,3.0,10.67
L Ngidi,2025,Death,21,12,2.0,10.5
L Ngidi,2025,Middle,30,18,3.0,10.0
L Ngidi,2025,Powerplay,30,18,3.0,10.0
L Ngidi,2026,Death,104,80,13.333333333333334,7.8
L Ngidi,2026,Middle,97,72,12.0,8.08
L Ngidi,2026,Powerplay,132,96,16.0,8.25
L Wood,2024,Death,43,12,2.0,21.5
L Wood,2024,Middle,23,12,2.0,11.5
L Wood,2024,Powerplay,25,12,2.0,12.5
LA Carseldine,2009,Powerplay,5,6,1.0,5.0
LB Williams,2024,Middle,16,12,2.0,8.0
LB Williams,2024,Powerplay,45,25,4.166666666666667,10.8
LE Plunkett,2018,Death,56,42,7.0,8.0
LE Plunkett,2018,Middle,96,66,11.0,8.73
LE Plunkett,2018,Powerplay,69,42,7.0,9.86
LH Ferguson,2017,Death,22,12,2.0,11.0
LH Ferguson,2017,Middle,15,36,6.0,2.5
LH Ferguson,2017,Powerplay,47,30,5.0,9.4
LH Ferguson,2019,Death,71,36,6.0,11.83
LH Ferguson,2019,Middle,40,24,4.0,10.0
LH Ferguson,2019,Powerplay,67,42,7.0,9.57
LH Ferguson,2020,Death,51,35,5.833333333333333,8.74
LH Ferguson,2020,Middle,81,78,13.0,6.23
LH Ferguson,2020,Powerplay,11,9,1.5,7.33
LH Ferguson,2021,Death,58,42,7.0,8.29
LH Ferguson,2021,Middle,75,60,10.0,7.5
LH Ferguson,2021,Powerplay,84,78,13.0,6.46
LH Ferguson,2022,Death,147,82,13.666666666666666,10.76
LH Ferguson,2022,Middle,192,150,25.0,7.68
LH Ferguson,2022,Powerplay,72,54,9.0,8.0
LH Ferguson,2023,Death,32,16,2.6666666666666665,12.0
LH Ferguson,2023,Middle,34,18,3.0,11.33
LH Ferguson,2023,Powerplay,14,12,2.0,7.0
LH Ferguson,2024,Death,62,30,5.0,12.4
LH Ferguson,2024,Middle,124,90,15.0,8.27
LH Ferguson,2024,Powerplay,62,24,4.0,15.5
LH Ferguson,2025,Death,22,12,2.0,11.0
LH Ferguson,2025,Middle,48,36,6.0,8.0
LH Ferguson,2025,Powerplay,23,20,3.3333333333333335,6.9
LH Ferguson,2026,Death,53,24,4.0,13.25
LH Ferguson,2026,Middle,19,12,2.0,9.5
LH Ferguson,2026,Powerplay,65,30,5.0,13.0
LI Meriwala,2021,Middle,4,6,1.0,4.0
LI Meriwala,2021,Powerplay,23,12,2.0,11.5
LJ Wright,2012,Middle,12,6,1.0,12.0
LJ Wright,2012,Powerplay,12,6,1.0,12.0
LJ Wright,2013,Death,16,5,0.8333333333333334,19.2
LJ Wright,2013,Middle,80,54,9.0,8.89
LMP Simmons,2014,Death,8,6,1.0,8.0
LMP Simmons,2014,Middle,26,12,2.0,13.0
LPC Silva,2008,Death,21,6,1.0,21.0
LR Shukla,2008,Death,29,23,3.8333333333333335,7.57
LR Shukla,2008,Middle,82,49,8.166666666666666,10.04
LR Shukla,2009,Death,29,18,3.0,9.67
LR Shukla,2009,Middle,59,60,10.0,5.9
LR Shukla,2009,Powerplay,7,6,1.0,7.0
LR Shukla,2010,Death,32,18,3.0,10.67
LR Shukla,2010,Middle,49,42,7.0,7.0
LR Shukla,2010,Powerplay,25,12,2.0,12.5
LR Shukla,2012,Death,5,6,1.0,5.0
LR Shukla,2012,Middle,7,6,1.0,7.0
LR Shukla,2013,Middle,22,18,3.0,7.33
LR Shukla,2014,Middle,64,48,8.0,8.0
LR Shukla,2014,Powerplay,17,8,1.3333333333333333,12.75
LRPL Taylor,2009,Middle,12,6,1.0,12.0
LRPL Taylor,2011,Middle,11,6,1.0,11.0
LS Livingstone,2019,Middle,13,6,1.0,13.0
LS Livingstone,2022,Death,13,6,1.0,13.0
LS Livingstone,2022,Middle,173,120,20.0,8.65
LS Livingstone,2022,Powerplay,10,12,2.0,5.0
LS Livingstone,2023,Middle,94,42,7.0,13.43
LS Livingstone,2024,Middle,74,66,11.0,6.73
LS Livingstone,2024,Powerplay,7,6,1.0,7.0
LS Livingstone,2025,Death,4,6,1.0,4.0
LS Livingstone,2025,Middle,72,48,8.0,9.0
Lalit Yadav,2021,Middle,91,78,13.0,7.0
Lalit Yadav,2021,Powerplay,10,6,1.0,10.0
Lalit Yadav,2022,Death,15,12,2.0,7.5
Lalit Yadav,2022,Middle,80,54,9.0,8.89
Lalit Yadav,2022,Powerplay,47,42,7.0,6.71
Lalit Yadav,2023,Middle,76,48,8.0,9.5
Lalit Yadav,2023,Powerplay,38,30,5.0,7.6
Lalit Yadav,2024,Powerplay,56,18,3.0,18.67
M Ashwin,2016,Death,33,27,4.5,7.33
M Ashwin,2016,Middle,174,132,22.0,7.91
M Ashwin,2016,Powerplay,27,12,2.0,13.5
M Ashwin,2018,Middle,50,42,7.0,7.14
M Ashwin,2019,Death,5,6,1.0,5.0
M Ashwin,2019,Middle,233,192,32.0,7.28
M Ashwin,2019,Powerplay,9,6,1.0,9.0
M Ashwin,2020,Death,38,27,4.5,8.44
M Ashwin,2020,Middle,166,144,24.0,6.92
M Ashwin,2020,Powerplay,29,18,3.0,9.67
M Ashwin,2021,Death,4,6,1.0,4.0
M Ashwin,2021,Middle,87,60,10.0,8.7
M Ashwin,2022,Middle,155,120,20.0,7.75
M Ashwin,2022,Powerplay,68,54,9.0,7.56
M Ashwin,2023,Death,10,6,1.0,10.0
M Ashwin,2023,Middle,42,18,3.0,14.0
M Jansen,2021,Death,6,6,1.0,6.0
M Jansen,2021,Middle,6,12,2.0,3.0
M Jansen,2021,Powerplay,28,18,3.0,9.33
M Jansen,2022,Death,33,12,2.0,16.5
M Jansen,2022,Middle,82,54,9.0,9.11
M Jansen,2022,Powerplay,146,126,21.0,6.95
M Jansen,2023,Middle,82,49,8.166666666666666,10.04
M Jansen,2023,Powerplay,149,114,19.0,7.84
M Jansen,2024,Death,11,6,1.0,11.0
M Jansen,2024,Middle,65,30,5.0,13.0
M Jansen,2024,Powerplay,39,24,4.0,9.75
M Jansen,2025,Death,72,42,7.0,10.29
M Jansen,2025,Middle,165,122,20.333333333333332,8.11
M Jansen,2025,Powerplay,180,120,20.0,9.0
M Jansen,2026,Death,117,62,10.333333333333334,11.32
M Jansen,2026,Middle,180,114,19.0,9.47
M Jansen,2026,Powerplay,172,108,18.0,9.56
M Kartik,2008,Death,18,10,1.6666666666666665,10.8
M Kartik,2008,Middle,108,78,13.0,8.31
M Kartik,2009,Death,23,18,3.0,7.67
M Kartik,2009,Middle,141,162,27.0,5.22
M Kartik,2009,Powerplay,25,24,4.0,6.25
M Kartik,2010,Death,45,30,5.0,9.0
M Kartik,2010,Middle,163,174,29.0,5.62
M Kartik,2010,Powerplay,40,30,5.0,8.0
M Kartik,2011,Death,16,12,2.0,8.0
M Kartik,2011,Middle,107,78,13.0,8.23
M Kartik,2011,Powerplay,34,35,5.833333333333333,5.83
M Kartik,2012,Middle,185,150,25.0,7.4
M Kartik,2012,Powerplay,66,66,11.0,6.0
M Kartik,2013,Death,19,18,3.0,6.33
M Kartik,2013,Middle,235,198,33.0,7.12
M Kartik,2013,Powerplay,21,18,3.0,7.0
M Kartik,2014,Middle,77,42,7.0,11.0
M Kartik,2014,Powerplay,13,6,1.0,13.0
M Manhas,2011,Middle,42,42,7.0,6.0
M Markande,2018,Death,2,6,1.0,2.0
M Markande,2018,Middle,362,258,43.0,8.42
M Markande,2019,Middle,58,36,6.0,9.67
M Markande,2021,Middle,26,18,3.0,8.67
M Markande,2022,Middle,57,42,7.0,8.14
M Markande,2023,Death,29,18,3.0,9.67
M Markande,2023,Middle,268,210,35.0,7.66
M Markande,2024,Death,15,6,1.0,15.0
M Markande,2024,Middle,233,126,21.0,11.1
M Markande,2026,Middle,75,30,5.0,15.0
M Morkel,2009,Death,1,6,1.0,1.0
M Morkel,2009,Middle,8,6,1.0,8.0
M Morkel,2009,Powerplay,29,30,5.0,5.8
M Morkel,2010,Death,13,6,1.0,13.0
M Morkel,2010,Middle,20,18,3.0,6.67
M Morkel,2010,Powerplay,29,18,3.0,9.67
M Morkel,2011,Death,68,48,8.0,8.5
M Morkel,2011,Middle,86,78,13.0,6.62
M Morkel,2011,Powerplay,151,132,22.0,6.86
M Morkel,2012,Death,182,138,23.0,7.91
M Morkel,2012,Middle,55,42,7.0,7.86
M Morkel,2012,Powerplay,197,198,33.0,5.97
M Morkel,2013,Death,110,60,10.0,11.0
M Morkel,2013,Middle,102,84,14.0,7.29
M Morkel,2013,Powerplay,115,96,16.0,7.19
M Morkel,2014,Death,34,18,3.0,11.33
M Morkel,2014,Middle,111,78,13.0,8.54
M Morkel,2014,Powerplay,194,192,32.0,6.06
M Morkel,2015,Death,40,24,4.0,10.0
M Morkel,2015,Middle,35,36,6.0,5.83
M Morkel,2015,Powerplay,125,108,18.0,6.94
M Morkel,2016,Death,63,36,6.0,10.5
M Morkel,2016,Middle,65,45,7.5,8.67
M Morkel,2016,Powerplay,162,132,22.0,7.36
M Muralitharan,2008,Death,43,36,6.0,7.17
M Muralitharan,2008,Middle,327,306,51.0,6.41
M Muralitharan,2008,Powerplay,7,6,1.0,7.0
M Muralitharan,2009,Death,9,12,2.0,4.5
M Muralitharan,2009,Middle,235,264,44.0,5.34
M Muralitharan,2009,Powerplay,13,24,4.0,3.25
M Muralitharan,2010,Death,56,54,9.0,6.22
M Muralitharan,2010,Middle,232,210,35.0,6.63
M Muralitharan,2010,Powerplay,32,28,4.666666666666667,6.86
M Muralitharan,2011,Death,26,17,2.8333333333333335,9.18
M Muralitharan,2011,Middle,96,73,12.166666666666666,7.89
M Muralitharan,2011,Powerplay,15,24,4.0,3.75
M Muralitharan,2012,Death,51,24,4.0,12.75
M Muralitharan,2012,Middle,189,204,34.0,5.56
M Muralitharan,2012,Powerplay,15,12,2.0,7.5
M Muralitharan,2013,Death,24,12,2.0,12.0
M Muralitharan,2013,Middle,120,108,18.0,6.67
M Muralitharan,2013,Powerplay,30,18,3.0,10.0
M Muralitharan,2014,Middle,80,60,10.0,8.0
M Muralitharan,2014,Powerplay,41,36,6.0,6.83
M Ntini,2008,Death,45,30,5.0,9.0
M Ntini,2008,Middle,27,24,4.0,6.75
M Ntini,2008,Powerplay,165,156,26.0,6.35
M Pathirana,2022,Death,24,17,2.8333333333333335,8.47
M Pathirana,2022,Middle,17,24,4.0,4.25
M Pathirana,2023,Death,159,134,22.333333333333332,7.12
M Pathirana,2023,Middle,170,144,24.0,7.08
M Pathirana,2024,Death,74,54,9.0,8.22
M Pathirana,2024,Middle,80,78,13.0,6.15
M Pathirana,2025,Death,170,109,18.166666666666668,9.36
M Pathirana,2025,Middle,217,142,23.666666666666668,9.17
M Pathirana,2026,Powerplay,7,8,1.3333333333333333,5.25
M Prasidh Krishna,2018,Death,104,72,12.0,8.67
M Prasidh Krishna,2018,Middle,44,30,5.0,8.8
M Prasidh Krishna,2018,Powerplay,103,66,11.0,9.36
M Prasidh Krishna,2019,Death,110,50,8.333333333333334,13.2
M Prasidh Krishna,2019,Middle,92,72,12.0,7.67
M Prasidh Krishna,2019,Powerplay,172,126,21.0,8.19
M Prasidh Krishna,2020,Death,18,12,2.0,9.0
M Prasidh Krishna,2020,Middle,42,27,4.5,9.33
M Prasidh Krishna,2020,Powerplay,100,67,11.166666666666666,8.96
M Prasidh Krishna,2021,Death,98,57,9.5,10.32
M Prasidh Krishna,2021,Middle,148,114,19.0,7.79
M Prasidh Krishna,2021,Powerplay,76,60,10.0,7.6
M Prasidh Krishna,2022,Death,199,117,19.5,10.21
M Prasidh Krishna,2022,Middle,88,66,11.0,8.0
M Prasidh Krishna,2022,Powerplay,217,216,36.0,6.03
M Prasidh Krishna,2025,Death,164,90,15.0,10.93
M Prasidh Krishna,2025,Middle,197,186,31.0,6.35
M Prasidh Krishna,2025,Powerplay,116,78,13.0,8.92
M Prasidh Krishna,2026,Death,121,60,10.0,12.1
M Prasidh Krishna,2026,Middle,250,162,27.0,9.26
M Prasidh Krishna,2026,Powerplay,28,12,2.0,14.0
M Shahrukh Khan,2024,Death,7,6,1.0,7.0
M Shahrukh Khan,2024,Middle,8,6,1.0,8.0
M Shahrukh Khan,2025,Middle,13,6,1.0,13.0
M Siddharth,2024,Middle,9,6,1.0,9.0
M Siddharth,2024,Powerplay,53,49,8.166666666666666,6.49
M Siddharth,2025,Middle,48,30,5.0,9.6
M Siddharth,2025,Powerplay,17,12,2.0,8.5
M Siddharth,2026,Death,27,12,2.0,13.5
M Siddharth,2026,Middle,101,66,11.0,9.18
M Siddharth,2026,Powerplay,14,12,2.0,7.0
M Theekshana,2022,Death,24,24,4.0,6.0
M Theekshana,2022,Middle,117,96,16.0,7.31
M Theekshana,2022,Powerplay,118,90,15.0,7.87
M Theekshana,2023,Death,49,42,7.0,7.0
M Theekshana,2023,Middle,218,168,28.0,7.79
M Theekshana,2023,Powerplay,120,84,14.0,8.57
M Theekshana,2024,Middle,85,72,12.0,7.08
M Theekshana,2024,Powerplay,58,48,8.0,7.25
M Theekshana,2025,Death,57,36,6.0,9.5
M Theekshana,2025,Middle,187,126,21.0,8.9
M Theekshana,2025,Powerplay,140,90,15.0,9.33
M Tiwari,2025,Middle,14,6,1.0,14.0
M Tiwari,2026,Death,21,12,2.0,10.5
M Tiwari,2026,Middle,57,48,8.0,7.12
M Vijay,2014,Middle,13,6,1.0,13.0
M Vijay,2015,Middle,28,24,4.0,7.0
M Vijay,2016,Powerplay,7,6,1.0,7.0
M de Lange,2012,Death,28,12,2.0,14.0
M de Lange,2012,Middle,17,6,1.0,17.0
M de Lange,2012,Powerplay,58,42,7.0,8.29
M de Lange,2014,Death,5,6,1.0,5.0
M de Lange,2014,Middle,10,12,2.0,5.0
M de Lange,2014,Powerplay,14,6,1.0,14.0
M de Lange,2015,Death,24,12,2.0,12.0
M de Lange,2015,Powerplay,0,12,2.0,0.0
MA Khote,2008,Death,23,12,2.0,11.5
MA Khote,2008,Middle,28,18,3.0,9.33
MA Starc,2014,Death,167,118,19.666666666666668,8.49
MA Starc,2014,Middle,38,36,6.0,6.33
MA Starc,2014,Powerplay,176,168,28.0,6.29
MA Starc,2015,Death,73,72,12.0,6.08
MA Starc,2015,Middle,65,60,10.0,6.5
MA Starc,2015,Powerplay,135,126,21.0,6.43
MA Starc,2024,Death,99,47,7.833333333333333,12.64
MA Starc,2024,Middle,40,30,5.0,8.0
MA Starc,2024,Powerplay,275,174,29.0,9.48
MA Starc,2025,Death,70,48,8.0,8.75
MA Starc,2025,Middle,53,42,7.0,7.57
MA Starc,2025,Powerplay,243,143,23.833333333333332,10.2
MA Starc,2026,Death,60,36,6.0,10.0
MA Starc,2026,Middle,45,30,5.0,9.0
MA Starc,2026,Powerplay,107,66,11.0,9.73
MA Wood,2018,Death,35,12,2.0,17.5
MA Wood,2018,Middle,13,12,2.0,6.5
MA Wood,2023,Death,52,30,5.0,10.4
MA Wood,2023,Middle,39,42,7.0,5.57
MA Wood,2023,Powerplay,33,24,4.0,8.25
MB Parmar,2010,Middle,19,12,2.0,9.5
MB Parmar,2010,Powerplay,13,6,1.0,13.0
MC Henriques,2009,Death,27,18,3.0,9.0
MC Henriques,2009,Middle,47,37,6.166666666666667,7.62
MC Henriques,2009,Powerplay,30,18,3.0,10.0
MC Henriques,2010,Death,14,6,1.0,14.0
MC Henriques,2010,Middle,21,18,3.0,7.0
MC Henriques,2013,Death,4,1,0.16666666666666666,24.0
MC Henriques,2013,Middle,77,42,7.0,11.0
MC Henriques,2013,Powerplay,99,84,14.0,7.07
MC Henriques,2014,Death,11,12,2.0,5.5
MC Henriques,2014,Middle,31,30,5.0,6.2
MC Henriques,2014,Powerplay,51,18,3.0,17.0
MC Henriques,2015,Death,10,6,1.0,10.0
MC Henriques,2015,Middle,118,114,19.0,6.21
MC Henriques,2015,Powerplay,23,30,5.0,4.6
MC Henriques,2016,Middle,401,306,51.0,7.86
MC Henriques,2016,Powerplay,8,6,1.0,8.0
MC Henriques,2017,Death,4,1,0.16666666666666666,24.0
MC Henriques,2017,Middle,202,126,21.0,9.62
MC Henriques,2017,Powerplay,33,17,2.8333333333333335,11.65
MC Henriques,2021,Middle,20,30,5.0,4.0
MC Henriques,2021,Powerplay,24,30,5.0,4.8
MD Shanaka,2026,Death,6,6,1.0,6.0
MD Shanaka,2026,Middle,52,30,5.0,10.4
MF Maharoof,2008,Death,86,54,9.0,9.56
MF Maharoof,2008,Middle,118,126,21.0,5.62
MF Maharoof,2008,Powerplay,34,36,6.0,5.67
MF Maharoof,2009,Death,9,6,1.0,9.0
MF Maharoof,2009,Middle,31,30,5.0,6.2
MF Maharoof,2009,Powerplay,18,24,4.0,4.5
MF Maharoof,2010,Death,36,24,4.0,9.0
MF Maharoof,2010,Middle,13,12,2.0,6.5
MF Maharoof,2010,Powerplay,147,108,18.0,8.17
MG Bracewell,2023,Middle,82,54,9.0,9.11
MG Bracewell,2023,Powerplay,13,12,2.0,6.5
MG Johnson,2013,Death,113,78,13.0,8.69
MG Johnson,2013,Middle,98,72,12.0,8.17
MG Johnson,2013,Powerplay,225,234,39.0,5.77
MG Johnson,2014,Death,99,75,12.5,7.92
MG Johnson,2014,Middle,91,72,12.0,7.58
MG Johnson,2014,Powerplay,229,174,29.0,7.9
MG Johnson,2015,Death,69,35,5.833333333333333,11.83
MG Johnson,2015,Middle,132,108,18.0,7.33
MG Johnson,2015,Powerplay,120,75,12.5,9.6
MG Johnson,2016,Death,22,12,2.0,11.0
MG Johnson,2016,Middle,30,18,3.0,10.0
MG Johnson,2016,Powerplay,51,36,6.0,8.5
MG Johnson,2017,Death,26,18,3.0,8.67
MG Johnson,2017,Middle,43,42,7.0,6.14
MG Johnson,2017,Powerplay,66,60,10.0,6.6
MG Johnson,2018,Death,63,42,7.0,9.0
MG Johnson,2018,Middle,64,42,7.0,9.14
MG Johnson,2018,Powerplay,82,42,7.0,11.71
MG Neser,2013,Death,33,12,2.0,16.5
MG Neser,2013,Middle,8,6,1.0,8.0
MG Neser,2013,Powerplay,18,6,1.0,18.0
MJ Clarke,2012,Middle,67,66,11.0,6.09
MJ Henry,2017,Death,8,6,1.0,8.0
MJ Henry,2017,Middle,26,6,1.0,26.0
MJ Henry,2017,Powerplay,36,18,3.0,12.0
MJ Henry,2024,Middle,17,12,2.0,8.5
MJ Henry,2024,Powerplay,91,60,10.0,9.1
MJ Henry,2026,Death,12,6,1.0,12.0
MJ Henry,2026,Middle,40,18,3.0,13.33
MJ Henry,2026,Powerplay,77,36,6.0,12.83
MJ McClenaghan,2015,Death,98,66,11.0,8.91
MJ McClenaghan,2015,Middle,91,66,11.0,8.27
MJ McClenaghan,2015,Powerplay,174,150,25.0,6.96
MJ McClenaghan,2016,Death,123,92,15.333333333333334,8.02
MJ McClenaghan,2016,Middle,94,72,12.0,7.83
MJ McClenaghan,2016,Powerplay,203,156,26.0,7.81
MJ McClenaghan,2017,Death,129,84,14.0,9.21
MJ McClenaghan,2017,Middle,155,96,16.0,9.69
MJ McClenaghan,2017,Powerplay,180,144,24.0,7.5
MJ McClenaghan,2018,Death,70,36,6.0,11.67
MJ McClenaghan,2018,Middle,65,54,9.0,7.22
MJ McClenaghan,2018,Powerplay,176,150,25.0,7.04
MJ McClenaghan,2019,Death,23,18,3.0,7.67
MJ McClenaghan,2019,Middle,34,36,6.0,5.67
MJ McClenaghan,2019,Powerplay,79,54,9.0,8.78
MJ Santner,2019,Death,1,6,1.0,1.0
MJ Santner,2019,Middle,54,54,9.0,6.0
MJ Santner,2019,Powerplay,24,24,4.0,6.0
MJ Santner,2020,Middle,31,30,5.0,6.2
MJ Santner,2020,Powerplay,22,12,2.0,11.0
MJ Santner,2022,Middle,80,72,12.0,6.67
MJ Santner,2022,Powerplay,50,42,7.0,7.14
MJ Santner,2023,Middle,63,60,10.0,6.3
MJ Santner,2023,Powerplay,18,12,2.0,9.0
MJ Santner,2024,Middle,44,30,5.0,8.8
MJ Santner,2024,Powerplay,20,24,4.0,5.0
MJ Santner,2025,Death,43,21,3.5,12.29
MJ Santner,2025,Middle,224,192,32.0,7.0
MJ Santner,2025,Powerplay,35,24,4.0,8.75
MJ Santner,2026,Middle,81,66,11.0,7.36
MJ Santner,2026,Powerplay,41,18,3.0,13.67
MJ Suthar,2024,Powerplay,26,12,2.0,13.0
MJ Suthar,2026,Death,29,12,2.0,14.5
MJ Suthar,2026,Middle,37,24,4.0,9.25
MK Lomror,2018,Middle,27,18,3.0,9.0
MK Lomror,2021,Middle,35,30,5.0,7.0
MK Lomror,2021,Powerplay,11,12,2.0,5.5
MK Lomror,2022,Middle,18,12,2.0,9.0
MK Lomror,2023,Middle,17,12,2.0,8.5
MK Lomror,2024,Middle,15,6,1.0,15.0
MK Tiwary,2009,Middle,11,6,1.0,11.0
MK Tiwary,2010,Death,10,6,1.0,10.0
MK Tiwary,2011,Middle,22,12,2.0,11.0
MK Tiwary,2014,Death,17,6,1.0,17.0
MK Tiwary,2014,Middle,11,6,1.0,11.0
MK Tiwary,2018,Middle,7,6,1.0,7.0
MM Ali,2018,Middle,82,67,11.166666666666666,7.34
MM Ali,2018,Powerplay,13,12,2.0,6.5
MM Ali,2019,Death,13,6,1.0,13.0
MM Ali,2019,Middle,138,126,21.0,6.57
MM Ali,2019,Powerplay,17,18,3.0,5.67
MM Ali,2020,Middle,40,30,5.0,8.0
MM Ali,2021,Death,6,8,1.3333333333333333,4.5
MM Ali,2021,Middle,153,144,24.0,6.38
MM Ali,2022,Middle,148,131,21.833333333333332,6.78
MM Ali,2022,Powerplay,7,12,2.0,3.5
MM Ali,2023,Death,3,6,1.0,3.0
MM Ali,2023,Middle,181,138,23.0,7.87
MM Ali,2023,Powerplay,10,12,2.0,5.0
MM Ali,2024,Middle,70,48,8.0,8.75
MM Ali,2025,Middle,92,54,9.0,10.22
MM Ali,2025,Powerplay,41,42,7.0,5.86
MM Patel,2008,Death,75,42,7.0,10.71
MM Patel,2008,Middle,119,126,21.0,5.67
MM Patel,2008,Powerplay,214,162,27.0,7.93
MM Patel,2009,Death,66,41,6.833333333333333,9.66
MM Patel,2009,Middle,89,84,14.0,6.36
MM Patel,2009,Powerplay,64,84,14.0,4.57
MM Patel,2010,Death,10,12,2.0,5.0
MM Patel,2010,Middle,19,18,3.0,6.33
MM Patel,2010,Powerplay,89,48,8.0,11.12
MM Patel,2011,Death,98,56,9.333333333333334,10.5
MM Patel,2011,Middle,123,108,18.0,6.83
MM Patel,2011,Powerplay,134,162,27.0,4.96
MM Patel,2012,Death,144,76,12.666666666666666,11.37
MM Patel,2012,Middle,41,54,9.0,4.56
MM Patel,2012,Powerplay,169,150,25.0,6.76
MM Patel,2013,Death,34,18,3.0,11.33
MM Patel,2013,Middle,38,30,5.0,7.6
MM Patel,2013,Powerplay,64,42,7.0,9.14
MM Patel,2017,Middle,50,36,6.0,8.33
MM Patel,2017,Powerplay,7,6,1.0,7.0
MM Sharma,2013,Death,26,16,2.6666666666666665,9.75
MM Sharma,2013,Middle,69,72,12.0,5.75
MM Sharma,2013,Powerplay,224,216,36.0,6.22
MM Sharma,2014,Death,208,119,19.833333333333332,10.49
MM Sharma,2014,Middle,79,84,14.0,5.64
MM Sharma,2014,Powerplay,164,120,20.0,8.2
MM Sharma,2015,Death,109,72,12.0,9.08
MM Sharma,2015,Middle,122,108,18.0,6.78
MM Sharma,2015,Powerplay,235,162,27.0,8.7
MM Sharma,2016,Death,154,105,17.5,8.8
MM Sharma,2016,Middle,111,84,14.0,7.93
MM Sharma,2016,Powerplay,129,102,17.0,7.59
MM Sharma,2017,Death,145,91,15.166666666666666,9.56
MM Sharma,2017,Middle,119,87,14.5,8.21
MM Sharma,2017,Powerplay,142,96,16.0,8.88
MM Sharma,2018,Death,126,64,10.666666666666666,11.81
MM Sharma,2018,Middle,56,30,5.0,11.2
MM Sharma,2018,Powerplay,130,84,14.0,9.29
MM Sharma,2019,Death,16,6,1.0,16.0
MM Sharma,2019,Middle,10,6,1.0,10.0
MM Sharma,2019,Powerplay,1,6,1.0,1.0
MM Sharma,2020,Death,17,6,1.0,17.0
MM Sharma,2020,Middle,14,6,1.0,14.0
MM Sharma,2020,Powerplay,13,12,2.0,6.5
MM Sharma,2023,Death,122,91,15.166666666666666,8.04
MM Sharma,2023,Middle,208,156,26.0,8.0
MM Sharma,2023,Powerplay,28,18,3.0,9.33
MM Sharma,2024,Death,178,96,16.0,11.12
MM Sharma,2024,Middle,180,114,19.0,9.47
MM Sharma,2024,Powerplay,50,24,4.0,12.5
MM Sharma,2025,Death,110,54,9.0,12.22
MM Sharma,2025,Middle,105,78,13.0,8.08
MM Sharma,2025,Powerplay,24,18,3.0,8.0
MN Samuels,2012,Death,70,40,6.666666666666667,10.5
MN Samuels,2012,Middle,76,66,11.0,6.91
MN Samuels,2012,Powerplay,65,66,11.0,5.91
MN Samuels,2013,Death,15,6,1.0,15.0
MN Samuels,2013,Middle,4,6,1.0,4.0
MN Samuels,2013,Powerplay,14,12,2.0,7.0
MN Samuels,2017,Middle,34,18,3.0,11.33
MP Stoinis,2016,Death,21,18,3.0,7.0
MP Stoinis,2016,Middle,93,78,13.0,7.15
MP Stoinis,2016,Powerplay,77,42,7.0,11.0
MP Stoinis,2017,Death,22,9,1.5,14.67
MP Stoinis,2017,Middle,69,48,8.0,8.62
MP Stoinis,2017,Powerplay,13,6,1.0,13.0
MP Stoinis,2018,Death,20,6,1.0,20.0
MP Stoinis,2018,Middle,89,54,9.0,9.89
MP Stoinis,2018,Powerplay,11,6,1.0,11.0
MP Stoinis,2019,Death,42,16,2.6666666666666665,15.75
MP Stoinis,2019,Middle,100,84,14.0,7.14
MP Stoinis,2020,Death,93,52,8.666666666666666,10.73
MP Stoinis,2020,Middle,148,96,16.0,9.25
MP Stoinis,2020,Powerplay,35,30,5.0,7.0
MP Stoinis,2021,Death,22,6,1.0,22.0
MP Stoinis,2021,Middle,56,37,6.166666666666667,9.08
MP Stoinis,2021,Powerplay,31,24,4.0,7.75
MP Stoinis,2022,Death,31,12,2.0,15.5
MP Stoinis,2022,Middle,46,30,5.0,9.2
MP Stoinis,2023,Death,22,12,2.0,11.0
MP Stoinis,2023,Middle,46,36,6.0,7.67
MP Stoinis,2023,Powerplay,28,17,2.8333333333333335,9.88
MP Stoinis,2024,Death,15,6,1.0,15.0
MP Stoinis,2024,Middle,76,54,9.0,8.44
MP Stoinis,2024,Powerplay,28,24,4.0,7.0
MP Stoinis,2025,Death,27,9,1.5,18.0
MP Stoinis,2025,Middle,124,66,11.0,11.27
MP Stoinis,2025,Powerplay,12,10,1.6666666666666665,7.2
MP Stoinis,2026,Death,32,11,1.8333333333333335,17.45
MP Stoinis,2026,Middle,60,36,6.0,10.0
MP Yadav,2024,Death,0,1,0.16666666666666666,0.0
MP Yadav,2024,Middle,62,60,10.0,6.2
MP Yadav,2024,Powerplay,19,12,2.0,9.5
MP Yadav,2025,Death,15,6,1.0,15.0
MP Yadav,2025,Middle,27,18,3.0,9.0
MP Yadav,2025,Powerplay,53,24,4.0,13.25
MP Yadav,2026,Death,33,18,3.0,11.0
MP Yadav,2026,Middle,126,60,10.0,12.6
MP Yadav,2026,Powerplay,18,18,3.0,6.0
MR Marsh,2010,Death,30,18,3.0,10.0
MR Marsh,2010,Middle,14,18,3.0,4.67
MR Marsh,2010,Powerplay,39,24,4.0,9.75
MR Marsh,2011,Death,12,12,2.0,6.0
MR Marsh,2011,Middle,63,61,10.166666666666666,6.2
MR Marsh,2011,Powerplay,23,12,2.0,11.5
MR Marsh,2013,Death,48,18,3.0,16.0
MR Marsh,2013,Middle,87,86,14.333333333333334,6.07
MR Marsh,2013,Powerplay,41,12,2.0,20.5
MR Marsh,2016,Death,10,6,1.0,10.0
MR Marsh,2016,Middle,23,24,4.0,5.75
MR Marsh,2016,Powerplay,11,24,4.0,2.75
MR Marsh,2020,Powerplay,6,4,0.6666666666666666,9.0
MR Marsh,2022,Death,28,12,2.0,14.0
MR Marsh,2022,Middle,69,54,9.0,7.67
MR Marsh,2022,Powerplay,1,6,1.0,1.0
MR Marsh,2023,Death,29,19,3.1666666666666665,9.16
MR Marsh,2023,Middle,117,90,15.0,7.8
MR Marsh,2023,Powerplay,13,12,2.0,6.5
MR Marsh,2024,Death,36,12,2.0,18.0
MR Marsh,2024,Middle,45,24,4.0,11.25
MR Marsh,2024,Powerplay,16,12,2.0,8.0
MS Gony,2008,Death,45,30,5.0,9.0
MS Gony,2008,Middle,61,60,10.0,6.1
MS Gony,2008,Powerplay,325,270,45.0,7.22
MS Gony,2009,Death,13,6,1.0,13.0
MS Gony,2009,Middle,29,18,3.0,9.67
MS Gony,2009,Powerplay,124,78,13.0,9.54
MS Gony,2010,Middle,10,6,1.0,10.0
MS Gony,2010,Powerplay,79,42,7.0,11.29
MS Gony,2011,Death,14,6,1.0,14.0
MS Gony,2011,Middle,43,36,6.0,7.17
MS Gony,2011,Powerplay,27,12,2.0,13.5
MS Gony,2012,Death,48,18,3.0,16.0
MS Gony,2012,Middle,64,66,11.0,5.82
MS Gony,2012,Powerplay,88,60,10.0,8.8
MS Gony,2013,Death,28,18,3.0,9.33
MS Gony,2013,Middle,188,132,22.0,8.55
MS Gony,2013,Powerplay,33,18,3.0,11.0
MS Gony,2017,Middle,14,6,1.0,14.0
MS Gony,2017,Powerplay,15,6,1.0,15.0
MW Short,2023,Middle,11,12,2.0,5.5
MW Short,2023,Powerplay,13,12,2.0,6.5
MW Short,2026,Middle,1,1,0.16666666666666666,6.0
MW Short,2026,Powerplay,37,18,3.0,12.33
Mandeep Singh,2019,Middle,26,12,2.0,13.0
Mashrafe Mortaza,2009,Death,25,12,2.0,12.5
Mashrafe Mortaza,2009,Powerplay,25,12,2.0,12.5
Mayank Dagar,2023,Middle,74,60,10.0,7.4
Mayank Dagar,2023,Powerplay,9,6,1.0,9.0
Mayank Dagar,2024,Death,10,5,0.8333333333333334,12.0
Mayank Dagar,2024,Middle,85,60,10.0,8.5
Mayank Dagar,2024,Powerplay,20,6,1.0,20.0
Mohammad Asif,2008,Death,84,48,8.0,10.5
Mohammad Asif,2008,Middle,63,54,9.0,7.0
Mohammad Asif,2008,Powerplay,141,90,15.0,9.4
Mohammad Hafeez,2008,Middle,61,60,10.0,6.1
Mohammad Nabi,2017,Middle,24,30,5.0,4.8
Mohammad Nabi,2017,Powerplay,34,36,6.0,5.67
Mohammad Nabi,2018,Middle,12,6,1.0,12.0
Mohammad Nabi,2018,Powerplay,35,24,4.0,8.75
Mohammad Nabi,2019,Death,19,7,1.1666666666666667,16.29
Mohammad Nabi,2019,Middle,121,96,16.0,7.56
Mohammad Nabi,2019,Powerplay,54,72,12.0,4.5
Mohammad Nabi,2020,Middle,20,24,4.0,5.0
Mohammad Nabi,2021,Death,3,6,1.0,3.0
Mohammad Nabi,2021,Middle,55,24,4.0,13.75
Mohammad Nabi,2021,Powerplay,28,18,3.0,9.33
Mohammad Nabi,2024,Death,3,2,0.3333333333333333,9.0
Mohammad Nabi,2024,Middle,84,54,9.0,9.33
Mohammad Nabi,2024,Powerplay,22,18,3.0,7.33
Mohammed Shami,2013,Death,8,6,1.0,8.0
Mohammed Shami,2013,Middle,31,24,4.0,7.75
Mohammed Shami,2013,Powerplay,32,24,4.0,8.0
Mohammed Shami,2014,Death,96,42,7.0,13.71
Mohammed Shami,2014,Middle,64,66,11.0,5.82
Mohammed Shami,2014,Powerplay,188,156,26.0,7.23
Mohammed Shami,2016,Death,64,37,6.166666666666667,10.38
Mohammed Shami,2016,Middle,57,48,8.0,7.12
Mohammed Shami,2016,Powerplay,113,66,11.0,10.27
Mohammed Shami,2017,Death,24,18,3.0,8.0
Mohammed Shami,2017,Middle,104,72,12.0,8.67
Mohammed Shami,2017,Powerplay,102,66,11.0,9.27
Mohammed Shami,2018,Death,41,23,3.8333333333333335,10.7
Mohammed Shami,2018,Middle,75,48,8.0,9.38
Mohammed Shami,2018,Powerplay,26,12,2.0,13.0
Mohammed Shami,2019,Death,188,114,19.0,9.89
Mohammed Shami,2019,Middle,86,60,10.0,8.6
Mohammed Shami,2019,Powerplay,187,150,25.0,7.48
Mohammed Shami,2020,Death,179,88,14.666666666666666,12.2
Mohammed Shami,2020,Middle,44,48,8.0,5.5
Mohammed Shami,2020,Powerplay,225,194,32.333333333333336,6.96
Mohammed Shami,2021,Death,139,88,14.666666666666666,9.48
Mohammed Shami,2021,Middle,74,54,9.0,8.22
Mohammed Shami,2021,Powerplay,174,174,29.0,6.0
Mohammed Shami,2022,Death,105,66,11.0,9.55
Mohammed Shami,2022,Middle,117,60,10.0,11.7
Mohammed Shami,2022,Powerplay,238,240,40.0,5.95
Mohammed Shami,2023,Death,139,85,14.166666666666666,9.81
Mohammed Shami,2023,Middle,51,42,7.0,7.29
Mohammed Shami,2023,Powerplay,313,264,44.0,7.11
Mohammed Shami,2025,Death,27,6,1.0,27.0
Mohammed Shami,2025,Middle,82,42,7.0,11.71
Mohammed Shami,2025,Powerplay,217,132,22.0,9.86
Mohammed Shami,2026,Death,90,42,7.0,12.86
Mohammed Shami,2026,Middle,134,84,14.0,9.57
Mohammed Shami,2026,Powerplay,214,180,30.0,7.13
Mohammed Siraj,2017,Death,50,24,4.0,12.5
Mohammed Siraj,2017,Middle,50,54,9.0,5.56
Mohammed Siraj,2017,Powerplay,109,60,10.0,10.9
Mohammed Siraj,2018,Death,157,90,15.0,10.47
Mohammed Siraj,2018,Middle,136,120,20.0,6.8
Mohammed Siraj,2018,Powerplay,52,36,6.0,8.67
Mohammed Siraj,2019,Death,110,73,12.166666666666666,9.04
Mohammed Siraj,2019,Middle,62,54,9.0,6.89
Mohammed Siraj,2019,Powerplay,71,42,7.0,10.14
Mohammed Siraj,2020,Death,42,31,5.166666666666667,8.13
Mohammed Siraj,2020,Middle,93,54,9.0,10.33
Mohammed Siraj,2020,Powerplay,86,78,13.0,6.62
Mohammed Siraj,2021,Death,109,90,15.0,7.27
Mohammed Siraj,2021,Middle,34,30,5.0,6.8
Mohammed Siraj,2021,Powerplay,201,192,32.0,6.28
Mohammed Siraj,2022,Death,112,48,8.0,14.0
Mohammed Siraj,2022,Middle,73,72,12.0,6.08
Mohammed Siraj,2022,Powerplay,299,186,31.0,9.65
Mohammed Siraj,2023,Death,111,78,13.0,8.54
Mohammed Siraj,2023,Middle,61,42,7.0,8.71
Mohammed Siraj,2023,Powerplay,163,180,30.0,5.43
Mohammed Siraj,2024,Death,112,84,14.0,8.0
Mohammed Siraj,2024,Middle,99,72,12.0,8.25
Mohammed Siraj,2024,Powerplay,258,168,28.0,9.21
Mohammed Siraj,2025,Death,116,72,12.0,9.67
Mohammed Siraj,2025,Middle,62,30,5.0,12.4
Mohammed Siraj,2025,Powerplay,319,240,40.0,7.98
Mohammed Siraj,2026,Death,129,60,10.0,12.9
Mohammed Siraj,2026,Middle,49,30,5.0,9.8
Mohammed Siraj,2026,Powerplay,366,282,47.0,7.79
Mohit Rathee,2023,Middle,29,12,2.0,14.5
Mohsin Khan,2022,Death,68,48,8.0,8.5
Mohsin Khan,2022,Middle,42,54,9.0,4.67
Mohsin Khan,2022,Powerplay,75,96,16.0,4.69
Mohsin Khan,2023,Death,14,18,3.0,4.67
Mohsin Khan,2023,Middle,30,18,3.0,10.0
Mohsin Khan,2023,Powerplay,59,24,4.0,14.75
Mohsin Khan,2024,Death,137,66,11.0,12.45
Mohsin Khan,2024,Middle,76,48,8.0,9.5
Mohsin Khan,2024,Powerplay,162,114,19.0,8.53
Mohsin Khan,2026,Death,19,12,2.0,9.5
Mohsin Khan,2026,Middle,97,72,12.0,8.08
Mohsin Khan,2026,Powerplay,109,84,14.0,7.79
Monu Kumar,2020,Middle,9,6,1.0,9.0
Monu Kumar,2020,Powerplay,5,6,1.0,5.0
Mujeeb Ur Rahman,2018,Death,53,30,5.0,10.6
Mujeeb Ur Rahman,2018,Middle,169,150,25.0,6.76
Mujeeb Ur Rahman,2018,Powerplay,60,68,11.333333333333334,5.29
Mujeeb Ur Rahman,2019,Death,31,12,2.0,15.5
Mujeeb Ur Rahman,2019,Middle,81,54,9.0,9.0
Mujeeb Ur Rahman,2019,Powerplay,63,48,8.0,7.88
Mujeeb Ur Rahman,2020,Middle,68,36,6.0,11.33
Mujeeb Ur Rahman,2020,Powerplay,12,12,2.0,6.0
Mujeeb Ur Rahman,2021,Death,7,6,1.0,7.0
Mujeeb Ur Rahman,2021,Middle,7,12,2.0,3.5
Mujeeb Ur Rahman,2021,Powerplay,13,6,1.0,13.0
Mujeeb Ur Rahman,2025,Middle,8,6,1.0,8.0
Mujeeb Ur Rahman,2025,Powerplay,15,6,1.0,15.0
Mukesh Choudhary,2022,Death,84,39,6.5,12.92
Mukesh Choudhary,2022,Middle,58,42,7.0,8.29
Mukesh Choudhary,2022,Powerplay,264,192,32.0,8.25
Mukesh Choudhary,2024,Powerplay,20,6,1.0,20.0
Mukesh Choudhary,2025,Death,15,6,1.0,15.0
Mukesh Choudhary,2025,Middle,8,6,1.0,8.0
Mukesh Choudhary,2025,Powerplay,48,24,4.0,12.0
Mukesh Choudhary,2026,Death,35,18,3.0,11.67
Mukesh Choudhary,2026,Middle,61,42,7.0,8.71
Mukesh Choudhary,2026,Powerplay,143,108,18.0,7.94
Mukesh Kumar,2023,Death,89,54,9.0,9.89
Mukesh Kumar,2023,Middle,123,60,10.0,12.3
Mukesh Kumar,2023,Powerplay,101,72,12.0,8.42
Mukesh Kumar,2024,Death,150,81,13.5,11.11
Mukesh Kumar,2024,Middle,96,66,11.0,8.73
Mukesh Kumar,2024,Powerplay,112,66,11.0,10.18
Mukesh Kumar,2025,Death,156,63,10.5,14.86
Mukesh Kumar,2025,Middle,60,48,8.0,7.5
Mukesh Kumar,2025,Powerplay,169,126,21.0,8.05
Mukesh Kumar,2026,Death,76,36,6.0,12.67
Mukesh Kumar,2026,Middle,77,50,8.333333333333334,9.24
Mukesh Kumar,2026,Powerplay,183,102,17.0,10.76
Musheer Khan,2025,Middle,27,12,2.0,13.5
Mustafizur Rahman,2016,Death,187,144,24.0,7.79
Mustafizur Rahman,2016,Middle,149,126,21.0,7.1
Mustafizur Rahman,2016,Powerplay,75,96,16.0,4.69
Mustafizur Rahman,2017,Death,4,4,0.6666666666666666,6.0
Mustafizur Rahman,2017,Middle,10,6,1.0,10.0
Mustafizur Rahman,2017,Powerplay,19,6,1.0,19.0
Mustafizur Rahman,2018,Death,77,51,8.5,9.06
Mustafizur Rahman,2018,Middle,94,66,11.0,8.55
Mustafizur Rahman,2018,Powerplay,56,48,8.0,7.0
Mustafizur Rahman,2021,Death,172,105,17.5,9.83
Mustafizur Rahman,2021,Middle,106,98,16.333333333333332,6.49
Mustafizur Rahman,2021,Powerplay,137,108,18.0,7.61
Mustafizur Rahman,2022,Death,139,90,15.0,9.27
Mustafizur Rahman,2022,Middle,17,18,3.0,5.67
Mustafizur Rahman,2022,Powerplay,81,84,14.0,5.79
Mustafizur Rahman,2023,Death,35,18,3.0,11.67
Mustafizur Rahman,2023,Middle,21,12,2.0,10.5
Mustafizur Rahman,2023,Powerplay,23,12,2.0,11.5
Mustafizur Rahman,2024,Death,136,86,14.333333333333334,9.49
Mustafizur Rahman,2024,Middle,57,48,8.0,7.12
Mustafizur Rahman,2024,Powerplay,97,73,12.166666666666666,7.97
Mustafizur Rahman,2025,Death,16,12,2.0,8.0
Mustafizur Rahman,2025,Middle,24,18,3.0,8.0
Mustafizur Rahman,2025,Powerplay,47,36,6.0,7.83
N Burger,2024,Death,12,18,3.0,4.0
N Burger,2024,Middle,33,24,4.0,8.25
N Burger,2024,Powerplay,93,60,10.0,9.3
N Burger,2026,Death,53,39,6.5,8.15
N Burger,2026,Middle,119,66,11.0,10.82
N Burger,2026,Powerplay,235,156,26.0,9.04
N Rana,2016,Middle,3,6,1.0,3.0
N Rana,2018,Middle,37,24,4.0,9.25
N Rana,2018,Powerplay,6,13,2.1666666666666665,2.77
N Rana,2019,Death,5,6,1.0,5.0
N Rana,2019,Middle,65,42,7.0,9.29
N Rana,2020,Middle,22,12,2.0,11.0
N Rana,2021,Middle,7,6,1.0,7.0
N Rana,2021,Powerplay,5,6,1.0,5.0
N Rana,2022,Middle,23,12,2.0,11.5
N Rana,2023,Death,21,17,2.8333333333333335,7.41
N Rana,2023,Middle,27,30,5.0,5.4
N Rana,2023,Powerplay,26,6,1.0,26.0
N Rana,2025,Middle,18,12,2.0,9.0
N Rana,2026,Middle,28,12,2.0,14.0
N Rana,2026,Powerplay,25,12,2.0,12.5
N Thushara,2024,Death,81,48,8.0,10.12
N Thushara,2024,Middle,39,30,5.0,7.8
N Thushara,2024,Powerplay,116,78,13.0,8.92
N Thushara,2025,Death,6,6,1.0,6.0
N Thushara,2025,Powerplay,18,18,3.0,6.0
N Wadhera,2024,Middle,13,12,2.0,6.5
N Wadhera,2025,Death,9,5,0.8333333333333334,10.8
NA Saini,2023,Death,16,6,1.0,16.0
NA Saini,2023,Middle,7,6,1.0,7.0
NB Singh,2017,Powerplay,14,24,4.0,3.5
ND Doshi,2010,Death,1,6,1.0,1.0
ND Doshi,2010,Middle,15,18,3.0,5.0
ND Doshi,2011,Middle,30,14,2.3333333333333335,12.86
ND Doshi,2011,Powerplay,32,18,3.0,10.67
NJ Rimmington,2011,Middle,6,6,1.0,6.0
NJ Rimmington,2011,Powerplay,13,12,2.0,6.5
NL McCullum,2011,Middle,22,18,3.0,7.33
NL McCullum,2011,Powerplay,12,12,2.0,6.0
NLTC Perera,2010,Middle,19,6,1.0,19.0
NLTC Perera,2011,Death,17,12,2.0,8.5
NLTC Perera,2011,Middle,75,60,10.0,7.5
NLTC Perera,2011,Powerplay,17,12,2.0,8.5
NLTC Perera,2012,Death,9,3,0.5,18.0
NLTC Perera,2012,Middle,18,12,2.0,9.0
NLTC Perera,2013,Death,194,112,18.666666666666668,10.39
NLTC Perera,2013,Middle,167,156,26.0,6.42
NLTC Perera,2013,Powerplay,102,90,15.0,6.8
NLTC Perera,2015,Middle,54,36,6.0,9.0
NLTC Perera,2016,Death,125,61,10.166666666666666,12.3
NLTC Perera,2016,Middle,99,60,10.0,9.9
NLTC Perera,2016,Powerplay,99,78,13.0,7.62
NM Coulter-Nile,2013,Middle,12,6,1.0,12.0
NM Coulter-Nile,2013,Powerplay,16,18,3.0,5.33
NM Coulter-Nile,2014,Death,18,12,2.0,9.0
NM Coulter-Nile,2014,Powerplay,3,12,2.0,1.5
NM Coulter-Nile,2015,Death,83,48,8.0,10.38
NM Coulter-Nile,2015,Middle,85,57,9.5,8.95
NM Coulter-Nile,2015,Powerplay,144,150,25.0,5.76
NM Coulter-Nile,2016,Death,30,24,4.0,7.5
NM Coulter-Nile,2016,Middle,30,30,5.0,6.0
NM Coulter-Nile,2016,Powerplay,46,36,6.0,7.67
NM Coulter-Nile,2017,Death,52,38,6.333333333333333,8.21
NM Coulter-Nile,2017,Middle,55,60,10.0,5.5
NM Coulter-Nile,2017,Powerplay,113,72,12.0,9.42
NM Coulter-Nile,2020,Death,75,48,8.0,9.38
NM Coulter-Nile,2020,Middle,73,66,11.0,6.64
NM Coulter-Nile,2020,Powerplay,47,42,7.0,6.71
NM Coulter-Nile,2021,Death,48,48,8.0,6.0
NM Coulter-Nile,2021,Middle,38,42,7.0,5.43
NM Coulter-Nile,2021,Powerplay,40,30,5.0,8.0
NM Coulter-Nile,2022,Death,24,6,1.0,24.0
NM Coulter-Nile,2022,Middle,22,12,2.0,11.0
NT Ellis,2021,Death,21,12,2.0,10.5
NT Ellis,2021,Middle,49,36,6.0,8.17
NT Ellis,2021,Powerplay,18,18,3.0,6.0
NT Ellis,2022,Death,24,12,2.0,12.0
NT Ellis,2022,Middle,11,12,2.0,5.5
NT Ellis,2022,Powerplay,16,12,2.0,8.0
NT Ellis,2023,Death,106,54,9.0,11.78
NT Ellis,2023,Middle,147,114,19.0,7.74
NT Ellis,2023,Powerplay,73,60,10.0,7.3
NT Ellis,2024,Death,8,6,1.0,8.0
NT Ellis,2024,Middle,13,12,2.0,6.5
NT Ellis,2024,Powerplay,3,6,1.0,3.0
NT Ellis,2025,Death,21,12,2.0,10.5
NT Ellis,2025,Middle,7,6,1.0,7.0
NT Ellis,2025,Powerplay,9,6,1.0,9.0
Naman Dhir,2024,Middle,48,22,3.6666666666666665,13.09
Naman Dhir,2024,Powerplay,6,6,1.0,6.0
Naman Dhir,2025,Death,2,6,1.0,2.0
Naman Dhir,2025,Middle,19,18,3.0,6.33
Navdeep Saini,2019,Death,104,78,13.0,8.0
Navdeep Saini,2019,Middle,83,72,12.0,6.92
Navdeep Saini,2019,Powerplay,187,138,23.0,8.13
Navdeep Saini,2020,Death,102,64,10.666666666666666,9.56
Navdeep Saini,2020,Middle,138,102,17.0,8.12
Navdeep Saini,2020,Powerplay,126,114,19.0,6.63
Navdeep Saini,2021,Middle,13,6,1.0,13.0
Navdeep Saini,2021,Powerplay,37,18,3.0,12.33
Navdeep Saini,2022,Death,4,6,1.0,4.0
Navdeep Saini,2022,Middle,50,24,4.0,12.5
Navdeep Saini,2022,Powerplay,11,6,1.0,11.0
Navdeep Saini,2023,Death,8,6,1.0,8.0
Navdeep Saini,2023,Middle,19,12,2.0,9.5
Navdeep Saini,2023,Powerplay,12,6,1.0,12.0
Navdeep Saini,2026,Middle,19,12,2.0,9.5
Navdeep Saini,2026,Powerplay,17,6,1.0,17.0
Naveen-ul-Haq,2023,Death,85,61,10.166666666666666,8.36
Naveen-ul-Haq,2023,Middle,41,42,7.0,5.86
Naveen-ul-Haq,2023,Powerplay,82,66,11.0,7.45
Naveen-ul-Haq,2024,Death,122,75,12.5,9.76
Naveen-ul-Haq,2024,Middle,85,66,11.0,7.73
Naveen-ul-Haq,2024,Powerplay,149,78,13.0,11.46
Nithish Kumar Reddy,2023,Middle,34,18,3.0,11.33
Nithish Kumar Reddy,2023,Powerplay,19,12,2.0,9.5
Nithish Kumar Reddy,2024,Death,18,7,1.1666666666666667,15.43
Nithish Kumar Reddy,2024,Middle,120,66,11.0,10.91
Nithish Kumar Reddy,2024,Powerplay,7,6,1.0,7.0
Nithish Kumar Reddy,2025,Death,17,6,1.0,17.0
Nithish Kumar Reddy,2025,Middle,26,24,4.0,6.5
Nithish Kumar Reddy,2026,Death,16,12,2.0,8.0
Nithish Kumar Reddy,2026,Middle,187,108,18.0,10.39
Nithish Kumar Reddy,2026,Powerplay,109,66,11.0,9.91
Noor Ahmad,2023,Death,27,26,4.333333333333333,6.23
Noor Ahmad,2023,Middle,284,227,37.833333333333336,7.51
Noor Ahmad,2023,Powerplay,41,30,5.0,8.2
Noor Ahmad,2024,Death,14,6,1.0,14.0
Noor Ahmad,2024,Middle,264,197,32.833333333333336,8.04
Noor Ahmad,2024,Powerplay,6,6,1.0,6.0
Noor Ahmad,2025,Death,51,48,8.0,6.38
Noor Ahmad,2025,Middle,305,234,39.0,7.82
Noor Ahmad,2025,Powerplay,28,18,3.0,9.33
Noor Ahmad,2026,Death,20,6,1.0,20.0
Noor Ahmad,2026,Middle,378,294,49.0,7.71
Noor Ahmad,2026,Powerplay,15,6,1.0,15.0
O Thomas,2019,Death,15,12,2.0,7.5
O Thomas,2019,Middle,8,12,2.0,4.0
O Thomas,2019,Powerplay,52,36,6.0,8.67
OC McCoy,2022,Death,79,59,9.833333333333334,8.03
OC McCoy,2022,Middle,126,85,14.166666666666666,8.89
OC McCoy,2022,Powerplay,14,12,2.0,7.0
OC McCoy,2023,Death,12,6,1.0,12.0
OF Smith,2022,Death,43,18,3.0,14.33
OF Smith,2022,Middle,108,54,9.0,12.0
OF Smith,2022,Powerplay,21,18,3.0,7.0
P Amarnath,2008,Death,21,6,1.0,21.0
P Amarnath,2008,Middle,203,120,20.0,10.15
P Amarnath,2008,Powerplay,12,6,1.0,12.0
P Awana,2012,Death,103,66,11.0,9.36
P Awana,2012,Middle,137,120,20.0,6.85
P Awana,2012,Powerplay,118,96,16.0,7.38
P Awana,2013,Death,104,60,10.0,10.4
P Awana,2013,Middle,190,168,28.0,6.79
P Awana,2013,Powerplay,102,96,16.0,6.38
P Awana,2014,Death,55,27,4.5,12.22
P Awana,2014,Middle,54,36,6.0,9.0
P Awana,2014,Powerplay,127,78,13.0,9.77
P Dubey,2020,Middle,72,48,8.0,9.0
P Dubey,2023,Middle,18,18,3.0,6.0
P Dubey,2025,Middle,20,12,2.0,10.0
P Kumar,2008,Death,68,48,8.0,8.5
P Kumar,2008,Middle,137,88,14.666666666666666,9.34
P Kumar,2008,Powerplay,147,132,22.0,6.68
P Kumar,2009,Death,113,76,12.666666666666666,8.92
P Kumar,2009,Middle,100,72,12.0,8.33
P Kumar,2009,Powerplay,167,150,25.0,6.68
P Kumar,2010,Death,136,78,13.0,10.46
P Kumar,2010,Middle,31,24,4.0,7.75
P Kumar,2010,Powerplay,191,168,28.0,6.82
P Kumar,2011,Death,36,12,2.0,18.0
P Kumar,2011,Middle,80,54,9.0,8.89
P Kumar,2011,Powerplay,218,210,35.0,6.23
P Kumar,2012,Death,85,60,10.0,8.5
P Kumar,2012,Middle,72,60,10.0,7.2
P Kumar,2012,Powerplay,255,258,43.0,5.93
P Kumar,2013,Death,114,74,12.333333333333334,9.24
P Kumar,2013,Middle,47,42,7.0,6.71
P Kumar,2013,Powerplay,194,222,37.0,5.24
P Kumar,2014,Death,7,6,1.0,7.0
P Kumar,2014,Middle,26,12,2.0,13.0
P Kumar,2014,Powerplay,44,54,9.0,4.89
P Kumar,2015,Death,88,48,8.0,11.0
P Kumar,2015,Middle,117,90,15.0,7.8
P Kumar,2015,Powerplay,110,78,13.0,8.46
P Kumar,2016,Death,125,69,11.5,10.87
P Kumar,2016,Middle,28,12,2.0,14.0
P Kumar,2016,Powerplay,230,228,38.0,6.05
P Kumar,2017,Death,36,21,3.5,10.29
P Kumar,2017,Middle,6,6,1.0,6.0
P Kumar,2017,Powerplay,98,72,12.0,8.17
P Negi,2012,Middle,151,132,22.0,6.86
P Negi,2013,Middle,26,24,4.0,6.5
P Negi,2014,Death,7,6,1.0,7.0
P Negi,2014,Middle,67,36,6.0,11.17
P Negi,2015,Death,24,6,1.0,24.0
P Negi,2015,Middle,210,162,27.0,7.78
P Negi,2015,Powerplay,15,12,2.0,7.5
P Negi,2016,Middle,55,42,7.0,7.86
P Negi,2016,Powerplay,29,12,2.0,14.5
P Negi,2017,Death,16,24,4.0,4.0
P Negi,2017,Middle,162,157,26.166666666666668,6.19
P Negi,2017,Powerplay,12,12,2.0,6.0
P Negi,2018,Middle,41,18,3.0,13.67
P Negi,2018,Powerplay,8,6,1.0,8.0
P Negi,2019,Death,22,7,1.1666666666666667,18.86
P Negi,2019,Middle,77,60,10.0,7.7
P Parameswaran,2011,Death,22,15,2.5,8.8
P Parameswaran,2011,Middle,56,55,9.166666666666666,6.11
P Parameswaran,2011,Powerplay,50,24,4.0,12.5
P Parameswaran,2012,Death,32,18,3.0,10.67
P Parameswaran,2012,Middle,45,30,5.0,9.0
P Parameswaran,2012,Powerplay,8,12,2.0,4.0
P Prasanth,2011,Middle,18,6,1.0,18.0
P Ray Barman,2019,Middle,56,24,4.0,14.0
P Sahu,2016,Middle,135,99,16.5,8.18
P Sahu,2016,Powerplay,9,6,1.0,9.0
P Suyal,2013,Powerplay,20,18,3.0,6.67
P Suyal,2014,Middle,1,6,1.0,1.0
P Suyal,2014,Powerplay,31,12,2.0,15.5
P Suyal,2015,Death,23,12,2.0,11.5
P Suyal,2015,Middle,27,18,3.0,9.0
P Suyal,2015,Powerplay,35,30,5.0,7.0
PC Valthaty,2011,Death,19,13,2.1666666666666665,8.77
PC Valthaty,2011,Middle,164,132,22.0,7.45
PC Valthaty,2012,Middle,16,6,1.0,16.0
PD Collingwood,2010,Death,14,17,2.8333333333333335,4.94
PD Collingwood,2010,Middle,86,72,12.0,7.17
PH Solanki,2022,Death,15,12,2.0,7.5
PH Solanki,2022,Middle,23,24,4.0,5.75
PHKD Mendis,2025,Middle,60,42,7.0,8.57
PJ Cummins,2014,Death,4,6,1.0,4.0
PJ Cummins,2014,Middle,9,6,1.0,9.0
PJ Cummins,2014,Powerplay,16,12,2.0,8.0
PJ Cummins,2015,Death,17,12,2.0,8.5
PJ Cummins,2015,Middle,11,12,2.0,5.5
PJ Cummins,2015,Powerplay,59,36,6.0,9.83
PJ Cummins,2017,Death,102,73,12.166666666666666,8.38
PJ Cummins,2017,Middle,143,126,21.0,6.81
PJ Cummins,2017,Powerplay,116,78,13.0,8.92
PJ Cummins,2020,Death,85,48,8.0,10.62
PJ Cummins,2020,Middle,87,54,9.0,9.67
PJ Cummins,2020,Powerplay,221,210,35.0,6.31
PJ Cummins,2021,Death,62,35,5.833333333333333,10.63
PJ Cummins,2021,Middle,93,72,12.0,7.75
PJ Cummins,2021,Powerplay,71,54,9.0,7.89
PJ Cummins,2022,Death,81,35,5.833333333333333,13.89
PJ Cummins,2022,Middle,57,42,7.0,8.14
PJ Cummins,2022,Powerplay,62,42,7.0,8.86
PJ Cummins,2024,Death,169,90,15.0,11.27
PJ Cummins,2024,Middle,212,162,27.0,7.85
PJ Cummins,2024,Powerplay,175,114,19.0,9.21
PJ Cummins,2025,Death,94,52,8.666666666666666,10.85
PJ Cummins,2025,Middle,117,96,16.0,7.31
PJ Cummins,2025,Powerplay,224,150,25.0,8.96
PJ Cummins,2026,Death,30,24,4.0,7.5
PJ Cummins,2026,Middle,94,78,13.0,7.23
PJ Cummins,2026,Powerplay,167,90,15.0,11.13
PJ Sangwan,2008,Death,43,24,4.0,10.75
PJ Sangwan,2008,Middle,98,72,12.0,8.17
PJ Sangwan,2008,Powerplay,58,48,8.0,7.25
PJ Sangwan,2009,Death,53,34,5.666666666666667,9.35
PJ Sangwan,2009,Middle,148,138,23.0,6.43
PJ Sangwan,2009,Powerplay,138,108,18.0,7.67
PJ Sangwan,2010,Death,38,18,3.0,12.67
PJ Sangwan,2010,Middle,138,114,19.0,7.26
PJ Sangwan,2010,Powerplay,68,54,9.0,7.56
PJ Sangwan,2012,Middle,20,18,3.0,6.67
PJ Sangwan,2012,Powerplay,17,6,1.0,17.0
PJ Sangwan,2013,Middle,30,12,2.0,15.0
PJ Sangwan,2013,Powerplay,17,12,2.0,8.5
PJ Sangwan,2016,Middle,12,6,1.0,12.0
PJ Sangwan,2016,Powerplay,36,18,3.0,12.0
PJ Sangwan,2017,Death,39,18,3.0,13.0
PJ Sangwan,2017,Middle,34,18,3.0,11.33
PJ Sangwan,2017,Powerplay,106,72,12.0,8.83
PJ Sangwan,2018,Powerplay,19,12,2.0,9.5
PJ Sangwan,2022,Middle,43,30,5.0,8.6
PJ Sangwan,2022,Powerplay,20,24,4.0,5.0
PM Sarvesh Kumar,2008,Middle,34,24,4.0,8.5
PM Sarvesh Kumar,2008,Powerplay,7,6,1.0,7.0
PP Chawla,2008,Death,20,12,2.0,10.0
PP Chawla,2008,Middle,346,263,43.833333333333336,7.89
PP Chawla,2008,Powerplay,9,6,1.0,9.0
PP Chawla,2009,Death,24,18,3.0,8.0
PP Chawla,2009,Middle,261,234,39.0,6.69
PP Chawla,2009,Powerplay,18,17,2.8333333333333335,6.35
PP Chawla,2010,Death,33,24,4.0,8.25
PP Chawla,2010,Middle,299,234,39.0,7.67
PP Chawla,2010,Powerplay,29,36,6.0,4.83
PP Chawla,2011,Death,35,20,3.3333333333333335,10.5
PP Chawla,2011,Middle,277,222,37.0,7.49
PP Chawla,2011,Powerplay,12,6,1.0,12.0
PP Chawla,2012,Death,60,30,5.0,12.0
PP Chawla,2012,Middle,335,294,49.0,6.84
PP Chawla,2012,Powerplay,18,18,3.0,6.0
PP Chawla,2013,Death,27,14,2.3333333333333335,11.57
PP Chawla,2013,Middle,381,330,55.0,6.93
PP Chawla,2013,Powerplay,8,6,1.0,8.0
PP Chawla,2014,Death,59,45,7.5,7.87
PP Chawla,2014,Middle,233,186,31.0,7.52
PP Chawla,2014,Powerplay,10,6,1.0,10.0
PP Chawla,2015,Death,14,6,1.0,14.0
PP Chawla,2015,Middle,223,186,31.0,7.19
PP Chawla,2015,Powerplay,25,18,3.0,8.33
PP Chawla,2016,Death,20,20,3.3333333333333335,6.0
PP Chawla,2016,Middle,233,180,30.0,7.77
PP Chawla,2016,Powerplay,12,12,2.0,6.0
PP Chawla,2017,Death,11,6,1.0,11.0
PP Chawla,2017,Middle,142,84,14.0,10.14
PP Chawla,2017,Powerplay,24,30,5.0,4.8
PP Chawla,2018,Death,54,30,5.0,10.8
PP Chawla,2018,Middle,177,132,22.0,8.05
PP Chawla,2018,Powerplay,179,132,22.0,8.14
PP Chawla,2019,Death,42,21,3.5,12.0
PP Chawla,2019,Middle,278,186,31.0,8.97
PP Chawla,2019,Powerplay,79,60,10.0,7.9
PP Chawla,2020,Death,12,6,1.0,12.0
PP Chawla,2020,Middle,173,114,19.0,9.11
PP Chawla,2020,Powerplay,3,6,1.0,3.0
PP Chawla,2021,Middle,22,18,3.0,7.33
PP Chawla,2021,Powerplay,16,6,1.0,16.0
PP Chawla,2023,Middle,407,306,51.0,7.98
PP Chawla,2023,Powerplay,83,60,10.0,8.3
PP Chawla,2024,Death,17,12,2.0,8.5
PP Chawla,2024,Middle,254,180,30.0,8.47
PP Chawla,2024,Powerplay,32,18,3.0,10.67
PP Hinge,2026,Death,56,36,6.0,9.33
PP Hinge,2026,Middle,109,54,9.0,12.11
PP Hinge,2026,Powerplay,122,66,11.0,11.09
PP Ojha,2008,Death,55,36,6.0,9.17
PP Ojha,2008,Middle,176,174,29.0,6.07
PP Ojha,2008,Powerplay,33,12,2.0,16.5
PP Ojha,2009,Death,33,33,5.5,6.0
PP Ojha,2009,Middle,301,282,47.0,6.4
PP Ojha,2009,Powerplay,8,6,1.0,8.0
PP Ojha,2010,Death,37,18,3.0,12.33
PP Ojha,2010,Middle,354,305,50.833333333333336,6.96
PP Ojha,2010,Powerplay,27,30,5.0,5.4
PP Ojha,2011,Death,65,41,6.833333333333333,9.51
PP Ojha,2011,Middle,155,144,24.0,6.46
PP Ojha,2011,Powerplay,44,36,6.0,7.33
PP Ojha,2012,Death,30,18,3.0,10.0
PP Ojha,2012,Middle,125,126,21.0,5.95
PP Ojha,2012,Powerplay,50,36,6.0,8.33
PP Ojha,2013,Death,14,12,2.0,7.0
PP Ojha,2013,Middle,307,260,43.333333333333336,7.08
PP Ojha,2013,Powerplay,52,42,7.0,7.43
PP Ojha,2014,Death,16,12,2.0,8.0
PP Ojha,2014,Middle,250,186,31.0,8.06
PP Ojha,2014,Powerplay,100,78,13.0,7.69
PP Ojha,2015,Middle,23,12,2.0,11.5
PR Veer,2026,Middle,7,6,1.0,7.0
PR Veer,2026,Powerplay,18,6,1.0,18.0
PV Tambe,2013,Middle,76,60,10.0,7.6
PV Tambe,2013,Powerplay,8,6,1.0,8.0
PV Tambe,2014,Death,13,6,1.0,13.0
PV Tambe,2014,Middle,283,258,43.0,6.58
PV Tambe,2014,Powerplay,46,30,5.0,9.2
PV Tambe,2015,Death,62,30,5.0,12.4
PV Tambe,2015,Middle,175,150,25.0,7.0
PV Tambe,2015,Powerplay,29,24,4.0,7.25
PV Tambe,2016,Middle,115,78,13.0,8.85
PV Tambe,2016,Powerplay,27,18,3.0,9.0
PVD Chameera,2022,Death,105,54,9.0,11.67
PVD Chameera,2022,Middle,77,66,11.0,7.0
PVD Chameera,2022,Powerplay,179,144,24.0,7.46
PVD Chameera,2024,Death,18,6,1.0,18.0
PVD Chameera,2024,Powerplay,29,12,2.0,14.5
PVD Chameera,2025,Death,63,36,6.0,10.5
PVD Chameera,2025,Middle,48,30,5.0,9.6
PVD Chameera,2025,Powerplay,77,36,6.0,12.83
PVD Chameera,2026,Powerplay,18,12,2.0,9.0
PVSN Raju,2025,Death,24,12,2.0,12.0
PVSN Raju,2025,Middle,12,6,1.0,12.0
PVSN Raju,2025,Powerplay,12,6,1.0,12.0
PWA Mulder,2025,Middle,16,6,1.0,16.0
PWH de Silva,2021,Death,11,6,1.0,11.0
PWH de Silva,2021,Middle,30,18,3.0,10.0
PWH de Silva,2021,Powerplay,19,12,2.0,9.5
PWH de Silva,2022,Death,44,36,6.0,7.33
PWH de Silva,2022,Middle,344,288,48.0,7.17
PWH de Silva,2022,Powerplay,37,18,3.0,12.33
PWH de Silva,2023,Death,3,6,1.0,3.0
PWH de Silva,2023,Middle,210,138,23.0,9.13
PWH de Silva,2023,Powerplay,43,30,5.0,8.6
PWH de Silva,2025,Death,9,6,1.0,9.0
PWH de Silva,2025,Middle,357,240,40.0,8.93
Pankaj Singh,2008,Death,21,6,1.0,21.0
Pankaj Singh,2008,Middle,75,48,8.0,9.38
Pankaj Singh,2008,Powerplay,27,18,3.0,9.0
Pankaj Singh,2009,Death,12,6,1.0,12.0
Pankaj Singh,2009,Powerplay,50,36,6.0,8.33
Pankaj Singh,2010,Death,12,6,1.0,12.0
Pankaj Singh,2010,Middle,50,24,4.0,12.5
Pankaj Singh,2010,Powerplay,12,18,3.0,4.0
Pankaj Singh,2011,Death,12,6,1.0,12.0
Pankaj Singh,2011,Powerplay,11,6,1.0,11.0
Pankaj Singh,2012,Death,40,18,3.0,13.33
Pankaj Singh,2012,Middle,41,36,6.0,6.83
Pankaj Singh,2012,Powerplay,88,72,12.0,7.33
Parvez Rasool,2013,Middle,19,24,4.0,4.75
Parvez Rasool,2013,Powerplay,9,6,1.0,9.0
Parvez Rasool,2014,Middle,56,42,7.0,8.0
Parvez Rasool,2014,Powerplay,24,12,2.0,12.0
Parvez Rasool,2015,Middle,25,24,4.0,6.25
Parvez Rasool,2015,Powerplay,6,6,1.0,6.0
Parvez Rasool,2016,Middle,68,42,7.0,9.71
Parvez Rasool,2016,Powerplay,61,42,7.0,8.71
Prince Yadav,2025,Death,49,23,3.8333333333333335,12.78
Prince Yadav,2025,Middle,136,90,15.0,9.07
Prince Yadav,2025,Powerplay,33,24,4.0,8.25
Prince Yadav,2026,Death,143,84,14.0,10.21
Prince Yadav,2026,Middle,140,114,19.0,7.37
Prince Yadav,2026,Powerplay,161,115,19.166666666666668,8.4
R Ashwin,2009,Middle,10,18,3.0,3.33
R Ashwin,2009,Powerplay,3,6,1.0,3.0
R Ashwin,2010,Death,57,36,6.0,9.5
R Ashwin,2010,Middle,124,120,20.0,6.2
R Ashwin,2010,Powerplay,103,132,22.0,4.68
R Ashwin,2011,Death,67,54,9.0,7.44
R Ashwin,2011,Middle,158,156,26.0,6.08
R Ashwin,2011,Powerplay,151,168,28.0,5.39
R Ashwin,2012,Death,36,39,6.5,5.54
R Ashwin,2012,Middle,216,206,34.333333333333336,6.29
R Ashwin,2012,Powerplay,167,150,25.0,6.68
R Ashwin,2013,Death,17,12,2.0,8.5
R Ashwin,2013,Middle,323,294,49.0,6.59
R Ashwin,2013,Powerplay,44,42,7.0,6.29
R Ashwin,2014,Death,53,29,4.833333333333333,10.97
R Ashwin,2014,Middle,280,240,40.0,7.0
R Ashwin,2014,Powerplay,81,90,15.0,5.4
R Ashwin,2015,Death,4,6,1.0,4.0
R Ashwin,2015,Middle,152,162,27.0,5.63
R Ashwin,2015,Powerplay,63,66,11.0,5.73
R Ashwin,2016,Death,46,30,5.0,9.2
R Ashwin,2016,Middle,182,186,31.0,5.87
R Ashwin,2016,Powerplay,71,48,8.0,8.88
R Ashwin,2018,Death,45,24,4.0,11.25
R Ashwin,2018,Middle,290,234,39.0,7.44
R Ashwin,2018,Powerplay,64,46,7.666666666666667,8.35
R Ashwin,2019,Death,15,18,3.0,5.0
R Ashwin,2019,Middle,285,246,41.0,6.95
R Ashwin,2019,Powerplay,88,66,11.0,8.0
R Ashwin,2020,Death,13,12,2.0,6.5
R Ashwin,2020,Middle,255,192,32.0,7.97
R Ashwin,2020,Powerplay,117,102,17.0,6.88
R Ashwin,2021,Death,20,11,1.8333333333333335,10.91
R Ashwin,2021,Middle,226,197,32.833333333333336,6.88
R Ashwin,2021,Powerplay,74,60,10.0,7.4
R Ashwin,2022,Death,10,12,2.0,5.0
R Ashwin,2022,Middle,372,312,52.0,7.15
R Ashwin,2022,Powerplay,99,78,13.0,7.62
R Ashwin,2023,Death,12,12,2.0,6.0
R Ashwin,2023,Middle,233,204,34.0,6.85
R Ashwin,2023,Powerplay,107,78,13.0,8.23
R Ashwin,2024,Death,73,36,6.0,12.17
R Ashwin,2024,Middle,276,228,38.0,7.26
R Ashwin,2024,Powerplay,90,66,11.0,8.18
R Ashwin,2025,Death,18,6,1.0,18.0
R Ashwin,2025,Middle,151,126,21.0,7.19
R Ashwin,2025,Powerplay,111,54,9.0,12.33
R Bhatia,2008,Death,55,24,4.0,13.75
R Bhatia,2008,Middle,125,108,18.0,6.94
R Bhatia,2009,Death,38,40,6.666666666666667,5.7
R Bhatia,2009,Middle,104,90,15.0,6.93
R Bhatia,2010,Death,7,6,1.0,7.0
R Bhatia,2010,Middle,98,78,13.0,7.54
R Bhatia,2010,Powerplay,25,12,2.0,12.5
R Bhatia,2011,Death,19,12,2.0,9.5
R Bhatia,2011,Middle,185,180,30.0,6.17
R Bhatia,2012,Death,61,42,7.0,8.71
R Bhatia,2012,Middle,323,277,46.166666666666664,7.0
R Bhatia,2013,Death,28,23,3.8333333333333335,7.3
R Bhatia,2013,Middle,299,240,40.0,7.48
R Bhatia,2014,Middle,279,228,38.0,7.34
R Bhatia,2015,Middle,46,30,5.0,9.2
R Bhatia,2016,Death,16,12,2.0,8.0
R Bhatia,2016,Middle,223,192,32.0,6.97
R Bhatia,2017,Middle,53,42,7.0,7.57
R Dhawan,2013,Death,25,18,3.0,8.33
R Dhawan,2013,Middle,53,42,7.0,7.57
R Dhawan,2013,Powerplay,25,30,5.0,5.0
R Dhawan,2014,Death,61,38,6.333333333333333,9.63
R Dhawan,2014,Middle,235,216,36.0,6.53
R Dhawan,2014,Powerplay,50,30,5.0,10.0
R Dhawan,2015,Death,22,12,2.0,11.0
R Dhawan,2015,Middle,56,42,7.0,8.0
R Dhawan,2015,Powerplay,24,18,3.0,8.0
R Dhawan,2016,Middle,53,42,7.0,7.57
R Dhawan,2022,Death,14,6,1.0,14.0
R Dhawan,2022,Middle,115,84,14.0,8.21
R Dhawan,2022,Powerplay,22,24,4.0,5.5
R Dhawan,2023,Middle,15,6,1.0,15.0
R Dhawan,2023,Powerplay,45,36,6.0,7.5
R Dhawan,2024,Powerplay,34,18,3.0,11.33
R Goyal,2023,Middle,33,24,4.0,8.25
R McLaren,2010,Death,48,30,5.0,9.6
R McLaren,2010,Middle,96,78,13.0,7.38
R McLaren,2010,Powerplay,115,96,16.0,7.19
R McLaren,2011,Death,44,30,5.0,8.8
R McLaren,2011,Middle,97,54,9.0,10.78
R McLaren,2011,Powerplay,27,24,4.0,6.75
R McLaren,2013,Death,24,12,2.0,12.0
R McLaren,2013,Powerplay,62,30,5.0,12.4
R Ninan,2011,Middle,65,36,6.0,10.83
R Parag,2019,Middle,111,78,13.0,8.54
R Parag,2019,Powerplay,10,6,1.0,10.0
R Parag,2020,Middle,25,12,2.0,12.5
R Parag,2021,Death,4,1,0.16666666666666666,24.0
R Parag,2021,Middle,67,36,6.0,11.17
R Parag,2022,Death,14,6,1.0,14.0
R Parag,2022,Middle,43,18,3.0,14.33
R Parag,2024,Middle,26,18,3.0,8.67
R Parag,2025,Middle,155,114,19.0,8.16
R Parag,2025,Powerplay,6,6,1.0,6.0
R Parag,2026,Middle,37,24,4.0,9.25
R Powell,2022,Middle,16,6,1.0,16.0
R Powell,2023,Death,13,6,1.0,13.0
R Powell,2023,Middle,3,6,1.0,3.0
R Rampaul,2013,Death,83,46,7.666666666666667,10.83
R Rampaul,2013,Middle,53,54,9.0,5.89
R Rampaul,2013,Powerplay,126,132,22.0,5.73
R Rampaul,2014,Middle,6,6,1.0,6.0
R Rampaul,2014,Powerplay,30,30,5.0,6.0
R Ravindra,2024,Middle,7,12,2.0,3.5
R Sai Kishore,2022,Death,16,6,1.0,16.0
R Sai Kishore,2022,Middle,103,90,15.0,6.87
R Sai Kishore,2024,Death,35,12,2.0,17.5
R Sai Kishore,2024,Middle,80,66,11.0,7.27
R Sai Kishore,2024,Powerplay,19,12,2.0,9.5
R Sai Kishore,2025,Death,48,33,5.5,8.73
R Sai Kishore,2025,Middle,324,216,36.0,9.0
R Sai Kishore,2025,Powerplay,14,6,1.0,14.0
R Sai Kishore,2026,Middle,46,24,4.0,11.5
R Sanjay Yadav,2022,Middle,13,6,1.0,13.0
R Sanjay Yadav,2022,Powerplay,8,6,1.0,8.0
R Sathish,2010,Death,21,6,1.0,21.0
R Sathish,2010,Middle,57,42,7.0,8.14
R Sathish,2011,Death,1,1,0.16666666666666666,6.0
R Sathish,2011,Middle,40,30,5.0,8.0
R Sathish,2013,Death,18,6,1.0,18.0
R Sathish,2013,Middle,33,18,3.0,11.0
R Sathish,2016,Middle,57,36,6.0,9.5
R Sharma,2010,Death,26,12,2.0,13.0
R Sharma,2010,Middle,136,106,17.666666666666668,7.7
R Sharma,2010,Powerplay,3,6,1.0,3.0
R Sharma,2011,Death,30,36,6.0,5.0
R Sharma,2011,Middle,210,234,39.0,5.38
R Sharma,2011,Powerplay,31,30,5.0,6.2
R Sharma,2012,Death,35,18,3.0,11.67
R Sharma,2012,Middle,239,186,31.0,7.71
R Sharma,2012,Powerplay,24,18,3.0,8.0
R Sharma,2013,Death,26,12,2.0,13.0
R Sharma,2013,Middle,213,198,33.0,6.45
R Sharma,2013,Powerplay,41,36,6.0,6.83
R Sharma,2014,Middle,65,36,6.0,10.83
R Shepherd,2022,Death,14,6,1.0,14.0
R Shepherd,2022,Middle,64,36,6.0,10.67
R Shepherd,2022,Powerplay,15,12,2.0,7.5
R Shepherd,2024,Death,38,12,2.0,19.0
R Shepherd,2024,Middle,95,48,8.0,11.88
R Shepherd,2024,Powerplay,21,12,2.0,10.5
R Shepherd,2025,Death,23,12,2.0,11.5
R Shepherd,2025,Middle,122,72,12.0,10.17
R Shepherd,2026,Death,80,29,4.833333333333333,16.55
R Shepherd,2026,Middle,210,121,20.166666666666668,10.41
R Shukla,2012,Middle,24,12,2.0,12.0
R Shukla,2012,Powerplay,6,6,1.0,6.0
R Shukla,2013,Death,7,6,1.0,7.0
R Shukla,2013,Middle,29,18,3.0,9.67
R Shukla,2013,Powerplay,38,24,4.0,9.5
R Shukla,2014,Death,37,12,2.0,18.5
R Shukla,2014,Middle,27,18,3.0,9.0
R Shukla,2014,Powerplay,29,24,4.0,7.25
R Tewatia,2014,Middle,58,54,9.0,6.44
R Tewatia,2015,Middle,31,18,3.0,10.33
R Tewatia,2017,Middle,42,48,8.0,5.25
R Tewatia,2017,Powerplay,6,6,1.0,6.0
R Tewatia,2018,Death,12,12,2.0,6.0
R Tewatia,2018,Middle,150,114,19.0,7.89
R Tewatia,2018,Powerplay,9,6,1.0,9.0
R Tewatia,2019,Death,0,2,0.3333333333333333,0.0
R Tewatia,2019,Middle,41,36,6.0,6.83
R Tewatia,2020,Middle,315,276,46.0,6.85
R Tewatia,2021,Middle,333,222,37.0,9.0
R Tewatia,2022,Death,9,6,1.0,9.0
R Tewatia,2022,Middle,67,30,5.0,13.4
R Tewatia,2023,Death,7,6,1.0,7.0
R Tewatia,2023,Middle,7,7,1.1666666666666667,6.0
R Vinay Kumar,2008,Death,21,12,2.0,10.5
R Vinay Kumar,2008,Middle,139,108,18.0,7.72
R Vinay Kumar,2008,Powerplay,15,18,3.0,5.0
R Vinay Kumar,2009,Death,90,56,9.333333333333334,9.64
R Vinay Kumar,2009,Middle,80,54,9.0,8.89
R Vinay Kumar,2009,Powerplay,96,84,14.0,6.86
R Vinay Kumar,2010,Death,125,73,12.166666666666666,10.27
R Vinay Kumar,2010,Middle,160,120,20.0,8.0
R Vinay Kumar,2010,Powerplay,96,84,14.0,6.86
R Vinay Kumar,2011,Death,91,58,9.666666666666666,9.41
R Vinay Kumar,2011,Middle,151,120,20.0,7.55
R Vinay Kumar,2011,Powerplay,83,90,15.0,5.53
R Vinay Kumar,2012,Death,226,131,21.833333333333332,10.35
R Vinay Kumar,2012,Middle,59,42,7.0,8.43
R Vinay Kumar,2012,Powerplay,179,162,27.0,6.63
R Vinay Kumar,2013,Death,175,115,19.166666666666668,9.13
R Vinay Kumar,2013,Middle,197,162,27.0,7.3
R Vinay Kumar,2013,Powerplay,128,90,15.0,8.53
R Vinay Kumar,2014,Death,76,48,8.0,9.5
R Vinay Kumar,2014,Middle,127,78,13.0,9.77
R Vinay Kumar,2014,Powerplay,76,66,11.0,6.91
R Vinay Kumar,2015,Death,117,63,10.5,11.14
R Vinay Kumar,2015,Middle,86,72,12.0,7.17
R Vinay Kumar,2015,Powerplay,159,126,21.0,7.57
R Vinay Kumar,2016,Death,8,6,1.0,8.0
R Vinay Kumar,2016,Middle,24,24,4.0,6.0
R Vinay Kumar,2016,Powerplay,29,24,4.0,7.25
R Vinay Kumar,2017,Middle,28,18,3.0,9.33
R Vinay Kumar,2018,Death,27,11,1.8333333333333335,14.73
R Vinay Kumar,2018,Powerplay,30,12,2.0,15.0
RA Bawa,2026,Death,10,6,1.0,10.0
RA Bawa,2026,Middle,31,18,3.0,10.33
RA Jadeja,2008,Death,21,13,2.1666666666666665,9.69
RA Jadeja,2009,Death,16,14,2.3333333333333335,6.86
RA Jadeja,2009,Middle,124,120,20.0,6.2
RA Jadeja,2009,Powerplay,6,6,1.0,6.0
RA Jadeja,2011,Death,51,42,7.0,7.29
RA Jadeja,2011,Middle,213,192,32.0,6.66
RA Jadeja,2011,Powerplay,30,18,3.0,10.0
RA Jadeja,2012,Death,71,54,9.0,7.89
RA Jadeja,2012,Middle,172,150,25.0,6.88
RA Jadeja,2012,Powerplay,16,6,1.0,16.0
RA Jadeja,2013,Death,55,25,4.166666666666667,13.2
RA Jadeja,2013,Middle,238,210,35.0,6.8
RA Jadeja,2013,Powerplay,26,24,4.0,6.5
RA Jadeja,2014,Death,81,52,8.666666666666666,9.35
RA Jadeja,2014,Middle,354,268,44.666666666666664,7.93
RA Jadeja,2014,Powerplay,1,6,1.0,1.0
RA Jadeja,2015,Death,16,16,2.6666666666666665,6.0
RA Jadeja,2015,Middle,298,234,39.0,7.64
RA Jadeja,2015,Powerplay,14,6,1.0,14.0
RA Jadeja,2016,Death,38,26,4.333333333333333,8.77
RA Jadeja,2016,Middle,249,203,33.833333333333336,7.36
RA Jadeja,2016,Powerplay,18,12,2.0,9.0
RA Jadeja,2017,Death,31,12,2.0,15.5
RA Jadeja,2017,Middle,308,210,35.0,8.8
RA Jadeja,2017,Powerplay,9,6,1.0,9.0
RA Jadeja,2018,Death,6,6,1.0,6.0
RA Jadeja,2018,Middle,251,210,35.0,7.17
RA Jadeja,2018,Powerplay,38,30,5.0,7.6
RA Jadeja,2019,Death,30,42,7.0,4.29
RA Jadeja,2019,Middle,288,264,44.0,6.55
RA Jadeja,2019,Powerplay,23,18,3.0,7.67
RA Jadeja,2020,Death,40,20,3.3333333333333335,12.0
RA Jadeja,2020,Middle,275,198,33.0,8.33
RA Jadeja,2021,Middle,334,294,49.0,6.82
RA Jadeja,2022,Death,9,6,1.0,9.0
RA Jadeja,2022,Middle,234,192,32.0,7.31
RA Jadeja,2023,Death,33,12,2.0,16.5
RA Jadeja,2023,Middle,387,330,55.0,7.04
RA Jadeja,2024,Death,8,6,1.0,8.0
RA Jadeja,2024,Middle,357,276,46.0,7.76
RA Jadeja,2025,Death,21,10,1.6666666666666665,12.6
RA Jadeja,2025,Middle,282,205,34.166666666666664,8.25
RA Jadeja,2025,Powerplay,13,12,2.0,6.5
RA Jadeja,2026,Middle,273,198,33.0,8.27
RA Shaikh,2009,Powerplay,11,6,1.0,11.0
RA Tripathi,2017,Middle,12,6,1.0,12.0
RD Chahar,2017,Death,1,6,1.0,1.0
RD Chahar,2017,Middle,53,36,6.0,8.83
RD Chahar,2019,Death,3,6,1.0,3.0
RD Chahar,2019,Middle,251,234,39.0,6.44
RD Chahar,2019,Powerplay,49,42,7.0,7.0
RD Chahar,2020,Death,17,18,3.0,5.67
RD Chahar,2020,Middle,380,282,47.0,8.09
RD Chahar,2020,Powerplay,31,18,3.0,10.33
RD Chahar,2021,Middle,312,252,42.0,7.43
RD Chahar,2021,Powerplay,3,6,1.0,3.0
RD Chahar,2022,Death,43,28,4.666666666666667,9.21
RD Chahar,2022,Middle,301,252,42.0,7.17
RD Chahar,2023,Death,21,10,1.6666666666666665,12.6
RD Chahar,2023,Middle,352,282,47.0,7.49
RD Chahar,2023,Powerplay,9,6,1.0,9.0
RD Chahar,2024,Death,40,24,4.0,10.0
RD Chahar,2024,Middle,232,162,27.0,8.59
RD Chahar,2025,Middle,9,6,1.0,9.0
RD Chahar,2026,Middle,45,24,4.0,11.25
RE van der Merwe,2009,Death,54,42,7.0,7.71
RE van der Merwe,2009,Middle,165,150,25.0,6.6
RE van der Merwe,2009,Powerplay,24,12,2.0,12.0
RE van der Merwe,2010,Middle,24,24,4.0,6.0
RE van der Merwe,2011,Death,11,11,1.8333333333333335,6.0
RE van der Merwe,2011,Middle,65,72,12.0,5.42
RE van der Merwe,2011,Powerplay,14,6,1.0,14.0
RE van der Merwe,2012,Middle,54,54,9.0,6.0
RE van der Merwe,2012,Powerplay,5,6,1.0,5.0
RE van der Merwe,2013,Death,12,6,1.0,12.0
RE van der Merwe,2013,Middle,47,48,8.0,5.88
RE van der Merwe,2013,Powerplay,11,12,2.0,5.5
RG More,2015,Death,13,11,1.8333333333333335,7.09
RG More,2015,Middle,29,18,3.0,9.67
RG More,2015,Powerplay,15,6,1.0,15.0
RG Sharma,2008,Middle,24,24,4.0,6.0
RG Sharma,2009,Death,21,18,3.0,7.0
RG Sharma,2009,Middle,129,108,18.0,7.17
RG Sharma,2009,Powerplay,9,12,2.0,4.5
RG Sharma,2010,Death,14,6,1.0,14.0
RG Sharma,2010,Middle,80,72,12.0,6.67
RG Sharma,2010,Powerplay,53,36,6.0,8.83
RG Sharma,2011,Middle,48,24,4.0,12.0
RG Sharma,2012,Death,16,6,1.0,16.0
RG Sharma,2013,Middle,4,6,1.0,4.0
RG Sharma,2013,Powerplay,1,2,0.3333333333333333,3.0
RG Sharma,2014,Middle,26,18,3.0,8.67
RG Sharma,2021,Middle,13,7,1.1666666666666667,11.14
RJ Gleeson,2024,Death,16,11,1.8333333333333335,8.73
RJ Gleeson,2024,Middle,23,18,3.0,7.67
RJ Gleeson,2024,Powerplay,28,18,3.0,9.33
RJ Gleeson,2025,Death,3,3,0.5,6.0
RJ Gleeson,2025,Middle,25,12,2.0,12.5
RJ Gleeson,2025,Powerplay,10,6,1.0,10.0
RJ Harris,2009,Death,81,54,9.0,9.0
RJ Harris,2009,Middle,17,12,2.0,8.5
RJ Harris,2009,Powerplay,124,120,20.0,6.2
RJ Harris,2010,Death,117,64,10.666666666666666,10.97
RJ Harris,2010,Middle,27,24,4.0,6.75
RJ Harris,2010,Powerplay,72,96,16.0,4.5
RJ Harris,2011,Death,133,96,16.0,8.31
RJ Harris,2011,Middle,93,66,11.0,8.45
RJ Harris,2011,Powerplay,133,120,20.0,6.65
RJ Harris,2012,Death,31,18,3.0,10.33
RJ Harris,2012,Middle,34,36,6.0,5.67
RJ Harris,2012,Powerplay,64,54,9.0,7.11
RJ Harris,2013,Death,8,18,3.0,2.67
RJ Harris,2013,Middle,25,18,3.0,8.33
RJ Harris,2013,Powerplay,37,36,6.0,6.17
RJ Peterson,2012,Death,20,6,1.0,20.0
RJ Peterson,2012,Middle,40,30,5.0,8.0
RJ Peterson,2012,Powerplay,10,12,2.0,5.0
RJW Topley,2023,Powerplay,14,12,2.0,7.0
RJW Topley,2024,Death,56,24,4.0,14.0
RJW Topley,2024,Middle,52,30,5.0,10.4
RJW Topley,2024,Powerplay,55,36,6.0,9.17
RJW Topley,2025,Middle,19,6,1.0,19.0
RJW Topley,2025,Powerplay,21,12,2.0,10.5
RN ten Doeschate,2011,Middle,6,6,1.0,6.0
RN ten Doeschate,2012,Death,10,6,1.0,10.0
RN ten Doeschate,2012,Middle,10,12,2.0,5.0
RN ten Doeschate,2013,Middle,24,18,3.0,8.0
RN ten Doeschate,2014,Middle,35,30,5.0,7.0
RN ten Doeschate,2015,Middle,3,6,1.0,3.0
RP Meredith,2021,Death,37,14,2.3333333333333335,15.86
RP Meredith,2021,Middle,59,46,7.666666666666667,7.7
RP Meredith,2021,Powerplay,59,42,7.0,8.43
RP Meredith,2022,Death,66,42,7.0,9.43
RP Meredith,2022,Middle,102,84,14.0,7.29
RP Meredith,2022,Powerplay,47,42,7.0,6.71
RP Meredith,2023,Death,78,46,7.666666666666667,10.17
RP Meredith,2023,Middle,73,48,8.0,9.12
RP Meredith,2023,Powerplay,41,24,4.0,10.25
RP Singh,2008,Death,139,80,13.333333333333334,10.42
RP Singh,2008,Middle,69,54,9.0,7.67
RP Singh,2008,Powerplay,216,174,29.0,7.45
RP Singh,2009,Death,134,118,19.666666666666668,6.81
RP Singh,2009,Middle,39,30,5.0,7.8
RP Singh,2009,Powerplay,213,210,35.0,6.09
RP Singh,2010,Death,150,78,13.0,11.54
RP Singh,2010,Middle,51,54,9.0,5.67
RP Singh,2010,Powerplay,153,120,20.0,7.65
RP Singh,2011,Death,62,54,9.0,6.89
RP Singh,2011,Middle,67,48,8.0,8.38
RP Singh,2011,Powerplay,202,198,33.0,6.12
RP Singh,2012,Death,61,48,8.0,7.62
RP Singh,2012,Middle,72,48,8.0,9.0
RP Singh,2012,Powerplay,163,150,25.0,6.52
RP Singh,2013,Death,112,83,13.833333333333334,8.1
RP Singh,2013,Middle,98,60,10.0,9.8
RP Singh,2013,Powerplay,111,96,16.0,6.94
RP Singh,2016,Death,29,12,2.0,14.5
RP Singh,2016,Middle,3,6,1.0,3.0
RP Singh,2016,Powerplay,74,54,9.0,8.22
RR Bhatkal,2012,Middle,15,6,1.0,15.0
RR Bhatkal,2012,Powerplay,20,6,1.0,20.0
RR Bose,2009,Powerplay,24,12,2.0,12.0
RR Powar,2008,Middle,65,54,9.0,7.22
RR Powar,2008,Powerplay,21,18,3.0,7.0
RR Powar,2009,Middle,81,90,15.0,5.4
RR Powar,2009,Powerplay,44,36,6.0,7.33
RR Powar,2010,Middle,82,72,12.0,6.83
RR Powar,2010,Powerplay,64,66,11.0,5.82
RR Powar,2011,Death,20,12,2.0,10.0
RR Powar,2011,Middle,72,54,9.0,8.0
RR Powar,2011,Powerplay,20,6,1.0,20.0
RR Powar,2012,Middle,24,12,2.0,12.0
RR Powar,2012,Powerplay,8,6,1.0,8.0
RR Raje,2008,Death,35,18,3.0,11.67
RR Raje,2008,Middle,89,74,12.333333333333334,7.22
RR Raje,2008,Powerplay,8,6,1.0,8.0
RR Raje,2009,Death,22,11,1.8333333333333335,12.0
RR Raje,2009,Middle,45,30,5.0,9.0
RS Bopara,2009,Middle,5,8,1.3333333333333333,3.75
RS Bopara,2010,Death,34,18,3.0,11.33
RS Bopara,2010,Middle,84,60,10.0,8.4
RS Bopara,2015,Death,25,18,3.0,8.33
RS Bopara,2015,Middle,128,102,17.0,7.53
RS Gavaskar,2010,Middle,8,6,1.0,8.0
RS Ghosh,2026,Middle,24,18,3.0,8.0
RS Hangargekar,2023,Death,13,12,2.0,6.5
RS Hangargekar,2023,Middle,30,18,3.0,10.0
RS Hangargekar,2023,Powerplay,10,6,1.0,10.0
RV Gomez,2011,Death,20,6,1.0,20.0
RV Gomez,2011,Middle,103,84,14.0,7.36
RV Gomez,2013,Middle,5,6,1.0,5.0
RV Patel,2021,Middle,20,18,3.0,6.67
RW Price,2011,Middle,19,12,2.0,9.5
RW Price,2011,Powerplay,14,6,1.0,14.0
Raghu Sharma,2026,Death,14,6,1.0,14.0
Raghu Sharma,2026,Middle,116,84,14.0,8.29
Ramandeep Singh,2022,Death,11,12,2.0,5.5
Ramandeep Singh,2022,Middle,38,24,4.0,9.5
Ramandeep Singh,2024,Death,9,4,0.6666666666666666,13.5
Ramandeep Singh,2026,Death,14,10,1.6666666666666665,8.4
Ramandeep Singh,2026,Middle,12,6,1.0,12.0
Rashid Khan,2017,Death,8,12,2.0,4.0
Rashid Khan,2017,Middle,288,258,43.0,6.7
Rashid Khan,2017,Powerplay,56,54,9.0,6.22
Rashid Khan,2018,Death,101,78,13.0,7.77
Rashid Khan,2018,Middle,316,300,50.0,6.32
Rashid Khan,2018,Powerplay,38,30,5.0,7.6
Rashid Khan,2019,Death,63,54,9.0,7.0
Rashid Khan,2019,Middle,259,264,44.0,5.89
Rashid Khan,2019,Powerplay,58,45,7.5,7.73
Rashid Khan,2020,Death,17,12,2.0,8.5
Rashid Khan,2020,Middle,320,372,62.0,5.16
Rashid Khan,2020,Powerplay,1,4,0.6666666666666666,1.5
Rashid Khan,2021,Death,14,18,3.0,4.67
Rashid Khan,2021,Middle,313,288,48.0,6.52
Rashid Khan,2021,Powerplay,42,36,6.0,7.0
Rashid Khan,2022,Death,41,36,6.0,6.83
Rashid Khan,2022,Middle,315,311,51.833333333333336,6.08
Rashid Khan,2022,Powerplay,58,36,6.0,9.67
Rashid Khan,2023,Death,90,60,10.0,9.0
Rashid Khan,2023,Middle,343,270,45.0,7.62
Rashid Khan,2023,Powerplay,114,72,12.0,9.5
Rashid Khan,2024,Death,62,42,7.0,8.86
Rashid Khan,2024,Middle,247,166,27.666666666666668,8.93
Rashid Khan,2024,Powerplay,58,54,9.0,6.44
Rashid Khan,2025,Death,88,36,6.0,14.67
Rashid Khan,2025,Middle,403,276,46.0,8.76
Rashid Khan,2025,Powerplay,17,18,3.0,5.67
Rashid Khan,2026,Death,71,36,6.0,11.83
Rashid Khan,2026,Middle,421,293,48.833333333333336,8.62
Rashid Khan,2026,Powerplay,9,12,2.0,4.5
Rasikh Salam,2019,Death,20,6,1.0,20.0
Rasikh Salam,2019,Middle,4,6,1.0,4.0
Rasikh Salam,2019,Powerplay,13,12,2.0,6.5
Rasikh Salam,2022,Middle,8,6,1.0,8.0
Rasikh Salam,2022,Powerplay,20,18,3.0,6.67
Rasikh Salam,2024,Death,71,45,7.5,9.47
Rasikh Salam,2024,Middle,146,84,14.0,10.43
Rasikh Salam,2024,Powerplay,43,18,3.0,14.33
Rasikh Salam,2025,Middle,52,30,5.0,10.4
Rasikh Salam,2025,Powerplay,16,6,1.0,16.0
Rasikh Salam,2026,Death,98,66,11.0,8.91
Rasikh Salam,2026,Middle,147,89,14.833333333333334,9.91
Rasikh Salam,2026,Powerplay,141,102,17.0,8.29
Ravi Bishnoi,2020,Death,10,6,1.0,10.0
Ravi Bishnoi,2020,Middle,311,270,45.0,6.91
Ravi Bishnoi,2020,Powerplay,41,30,5.0,8.2
Ravi Bishnoi,2021,Death,9,12,2.0,4.5
Ravi Bishnoi,2021,Middle,192,180,30.0,6.4
Ravi Bishnoi,2021,Powerplay,24,24,4.0,6.0
Ravi Bishnoi,2022,Death,40,24,4.0,10.0
Ravi Bishnoi,2022,Middle,372,276,46.0,8.09
Ravi Bishnoi,2022,Powerplay,27,24,4.0,6.75
Ravi Bishnoi,2023,Death,35,21,3.5,10.0
Ravi Bishnoi,2023,Middle,326,270,45.0,7.24
Ravi Bishnoi,2023,Powerplay,16,12,2.0,8.0
Ravi Bishnoi,2024,Death,41,18,3.0,13.67
Ravi Bishnoi,2024,Middle,305,232,38.666666666666664,7.89
Ravi Bishnoi,2024,Powerplay,29,12,2.0,14.5
Ravi Bishnoi,2025,Death,36,12,2.0,18.0
Ravi Bishnoi,2025,Middle,323,192,32.0,10.09
Ravi Bishnoi,2025,Powerplay,31,18,3.0,10.33
Ravi Bishnoi,2026,Death,26,12,2.0,13.0
Ravi Bishnoi,2026,Middle,203,126,21.0,9.67
Ravi Bishnoi,2026,Powerplay,19,18,3.0,6.33
S Aravind,2011,Death,102,66,11.0,9.27
S Aravind,2011,Middle,97,66,11.0,8.82
S Aravind,2011,Powerplay,157,144,24.0,6.54
S Aravind,2012,Middle,24,6,1.0,24.0
S Aravind,2012,Powerplay,24,12,2.0,12.0
S Aravind,2015,Middle,49,36,6.0,8.17
S Aravind,2015,Powerplay,81,72,12.0,6.75
S Aravind,2016,Death,7,7,1.1666666666666667,6.0
S Aravind,2016,Middle,80,60,10.0,8.0
S Aravind,2016,Powerplay,118,108,18.0,6.56
S Aravind,2017,Death,73,45,7.5,9.73
S Aravind,2017,Middle,59,48,8.0,7.38
S Aravind,2017,Powerplay,136,90,15.0,9.07
S Badree,2013,Middle,8,6,1.0,8.0
S Badree,2013,Powerplay,25,18,3.0,8.33
S Badree,2014,Middle,38,24,4.0,9.5
S Badree,2014,Powerplay,52,60,10.0,5.2
S Badree,2017,Middle,78,72,12.0,6.5
S Badree,2017,Powerplay,108,78,13.0,8.31
S Dhawan,2011,Middle,11,12,2.0,5.5
S Dhawan,2012,Middle,28,18,3.0,9.33
S Dhawan,2012,Powerplay,26,18,3.0,8.67
S Dube,2019,Death,2,4,0.6666666666666666,3.0
S Dube,2019,Middle,5,6,1.0,5.0
S Dube,2020,Death,42,24,4.0,10.5
S Dube,2020,Middle,30,30,5.0,6.0
S Dube,2021,Middle,48,30,5.0,9.6
S Dube,2022,Death,23,6,1.0,23.0
S Dube,2022,Middle,11,6,1.0,11.0
S Dube,2024,Middle,14,6,1.0,14.0
S Dube,2025,Middle,28,12,2.0,14.0
S Dube,2026,Middle,62,30,5.0,12.4
S Gopal,2014,Middle,108,78,13.0,8.31
S Gopal,2014,Powerplay,4,6,1.0,4.0
S Gopal,2015,Death,1,1,0.16666666666666666,6.0
S Gopal,2015,Middle,22,12,2.0,11.0
S Gopal,2016,Middle,18,18,3.0,6.0
S Gopal,2018,Middle,220,180,30.0,7.33
S Gopal,2018,Powerplay,14,6,1.0,14.0
S Gopal,2019,Death,11,12,2.0,5.5
S Gopal,2019,Middle,291,246,41.0,7.1
S Gopal,2019,Powerplay,40,30,5.0,8.0
S Gopal,2020,Death,7,6,1.0,7.0
S Gopal,2020,Middle,350,240,40.0,8.75
S Gopal,2020,Powerplay,65,54,9.0,7.22
S Gopal,2021,Middle,57,24,4.0,14.25
S Gopal,2021,Powerplay,27,18,3.0,9.0
S Gopal,2022,Middle,34,18,3.0,11.33
S Gopal,2024,Middle,67,42,7.0,9.57
S Joseph,2024,Middle,19,12,2.0,9.5
S Joseph,2024,Powerplay,17,12,2.0,8.5
S Kaul,2013,Death,54,29,4.833333333333333,11.17
S Kaul,2013,Middle,59,48,8.0,7.38
S Kaul,2013,Powerplay,51,54,9.0,5.67
S Kaul,2014,Death,8,6,1.0,8.0
S Kaul,2014,Middle,63,30,5.0,12.6
S Kaul,2014,Powerplay,51,42,7.0,7.29
S Kaul,2017,Death,90,64,10.666666666666666,8.44
S Kaul,2017,Middle,100,84,14.0,7.14
S Kaul,2017,Powerplay,103,66,11.0,9.36
S Kaul,2018,Death,189,144,24.0,7.88
S Kaul,2018,Middle,205,156,26.0,7.88
S Kaul,2018,Powerplay,147,96,16.0,9.19
S Kaul,2019,Death,79,42,7.0,11.29
S Kaul,2019,Middle,113,96,16.0,7.06
S Kaul,2019,Powerplay,42,24,4.0,10.5
S Kaul,2020,Death,21,6,1.0,21.0
S Kaul,2020,Middle,13,6,1.0,13.0
S Kaul,2020,Powerplay,27,12,2.0,13.5
S Kaul,2021,Death,64,54,9.0,7.11
S Kaul,2021,Middle,104,78,13.0,8.0
S Kaul,2021,Powerplay,77,48,8.0,9.62
S Kaul,2022,Death,17,6,1.0,17.0
S Kaul,2022,Middle,12,12,2.0,6.0
S Kaul,2022,Powerplay,14,6,1.0,14.0
S Kaushik,2016,Death,48,18,3.0,16.0
S Kaushik,2016,Middle,129,114,19.0,6.79
S Kaushik,2016,Powerplay,11,6,1.0,11.0
S Kaushik,2017,Middle,78,54,9.0,8.67
S Kaushik,2017,Powerplay,25,12,2.0,12.5
S Ladda,2010,Death,41,24,4.0,10.25
S Ladda,2010,Middle,80,54,9.0,8.89
S Ladda,2010,Powerplay,20,12,2.0,10.0
S Ladda,2011,Middle,40,24,4.0,10.0
S Ladda,2013,Middle,18,12,2.0,9.0
S Ladda,2016,Middle,14,6,1.0,14.0
S Ladda,2016,Powerplay,7,6,1.0,7.0
S Lamichhane,2018,Middle,59,48,8.0,7.38
S Lamichhane,2018,Powerplay,22,24,4.0,5.5
S Lamichhane,2019,Death,19,6,1.0,19.0
S Lamichhane,2019,Middle,113,84,14.0,8.07
S Lamichhane,2019,Powerplay,78,48,8.0,9.75
S Midhun,2019,Middle,26,12,2.0,13.0
S Nadeem,2011,Death,26,12,2.0,13.0
S Nadeem,2011,Middle,115,102,17.0,6.76
S Nadeem,2012,Death,28,12,2.0,14.0
S Nadeem,2012,Middle,225,204,34.0,6.62
S Nadeem,2012,Powerplay,60,54,9.0,6.67
S Nadeem,2013,Death,13,12,2.0,6.5
S Nadeem,2013,Middle,233,240,40.0,5.82
S Nadeem,2013,Powerplay,9,12,2.0,4.5
S Nadeem,2014,Death,34,18,3.0,11.33
S Nadeem,2014,Middle,203,162,27.0,7.52
S Nadeem,2014,Powerplay,62,48,8.0,7.75
S Nadeem,2015,Middle,31,24,4.0,7.75
S Nadeem,2015,Powerplay,10,18,3.0,3.33
S Nadeem,2016,Middle,59,42,7.0,8.43
S Nadeem,2016,Powerplay,67,48,8.0,8.38
S Nadeem,2017,Middle,69,71,11.833333333333334,5.83
S Nadeem,2017,Powerplay,47,36,6.0,7.83
S Nadeem,2018,Middle,76,42,7.0,10.86
S Nadeem,2018,Powerplay,83,48,8.0,10.38
S Nadeem,2019,Middle,72,48,8.0,9.0
S Nadeem,2019,Powerplay,18,6,1.0,18.0
S Nadeem,2020,Middle,136,108,18.0,7.56
S Nadeem,2020,Powerplay,30,24,4.0,7.5
S Nadeem,2021,Middle,26,18,3.0,8.67
S Nadeem,2021,Powerplay,10,6,1.0,10.0
S Narwal,2010,Death,33,12,2.0,16.5
S Narwal,2010,Middle,60,28,4.666666666666667,12.86
S Narwal,2010,Powerplay,87,54,9.0,9.67
S Narwal,2013,Powerplay,15,12,2.0,7.5
S Rana,2011,Death,2,4,0.6666666666666666,3.0
S Rana,2014,Middle,16,12,2.0,8.0
S Randiv,2011,Death,22,12,2.0,11.0
S Randiv,2011,Middle,176,150,25.0,7.04
S Randiv,2011,Powerplay,19,12,2.0,9.5
S Sandeep Warrier,2019,Middle,20,18,3.0,6.67
S Sandeep Warrier,2019,Powerplay,64,54,9.0,7.11
S Sandeep Warrier,2020,Middle,8,6,1.0,8.0
S Sandeep Warrier,2020,Powerplay,23,12,2.0,11.5
S Sandeep Warrier,2021,Powerplay,15,12,2.0,7.5
S Sandeep Warrier,2024,Middle,15,6,1.0,15.0
S Sandeep Warrier,2024,Powerplay,94,60,10.0,9.4
S Sreesanth,2008,Death,63,43,7.166666666666667,8.79
S Sreesanth,2008,Middle,82,48,8.0,10.25
S Sreesanth,2008,Powerplay,257,216,36.0,7.14
S Sreesanth,2009,Death,56,18,3.0,18.67
S Sreesanth,2009,Middle,42,54,9.0,4.67
S Sreesanth,2009,Powerplay,84,66,11.0,7.64
S Sreesanth,2010,Death,17,12,2.0,8.5
S Sreesanth,2010,Middle,53,18,3.0,17.67
S Sreesanth,2010,Powerplay,101,84,14.0,7.21
S Sreesanth,2011,Death,34,23,3.8333333333333335,8.87
S Sreesanth,2011,Middle,37,36,6.0,6.17
S Sreesanth,2011,Powerplay,117,132,22.0,5.32
S Sreesanth,2013,Death,23,10,1.6666666666666665,13.8
S Sreesanth,2013,Middle,36,48,8.0,4.5
S Sreesanth,2013,Powerplay,91,72,12.0,7.58
S Sriram,2010,Middle,24,12,2.0,12.0
S Sriram,2011,Middle,25,6,1.0,25.0
S Tyagi,2009,Powerplay,131,114,19.0,6.89
S Tyagi,2010,Death,30,11,1.8333333333333335,16.36
S Tyagi,2010,Middle,35,30,5.0,7.0
S Tyagi,2010,Powerplay,87,54,9.0,9.67
S Vidyut,2008,Middle,21,12,2.0,10.5
SA Abbott,2015,Middle,17,12,2.0,8.5
SA Abbott,2015,Powerplay,38,18,3.0,12.67
SA Abbott,2022,Death,17,6,1.0,17.0
SA Abbott,2022,Middle,11,6,1.0,11.0
SA Abbott,2022,Powerplay,16,12,2.0,8.0
SA Yadav,2014,Powerplay,8,6,1.0,8.0
SB Bangar,2008,Death,39,18,3.0,13.0
SB Bangar,2008,Middle,161,114,19.0,8.47
SB Bangar,2008,Powerplay,12,18,3.0,4.0
SB Jakati,2009,Death,27,18,3.0,9.0
SB Jakati,2009,Middle,179,150,25.0,7.16
SB Jakati,2009,Powerplay,10,6,1.0,10.0
SB Jakati,2010,Death,42,18,3.0,14.0
SB Jakati,2010,Middle,239,204,34.0,7.03
SB Jakati,2010,Powerplay,2,6,1.0,2.0
SB Jakati,2011,Death,14,7,1.1666666666666667,12.0
SB Jakati,2011,Middle,306,252,42.0,7.29
SB Jakati,2011,Powerplay,11,6,1.0,11.0
SB Jakati,2012,Middle,283,204,34.0,8.32
SB Jakati,2012,Powerplay,47,42,7.0,6.71
SB Jakati,2014,Death,17,4,0.6666666666666666,25.5
SB Jakati,2014,Middle,4,6,1.0,4.0
SB Jakati,2014,Powerplay,20,12,2.0,10.0
SB Jakati,2016,Death,10,6,1.0,10.0
SB Jakati,2016,Middle,129,96,16.0,8.06
SB Jakati,2016,Powerplay,35,18,3.0,11.67
SB Jakati,2017,Middle,34,24,4.0,8.5
SB Jakati,2017,Powerplay,12,6,1.0,12.0
SB Joshi,2008,Death,4,1,0.16666666666666666,24.0
SB Joshi,2008,Middle,78,54,9.0,8.67
SB Styris,2008,Death,62,36,6.0,10.33
SB Styris,2008,Middle,90,84,14.0,6.43
SB Styris,2008,Powerplay,42,42,7.0,6.0
SB Styris,2009,Death,8,6,1.0,8.0
SB Styris,2009,Middle,55,42,7.0,7.86
SB Styris,2011,Middle,13,6,1.0,13.0
SB Wagh,2010,Powerplay,16,6,1.0,16.0
SB Wagh,2011,Death,23,12,2.0,11.5
SB Wagh,2011,Powerplay,92,84,14.0,6.57
SC Ganguly,2008,Middle,124,114,19.0,6.53
SC Ganguly,2008,Powerplay,3,6,1.0,3.0
SC Ganguly,2009,Middle,81,66,11.0,7.36
SC Ganguly,2009,Powerplay,15,6,1.0,15.0
SC Ganguly,2010,Middle,29,18,3.0,9.67
SC Ganguly,2010,Powerplay,13,6,1.0,13.0
SC Ganguly,2012,Death,24,6,1.0,24.0
SC Ganguly,2012,Middle,69,54,9.0,7.67
SC Kuggeleijn,2019,Death,32,24,4.0,8.0
SC Kuggeleijn,2019,Middle,26,18,3.0,8.67
SC Kuggeleijn,2019,Powerplay,11,6,1.0,11.0
SD Chitnis,2008,Death,4,6,1.0,4.0
SD Chitnis,2008,Middle,39,24,4.0,9.75
SD Chitnis,2008,Powerplay,11,6,1.0,11.0
SE Bond,2010,Death,84,54,9.0,9.33
SE Bond,2010,Middle,42,42,7.0,6.0
SE Bond,2010,Powerplay,92,90,15.0,6.13
SE Rutherford,2019,Death,2,5,0.8333333333333334,2.4
SE Rutherford,2019,Middle,52,36,6.0,8.67
SH Johnson,2024,Death,31,24,4.0,7.75
SH Johnson,2024,Middle,67,36,6.0,11.17
SH Johnson,2024,Powerplay,50,36,6.0,8.33
SH Johnson,2025,Death,28,14,2.3333333333333335,12.0
SH Johnson,2025,Middle,14,6,1.0,14.0
SH Johnson,2025,Powerplay,86,48,8.0,10.75
SH Johnson,2026,Death,10,6,1.0,10.0
SH Johnson,2026,Middle,21,18,3.0,7.0
SH Johnson,2026,Powerplay,71,42,7.0,10.14
SJ Srivastava,2010,Death,35,18,3.0,11.67
SJ Srivastava,2010,Middle,80,54,9.0,8.89
SJ Srivastava,2010,Powerplay,124,90,15.0,8.27
SJ Srivastava,2011,Death,43,24,4.0,10.75
SJ Srivastava,2011,Middle,60,54,9.0,6.67
SJ Srivastava,2011,Powerplay,67,42,7.0,9.57
SK Raina,2008,Middle,30,20,3.3333333333333335,9.0
SK Raina,2009,Death,40,30,5.0,8.0
SK Raina,2009,Middle,120,130,21.666666666666668,5.54
SK Raina,2009,Powerplay,3,6,1.0,3.0
SK Raina,2010,Death,45,36,6.0,7.5
SK Raina,2010,Middle,129,107,17.833333333333332,7.23
SK Raina,2011,Death,47,27,4.5,10.44
SK Raina,2011,Middle,146,138,23.0,6.35
SK Raina,2012,Middle,104,84,14.0,7.43
SK Raina,2013,Middle,23,12,2.0,11.5
SK Raina,2014,Death,8,6,1.0,8.0
SK Raina,2014,Middle,125,102,17.0,7.35
SK Raina,2015,Middle,87,72,12.0,7.25
SK Raina,2016,Middle,52,36,6.0,8.67
SK Raina,2016,Powerplay,29,24,4.0,7.25
SK Raina,2017,Middle,52,36,6.0,8.67
SK Raina,2017,Powerplay,50,36,6.0,8.33
SK Raina,2019,Middle,6,6,1.0,6.0
SK Trivedi,2008,Death,56,36,6.0,9.33
SK Trivedi,2008,Middle,280,222,37.0,7.57
SK Trivedi,2008,Powerplay,50,30,5.0,10.0
SK Trivedi,2009,Death,55,36,6.0,9.17
SK Trivedi,2009,Middle,50,48,8.0,6.25
SK Trivedi,2009,Powerplay,43,36,6.0,7.17
SK Trivedi,2010,Death,64,47,7.833333333333333,8.17
SK Trivedi,2010,Middle,169,148,24.666666666666668,6.85
SK Trivedi,2010,Powerplay,20,18,3.0,6.67
SK Trivedi,2011,Death,84,58,9.666666666666666,8.69
SK Trivedi,2011,Middle,141,120,20.0,7.05
SK Trivedi,2011,Powerplay,59,36,6.0,9.83
SK Trivedi,2012,Death,33,18,3.0,11.0
SK Trivedi,2012,Middle,312,288,48.0,6.5
SK Trivedi,2012,Powerplay,7,6,1.0,7.0
SK Trivedi,2013,Death,36,17,2.8333333333333335,12.71
SK Trivedi,2013,Middle,364,342,57.0,6.39
SK Warne,2008,Death,66,30,5.0,13.2
SK Warne,2008,Middle,329,282,47.0,7.0
SK Warne,2009,Death,89,60,10.0,8.9
SK Warne,2009,Middle,256,234,39.0,6.56
SK Warne,2009,Powerplay,3,6,1.0,3.0
SK Warne,2010,Death,36,18,3.0,12.0
SK Warne,2010,Middle,316,270,45.0,7.02
SK Warne,2010,Powerplay,23,12,2.0,11.5
SK Warne,2011,Death,26,24,4.0,6.5
SK Warne,2011,Middle,233,240,40.0,5.82
SK Warne,2011,Powerplay,31,18,3.0,10.33
SL Malinga,2009,Death,96,103,17.166666666666668,5.59
SL Malinga,2009,Middle,61,56,9.333333333333334,6.54
SL Malinga,2009,Powerplay,124,138,23.0,5.39
SL Malinga,2010,Death,92,78,13.0,7.08
SL Malinga,2010,Middle,102,96,16.0,6.38
SL Malinga,2010,Powerplay,126,120,20.0,6.3
SL Malinga,2011,Death,121,114,19.0,6.37
SL Malinga,2011,Middle,107,120,20.0,5.35
SL Malinga,2011,Powerplay,120,144,24.0,5.0
SL Malinga,2012,Death,158,135,22.5,7.02
SL Malinga,2012,Middle,66,66,11.0,6.0
SL Malinga,2012,Powerplay,107,132,22.0,4.86
SL Malinga,2013,Death,153,128,21.333333333333332,7.17
SL Malinga,2013,Middle,165,144,24.0,6.88
SL Malinga,2013,Powerplay,135,120,20.0,6.75
SL Malinga,2014,Death,125,97,16.166666666666668,7.73
SL Malinga,2014,Middle,55,54,9.0,6.11
SL Malinga,2014,Powerplay,64,85,14.166666666666666,4.52
SL Malinga,2015,Death,168,126,21.0,8.0
SL Malinga,2015,Middle,118,90,15.0,7.87
SL Malinga,2015,Powerplay,136,144,24.0,5.67
SL Malinga,2017,Death,101,65,10.833333333333334,9.32
SL Malinga,2017,Middle,124,90,15.0,8.27
SL Malinga,2017,Powerplay,125,114,19.0,6.58
SL Malinga,2019,Death,118,71,11.833333333333334,9.97
SL Malinga,2019,Middle,158,84,14.0,11.29
SL Malinga,2019,Powerplay,151,114,19.0,7.95
SM Boland,2016,Death,21,18,3.0,7.0
SM Boland,2016,Middle,10,6,1.0,10.0
SM Boland,2016,Powerplay,22,18,3.0,7.33
SM Curran,2019,Death,118,66,11.0,10.73
SM Curran,2019,Middle,101,72,12.0,8.42
SM Curran,2019,Powerplay,95,60,10.0,9.5
SM Curran,2020,Death,107,66,11.0,9.73
SM Curran,2020,Middle,61,42,7.0,8.71
SM Curran,2020,Powerplay,158,144,24.0,6.58
SM Curran,2021,Death,92,54,9.0,10.22
SM Curran,2021,Middle,68,24,4.0,17.0
SM Curran,2021,Powerplay,157,120,20.0,7.85
SM Curran,2023,Death,143,83,13.833333333333334,10.34
SM Curran,2023,Middle,171,90,15.0,11.4
SM Curran,2023,Powerplay,163,114,19.0,8.58
SM Curran,2024,Death,122,60,10.0,12.2
SM Curran,2024,Middle,120,72,12.0,10.0
SM Curran,2024,Powerplay,162,114,19.0,8.53
SM Curran,2025,Death,18,6,1.0,18.0
SM Curran,2025,Middle,86,48,8.0,10.75
SM Curran,2025,Powerplay,27,18,3.0,9.0
SM Harwood,2009,Death,24,18,3.0,8.0
SM Harwood,2009,Middle,31,24,4.0,7.75
SM Harwood,2009,Powerplay,6,18,3.0,2.0
SM Pollock,2008,Middle,92,72,12.0,7.67
SM Pollock,2008,Powerplay,205,204,34.0,6.03
SMSM Senanayake,2013,Death,14,12,2.0,7.0
SMSM Senanayake,2013,Middle,85,54,9.0,9.44
SMSM Senanayake,2013,Powerplay,107,126,21.0,5.1
SN Khan,2019,Death,6,2,0.3333333333333333,18.0
SN Thakur,2015,Middle,18,12,2.0,9.0
SN Thakur,2015,Powerplay,18,6,1.0,18.0
SN Thakur,2017,Death,55,31,5.166666666666667,10.65
SN Thakur,2017,Middle,127,108,18.0,7.06
SN Thakur,2017,Powerplay,119,90,15.0,7.93
SN Thakur,2018,Death,187,94,15.666666666666666,11.94
SN Thakur,2018,Middle,116,90,15.0,7.73
SN Thakur,2018,Powerplay,113,96,16.0,7.06
SN Thakur,2019,Death,101,60,10.0,10.1
SN Thakur,2019,Middle,19,24,4.0,4.75
SN Thakur,2019,Powerplay,151,96,16.0,9.44
SN Thakur,2020,Death,81,54,9.0,9.0
SN Thakur,2020,Middle,123,98,16.333333333333332,7.53
SN Thakur,2020,Powerplay,60,42,7.0,8.57
SN Thakur,2021,Death,146,101,16.833333333333332,8.67
SN Thakur,2021,Middle,248,186,31.0,8.0
SN Thakur,2021,Powerplay,100,72,12.0,8.33
SN Thakur,2022,Death,158,86,14.333333333333334,11.02
SN Thakur,2022,Middle,117,84,14.0,8.36
SN Thakur,2022,Powerplay,164,120,20.0,8.2
SN Thakur,2023,Death,68,35,5.833333333333333,11.66
SN Thakur,2023,Middle,93,67,11.166666666666666,8.33
SN Thakur,2023,Powerplay,49,24,4.0,12.25
SN Thakur,2024,Death,59,42,7.0,8.43
SN Thakur,2024,Middle,133,90,15.0,8.87
SN Thakur,2024,Powerplay,106,58,9.666666666666666,10.97
SN Thakur,2025,Death,86,54,9.0,9.56
SN Thakur,2025,Middle,91,54,9.0,10.11
SN Thakur,2025,Powerplay,170,96,16.0,10.62
SN Thakur,2026,Death,51,30,5.0,10.2
SN Thakur,2026,Middle,139,78,13.0,10.69
SN Thakur,2026,Powerplay,58,24,4.0,14.5
SP Narine,2012,Death,158,139,23.166666666666668,6.82
SP Narine,2012,Middle,89,120,20.0,4.45
SP Narine,2012,Powerplay,71,96,16.0,4.44
SP Narine,2013,Death,146,126,21.0,6.95
SP Narine,2013,Middle,128,168,28.0,4.57
SP Narine,2013,Powerplay,73,90,15.0,4.87
SP Narine,2014,Death,148,132,22.0,6.73
SP Narine,2014,Middle,173,162,27.0,6.41
SP Narine,2014,Powerplay,95,96,16.0,5.94
SP Narine,2015,Death,85,42,7.0,12.14
SP Narine,2015,Middle,113,108,18.0,6.28
SP Narine,2015,Powerplay,32,42,7.0,4.57
SP Narine,2016,Death,39,28,4.666666666666667,8.36
SP Narine,2016,Middle,186,168,28.0,6.64
SP Narine,2016,Powerplay,69,60,10.0,6.9
SP Narine,2017,Death,33,36,6.0,5.5
SP Narine,2017,Middle,238,204,34.0,7.0
SP Narine,2017,Powerplay,123,114,19.0,6.47
SP Narine,2018,Death,111,72,12.0,9.25
SP Narine,2018,Middle,209,186,31.0,6.74
SP Narine,2018,Powerplay,142,108,18.0,7.89
SP Narine,2019,Death,75,44,7.333333333333333,10.23
SP Narine,2019,Middle,186,132,22.0,8.45
SP Narine,2019,Powerplay,75,90,15.0,5.0
SP Narine,2020,Death,53,30,5.0,10.6
SP Narine,2020,Middle,187,162,27.0,6.93
SP Narine,2020,Powerplay,60,36,6.0,10.0
SP Narine,2021,Death,25,24,4.0,6.25
SP Narine,2021,Middle,223,252,42.0,5.31
SP Narine,2021,Powerplay,103,60,10.0,10.3
SP Narine,2022,Death,28,30,5.0,5.6
SP Narine,2022,Middle,225,258,43.0,5.23
SP Narine,2022,Powerplay,52,48,8.0,6.5
SP Narine,2023,Death,38,24,4.0,9.5
SP Narine,2023,Middle,271,222,37.0,7.32
SP Narine,2023,Powerplay,65,42,7.0,9.29
SP Narine,2024,Death,21,12,2.0,10.5
SP Narine,2024,Middle,279,276,46.0,6.07
SP Narine,2024,Powerplay,63,42,7.0,9.0
SP Narine,2025,Death,16,12,2.0,8.0
SP Narine,2025,Middle,329,258,43.0,7.65
SP Narine,2026,Death,18,18,3.0,6.0
SP Narine,2026,Middle,225,216,36.0,6.25
SP Narine,2026,Powerplay,97,75,12.5,7.76
SPD Smith,2012,Death,5,2,0.3333333333333333,15.0
SR Dubey,2026,Death,41,25,4.166666666666667,9.84
SR Dubey,2026,Powerplay,51,52,8.666666666666666,5.88
SR Tendulkar,2009,Middle,57,36,6.0,9.5
SR Watson,2008,Death,107,73,12.166666666666666,8.79
SR Watson,2008,Middle,52,60,10.0,5.2
SR Watson,2008,Powerplay,202,192,32.0,6.31
SR Watson,2010,Death,75,42,7.0,10.71
SR Watson,2010,Middle,19,24,4.0,4.75
SR Watson,2010,Powerplay,83,66,11.0,7.55
SR Watson,2011,Death,62,54,9.0,6.89
SR Watson,2011,Middle,79,72,12.0,6.58
SR Watson,2011,Powerplay,88,90,15.0,5.87
SR Watson,2012,Death,52,42,7.0,7.43
SR Watson,2012,Middle,12,12,2.0,6.0
SR Watson,2012,Powerplay,91,84,14.0,6.5
SR Watson,2013,Death,71,52,8.666666666666666,8.19
SR Watson,2013,Middle,126,108,18.0,7.0
SR Watson,2013,Powerplay,95,90,15.0,6.33
SR Watson,2014,Death,35,24,4.0,8.75
SR Watson,2014,Middle,42,36,6.0,7.0
SR Watson,2014,Powerplay,80,66,11.0,7.27
SR Watson,2015,Death,79,42,7.0,11.29
SR Watson,2015,Middle,135,90,15.0,9.0
SR Watson,2015,Powerplay,31,42,7.0,4.43
SR Watson,2016,Death,211,117,19.5,10.82
SR Watson,2016,Middle,132,114,19.0,6.95
SR Watson,2016,Powerplay,119,108,18.0,6.61
SR Watson,2017,Death,84,47,7.833333333333333,10.72
SR Watson,2017,Middle,102,84,14.0,7.29
SR Watson,2017,Powerplay,55,30,5.0,11.0
SR Watson,2018,Death,23,12,2.0,11.5
SR Watson,2018,Middle,116,90,15.0,7.73
SR Watson,2018,Powerplay,104,66,11.0,9.45
SS Agarwal,2017,Middle,31,18,3.0,10.33
SS Agarwal,2017,Powerplay,11,6,1.0,11.0
SS Cottrell,2020,Death,47,18,3.0,15.67
SS Cottrell,2020,Middle,18,18,3.0,6.0
SS Cottrell,2020,Powerplay,96,84,14.0,6.86
SS Iyer,2022,Death,7,6,1.0,7.0
SS Mishra,2026,Death,10,8,1.3333333333333333,7.5
SS Mishra,2026,Middle,37,24,4.0,9.25
SS Mishra,2026,Powerplay,11,6,1.0,11.0
SS Mundhe,2011,Powerplay,5,6,1.0,5.0
SS Sarkar,2009,Death,8,7,1.1666666666666667,6.86
SS Sarkar,2009,Middle,11,12,2.0,5.5
SS Sarkar,2009,Powerplay,15,6,1.0,15.0
SSB Magala,2023,Death,5,6,1.0,5.0
SSB Magala,2023,Middle,17,18,3.0,5.67
SSB Magala,2023,Powerplay,28,12,2.0,14.0
ST Jayasuriya,2008,Death,19,12,2.0,9.5
ST Jayasuriya,2008,Middle,129,108,18.0,7.17
ST Jayasuriya,2008,Powerplay,10,6,1.0,10.0
ST Jayasuriya,2009,Death,36,24,4.0,9.0
ST Jayasuriya,2009,Middle,118,90,15.0,7.87
ST Jayasuriya,2010,Death,19,6,1.0,19.0
ST Jayasuriya,2010,Middle,44,48,8.0,5.5
STR Binny,2010,Middle,9,6,1.0,9.0
STR Binny,2011,Death,14,6,1.0,14.0
STR Binny,2011,Middle,29,18,3.0,9.67
STR Binny,2012,Death,25,18,3.0,8.33
STR Binny,2012,Middle,41,36,6.0,6.83
STR Binny,2012,Powerplay,12,6,1.0,12.0
STR Binny,2013,Death,21,12,2.0,10.5
STR Binny,2013,Middle,135,126,21.0,6.43
STR Binny,2013,Powerplay,1,6,1.0,1.0
STR Binny,2014,Death,11,6,1.0,11.0
STR Binny,2014,Middle,36,30,5.0,7.2
STR Binny,2014,Powerplay,17,18,3.0,5.67
STR Binny,2015,Middle,102,90,15.0,6.8
STR Binny,2015,Powerplay,33,24,4.0,8.25
STR Binny,2016,Middle,37,30,5.0,7.4
STR Binny,2016,Powerplay,95,72,12.0,7.92
STR Binny,2017,Middle,37,24,4.0,9.25
STR Binny,2017,Powerplay,12,12,2.0,6.0
STR Binny,2018,Middle,18,6,1.0,18.0
STR Binny,2018,Powerplay,13,6,1.0,13.0
STR Binny,2019,Middle,37,30,5.0,7.4
STR Binny,2019,Powerplay,6,12,2.0,3.0
SW Tait,2010,Death,79,67,11.166666666666666,7.07
SW Tait,2010,Middle,59,42,7.0,8.43
SW Tait,2010,Powerplay,98,78,13.0,7.54
SW Tait,2011,Death,14,12,2.0,7.0
SW Tait,2011,Middle,46,29,4.833333333333333,9.52
SW Tait,2011,Powerplay,47,48,8.0,5.88
SW Tait,2012,Death,38,35,5.833333333333333,6.51
SW Tait,2012,Middle,29,36,6.0,4.83
SW Tait,2012,Powerplay,58,66,11.0,5.27
SW Tait,2013,Death,23,12,2.0,11.5
SW Tait,2013,Middle,15,12,2.0,7.5
SW Tait,2013,Powerplay,46,36,6.0,7.67
SZ Mulani,2024,Death,19,6,1.0,19.0
SZ Mulani,2024,Middle,23,18,3.0,7.67
SZ Mulani,2024,Powerplay,12,6,1.0,12.0
Sachin Baby,2016,Death,4,4,0.6666666666666666,6.0
Sachin Baby,2016,Middle,4,6,1.0,4.0
Sakib Hussain,2026,Death,108,78,13.0,8.31
Sakib Hussain,2026,Middle,165,114,19.0,8.68
Sakib Hussain,2026,Powerplay,94,60,10.0,9.4
Sandeep Sharma,2013,Death,38,18,3.0,12.67
Sandeep Sharma,2013,Middle,23,30,5.0,4.6
Sandeep Sharma,2013,Powerplay,55,48,8.0,6.88
Sandeep Sharma,2014,Death,86,43,7.166666666666667,12.0
Sandeep Sharma,2014,Middle,24,18,3.0,8.0
Sandeep Sharma,2014,Powerplay,219,180,30.0,7.3
Sandeep Sharma,2015,Death,68,42,7.0,9.71
Sandeep Sharma,2015,Middle,35,42,7.0,5.0
Sandeep Sharma,2015,Powerplay,235,216,36.0,6.53
Sandeep Sharma,2016,Death,111,72,12.0,9.25
Sandeep Sharma,2016,Middle,91,66,11.0,8.27
Sandeep Sharma,2016,Powerplay,155,162,27.0,5.74
Sandeep Sharma,2017,Death,130,66,11.0,11.82
Sandeep Sharma,2017,Middle,46,36,6.0,7.67
Sandeep Sharma,2017,Powerplay,210,186,31.0,6.77
Sandeep Sharma,2018,Death,3,6,1.0,3.0
Sandeep Sharma,2018,Middle,150,108,18.0,8.33
Sandeep Sharma,2018,Powerplay,171,150,25.0,6.84
Sandeep Sharma,2019,Death,63,52,8.666666666666666,7.27
Sandeep Sharma,2019,Middle,161,126,21.0,7.67
Sandeep Sharma,2019,Powerplay,119,78,13.0,9.15
Sandeep Sharma,2020,Death,106,66,11.0,9.64
Sandeep Sharma,2020,Middle,46,42,7.0,6.57
Sandeep Sharma,2020,Powerplay,217,204,34.0,6.38
Sandeep Sharma,2021,Death,23,9,1.5,15.33
Sandeep Sharma,2021,Middle,85,54,9.0,9.44
Sandeep Sharma,2021,Powerplay,85,78,13.0,6.54
Sandeep Sharma,2022,Death,25,12,2.0,12.5
Sandeep Sharma,2022,Middle,59,36,6.0,9.83
Sandeep Sharma,2022,Powerplay,62,72,12.0,5.17
Sandeep Sharma,2023,Death,120,72,12.0,10.0
Sandeep Sharma,2023,Middle,75,54,9.0,8.33
Sandeep Sharma,2023,Powerplay,187,150,25.0,7.48
Sandeep Sharma,2024,Death,130,78,13.0,10.0
Sandeep Sharma,2024,Middle,60,60,10.0,6.0
Sandeep Sharma,2024,Powerplay,113,90,15.0,7.53
Sandeep Sharma,2025,Death,175,93,15.5,11.29
Sandeep Sharma,2025,Middle,86,54,9.0,9.56
Sandeep Sharma,2025,Powerplay,92,76,12.666666666666666,7.26
Sandeep Sharma,2026,Death,91,40,6.666666666666667,13.65
Sandeep Sharma,2026,Middle,31,24,4.0,7.75
Sandeep Sharma,2026,Powerplay,93,54,9.0,10.33
Shahbaz Ahmed,2020,Death,5,6,1.0,5.0
Shahbaz Ahmed,2020,Middle,38,30,5.0,7.6
Shahbaz Ahmed,2021,Death,1,6,1.0,1.0
Shahbaz Ahmed,2021,Middle,68,60,10.0,6.8
Shahbaz Ahmed,2021,Powerplay,23,18,3.0,7.67
Shahbaz Ahmed,2022,Middle,240,150,25.0,9.6
Shahbaz Ahmed,2022,Powerplay,86,60,10.0,8.6
Shahbaz Ahmed,2023,Death,19,6,1.0,19.0
Shahbaz Ahmed,2023,Middle,35,24,4.0,8.75
Shahbaz Ahmed,2023,Powerplay,41,12,2.0,20.5
Shahbaz Ahmed,2024,Middle,186,111,18.5,10.05
Shahbaz Ahmed,2024,Powerplay,77,54,9.0,8.56
Shahbaz Ahmed,2025,Death,12,9,1.5,8.0
Shahbaz Ahmed,2025,Middle,74,36,6.0,12.33
Shahbaz Ahmed,2025,Powerplay,11,6,1.0,11.0
Shahbaz Ahmed,2026,Death,6,1,0.16666666666666666,36.0
Shahbaz Ahmed,2026,Middle,121,66,11.0,11.0
Shahid Afridi,2008,Death,20,18,3.0,6.67
Shahid Afridi,2008,Middle,175,138,23.0,7.61
Shahid Afridi,2008,Powerplay,25,24,4.0,6.25
Shakib Al Hasan,2011,Death,31,21,3.5,8.86
Shakib Al Hasan,2011,Middle,95,96,16.0,5.94
Shakib Al Hasan,2011,Powerplay,42,36,6.0,7.0
Shakib Al Hasan,2012,Death,26,24,4.0,6.5
Shakib Al Hasan,2012,Middle,87,90,15.0,5.8
Shakib Al Hasan,2012,Powerplay,77,66,11.0,7.0
Shakib Al Hasan,2014,Death,37,24,4.0,9.25
Shakib Al Hasan,2014,Middle,209,198,33.0,6.33
Shakib Al Hasan,2014,Powerplay,80,78,13.0,6.15
Shakib Al Hasan,2015,Death,44,18,3.0,14.67
Shakib Al Hasan,2015,Middle,37,42,7.0,5.29
Shakib Al Hasan,2015,Powerplay,37,24,4.0,9.25
Shakib Al Hasan,2016,Death,34,24,4.0,8.5
Shakib Al Hasan,2016,Middle,130,102,17.0,7.65
Shakib Al Hasan,2016,Powerplay,75,60,10.0,7.5
Shakib Al Hasan,2017,Powerplay,31,18,3.0,10.33
Shakib Al Hasan,2018,Death,17,12,2.0,8.5
Shakib Al Hasan,2018,Middle,325,252,42.0,7.74
Shakib Al Hasan,2018,Powerplay,109,78,13.0,8.38
Shakib Al Hasan,2019,Death,17,5,0.8333333333333334,20.4
Shakib Al Hasan,2019,Middle,52,36,6.0,8.67
Shakib Al Hasan,2019,Powerplay,25,24,4.0,6.25
Shakib Al Hasan,2021,Middle,105,90,15.0,7.0
Shakib Al Hasan,2021,Powerplay,80,66,11.0,7.27
Shashank Singh,2022,Middle,19,12,2.0,9.5
Shashank Singh,2024,Middle,5,6,1.0,5.0
Shashank Singh,2025,Death,16,6,1.0,16.0
Shashank Singh,2025,Middle,11,6,1.0,11.0
Shashank Singh,2026,Death,12,6,1.0,12.0
Shashank Singh,2026,Middle,74,54,9.0,8.22
Shivam Mavi,2018,Death,69,30,5.0,13.8
Shivam Mavi,2018,Middle,69,60,10.0,6.9
Shivam Mavi,2018,Powerplay,119,78,13.0,9.15
Shivam Mavi,2020,Death,39,30,5.0,7.8
Shivam Mavi,2020,Middle,70,48,8.0,8.75
Shivam Mavi,2020,Powerplay,97,78,13.0,7.46
Shivam Mavi,2021,Death,78,49,8.166666666666666,9.55
Shivam Mavi,2021,Middle,34,42,7.0,4.86
Shivam Mavi,2021,Powerplay,105,102,17.0,6.18
Shivam Mavi,2022,Death,91,54,9.0,10.11
Shivam Mavi,2022,Middle,48,36,6.0,8.0
Shivam Mavi,2022,Powerplay,71,42,7.0,10.14
Shivam Sharma,2014,Death,13,12,2.0,6.5
Shivam Sharma,2014,Middle,108,84,14.0,7.71
Shivam Sharma,2015,Death,12,6,1.0,12.0
Shivam Sharma,2015,Middle,32,12,2.0,16.0
Shivang Kumar,2026,Death,23,12,2.0,11.5
Shivang Kumar,2026,Middle,324,216,36.0,9.0
Shivang Kumar,2026,Powerplay,22,6,1.0,22.0
Shoaib Ahmed,2009,Death,20,6,1.0,20.0
Shoaib Ahmed,2009,Middle,94,78,13.0,7.23
Shoaib Ahmed,2009,Powerplay,37,18,3.0,12.33
Shoaib Akhtar,2008,Powerplay,50,42,7.0,7.14
Shoaib Malik,2008,Death,18,9,1.5,12.0
Shoaib Malik,2008,Middle,58,42,7.0,8.29
Sikandar Raza,2023,Middle,84,61,10.166666666666666,8.26
Sikandar Raza,2023,Powerplay,27,12,2.0,13.5
Sikandar Raza,2024,Middle,22,12,2.0,11.0
Simarjeet Singh,2022,Middle,15,18,3.0,5.0
Simarjeet Singh,2022,Powerplay,113,90,15.0,7.53
Simarjeet Singh,2024,Death,32,18,3.0,10.67
Simarjeet Singh,2024,Middle,69,48,8.0,8.62
Simarjeet Singh,2024,Powerplay,12,6,1.0,12.0
Simarjeet Singh,2025,Death,17,6,1.0,17.0
Simarjeet Singh,2025,Middle,50,24,4.0,12.5
Simarjeet Singh,2025,Powerplay,70,30,5.0,14.0
Sohail Tanvir,2008,Death,103,96,16.0,6.44
Sohail Tanvir,2008,Middle,18,19,3.1666666666666665,5.68
Sohail Tanvir,2008,Powerplay,125,132,22.0,5.68
Sumit Kumar,2024,Death,6,2,0.3333333333333333,18.0
Sumit Kumar,2024,Middle,30,18,3.0,10.0
Sunny Gupta,2012,Middle,33,12,2.0,16.5
Sunny Gupta,2012,Powerplay,12,6,1.0,12.0
Suryansh Shedge,2025,Middle,37,18,3.0,12.33
Suyash Sharma,2023,Death,29,18,3.0,9.67
Suyash Sharma,2023,Middle,264,198,33.0,8.0
Suyash Sharma,2023,Powerplay,22,18,3.0,7.33
Suyash Sharma,2024,Middle,50,24,4.0,12.5
Suyash Sharma,2025,Death,30,18,3.0,10.0
Suyash Sharma,2025,Middle,403,282,47.0,8.57
Suyash Sharma,2026,Death,6,12,2.0,3.0
Suyash Sharma,2026,Middle,362,233,38.833333333333336,9.32
Swapnil Singh,2016,Middle,29,18,3.0,9.67
Swapnil Singh,2017,Middle,60,42,7.0,8.57
Swapnil Singh,2023,Middle,18,12,2.0,9.0
Swapnil Singh,2024,Middle,70,48,8.0,8.75
Swapnil Singh,2024,Powerplay,60,42,7.0,8.57
T Henderson,2009,Death,27,18,3.0,9.0
T Henderson,2009,Middle,13,18,3.0,4.33
T Natarajan,2017,Death,12,10,1.6666666666666665,7.2
T Natarajan,2017,Middle,65,42,7.0,9.29
T Natarajan,2017,Powerplay,32,24,4.0,8.0
T Natarajan,2020,Death,223,131,21.833333333333332,10.21
T Natarajan,2020,Middle,164,150,25.0,6.56
T Natarajan,2020,Powerplay,104,96,16.0,6.5
T Natarajan,2021,Death,24,18,3.0,8.0
T Natarajan,2021,Middle,21,18,3.0,7.0
T Natarajan,2021,Powerplay,22,12,2.0,11.0
T Natarajan,2022,Death,160,84,14.0,11.43
T Natarajan,2022,Middle,130,108,18.0,7.22
T Natarajan,2022,Powerplay,97,66,11.0,8.82
T Natarajan,2023,Death,191,120,20.0,9.55
T Natarajan,2023,Middle,110,78,13.0,8.46
T Natarajan,2023,Powerplay,103,72,12.0,8.58
T Natarajan,2024,Death,157,98,16.333333333333332,9.61
T Natarajan,2024,Middle,154,114,19.0,8.11
T Natarajan,2024,Powerplay,130,96,16.0,8.12
T Natarajan,2025,Death,18,6,1.0,18.0
T Natarajan,2025,Middle,11,7,1.1666666666666667,9.43
T Natarajan,2025,Powerplay,24,12,2.0,12.0
T Natarajan,2026,Death,120,68,11.333333333333334,10.59
T Natarajan,2026,Middle,206,111,18.5,11.14
T Natarajan,2026,Powerplay,16,12,2.0,8.0
T Shamsi,2016,Death,30,12,2.0,15.0
T Shamsi,2016,Middle,117,84,14.0,8.36
T Shamsi,2021,Middle,34,24,4.0,8.5
T Stubbs,2023,Middle,14,12,2.0,7.0
T Stubbs,2024,Middle,14,12,2.0,7.0
T Stubbs,2025,Middle,40,12,2.0,20.0
T Thushara,2009,Death,22,12,2.0,11.0
T Thushara,2009,Middle,3,6,1.0,3.0
T Thushara,2009,Powerplay,33,30,5.0,6.6
T Thushara,2010,Death,47,27,4.5,10.44
T Thushara,2010,Middle,21,30,5.0,4.2
T Thushara,2010,Powerplay,21,30,5.0,4.2
T Vijay,2026,Middle,11,6,1.0,11.0
T Vijay,2026,Powerplay,18,6,1.0,18.0
TA Boult,2015,Death,75,42,7.0,10.71
TA Boult,2015,Middle,41,36,6.0,6.83
TA Boult,2015,Powerplay,106,90,15.0,7.07
TA Boult,2016,Death,14,6,1.0,14.0
TA Boult,2016,Middle,11,6,1.0,11.0
TA Boult,2016,Powerplay,12,12,2.0,6.0
TA Boult,2017,Death,124,71,11.833333333333334,10.48
TA Boult,2017,Middle,7,6,1.0,7.0
TA Boult,2017,Powerplay,80,66,11.0,7.27
TA Boult,2018,Death,165,106,17.666666666666668,9.34
TA Boult,2018,Middle,74,42,7.0,10.57
TA Boult,2018,Powerplay,214,168,28.0,7.64
TA Boult,2019,Death,80,42,7.0,11.43
TA Boult,2019,Middle,12,12,2.0,6.0
TA Boult,2019,Powerplay,64,60,10.0,6.4
TA Boult,2020,Death,158,98,16.333333333333332,9.67
TA Boult,2020,Middle,54,30,5.0,10.8
TA Boult,2020,Powerplay,254,220,36.666666666666664,6.93
TA Boult,2021,Death,132,74,12.333333333333334,10.7
TA Boult,2021,Middle,72,60,10.0,7.2
TA Boult,2021,Powerplay,185,174,29.0,6.38
TA Boult,2022,Death,97,42,7.0,13.86
TA Boult,2022,Middle,87,72,12.0,7.25
TA Boult,2022,Powerplay,289,258,43.0,6.72
TA Boult,2023,Death,59,24,4.0,14.75
TA Boult,2023,Middle,70,48,8.0,8.75
TA Boult,2023,Powerplay,171,156,26.0,6.58
TA Boult,2024,Death,82,50,8.333333333333334,9.84
TA Boult,2024,Middle,83,42,7.0,11.86
TA Boult,2024,Powerplay,260,228,38.0,6.84
TA Boult,2025,Death,110,76,12.666666666666666,8.68
TA Boult,2025,Middle,142,90,15.0,9.47
TA Boult,2025,Powerplay,250,180,30.0,8.33
TA Boult,2026,Death,22,13,2.1666666666666665,10.15
TA Boult,2026,Middle,53,36,6.0,8.83
TA Boult,2026,Powerplay,103,48,8.0,12.88
TG Southee,2011,Death,70,42,7.0,10.0
TG Southee,2011,Middle,32,24,4.0,8.0
TG Southee,2011,Powerplay,59,48,8.0,7.38
TG Southee,2014,Death,23,18,3.0,7.67
TG Southee,2014,Middle,11,6,1.0,11.0
TG Southee,2014,Powerplay,39,36,6.0,6.5
TG Southee,2015,Death,92,48,8.0,11.5
TG Southee,2015,Middle,52,36,6.0,8.67
TG Southee,2015,Powerplay,95,84,14.0,6.79
TG Southee,2016,Death,53,30,5.0,10.6
TG Southee,2016,Middle,81,72,12.0,6.75
TG Southee,2016,Powerplay,185,156,26.0,7.12
TG Southee,2017,Death,19,12,2.0,9.5
TG Southee,2017,Middle,13,12,2.0,6.5
TG Southee,2017,Powerplay,57,36,6.0,9.5
TG Southee,2018,Death,109,66,11.0,9.91
TG Southee,2018,Middle,19,18,3.0,6.33
TG Southee,2018,Powerplay,123,90,15.0,8.2
TG Southee,2019,Death,40,12,2.0,20.0
TG Southee,2019,Powerplay,70,42,7.0,10.0
TG Southee,2021,Death,37,30,5.0,7.4
TG Southee,2021,Middle,11,6,1.0,11.0
TG Southee,2021,Powerplay,45,36,6.0,7.5
TG Southee,2022,Death,106,66,11.0,9.64
TG Southee,2022,Middle,64,60,10.0,6.4
TG Southee,2022,Powerplay,95,84,14.0,6.79
TG Southee,2023,Death,15,6,1.0,15.0
TG Southee,2023,Middle,13,6,1.0,13.0
TG Southee,2023,Powerplay,51,24,4.0,12.75
TH David,2026,Middle,18,6,1.0,18.0
TK Curran,2018,Death,32,18,3.0,10.67
TK Curran,2018,Middle,58,31,5.166666666666667,11.23
TK Curran,2018,Powerplay,23,12,2.0,11.5
TK Curran,2020,Death,109,49,8.166666666666666,13.35
TK Curran,2020,Middle,54,36,6.0,9.0
TK Curran,2020,Powerplay,37,24,4.0,9.25
TK Curran,2021,Death,62,26,4.333333333333333,14.31
TK Curran,2021,Middle,35,36,6.0,5.83
TK Curran,2021,Powerplay,3,6,1.0,3.0
TL Suman,2009,Death,32,18,3.0,10.67
TL Suman,2009,Middle,75,72,12.0,6.25
TL Suman,2010,Death,14,6,1.0,14.0
TL Suman,2010,Middle,8,6,1.0,8.0
TL Suman,2011,Middle,50,36,6.0,8.33
TL Suman,2013,Middle,10,6,1.0,10.0
TL Suman,2013,Powerplay,5,6,1.0,5.0
TM Dilshan,2008,Middle,3,6,1.0,3.0
TM Dilshan,2009,Middle,95,90,15.0,6.33
TM Dilshan,2009,Powerplay,3,6,1.0,3.0
TM Dilshan,2010,Death,16,7,1.1666666666666667,13.71
TM Dilshan,2010,Middle,54,42,7.0,7.71
TM Dilshan,2011,Death,9,6,1.0,9.0
TM Dilshan,2011,Middle,62,42,7.0,8.86
TM Dilshan,2011,Powerplay,34,24,4.0,8.5
TM Dilshan,2012,Middle,52,30,5.0,10.4
TM Dilshan,2012,Powerplay,23,12,2.0,11.5
TM Dilshan,2013,Middle,10,6,1.0,10.0
TM Head,2017,Death,11,6,1.0,11.0
TM Head,2017,Middle,70,42,7.0,10.0
TM Head,2024,Middle,32,10,1.6666666666666665,19.2
TM Head,2026,Death,7,6,1.0,7.0
TP Sudhindra,2012,Death,38,16,2.6666666666666665,14.25
TP Sudhindra,2012,Middle,56,30,5.0,11.2
TP Sudhindra,2012,Powerplay,34,24,4.0,8.5
TS Mills,2017,Death,52,35,5.833333333333333,8.91
TS Mills,2017,Middle,44,30,5.0,8.8
TS Mills,2017,Powerplay,48,42,7.0,6.86
TS Mills,2022,Death,39,18,3.0,13.0
TS Mills,2022,Middle,101,54,9.0,11.22
TS Mills,2022,Powerplay,44,30,5.0,8.8
TU Deshpande,2020,Death,34,18,3.0,11.33
TU Deshpande,2020,Middle,89,48,8.0,11.12
TU Deshpande,2020,Powerplay,60,36,6.0,10.0
TU Deshpande,2022,Middle,22,12,2.0,11.0
TU Deshpande,2022,Powerplay,40,30,5.0,8.0
TU Deshpande,2023,Death,219,114,19.0,11.53
TU Deshpande,2023,Middle,75,36,6.0,12.5
TU Deshpande,2023,Powerplay,242,192,32.0,7.56
TU Deshpande,2024,Death,128,78,13.0,9.85
TU Deshpande,2024,Middle,68,60,10.0,6.8
TU Deshpande,2024,Powerplay,201,150,25.0,8.04
TU Deshpande,2025,Death,72,36,6.0,12.0
TU Deshpande,2025,Middle,128,90,15.0,8.53
TU Deshpande,2025,Powerplay,120,66,11.0,10.91
TU Deshpande,2026,Death,74,36,6.0,12.33
TU Deshpande,2026,Middle,108,54,9.0,12.0
TU Deshpande,2026,Powerplay,80,48,8.0,10.0
Tejas Baroka,2017,Middle,25,15,2.5,10.0
Tejas Baroka,2017,Powerplay,8,6,1.0,8.0
Tilak Varma,2022,Middle,6,6,1.0,6.0
Tilak Varma,2022,Powerplay,7,6,1.0,7.0
Tilak Varma,2023,Middle,6,6,1.0,6.0
Tilak Varma,2024,Death,8,4,0.6666666666666666,12.0
UT Yadav,2010,Death,29,24,4.0,7.25
UT Yadav,2010,Middle,87,78,13.0,6.69
UT Yadav,2010,Powerplay,56,42,7.0,8.0
UT Yadav,2011,Death,17,12,2.0,8.5
UT Yadav,2011,Middle,74,60,10.0,7.4
UT Yadav,2011,Powerplay,63,36,6.0,10.5
UT Yadav,2012,Death,173,126,21.0,8.24
UT Yadav,2012,Middle,138,126,21.0,6.57
UT Yadav,2012,Powerplay,117,114,19.0,6.16
UT Yadav,2013,Death,191,114,19.0,10.05
UT Yadav,2013,Middle,172,125,20.833333333333332,8.26
UT Yadav,2013,Powerplay,136,114,19.0,7.16
UT Yadav,2014,Death,94,66,11.0,8.55
UT Yadav,2014,Middle,128,96,16.0,8.0
UT Yadav,2014,Powerplay,126,108,18.0,7.0
UT Yadav,2015,Death,136,84,14.0,9.71
UT Yadav,2015,Middle,73,42,7.0,10.43
UT Yadav,2015,Powerplay,156,126,21.0,7.43
UT Yadav,2016,Death,99,54,9.0,11.0
UT Yadav,2016,Middle,65,54,9.0,7.22
UT Yadav,2016,Powerplay,62,48,8.0,7.75
UT Yadav,2017,Death,69,30,5.0,13.8
UT Yadav,2017,Middle,125,105,17.5,7.14
UT Yadav,2017,Powerplay,200,156,26.0,7.69
UT Yadav,2018,Death,63,25,4.166666666666667,15.12
UT Yadav,2018,Middle,139,108,18.0,7.72
UT Yadav,2018,Powerplay,203,186,31.0,6.55
UT Yadav,2019,Death,121,53,8.833333333333334,13.7
UT Yadav,2019,Middle,63,48,8.0,7.88
UT Yadav,2019,Powerplay,174,126,21.0,8.29
UT Yadav,2020,Middle,42,19,3.1666666666666665,13.26
UT Yadav,2020,Powerplay,37,24,4.0,9.25
UT Yadav,2022,Death,27,12,2.0,13.5
UT Yadav,2022,Middle,111,90,15.0,7.4
UT Yadav,2022,Powerplay,191,186,31.0,6.16
UT Yadav,2023,Death,12,6,1.0,12.0
UT Yadav,2023,Middle,53,24,4.0,13.25
UT Yadav,2023,Powerplay,122,84,14.0,8.71
UT Yadav,2024,Death,29,12,2.0,14.5
UT Yadav,2024,Middle,30,12,2.0,15.0
UT Yadav,2024,Powerplay,148,102,17.0,8.71
Umar Gul,2008,Death,65,39,6.5,10.0
Umar Gul,2008,Middle,66,60,10.0,6.6
Umar Gul,2008,Powerplay,28,36,6.0,4.67
Umran Malik,2021,Death,23,12,2.0,11.5
Umran Malik,2021,Middle,45,48,8.0,5.62
Umran Malik,2021,Powerplay,25,12,2.0,12.5
Umran Malik,2022,Death,26,18,3.0,8.67
Umran Malik,2022,Middle,352,266,44.333333333333336,7.94
Umran Malik,2022,Powerplay,32,12,2.0,16.0
Umran Malik,2023,Death,35,18,3.0,11.67
Umran Malik,2023,Middle,144,96,16.0,9.0
Umran Malik,2023,Powerplay,28,6,1.0,28.0
Umran Malik,2024,Middle,14,6,1.0,14.0
V Kaverappa,2024,Middle,16,6,1.0,16.0
V Kaverappa,2024,Powerplay,20,18,3.0,6.67
V Kohli,2008,Death,9,6,1.0,9.0
V Kohli,2008,Middle,47,40,6.666666666666667,7.05
V Kohli,2009,Middle,43,36,6.0,7.17
V Kohli,2010,Death,1,2,0.3333333333333333,3.0
V Kohli,2010,Middle,44,30,5.0,8.8
V Kohli,2011,Middle,134,102,17.0,7.88
V Kohli,2012,Death,28,6,1.0,28.0
V Kohli,2012,Middle,21,12,2.0,10.5
V Kohli,2015,Middle,10,11,1.8333333333333335,5.45
V Kohli,2016,Middle,10,6,1.0,10.0
V Nigam,2025,Death,23,24,4.0,5.75
V Nigam,2025,Middle,243,162,27.0,9.0
V Nigam,2025,Powerplay,74,48,8.0,9.25
V Nigam,2026,Middle,100,48,8.0,12.5
V Nigam,2026,Powerplay,6,6,1.0,6.0
V Pratap Singh,2012,Death,54,36,6.0,9.0
V Pratap Singh,2012,Middle,103,72,12.0,8.58
V Pratap Singh,2012,Powerplay,132,96,16.0,8.25
V Puthur,2025,Death,23,12,2.0,11.5
V Puthur,2025,Middle,85,60,10.0,8.5
V Sehwag,2008,Death,19,6,1.0,19.0
V Sehwag,2008,Middle,92,54,9.0,10.22
V Sehwag,2008,Powerplay,21,6,1.0,21.0
V Sehwag,2009,Powerplay,20,6,1.0,20.0
V Sehwag,2010,Death,2,4,0.6666666666666666,3.0
V Sehwag,2010,Middle,21,30,5.0,4.2
V Sehwag,2012,Middle,45,24,4.0,11.25
V Sehwag,2013,Middle,9,6,1.0,9.0
V Shankar,2014,Middle,19,6,1.0,19.0
V Shankar,2018,Middle,53,30,5.0,10.6
V Shankar,2019,Death,10,12,2.0,5.0
V Shankar,2019,Middle,56,36,6.0,9.33
V Shankar,2020,Middle,66,71,11.833333333333334,5.58
V Shankar,2020,Powerplay,5,8,1.3333333333333333,3.75
V Shankar,2021,Death,25,18,3.0,8.33
V Shankar,2021,Middle,67,48,8.0,8.38
V Shankar,2022,Death,1,3,0.5,2.0
V Shankar,2022,Middle,13,6,1.0,13.0
V Viyaskanth,2024,Middle,86,60,10.0,8.6
VG Arora,2022,Death,27,11,1.8333333333333335,14.73
VG Arora,2022,Middle,31,18,3.0,10.33
VG Arora,2022,Powerplay,103,78,13.0,7.92
VG Arora,2023,Death,53,36,6.0,8.83
VG Arora,2023,Middle,1,6,1.0,1.0
VG Arora,2023,Powerplay,72,54,9.0,8.0
VG Arora,2024,Death,31,24,4.0,7.75
VG Arora,2024,Middle,32,12,2.0,16.0
VG Arora,2024,Powerplay,188,145,24.166666666666668,7.78
VG Arora,2025,Death,98,54,9.0,10.89
VG Arora,2025,Middle,94,51,8.5,11.06
VG Arora,2025,Powerplay,221,150,25.0,8.84
VG Arora,2026,Death,123,84,14.0,8.79
VG Arora,2026,Middle,61,30,5.0,12.2
VG Arora,2026,Powerplay,193,114,19.0,10.16
VR Aaron,2011,Death,18,12,2.0,9.0
VR Aaron,2011,Middle,46,42,7.0,6.57
VR Aaron,2011,Powerplay,13,18,3.0,4.33
VR Aaron,2012,Death,100,52,8.666666666666666,11.54
VR Aaron,2012,Middle,78,68,11.333333333333334,6.88
VR Aaron,2012,Powerplay,86,66,11.0,7.82
VR Aaron,2014,Death,105,58,9.666666666666666,10.86
VR Aaron,2014,Middle,87,84,14.0,6.21
VR Aaron,2014,Powerplay,85,78,13.0,6.54
VR Aaron,2015,Death,23,8,1.3333333333333333,17.25
VR Aaron,2015,Middle,51,42,7.0,7.29
VR Aaron,2015,Powerplay,90,54,9.0,10.0
VR Aaron,2016,Death,8,4,0.6666666666666666,12.0
VR Aaron,2016,Middle,156,102,17.0,9.18
VR Aaron,2016,Powerplay,48,36,6.0,8.0
VR Aaron,2017,Death,22,18,3.0,7.33
VR Aaron,2017,Middle,73,66,11.0,6.64
VR Aaron,2017,Powerplay,58,36,6.0,9.67
VR Aaron,2019,Death,13,6,1.0,13.0
VR Aaron,2019,Middle,46,24,4.0,11.5
VR Aaron,2019,Powerplay,55,42,7.0,7.86
VR Aaron,2020,Middle,13,6,1.0,13.0
VR Aaron,2020,Powerplay,70,42,7.0,10.0
VR Aaron,2022,Death,8,6,1.0,8.0
VR Aaron,2022,Middle,24,12,2.0,12.0
VR Aaron,2022,Powerplay,17,12,2.0,8.5
VR Iyer,2021,Death,17,9,1.5,11.33
VR Iyer,2021,Middle,49,42,7.0,7.0
VR Iyer,2022,Death,24,12,2.0,12.0
VR Iyer,2022,Middle,22,12,2.0,11.0
VR Iyer,2024,Middle,28,6,1.0,28.0
VRV Singh,2008,Death,115,84,14.0,8.21
VRV Singh,2008,Middle,190,150,25.0,7.6
VRV Singh,2008,Powerplay,98,54,9.0,10.89
VRV Singh,2009,Death,14,12,2.0,7.0
VRV Singh,2009,Middle,46,24,4.0,11.5
VRV Singh,2009,Powerplay,22,18,3.0,7.33
VRV Singh,2010,Death,13,6,1.0,13.0
VRV Singh,2010,Middle,13,6,1.0,13.0
VRV Singh,2010,Powerplay,10,6,1.0,10.0
VS Malik,2009,Death,8,6,1.0,8.0
VS Malik,2009,Middle,20,18,3.0,6.67
VS Malik,2009,Powerplay,68,48,8.0,8.5
VS Malik,2010,Death,4,1,0.16666666666666666,24.0
VS Malik,2010,Middle,34,24,4.0,8.5
VS Malik,2010,Powerplay,20,18,3.0,6.67
VS Malik,2011,Middle,13,12,2.0,6.5
VS Malik,2013,Middle,19,12,2.0,9.5
VS Malik,2013,Powerplay,39,48,8.0,4.88
VS Malik,2014,Middle,5,6,1.0,5.0
VS Malik,2014,Powerplay,23,12,2.0,11.5
VS Yeligati,2008,Death,13,6,1.0,13.0
VS Yeligati,2008,Middle,28,18,3.0,9.33
VS Yeligati,2008,Powerplay,12,6,1.0,12.0
VY Mahesh,2008,Death,61,49,8.166666666666666,7.47
VY Mahesh,2008,Middle,164,138,23.0,7.13
VY Mahesh,2008,Powerplay,116,66,11.0,10.55
VY Mahesh,2009,Powerplay,24,12,2.0,12.0
VY Mahesh,2010,Middle,22,18,3.0,7.33
VY Mahesh,2012,Death,10,2,0.3333333333333333,30.0
VY Mahesh,2012,Middle,66,54,9.0,7.33
Vijaykumar Vyshak,2023,Death,39,18,3.0,13.0
Vijaykumar Vyshak,2023,Middle,144,90,15.0,9.6
Vijaykumar Vyshak,2023,Powerplay,55,36,6.0,9.17
Vijaykumar Vyshak,2024,Death,19,9,1.5,12.67
Vijaykumar Vyshak,2024,Middle,120,78,13.0,9.23
Vijaykumar Vyshak,2025,Death,65,30,5.0,13.0
Vijaykumar Vyshak,2025,Middle,91,66,11.0,8.27
Vijaykumar Vyshak,2025,Powerplay,9,6,1.0,9.0
Vijaykumar Vyshak,2026,Death,53,36,6.0,8.83
Vijaykumar Vyshak,2026,Middle,188,114,19.0,9.89
Vijaykumar Vyshak,2026,Powerplay,81,36,6.0,13.5
Vivrant Sharma,2023,Middle,28,18,3.0,9.33
W O'Rourke,2025,Death,30,14,2.3333333333333335,12.86
W O'Rourke,2025,Middle,48,24,4.0,12.0
W O'Rourke,2025,Powerplay,51,24,4.0,12.75
WA Mota,2008,Middle,34,18,3.0,11.33
WA Mota,2009,Death,35,12,2.0,17.5
WA Mota,2009,Middle,24,42,7.0,3.43
WD Parnell,2011,Death,61,50,8.333333333333334,7.32
WD Parnell,2011,Middle,37,42,7.0,5.29
WD Parnell,2011,Powerplay,94,84,14.0,6.71
WD Parnell,2012,Death,43,48,8.0,5.38
WD Parnell,2012,Middle,33,24,4.0,8.25
WD Parnell,2012,Powerplay,47,54,9.0,5.22
WD Parnell,2013,Death,59,29,4.833333333333333,12.21
WD Parnell,2013,Middle,21,18,3.0,7.0
WD Parnell,2013,Powerplay,41,42,7.0,5.86
WD Parnell,2014,Death,43,37,6.166666666666667,6.97
WD Parnell,2014,Middle,64,54,9.0,7.11
WD Parnell,2014,Powerplay,106,90,15.0,7.07
WD Parnell,2023,Death,44,25,4.166666666666667,10.56
WD Parnell,2023,Middle,47,24,4.0,11.75
WD Parnell,2023,Powerplay,139,102,17.0,8.18
WG Jacks,2024,Middle,64,30,5.0,12.8
WG Jacks,2024,Powerplay,34,24,4.0,8.5
WG Jacks,2025,Middle,86,72,12.0,7.17
WG Jacks,2025,Powerplay,25,12,2.0,12.5
WG Jacks,2026,Death,7,5,0.8333333333333334,8.4
WG Jacks,2026,Middle,33,24,4.0,8.25
WG Jacks,2026,Powerplay,49,24,4.0,12.25
WPUJC Vaas,2008,Death,42,18,3.0,14.0
WPUJC Vaas,2008,Middle,5,6,1.0,5.0
WPUJC Vaas,2008,Powerplay,97,78,13.0,7.46
WPUJC Vaas,2009,Death,23,12,2.0,11.5
WPUJC Vaas,2009,Middle,7,6,1.0,7.0
WPUJC Vaas,2009,Powerplay,31,30,5.0,6.2
WPUJC Vaas,2010,Death,24,18,3.0,8.0
WPUJC Vaas,2010,Middle,41,24,4.0,10.25
WPUJC Vaas,2010,Powerplay,73,90,15.0,4.87
Washington Sundar,2017,Middle,67,72,12.0,5.58
Washington Sundar,2017,Powerplay,116,108,18.0,6.44
Washington Sundar,2018,Middle,115,84,14.0,8.21
Washington Sundar,2018,Powerplay,71,36,6.0,11.83
Washington Sundar,2019,Middle,65,48,8.0,8.12
Washington Sundar,2019,Powerplay,9,6,1.0,9.0
Washington Sundar,2020,Death,18,12,2.0,9.0
Washington Sundar,2020,Middle,152,162,27.0,5.63
Washington Sundar,2020,Powerplay,126,126,21.0,6.0
Washington Sundar,2021,Middle,91,78,13.0,7.0
Washington Sundar,2021,Powerplay,24,18,3.0,8.0
Washington Sundar,2022,Death,37,12,2.0,18.5
Washington Sundar,2022,Middle,138,108,18.0,7.67
Washington Sundar,2022,Powerplay,60,48,8.0,7.5
Washington Sundar,2023,Death,6,4,0.6666666666666666,9.0
Washington Sundar,2023,Middle,84,78,13.0,6.46
Washington Sundar,2023,Powerplay,56,24,4.0,14.0
Washington Sundar,2024,Middle,27,18,3.0,9.0
Washington Sundar,2024,Powerplay,46,12,2.0,23.0
Washington Sundar,2025,Death,8,12,2.0,4.0
Washington Sundar,2025,Middle,80,47,7.833333333333333,10.21
Washington Sundar,2025,Powerplay,21,6,1.0,21.0
Washington Sundar,2026,Death,21,7,1.1666666666666667,18.0
Washington Sundar,2026,Middle,63,48,8.0,7.88
XC Bartlett,2025,Middle,24,12,2.0,12.0
XC Bartlett,2025,Powerplay,72,48,8.0,9.0
XC Bartlett,2026,Death,86,47,7.833333333333333,10.98
XC Bartlett,2026,Middle,116,66,11.0,10.55
XC Bartlett,2026,Powerplay,174,88,14.666666666666666,11.86
Y Gnaneswara Rao,2011,Middle,7,6,1.0,7.0
Y Nagar,2009,Middle,19,12,2.0,9.5
Y Nagar,2010,Middle,18,12,2.0,9.0
Y Nagar,2010,Powerplay,10,6,1.0,10.0
Y Nagar,2011,Middle,60,30,5.0,12.0
Y Nagar,2012,Middle,8,6,1.0,8.0
Y Prithvi Raj,2019,Middle,22,18,3.0,7.33
Y Prithvi Raj,2019,Powerplay,32,12,2.0,16.0
Y Venugopal Rao,2008,Middle,110,72,12.0,9.17
Y Venugopal Rao,2008,Powerplay,21,12,2.0,10.5
Y Venugopal Rao,2009,Death,42,18,3.0,14.0
Y Venugopal Rao,2009,Middle,68,60,10.0,6.8
Y Venugopal Rao,2009,Powerplay,10,12,2.0,5.0
Y Venugopal Rao,2010,Middle,10,6,1.0,10.0
Y Venugopal Rao,2011,Middle,12,6,1.0,12.0
Y Venugopal Rao,2011,Powerplay,14,6,1.0,14.0
Y Venugopal Rao,2012,Middle,13,6,1.0,13.0
Y Venugopal Rao,2012,Powerplay,13,6,1.0,13.0
Y Venugopal Rao,2014,Middle,7,6,1.0,7.0
Y Venugopal Rao,2014,Powerplay,9,6,1.0,9.0
YA Abdulla,2009,Death,69,42,7.0,9.86
YA Abdulla,2009,Middle,69,48,8.0,8.62
YA Abdulla,2009,Powerplay,87,78,13.0,6.69
YA Abdulla,2010,Death,23,11,1.8333333333333335,12.55
YA Abdulla,2010,Middle,31,24,4.0,7.75
YA Abdulla,2010,Powerplay,11,6,1.0,11.0
YBK Jaiswal,2022,Death,6,1,0.16666666666666666,36.0
YK Pathan,2008,Death,18,6,1.0,18.0
YK Pathan,2008,Middle,183,133,22.166666666666668,8.26
YK Pathan,2008,Powerplay,28,30,5.0,5.6
YK Pathan,2009,Death,22,12,2.0,11.0
YK Pathan,2009,Middle,120,102,17.0,7.06
YK Pathan,2009,Powerplay,90,96,16.0,5.62
YK Pathan,2010,Death,4,6,1.0,4.0
YK Pathan,2010,Middle,139,114,19.0,7.32
YK Pathan,2010,Powerplay,93,84,14.0,6.64
YK Pathan,2011,Middle,176,180,30.0,5.87
YK Pathan,2011,Powerplay,53,54,9.0,5.89
YK Pathan,2012,Middle,123,96,16.0,7.69
YK Pathan,2012,Powerplay,50,36,6.0,8.33
YK Pathan,2013,Death,17,6,1.0,17.0
YK Pathan,2013,Middle,28,24,4.0,7.0
YK Pathan,2013,Powerplay,27,24,4.0,6.75
YK Pathan,2014,Middle,10,6,1.0,10.0
YK Pathan,2015,Middle,97,60,10.0,9.7
YK Pathan,2016,Middle,10,12,2.0,5.0
YK Pathan,2016,Powerplay,21,24,4.0,5.25
YK Pathan,2017,Middle,24,18,3.0,8.0
YK Pathan,2017,Powerplay,17,6,1.0,17.0
YK Pathan,2018,Middle,14,12,2.0,7.0
YK Pathan,2019,Middle,8,6,1.0,8.0
YS Chahal,2013,Middle,34,24,4.0,8.5
YS Chahal,2014,Middle,370,324,54.0,6.85
YS Chahal,2014,Powerplay,10,6,1.0,10.0
YS Chahal,2015,Death,51,30,5.0,10.2
YS Chahal,2015,Middle,283,209,34.833333333333336,8.12
YS Chahal,2015,Powerplay,79,42,7.0,11.29
YS Chahal,2016,Death,51,31,5.166666666666667,9.87
YS Chahal,2016,Middle,276,216,36.0,7.67
YS Chahal,2016,Powerplay,53,48,8.0,6.62
YS Chahal,2017,Death,10,6,1.0,10.0
YS Chahal,2017,Middle,199,183,30.5,6.52
YS Chahal,2017,Powerplay,111,72,12.0,9.25
YS Chahal,2018,Death,34,18,3.0,11.33
YS Chahal,2018,Middle,237,204,34.0,6.97
YS Chahal,2018,Powerplay,75,78,13.0,5.77
YS Chahal,2019,Death,23,12,2.0,11.5
YS Chahal,2019,Middle,267,210,35.0,7.63
YS Chahal,2019,Powerplay,84,74,12.333333333333334,6.81
YS Chahal,2020,Death,58,36,6.0,9.67
YS Chahal,2020,Middle,290,283,47.166666666666664,6.15
YS Chahal,2020,Powerplay,41,24,4.0,10.25
YS Chahal,2021,Death,23,18,3.0,7.67
YS Chahal,2021,Middle,304,270,45.0,6.76
YS Chahal,2021,Powerplay,42,30,5.0,8.4
YS Chahal,2022,Death,116,78,13.0,8.92
YS Chahal,2022,Middle,380,318,53.0,7.17
YS Chahal,2022,Powerplay,10,12,2.0,5.0
YS Chahal,2023,Death,91,72,12.0,7.58
YS Chahal,2023,Middle,320,233,38.833333333333336,8.24
YS Chahal,2023,Powerplay,12,12,2.0,6.0
YS Chahal,2024,Death,68,36,6.0,11.33
YS Chahal,2024,Middle,463,312,52.0,8.9
YS Chahal,2025,Death,51,30,5.0,10.2
YS Chahal,2025,Middle,364,234,39.0,9.33
YS Chahal,2025,Powerplay,4,6,1.0,4.0
YS Chahal,2026,Death,26,12,2.0,13.0
YS Chahal,2026,Middle,338,234,39.0,8.67
Yash Dayal,2022,Death,72,54,9.0,8.0
Yash Dayal,2022,Middle,71,48,8.0,8.88
Yash Dayal,2022,Powerplay,138,90,15.0,9.2
Yash Dayal,2023,Death,53,18,3.0,17.67
Yash Dayal,2023,Middle,70,42,7.0,10.0
Yash Dayal,2023,Powerplay,38,24,4.0,9.5
Yash Dayal,2024,Death,118,74,12.333333333333334,9.57
Yash Dayal,2024,Middle,55,48,8.0,6.88
Yash Dayal,2024,Powerplay,260,180,30.0,8.67
Yash Dayal,2025,Death,107,59,9.833333333333334,10.88
Yash Dayal,2025,Middle,110,91,15.166666666666666,7.25
Yash Dayal,2025,Powerplay,228,144,24.0,9.5
Yash Raj Punja,2026,Death,5,6,1.0,5.0
Yash Raj Punja,2026,Middle,256,168,28.0,9.14
Yash Raj Punja,2026,Powerplay,12,6,1.0,12.0
Yash Thakur,2023,Death,126,83,13.833333333333334,9.11
Yash Thakur,2023,Middle,92,72,12.0,7.67
Yash Thakur,2023,Powerplay,53,36,6.0,8.83
Yash Thakur,2024,Death,125,65,10.833333333333334,11.54
Yash Thakur,2024,Middle,179,94,15.666666666666666,11.43
Yash Thakur,2024,Powerplay,86,54,9.0,9.56
Yash Thakur,2025,Death,16,9,1.5,10.67
Yash Thakur,2025,Middle,21,12,2.0,10.5
Yash Thakur,2025,Powerplay,38,18,3.0,12.67
Yash Thakur,2026,Death,17,6,1.0,17.0
Yash Thakur,2026,Middle,6,6,1.0,6.0
Yash Thakur,2026,Powerplay,22,12,2.0,11.0
Yudhvir Singh,2023,Middle,11,6,1.0,11.0
Yudhvir Singh,2023,Powerplay,53,42,7.0,7.57
Yudhvir Singh,2024,Death,29,12,2.0,14.5
Yudhvir Singh,2024,Middle,7,6,1.0,7.0
Yudhvir Singh,2024,Powerplay,16,6,1.0,16.0
Yudhvir Singh,2025,Middle,59,30,5.0,11.8
Yudhvir Singh,2025,Powerplay,67,37,6.166666666666667,10.86
Yuvraj Singh,2008,Death,3,6,1.0,3.0
Yuvraj Singh,2008,Middle,78,48,8.0,9.75
Yuvraj Singh,2009,Middle,141,120,20.0,7.05
Yuvraj Singh,2010,Death,23,18,3.0,7.67
Yuvraj Singh,2010,Middle,128,120,20.0,6.4
Yuvraj Singh,2011,Death,39,24,4.0,9.75
Yuvraj Singh,2011,Middle,152,150,25.0,6.08
Yuvraj Singh,2013,Middle,151,132,22.0,6.86
Yuvraj Singh,2014,Death,12,12,2.0,6.0
Yuvraj Singh,2014,Middle,171,124,20.666666666666668,8.27
Yuvraj Singh,2015,Death,12,6,1.0,12.0
Yuvraj Singh,2015,Middle,59,48,8.0,7.38
Yuvraj Singh,2016,Death,6,1,0.16666666666666666,36.0
Yuvraj Singh,2016,Middle,45,36,6.0,7.5
Yuvraj Singh,2017,Middle,22,12,2.0,11.0
Yuvraj Singh,2018,Middle,22,12,2.0,11.0
Z Khan,2008,Death,91,60,10.0,9.1
Z Khan,2008,Middle,55,36,6.0,9.17
Z Khan,2008,Powerplay,201,156,26.0,7.73
Z Khan,2009,Death,31,24,4.0,7.75
Z Khan,2009,Middle,36,36,6.0,6.0
Z Khan,2009,Powerplay,68,66,11.0,6.18
Z Khan,2010,Death,102,74,12.333333333333334,8.27
Z Khan,2010,Middle,91,72,12.0,7.58
Z Khan,2010,Powerplay,178,144,24.0,7.42
Z Khan,2011,Death,159,114,19.0,8.37
Z Khan,2011,Middle,69,42,7.0,9.86
Z Khan,2011,Powerplay,204,198,33.0,6.18
Z Khan,2012,Death,165,120,20.0,8.25
Z Khan,2012,Middle,48,30,5.0,9.6
Z Khan,2012,Powerplay,229,210,35.0,6.54
Z Khan,2013,Middle,26,12,2.0,13.0
Z Khan,2013,Powerplay,19,24,4.0,4.75
Z Khan,2014,Death,40,32,5.333333333333333,7.5
Z Khan,2014,Middle,24,18,3.0,8.0
Z Khan,2014,Powerplay,78,84,14.0,5.57
Z Khan,2015,Death,58,36,6.0,9.67
Z Khan,2015,Middle,7,6,1.0,7.0
Z Khan,2015,Powerplay,80,103,17.166666666666668,4.66
Z Khan,2016,Death,73,51,8.5,8.59
Z Khan,2016,Middle,67,43,7.166666666666667,9.35
Z Khan,2016,Powerplay,184,168,28.0,6.57
Z Khan,2017,Death,50,24,4.0,12.5
Z Khan,2017,Middle,111,78,13.0,8.54
Z Khan,2017,Powerplay,147,139,23.166666666666668,6.35
Zeeshan Ansari,2025,Death,19,7,1.1666666666666667,16.29
Zeeshan Ansari,2025,Middle,308,196,32.666666666666664,9.43
A Ashish Reddy,Career,Death,116,71,11.833333333333334,9.8
A Ashish Reddy,Career,Middle,248,185,30.833333333333332,8.04
A Ashish Reddy,Career,Powerplay,20,6,1.0,20.0
A Badoni,Career,Death,13,10,1.6666666666666665,7.8
A Badoni,Career,Middle,50,30,5.0,10.0
A Badoni,Career,Powerplay,0,1,0.16666666666666666,0.0
A Chandila,Career,Death,6,6,1.0,6.0
A Chandila,Career,Middle,99,84,14.0,7.07
A Chandila,Career,Powerplay,137,144,24.0,5.71
A Choudhary,Career,Death,37,24,4.0,9.25
A Choudhary,Career,Middle,55,41,6.833333333333333,8.05
A Choudhary,Career,Powerplay,45,36,6.0,7.5
A Dananjaya,Career,Middle,34,18,3.0,11.33
A Dananjaya,Career,Powerplay,12,6,1.0,12.0
A Flintoff,Career,Death,52,18,3.0,17.33
A Flintoff,Career,Middle,32,36,6.0,5.33
A Flintoff,Career,Powerplay,21,12,2.0,10.5
A Kamboj,Career,Death,216,125,20.833333333333332,10.37
A Kamboj,Career,Middle,137,84,14.0,9.79
A Kamboj,Career,Powerplay,433,282,47.0,9.21
A Kumble,Career,Death,136,106,17.666666666666668,7.7
A Kumble,Career,Middle,800,751,125.16666666666667,6.39
A Kumble,Career,Powerplay,83,108,18.0,4.61
A Mishra,Career,Death,446,287,47.833333333333336,9.32
A Mishra,Career,Middle,3435,2946,491.0,7.0
A Mishra,Career,Powerplay,162,138,23.0,7.04
A Mithun,Career,Death,147,78,13.0,11.31
A Mithun,Career,Middle,196,144,24.0,8.17
A Mithun,Career,Powerplay,92,66,11.0,8.36
A Nehra,Career,Death,593,419,69.83333333333333,8.49
A Nehra,Career,Middle,495,396,66.0,7.5
A Nehra,Career,Powerplay,1317,1093,182.16666666666666,7.23
A Nel,Career,Death,8,6,1.0,8.0
A Nel,Career,Middle,11,6,1.0,11.0
A Nel,Career,Powerplay,12,6,1.0,12.0
A Nortje,Career,Death,578,348,58.0,9.97
A Nortje,Career,Middle,453,328,54.666666666666664,8.29
A Nortje,Career,Powerplay,580,444,74.0,7.84
A Singh,Career,Death,252,149,24.833333333333332,10.15
A Singh,Career,Middle,72,60,10.0,7.2
A Singh,Career,Powerplay,278,264,44.0,6.32
A Symonds,Career,Death,101,53,8.833333333333334,11.43
A Symonds,Career,Middle,454,360,60.0,7.57
A Symonds,Career,Powerplay,101,114,19.0,5.32
A Uniyal,Career,Death,25,18,3.0,8.33
A Uniyal,Career,Middle,18,6,1.0,18.0
A Uniyal,Career,Powerplay,21,12,2.0,10.5
A Zampa,Career,Death,137,60,10.0,13.7
A Zampa,Career,Middle,460,365,60.833333333333336,7.56
A Zampa,Career,Powerplay,42,42,7.0,6.0
AA Chavan,Career,Death,22,8,1.3333333333333333,16.5
AA Chavan,Career,Middle,146,96,16.0,9.12
AA Chavan,Career,Powerplay,150,144,24.0,6.25
AA Jhunjhunwala,Career,Death,2,1,0.16666666666666666,12.0
AA Jhunjhunwala,Career,Middle,79,54,9.0,8.78
AA Jhunjhunwala,Career,Powerplay,45,30,5.0,9.0
AA Kazi,Career,Middle,20,12,2.0,10.0
AA Noffke,Career,Death,7,6,1.0,7.0
AA Noffke,Career,Middle,11,12,2.0,5.5
AA Noffke,Career,Powerplay,17,6,1.0,17.0
AB Agarkar,Career,Death,254,158,26.333333333333332,9.65
AB Agarkar,Career,Middle,582,444,74.0,7.86
AB Agarkar,Career,Powerplay,270,180,30.0,9.0
AB Dinda,Career,Death,708,394,65.66666666666667,10.78
AB Dinda,Career,Middle,326,312,52.0,6.27
AB Dinda,Career,Powerplay,927,810,135.0,6.87
AB McDonald,Career,Death,51,30,5.0,10.2
AB McDonald,Career,Middle,145,114,19.0,7.63
AB McDonald,Career,Powerplay,63,42,7.0,9.0
AC Gilchrist,Career,Death,0,1,0.16666666666666666,0.0
AC Thomas,Career,Death,160,99,16.5,9.7
AC Thomas,Career,Middle,47,36,6.0,7.83
AC Thomas,Career,Powerplay,185,180,30.0,6.17
AC Voges,Career,Death,5,6,1.0,5.0
AC Voges,Career,Middle,44,36,6.0,7.33
AC Voges,Career,Powerplay,25,12,2.0,12.5
AD Mascarenhas,Career,Death,23,14,2.3333333333333335,9.86
AD Mascarenhas,Career,Middle,126,126,21.0,6.0
AD Mascarenhas,Career,Powerplay,204,168,28.0,7.29
AD Mathews,Career,Death,184,125,20.833333333333332,8.83
AD Mathews,Career,Middle,690,540,90.0,7.67
AD Mathews,Career,Powerplay,180,126,21.0,8.57
AD Russell,Career,Death,888,496,82.66666666666667,10.74
AD Russell,Career,Middle,1332,903,150.5,8.85
AD Russell,Career,Powerplay,536,407,67.83333333333333,7.9
AF Milne,Career,Death,91,53,8.833333333333334,10.3
AF Milne,Career,Middle,95,66,11.0,8.64
AF Milne,Career,Powerplay,166,108,18.0,9.22
AG Murtaza,Career,Death,26,12,2.0,13.0
AG Murtaza,Career,Middle,227,174,29.0,7.83
AG Murtaza,Career,Powerplay,51,78,13.0,3.92
AJ Finch,Career,Death,1,1,0.16666666666666666,6.0
AJ Finch,Career,Middle,62,36,6.0,10.33
AJ Finch,Career,Powerplay,3,6,1.0,3.0
AJ Hosein,Career,Death,8,4,0.6666666666666666,12.0
AJ Hosein,Career,Middle,106,84,14.0,7.57
AJ Hosein,Career,Powerplay,120,84,14.0,8.57
AJ Tye,Career,Death,349,223,37.166666666666664,9.39
AJ Tye,Career,Middle,353,270,45.0,7.84
AJ Tye,Career,Powerplay,246,192,32.0,7.69
AK Markram,Career,Death,28,13,2.1666666666666665,12.92
AK Markram,Career,Middle,265,168,28.0,9.46
AK Markram,Career,Powerplay,57,42,7.0,8.14
AL Menaria,Career,Death,24,12,2.0,12.0
AL Menaria,Career,Middle,64,50,8.333333333333334,7.68
AL Menaria,Career,Powerplay,52,48,8.0,6.5
AM Ghazanfar,Career,Death,26,12,2.0,13.0
AM Ghazanfar,Career,Middle,250,161,26.833333333333332,9.32
AM Ghazanfar,Career,Powerplay,107,60,10.0,10.7
AM Nayar,Career,Death,9,6,1.0,9.0
AM Nayar,Career,Middle,292,217,36.166666666666664,8.07
AM Nayar,Career,Powerplay,10,6,1.0,10.0
AM Rahane,Career,Middle,5,6,1.0,5.0
AM Salvi,Career,Death,45,30,5.0,9.0
AM Salvi,Career,Middle,69,54,9.0,7.67
AM Salvi,Career,Powerplay,76,66,11.0,6.91
AN Ahmed,Career,Death,126,78,13.0,9.69
AN Ahmed,Career,Middle,162,128,21.333333333333332,7.59
AN Ahmed,Career,Powerplay,163,138,23.0,7.09
AP Dole,Career,Death,12,6,1.0,12.0
AP Dole,Career,Middle,36,30,5.0,7.2
AP Dole,Career,Powerplay,57,30,5.0,11.4
AR Patel,Career,Death,299,214,35.666666666666664,8.38
AR Patel,Career,Middle,3176,2675,445.8333333333333,7.12
AR Patel,Career,Powerplay,894,696,116.0,7.71
AS Joseph,Career,Death,150,92,15.333333333333334,9.78
AS Joseph,Career,Middle,343,234,39.0,8.79
AS Joseph,Career,Powerplay,175,108,18.0,9.72
AS Rajpoot,Career,Death,165,90,15.0,11.0
AS Rajpoot,Career,Middle,212,169,28.166666666666668,7.53
AS Rajpoot,Career,Powerplay,384,271,45.166666666666664,8.5
AS Raut,Career,Middle,44,30,5.0,8.8
AS Roy,Career,Death,32,17,2.8333333333333335,11.29
AS Roy,Career,Middle,238,192,32.0,7.44
AS Roy,Career,Powerplay,180,114,19.0,9.47
AU Rashid,Career,Middle,91,60,10.0,9.1
AUK Pathan,Career,Death,14,9,1.5,9.33
AUK Pathan,Career,Middle,43,30,5.0,8.6
Abdul Samad,Career,Death,27,9,1.5,18.0
Abdul Samad,Career,Middle,93,48,8.0,11.62
Abdur Razzak,Career,Middle,19,12,2.0,9.5
Abhinandan Singh,Career,Death,3,4,0.6666666666666666,4.5
Abhinandan Singh,Career,Middle,48,30,5.0,9.6
Abhinandan Singh,Career,Powerplay,69,24,4.0,17.25
Abhishek Sharma,Career,Death,18,11,1.8333333333333335,9.82
Abhishek Sharma,Career,Middle,395,270,45.0,8.78
Abhishek Sharma,Career,Powerplay,126,84,14.0,9.0
Akash Deep,Career,Death,71,29,4.833333333333333,14.69
Akash Deep,Career,Middle,247,129,21.5,11.49
Akash Deep,Career,Powerplay,195,120,20.0,9.75
Akash Madhwal,Career,Death,157,106,17.666666666666668,8.89
Akash Madhwal,Career,Middle,281,168,28.0,10.04
Akash Madhwal,Career,Powerplay,104,78,13.0,8.0
Akash Singh,Career,Death,10,6,1.0,10.0
Akash Singh,Career,Middle,130,72,12.0,10.83
Akash Singh,Career,Powerplay,253,169,28.166666666666668,8.98
Aman Hakim Khan,Career,Middle,13,6,1.0,13.0
Anand Rajan,Career,Death,65,29,4.833333333333333,13.45
Anand Rajan,Career,Middle,80,78,13.0,6.15
Anand Rajan,Career,Powerplay,43,42,7.0,6.14
Ankit Sharma,Career,Death,20,7,1.1666666666666667,17.14
Ankit Sharma,Career,Middle,266,216,36.0,7.39
Ankit Sharma,Career,Powerplay,150,144,24.0,6.25
Ankit Soni,Career,Death,4,1,0.16666666666666666,24.0
Ankit Soni,Career,Middle,134,102,17.0,7.88
Ankit Soni,Career,Powerplay,3,6,1.0,3.0
Anureet Singh,Career,Death,196,112,18.666666666666668,10.5
Anureet Singh,Career,Middle,210,138,23.0,9.13
Anureet Singh,Career,Powerplay,187,162,27.0,6.93
Arjun Tendulkar,Career,Death,8,11,1.8333333333333335,4.36
Arjun Tendulkar,Career,Middle,79,32,5.333333333333333,14.81
Arjun Tendulkar,Career,Powerplay,49,54,9.0,5.44
Arshad Khan,Career,Death,149,70,11.666666666666666,12.77
Arshad Khan,Career,Middle,179,108,18.0,9.94
Arshad Khan,Career,Powerplay,301,186,31.0,9.71
Arshad Khan (2),Career,Middle,22,12,2.0,11.0
Arshdeep Singh,Career,Death,909,574,95.66666666666667,9.5
Arshdeep Singh,Career,Middle,667,462,77.0,8.66
Arshdeep Singh,Career,Powerplay,1377,996,166.0,8.3
Ashok Sharma,Career,Death,66,36,6.0,11.0
Ashok Sharma,Career,Middle,92,66,11.0,8.36
Ashok Sharma,Career,Powerplay,59,24,4.0,14.75
Ashwani Kumar,Career,Death,53,27,4.5,11.78
Ashwani Kumar,Career,Middle,202,120,20.0,10.1
Ashwani Kumar,Career,Powerplay,66,36,6.0,11.0
Atharva Taide,Career,Death,4,1,0.16666666666666666,24.0
Auqib Nabi,Career,Middle,10,6,1.0,10.0
Auqib Nabi,Career,Powerplay,123,72,12.0,10.25
Avesh Khan,Career,Death,899,568,94.66666666666667,9.5
Avesh Khan,Career,Middle,794,594,99.0,8.02
Avesh Khan,Career,Powerplay,944,605,100.83333333333333,9.36
Azhar Mahmood,Career,Death,269,171,28.5,9.44
Azhar Mahmood,Career,Middle,250,222,37.0,6.76
Azhar Mahmood,Career,Powerplay,154,144,24.0,6.42
Azmatullah Omarzai,Career,Death,94,54,9.0,10.44
Azmatullah Omarzai,Career,Middle,153,108,18.0,8.5
Azmatullah Omarzai,Career,Powerplay,304,192,32.0,9.5
B Akhil,Career,Death,42,20,3.3333333333333335,12.6
B Akhil,Career,Middle,181,162,27.0,6.7
B Akhil,Career,Powerplay,12,6,1.0,12.0
B Chipli,Career,Middle,20,6,1.0,20.0
B Geeves,Career,Middle,41,24,4.0,10.25
B Geeves,Career,Powerplay,49,24,4.0,12.25
B Kumar,Career,Death,2064,1365,227.5,9.07
B Kumar,Career,Middle,961,692,115.33333333333333,8.33
B Kumar,Career,Powerplay,2665,2543,423.8333333333333,6.29
B Laughlin,Career,Death,123,59,9.833333333333334,12.51
B Laughlin,Career,Middle,89,73,12.166666666666666,7.32
B Laughlin,Career,Powerplay,58,36,6.0,9.67
B Lee,Career,Death,369,267,44.5,8.29
B Lee,Career,Middle,128,122,20.333333333333332,6.3
B Lee,Career,Powerplay,532,486,81.0,6.57
B Muzarabani,Career,Death,14,6,1.0,14.0
B Muzarabani,Career,Middle,19,18,3.0,6.33
B Muzarabani,Career,Powerplay,40,18,3.0,13.33
B Stanlake,Career,Death,11,6,1.0,11.0
B Stanlake,Career,Middle,77,54,9.0,8.56
B Stanlake,Career,Powerplay,106,84,14.0,7.57
BA Bhatt,Career,Death,64,45,7.5,8.53
BA Bhatt,Career,Middle,209,155,25.833333333333332,8.09
BA Bhatt,Career,Powerplay,115,96,16.0,7.19
BA Stokes,Career,Death,263,162,27.0,9.74
BA Stokes,Career,Middle,411,341,56.833333333333336,7.23
BA Stokes,Career,Powerplay,279,186,31.0,9.0
BAW Mendis,Career,Death,54,36,6.0,9.0
BAW Mendis,Career,Middle,175,150,25.0,7.0
BAW Mendis,Career,Powerplay,66,58,9.666666666666666,6.83
BB Sran,Career,Death,101,69,11.5,8.78
BB Sran,Career,Middle,283,186,31.0,9.13
BB Sran,Career,Powerplay,330,228,38.0,8.68
BCJ Cutting,Career,Death,120,58,9.666666666666666,12.41
BCJ Cutting,Career,Middle,236,181,30.166666666666668,7.82
BCJ Cutting,Career,Powerplay,66,42,7.0,9.43
BE Hendricks,Career,Death,64,42,7.0,9.14
BE Hendricks,Career,Middle,59,48,8.0,7.38
BE Hendricks,Career,Powerplay,100,60,10.0,10.0
BJ Dwarshuis,Career,Death,17,6,1.0,17.0
BJ Dwarshuis,Career,Middle,29,18,3.0,9.67
BJ Hodge,Career,Death,11,6,1.0,11.0
BJ Hodge,Career,Middle,233,192,32.0,7.28
BJ Hodge,Career,Powerplay,50,36,6.0,8.33
BJ Rohrer,Career,Middle,11,6,1.0,11.0
BMAJ Mendis,Career,Middle,36,30,5.0,7.2
BW Hilfenhaus,Career,Death,150,84,14.0,10.71
BW Hilfenhaus,Career,Middle,77,48,8.0,9.62
BW Hilfenhaus,Career,Powerplay,231,240,40.0,5.78
Basil Thampi,Career,Death,291,155,25.833333333333332,11.26
Basil Thampi,Career,Middle,289,204,34.0,8.5
Basil Thampi,Career,Powerplay,248,162,27.0,9.19
Bipul Sharma,Career,Death,49,16,2.6666666666666665,18.38
Bipul Sharma,Career,Middle,433,336,56.0,7.73
Bipul Sharma,Career,Powerplay,75,74,12.333333333333334,6.08
Brijesh Sharma,Career,Death,132,81,13.5,9.78
Brijesh Sharma,Career,Middle,164,120,20.0,8.2
Brijesh Sharma,Career,Powerplay,123,72,12.0,10.25
C Bosch,Career,Death,67,43,7.166666666666667,9.35
C Bosch,Career,Middle,144,102,17.0,8.47
C Bosch,Career,Powerplay,30,18,3.0,10.0
C Ganapathy,Career,Middle,13,6,1.0,13.0
C Green,Career,Death,122,61,10.166666666666666,12.0
C Green,Career,Middle,498,354,59.0,8.44
C Green,Career,Powerplay,238,156,26.0,9.15
C Munro,Career,Middle,15,12,2.0,7.5
C Nanda,Career,Middle,55,48,8.0,6.88
C Sakariya,Career,Death,173,102,17.0,10.18
C Sakariya,Career,Middle,204,144,24.0,8.5
C Sakariya,Career,Powerplay,215,198,33.0,6.52
C de Grandhomme,Career,Death,12,8,1.3333333333333333,9.0
C de Grandhomme,Career,Middle,272,196,32.666666666666664,8.33
C de Grandhomme,Career,Powerplay,11,12,2.0,5.5
CH Gayle,Career,Death,157,110,18.333333333333332,8.56
CH Gayle,Career,Middle,376,324,54.0,6.96
CH Gayle,Career,Powerplay,145,120,20.0,7.25
CH Morris,Career,Death,806,586,97.66666666666667,8.25
CH Morris,Career,Middle,587,456,76.0,7.72
CH Morris,Career,Powerplay,817,684,114.0,7.17
CJ Anderson,Career,Death,146,64,10.666666666666666,13.69
CJ Anderson,Career,Middle,235,162,27.0,8.7
CJ Anderson,Career,Powerplay,116,71,11.833333333333334,9.8
CJ Dala,Career,Middle,17,12,2.0,8.5
CJ Dala,Career,Powerplay,16,6,1.0,16.0
CJ Green,Career,Death,8,5,0.8333333333333334,9.6
CJ Green,Career,Powerplay,16,12,2.0,8.0
CJ Jordan,Career,Death,470,248,41.333333333333336,11.37
CJ Jordan,Career,Middle,331,276,46.0,7.2
CJ Jordan,Career,Powerplay,225,150,25.0,9.0
CJ McKay,Career,Death,20,12,2.0,10.0
CJ McKay,Career,Middle,14,18,3.0,4.67
CJ McKay,Career,Powerplay,26,12,2.0,13.0
CK Kapugedera,Career,Death,15,6,1.0,15.0
CK Kapugedera,Career,Middle,34,11,1.8333333333333335,18.55
CK Langeveldt,Career,Death,54,42,7.0,7.71
CK Langeveldt,Career,Middle,34,30,5.0,6.8
CK Langeveldt,Career,Powerplay,90,84,14.0,6.43
CL White,Career,Middle,81,42,7.0,11.57
CR Brathwaite,Career,Death,75,44,7.333333333333333,10.23
CR Brathwaite,Career,Middle,256,186,31.0,8.26
CR Brathwaite,Career,Powerplay,30,24,4.0,7.5
CR Woakes,Career,Death,266,152,25.333333333333332,10.5
CR Woakes,Career,Middle,133,126,21.0,6.33
CR Woakes,Career,Powerplay,235,162,27.0,8.7
CRD Fernando,Career,Death,108,72,12.0,9.0
CRD Fernando,Career,Middle,85,84,14.0,6.07
CRD Fernando,Career,Powerplay,83,78,13.0,6.38
CV Varun,Career,Death,356,220,36.666666666666664,9.71
CV Varun,Career,Middle,1837,1532,255.33333333333334,7.19
CV Varun,Career,Powerplay,491,384,64.0,7.67
D Brevis,Career,Death,8,3,0.5,16.0
D Ferreira,Career,Death,16,6,1.0,16.0
D Ferreira,Career,Middle,25,12,2.0,12.5
D Jansen,Career,Death,21,12,2.0,10.5
D Jansen,Career,Middle,13,6,1.0,13.0
D Jansen,Career,Powerplay,15,6,1.0,15.0
D Kalyankrishna,Career,Middle,85,48,8.0,10.62
D Madushanka,Career,Middle,17,12,2.0,8.5
D Madushanka,Career,Powerplay,15,12,2.0,7.5
D Pretorius,Career,Death,130,66,11.0,11.82
D Pretorius,Career,Middle,92,84,14.0,6.57
D Salunkhe,Career,Middle,69,47,7.833333333333333,8.81
D Wiese,Career,Death,75,50,8.333333333333334,9.0
D Wiese,Career,Middle,271,174,29.0,9.34
D Wiese,Career,Powerplay,81,72,12.0,6.75
D du Preez,Career,Death,13,6,1.0,13.0
D du Preez,Career,Middle,28,18,3.0,9.33
D du Preez,Career,Powerplay,12,18,3.0,4.0
DA Payne,Career,Middle,26,18,3.0,8.67
DA Payne,Career,Powerplay,43,12,2.0,21.5
DA Warner,Career,Middle,1,1,0.16666666666666666,6.0
DAJ Bracewell,Career,Death,10,6,1.0,10.0
DAJ Bracewell,Career,Middle,14,12,2.0,7.0
DAJ Bracewell,Career,Powerplay,7,6,1.0,7.0
DB Ravi Teja,Career,Middle,28,18,3.0,9.33
DE Bollinger,Career,Death,256,210,35.0,7.31
DE Bollinger,Career,Middle,40,42,7.0,5.71
DE Bollinger,Career,Powerplay,365,324,54.0,6.76
DG Nalkande,Career,Death,23,12,2.0,11.5
DG Nalkande,Career,Middle,99,60,10.0,9.9
DG Nalkande,Career,Powerplay,21,12,2.0,10.5
DJ Bravo,Career,Death,1727,1115,185.83333333333334,9.29
DJ Bravo,Career,Middle,2149,1777,296.1666666666667,7.26
DJ Bravo,Career,Powerplay,284,228,38.0,7.47
DJ Harris,Career,Death,10,6,1.0,10.0
DJ Harris,Career,Middle,16,12,2.0,8.0
DJ Hooda,Career,Death,26,13,2.1666666666666665,12.0
DJ Hooda,Career,Middle,412,294,49.0,8.41
DJ Hooda,Career,Powerplay,94,72,12.0,7.83
DJ Hussey,Career,Death,90,35,5.833333333333333,15.43
DJ Hussey,Career,Middle,321,246,41.0,7.83
DJ Hussey,Career,Powerplay,56,36,6.0,9.33
DJ Mitchell,Career,Middle,94,48,8.0,11.75
DJ Muthuswami,Career,Death,1,6,1.0,1.0
DJ Muthuswami,Career,Middle,8,6,1.0,8.0
DJ Muthuswami,Career,Powerplay,92,72,12.0,7.67
DJ Thornely,Career,Middle,38,42,7.0,5.43
DJ Willey,Career,Death,40,24,4.0,10.0
DJ Willey,Career,Middle,76,54,9.0,8.44
DJ Willey,Career,Powerplay,151,138,23.0,6.57
DJG Sammy,Career,Death,46,26,4.333333333333333,10.62
DJG Sammy,Career,Middle,260,186,31.0,8.39
DJG Sammy,Career,Powerplay,33,24,4.0,8.25
DJM Short,Career,Middle,19,18,3.0,6.33
DL Chahar,Career,Death,304,193,32.166666666666664,9.45
DL Chahar,Career,Middle,362,270,45.0,8.04
DL Chahar,Career,Powerplay,2080,1605,267.5,7.78
DL Vettori,Career,Death,139,93,15.5,8.97
DL Vettori,Career,Middle,636,594,99.0,6.42
DL Vettori,Career,Powerplay,96,90,15.0,6.4
DNT Zoysa,Career,Death,28,18,3.0,9.33
DNT Zoysa,Career,Middle,21,12,2.0,10.5
DNT Zoysa,Career,Powerplay,44,36,6.0,7.33
DP Nannes,Career,Death,248,184,30.666666666666668,8.09
DP Nannes,Career,Middle,158,120,20.0,7.9
DP Nannes,Career,Powerplay,326,342,57.0,5.72
DP Vijaykumar,Career,Death,45,26,4.333333333333333,10.38
DP Vijaykumar,Career,Middle,23,24,4.0,5.75
DP Vijaykumar,Career,Powerplay,122,102,17.0,7.18
DR Sams,Career,Death,93,48,8.0,11.62
DR Sams,Career,Middle,197,132,22.0,8.95
DR Sams,Career,Powerplay,197,180,30.0,6.57
DR Smith,Career,Death,84,41,6.833333333333333,12.29
DR Smith,Career,Middle,578,432,72.0,8.03
DR Smith,Career,Powerplay,119,66,11.0,10.82
DS Kulkarni,Career,Death,405,249,41.5,9.76
DS Kulkarni,Career,Middle,713,520,86.66666666666667,8.23
DS Kulkarni,Career,Powerplay,1236,1018,169.66666666666666,7.28
DS Rathi,Career,Death,124,72,12.0,10.33
DS Rathi,Career,Middle,479,336,56.0,8.55
DS Rathi,Career,Powerplay,203,138,23.0,8.83
DT Christian,Career,Death,293,163,27.166666666666668,10.79
DT Christian,Career,Middle,616,540,90.0,6.84
DT Christian,Career,Powerplay,239,180,30.0,7.97
DW Steyn,Career,Death,744,532,88.66666666666667,8.39
DW Steyn,Career,Middle,525,510,85.0,6.18
DW Steyn,Career,Powerplay,1124,1140,190.0,5.92
E Malinga,Career,Death,152,102,17.0,8.94
E Malinga,Career,Middle,337,240,40.0,8.43
E Malinga,Career,Powerplay,226,144,24.0,9.42
F du Plessis,Career,Middle,16,6,1.0,16.0
FA Allen,Career,Middle,104,72,12.0,8.67
FA Allen,Career,Powerplay,31,18,3.0,10.33
FH Edwards,Career,Death,64,44,7.333333333333333,8.73
FH Edwards,Career,Middle,22,18,3.0,7.33
FH Edwards,Career,Powerplay,54,78,13.0,4.15
FY Fazal,Career,Middle,20,12,2.0,10.0
Fazalhaq Farooqi,Career,Death,121,50,8.333333333333334,14.52
Fazalhaq Farooqi,Career,Middle,114,72,12.0,9.5
Fazalhaq Farooqi,Career,Powerplay,190,132,22.0,8.64
G Coetzee,Career,Death,95,60,10.0,9.5
G Coetzee,Career,Middle,242,147,24.5,9.88
G Coetzee,Career,Powerplay,108,66,11.0,9.82
GB Hogg,Career,Death,106,80,13.333333333333334,7.95
GB Hogg,Career,Middle,391,330,55.0,7.11
GB Hogg,Career,Powerplay,51,48,8.0,6.38
GC Viljoen,Career,Death,75,30,5.0,15.0
GC Viljoen,Career,Middle,81,72,12.0,6.75
GC Viljoen,Career,Powerplay,54,36,6.0,9.0
GD McGrath,Career,Death,100,66,11.0,9.09
GD McGrath,Career,Middle,44,36,6.0,7.33
GD McGrath,Career,Powerplay,207,222,37.0,5.59
GD Phillips,Career,Middle,35,24,4.0,8.75
GD Phillips,Career,Powerplay,4,6,1.0,4.0
GF Linde,Career,Middle,55,37,6.166666666666667,8.92
GH Vihari,Career,Middle,13,18,3.0,4.33
GH Vihari,Career,Powerplay,33,24,4.0,8.25
GHS Garton,Career,Death,12,12,2.0,6.0
GHS Garton,Career,Middle,15,18,3.0,5.0
GHS Garton,Career,Powerplay,100,60,10.0,10.0
GJ Maxwell,Career,Death,36,26,4.333333333333333,8.31
GJ Maxwell,Career,Middle,983,738,123.0,7.99
GJ Maxwell,Career,Powerplay,362,258,43.0,8.42
GR Napier,Career,Middle,24,18,3.0,8.0
GR Napier,Career,Powerplay,3,6,1.0,3.0
GS Sandhu,Career,Death,50,24,4.0,12.5
GS Sandhu,Career,Middle,25,18,3.0,8.33
GS Sandhu,Career,Powerplay,7,6,1.0,7.0
Gagandeep Singh,Career,Death,56,18,3.0,18.67
Gagandeep Singh,Career,Middle,78,60,10.0,7.8
Gagandeep Singh,Career,Powerplay,7,6,1.0,7.0
Gulbadin Naib,Career,Middle,12,6,1.0,12.0
Gurjapneet Singh,Career,Death,48,31,5.166666666666667,9.29
Gurjapneet Singh,Career,Middle,159,108,18.0,8.83
Gurjapneet Singh,Career,Powerplay,14,12,2.0,7.0
Gurkeerat Singh,Career,Middle,74,66,11.0,6.73
Gurkeerat Singh,Career,Powerplay,19,12,2.0,9.5
Gurnoor Brar,Career,Middle,21,6,1.0,21.0
Gurnoor Brar,Career,Powerplay,17,12,2.0,8.5
H Sharma,Career,Middle,57,30,5.0,11.4
HF Gurney,Career,Death,104,48,8.0,13.0
HF Gurney,Career,Middle,64,48,8.0,8.0
HF Gurney,Career,Powerplay,62,66,11.0,5.64
HH Pandya,Career,Death,473,224,37.333333333333336,12.67
HH Pandya,Career,Middle,1494,1108,184.66666666666666,8.09
HH Pandya,Career,Powerplay,672,432,72.0,9.33
HR Shokeen,Career,Middle,233,150,25.0,9.32
HR Shokeen,Career,Powerplay,66,54,9.0,7.33
HV Patel,Career,Death,1098,702,117.0,9.38
HV Patel,Career,Middle,1835,1415,235.83333333333334,7.78
HV Patel,Career,Powerplay,572,390,65.0,8.8
Harbhajan Singh,Career,Death,246,177,29.5,8.34
Harbhajan Singh,Career,Middle,2786,2466,411.0,6.78
Harbhajan Singh,Career,Powerplay,893,773,128.83333333333334,6.93
Harmeet Singh,Career,Death,130,99,16.5,7.88
Harmeet Singh,Career,Middle,427,354,59.0,7.24
Harmeet Singh,Career,Powerplay,136,96,16.0,8.5
Harpreet Brar,Career,Death,90,49,8.166666666666666,11.02
Harpreet Brar,Career,Middle,776,654,109.0,7.12
Harpreet Brar,Career,Powerplay,250,156,26.0,9.62
Harsh Dubey,Career,Death,42,30,5.0,8.4
Harsh Dubey,Career,Middle,183,108,18.0,10.17
Harsh Dubey,Career,Powerplay,92,54,9.0,10.22
Harshit Rana,Career,Death,217,133,22.166666666666668,9.79
Harshit Rana,Career,Middle,321,222,37.0,8.68
Harshit Rana,Career,Powerplay,451,294,49.0,9.2
I Malhotra,Career,Middle,23,6,1.0,23.0
I Sharma,Career,Death,595,346,57.666666666666664,10.32
I Sharma,Career,Middle,806,552,92.0,8.76
I Sharma,Career,Powerplay,1785,1521,253.5,7.04
I Udana,Career,Death,83,54,9.0,9.22
I Udana,Career,Middle,91,66,11.0,8.27
I Udana,Career,Powerplay,100,54,9.0,11.11
IC Pandey,Career,Death,47,24,4.0,11.75
IC Pandey,Career,Middle,238,174,29.0,8.21
IC Pandey,Career,Powerplay,295,264,44.0,6.7
IC Porel,Career,Middle,13,12,2.0,6.5
IC Porel,Career,Powerplay,24,12,2.0,12.0
IK Pathan,Career,Death,590,393,65.5,9.01
IK Pathan,Career,Middle,945,732,122.0,7.75
IK Pathan,Career,Powerplay,1032,918,153.0,6.75
IS Sodhi,Career,Death,6,1,0.16666666666666666,36.0
IS Sodhi,Career,Middle,178,168,28.0,6.36
IS Sodhi,Career,Powerplay,17,12,2.0,8.5
Imran Tahir,Career,Death,288,207,34.5,8.35
Imran Tahir,Career,Middle,1287,1055,175.83333333333334,7.32
Imran Tahir,Career,Powerplay,83,54,9.0,9.22
Iqbal Abdulla,Career,Death,98,65,10.833333333333334,9.05
Iqbal Abdulla,Career,Middle,700,579,96.5,7.25
Iqbal Abdulla,Career,Powerplay,285,276,46.0,6.2
Ishan Kishan,Career,Death,4,1,0.16666666666666666,24.0
J Botha,Career,Death,96,70,11.666666666666666,8.23
J Botha,Career,Middle,436,432,72.0,6.06
J Botha,Career,Powerplay,249,192,32.0,7.78
J Little,Career,Death,81,48,8.0,10.12
J Little,Career,Middle,131,102,17.0,7.71
J Little,Career,Powerplay,119,78,13.0,9.15
J Overton,Career,Death,92,54,9.0,10.22
J Overton,Career,Middle,156,120,20.0,7.8
J Overton,Career,Powerplay,71,30,5.0,14.2
J Suchith,Career,Death,27,12,2.0,13.5
J Suchith,Career,Middle,458,336,56.0,8.18
J Suchith,Career,Powerplay,100,72,12.0,8.33
J Syed Mohammad,Career,Death,6,6,1.0,6.0
J Syed Mohammad,Career,Middle,259,168,28.0,9.25
J Syed Mohammad,Career,Powerplay,14,18,3.0,4.67
J Theron,Career,Death,116,90,15.0,7.73
J Theron,Career,Middle,70,66,11.0,6.36
J Theron,Career,Powerplay,96,65,10.833333333333334,8.86
J Yadav,Career,Middle,235,228,38.0,6.18
J Yadav,Career,Powerplay,201,162,27.0,7.44
JA Duffy,Career,Death,31,12,2.0,15.5
JA Duffy,Career,Middle,68,54,9.0,7.56
JA Duffy,Career,Powerplay,148,78,13.0,11.38
JA Morkel,Career,Death,450,295,49.166666666666664,9.15
JA Morkel,Career,Middle,587,528,88.0,6.67
JA Morkel,Career,Powerplay,1210,900,150.0,8.07
JA Richardson,Career,Death,26,12,2.0,13.0
JA Richardson,Career,Middle,78,48,8.0,9.75
JA Richardson,Career,Powerplay,48,30,5.0,9.6
JC Archer,Career,Death,776,477,79.5,9.76
JC Archer,Career,Middle,415,354,59.0,7.03
JC Archer,Career,Powerplay,860,750,125.0,6.88
JD Ryder,Career,Death,39,20,3.3333333333333335,11.7
JD Ryder,Career,Middle,251,210,35.0,7.17
JD Ryder,Career,Powerplay,7,6,1.0,7.0
JD Unadkat,Career,Death,1048,563,93.83333333333333,11.17
JD Unadkat,Career,Middle,1282,936,156.0,8.22
JD Unadkat,Career,Powerplay,1100,852,142.0,7.75
JDP Oram,Career,Death,93,75,12.5,7.44
JDP Oram,Career,Middle,77,54,9.0,8.56
JDP Oram,Career,Powerplay,166,108,18.0,9.22
JDS Neesham,Career,Death,18,6,1.0,18.0
JDS Neesham,Career,Middle,248,174,29.0,8.55
JDS Neesham,Career,Powerplay,62,36,6.0,10.33
JE Root,Career,Middle,14,12,2.0,7.0
JE Taylor,Career,Death,85,51,8.5,10.0
JE Taylor,Career,Middle,19,18,3.0,6.33
JE Taylor,Career,Powerplay,48,48,8.0,6.0
JEC Franklin,Career,Death,19,6,1.0,19.0
JEC Franklin,Career,Middle,179,133,22.166666666666668,8.08
JEC Franklin,Career,Powerplay,16,12,2.0,8.0
JH Kallis,Career,Death,485,306,51.0,9.51
JH Kallis,Career,Middle,1118,920,153.33333333333334,7.29
JH Kallis,Career,Powerplay,607,516,86.0,7.06
JJ Bumrah,Career,Death,1678,1261,210.16666666666666,7.98
JJ Bumrah,Career,Middle,1182,1104,184.0,6.42
JJ Bumrah,Career,Powerplay,1399,1288,214.66666666666666,6.52
JJ van der Wath,Career,Death,44,24,4.0,11.0
JJ van der Wath,Career,Middle,43,18,3.0,14.33
JJ van der Wath,Career,Powerplay,38,30,5.0,7.6
JL Pattinson,Career,Death,47,27,4.5,10.44
JL Pattinson,Career,Middle,120,84,14.0,8.57
JL Pattinson,Career,Powerplay,144,102,17.0,8.47
JM Kemp,Career,Death,1,1,0.16666666666666666,6.0
JM Kemp,Career,Middle,50,43,7.166666666666667,6.98
JO Holder,Career,Death,399,262,43.666666666666664,9.14
JO Holder,Career,Middle,776,603,100.5,7.72
JO Holder,Career,Powerplay,502,360,60.0,8.37
JP Behrendorff,Career,Death,95,48,8.0,11.88
JP Behrendorff,Career,Middle,117,78,13.0,9.0
JP Behrendorff,Career,Powerplay,323,240,40.0,8.07
JP Duminy,Career,Death,64,36,6.0,10.67
JP Duminy,Career,Middle,543,480,80.0,6.79
JP Duminy,Career,Powerplay,195,162,27.0,7.22
JP Faulkner,Career,Death,599,377,62.833333333333336,9.53
JP Faulkner,Career,Middle,676,490,81.66666666666667,8.28
JP Faulkner,Career,Powerplay,466,371,61.833333333333336,7.54
JPR Scantlebury-Searles,Career,Middle,74,36,6.0,12.33
JPR Scantlebury-Searles,Career,Powerplay,12,6,1.0,12.0
JR Hazlewood,Career,Death,447,281,46.833333333333336,9.54
JR Hazlewood,Career,Middle,356,253,42.166666666666664,8.44
JR Hazlewood,Career,Powerplay,847,642,107.0,7.92
JR Hopes,Career,Death,151,84,14.0,10.79
JR Hopes,Career,Middle,363,258,43.0,8.44
JR Hopes,Career,Powerplay,25,18,3.0,8.33
JW Hastings,Career,Death,9,10,1.6666666666666665,5.4
JW Hastings,Career,Middle,7,12,2.0,3.5
JW Hastings,Career,Powerplay,47,36,6.0,7.83
Jalaj S Saxena,Career,Middle,17,12,2.0,8.5
Jalaj S Saxena,Career,Powerplay,10,6,1.0,10.0
Jaskaran Singh,Career,Death,51,24,4.0,12.75
Jaskaran Singh,Career,Middle,60,36,6.0,10.0
Jaskaran Singh,Career,Powerplay,45,42,7.0,6.43
Joginder Sharma,Career,Death,84,46,7.666666666666667,10.96
Joginder Sharma,Career,Middle,262,186,31.0,8.45
Joginder Sharma,Career,Powerplay,36,24,4.0,9.0
K Goel,Career,Middle,92,66,11.0,8.36
K Gowtham,Career,Death,29,12,2.0,14.5
K Gowtham,Career,Middle,387,306,51.0,7.59
K Gowtham,Career,Powerplay,381,270,45.0,8.47
K Kartikeya,Career,Death,38,18,3.0,12.67
K Kartikeya,Career,Middle,343,258,43.0,7.98
K Kartikeya,Career,Powerplay,16,6,1.0,16.0
K Khejroliya,Career,Death,62,31,5.166666666666667,12.0
K Khejroliya,Career,Middle,134,90,15.0,8.93
K Khejroliya,Career,Powerplay,62,30,5.0,12.4
K Rabada,Career,Death,864,558,93.0,9.29
K Rabada,Career,Middle,844,654,109.0,7.74
K Rabada,Career,Powerplay,1533,1089,181.5,8.45
K Santokie,Career,Death,44,18,3.0,14.67
K Santokie,Career,Middle,14,12,2.0,7.0
K Santokie,Career,Powerplay,29,18,3.0,9.67
K Upadhyay,Career,Middle,21,18,3.0,7.0
K Upadhyay,Career,Powerplay,58,36,6.0,9.67
K Yadav,Career,Death,28,12,2.0,14.0
K Yadav,Career,Middle,30,24,4.0,7.5
K Yadav,Career,Powerplay,26,18,3.0,8.67
KA Jamieson,Career,Death,77,36,6.0,12.83
KA Jamieson,Career,Middle,122,78,13.0,9.38
KA Jamieson,Career,Powerplay,286,186,31.0,9.23
KA Maharaj,Career,Middle,31,30,5.0,6.2
KA Maharaj,Career,Powerplay,8,6,1.0,8.0
KA Pollard,Career,Death,394,223,37.166666666666664,10.6
KA Pollard,Career,Middle,1626,1229,204.83333333333334,7.94
KA Pollard,Career,Powerplay,55,36,6.0,9.17
KAJ Roach,Career,Death,43,18,3.0,14.33
KAJ Roach,Career,Middle,14,12,2.0,7.0
KAJ Roach,Career,Powerplay,19,18,3.0,6.33
KC Cariappa,Career,Death,11,6,1.0,11.0
KC Cariappa,Career,Middle,259,174,29.0,8.93
KC Cariappa,Career,Powerplay,64,36,6.0,10.67
KH Pandya,Career,Death,175,121,20.166666666666668,8.68
KH Pandya,Career,Middle,2409,2022,337.0,7.15
KH Pandya,Career,Powerplay,717,558,93.0,7.71
KJ Abbott,Career,Death,36,18,3.0,12.0
KJ Abbott,Career,Middle,63,36,6.0,10.5
KJ Abbott,Career,Powerplay,70,42,7.0,10.0
KK Ahmed,Career,Death,652,379,63.166666666666664,10.32
KK Ahmed,Career,Middle,416,300,50.0,8.32
KK Ahmed,Career,Powerplay,1306,978,163.0,8.01
KK Cooper,Career,Death,338,246,41.0,8.24
KK Cooper,Career,Middle,287,234,39.0,7.36
KK Cooper,Career,Powerplay,100,96,16.0,6.25
KL Nagarkoti,Career,Death,20,18,3.0,6.67
KL Nagarkoti,Career,Middle,216,132,22.0,9.82
KL Nagarkoti,Career,Powerplay,44,30,5.0,8.8
KM Asif,Career,Death,33,14,2.3333333333333335,14.14
KM Asif,Career,Middle,117,78,13.0,9.0
KM Asif,Career,Powerplay,68,42,7.0,9.71
KMA Paul,Career,Death,58,37,6.166666666666667,9.41
KMA Paul,Career,Middle,135,120,20.0,6.75
KMA Paul,Career,Powerplay,9,6,1.0,9.0
KMDN Kulasekara,Career,Death,30,30,5.0,6.0
KMDN Kulasekara,Career,Middle,8,6,1.0,8.0
KMDN Kulasekara,Career,Powerplay,77,66,11.0,7.0
KP Appanna,Career,Middle,253,198,33.0,7.67
KP Appanna,Career,Powerplay,25,18,3.0,8.33
KP Pietersen,Career,Death,29,18,3.0,9.67
KP Pietersen,Career,Middle,162,138,23.0,7.04
KP Pietersen,Career,Powerplay,14,18,3.0,4.67
KR Mayers,Career,Middle,14,6,1.0,14.0
KR Mayers,Career,Powerplay,39,36,6.0,6.5
KR Sen,Career,Death,104,49,8.166666666666666,12.73
KR Sen,Career,Middle,201,150,25.0,8.04
KR Sen,Career,Powerplay,59,42,7.0,8.43
KS Williamson,Career,Middle,24,12,2.0,12.0
KS Williamson,Career,Powerplay,7,6,1.0,7.0
KT Maphaka,Career,Death,32,12,2.0,16.0
KT Maphaka,Career,Middle,29,12,2.0,14.5
KT Maphaka,Career,Powerplay,77,42,7.0,11.0
KV Sharma,Career,Death,134,67,11.166666666666666,12.0
KV Sharma,Career,Middle,1872,1362,227.0,8.25
KV Sharma,Career,Powerplay,183,156,26.0,7.04
KW Richardson,Career,Death,160,89,14.833333333333334,10.79
KW Richardson,Career,Middle,112,78,13.0,8.62
KW Richardson,Career,Powerplay,186,168,28.0,6.64
Kamran Khan,Career,Death,50,34,5.666666666666667,8.82
Kamran Khan,Career,Middle,52,48,8.0,6.5
Kamran Khan,Career,Powerplay,125,84,14.0,8.93
Karanveer Singh,Career,Death,37,18,3.0,12.33
Karanveer Singh,Career,Middle,249,174,29.0,8.59
Karanveer Singh,Career,Powerplay,26,12,2.0,13.0
Karim Janat,Career,Middle,30,6,1.0,30.0
Kartik Tyagi,Career,Death,325,194,32.333333333333336,10.05
Kartik Tyagi,Career,Middle,453,318,53.0,8.55
Kartik Tyagi,Career,Powerplay,368,216,36.0,10.22
Krish Bhagat,Career,Death,20,12,2.0,10.0
Krish Bhagat,Career,Middle,15,6,1.0,15.0
Krish Bhagat,Career,Powerplay,28,18,3.0,9.33
Kuldeep Yadav,Career,Death,285,204,34.0,8.38
Kuldeep Yadav,Career,Middle,2735,2022,337.0,8.12
Kuldeep Yadav,Career,Powerplay,78,60,10.0,7.8
L Ablish,Career,Death,2,6,1.0,2.0
L Ablish,Career,Middle,44,24,4.0,11.0
L Ablish,Career,Powerplay,26,12,2.0,13.0
L Balaji,Career,Death,700,422,70.33333333333333,9.95
L Balaji,Career,Middle,747,640,106.66666666666667,7.0
L Balaji,Career,Powerplay,496,450,75.0,6.61
L Ngidi,Career,Death,275,194,32.333333333333336,8.51
L Ngidi,Career,Middle,241,180,30.0,8.03
L Ngidi,Career,Powerplay,316,246,41.0,7.71
L Wood,Career,Death,43,12,2.0,21.5
L Wood,Career,Middle,23,12,2.0,11.5
L Wood,Career,Powerplay,25,12,2.0,12.5
LA Carseldine,Career,Powerplay,5,6,1.0,5.0
LB Williams,Career,Middle,16,12,2.0,8.0
LB Williams,Career,Powerplay,45,25,4.166666666666667,10.8
LE Plunkett,Career,Death,56,42,7.0,8.0
LE Plunkett,Career,Middle,96,66,11.0,8.73
LE Plunkett,Career,Powerplay,69,42,7.0,9.86
LH Ferguson,Career,Death,518,289,48.166666666666664,10.75
LH Ferguson,Career,Middle,628,504,84.0,7.48
LH Ferguson,Career,Powerplay,445,299,49.833333333333336,8.93
LI Meriwala,Career,Middle,4,6,1.0,4.0
LI Meriwala,Career,Powerplay,23,12,2.0,11.5
LJ Wright,Career,Death,16,5,0.8333333333333334,19.2
LJ Wright,Career,Middle,92,60,10.0,9.2
LJ Wright,Career,Powerplay,12,6,1.0,12.0
LMP Simmons,Career,Death,8,6,1.0,8.0
LMP Simmons,Career,Middle,26,12,2.0,13.0
LPC Silva,Career,Death,21,6,1.0,21.0
LR Shukla,Career,Death,95,65,10.833333333333334,8.77
LR Shukla,Career,Middle,283,223,37.166666666666664,7.61
LR Shukla,Career,Powerplay,49,26,4.333333333333333,11.31
LRPL Taylor,Career,Middle,23,12,2.0,11.5
LS Livingstone,Career,Death,17,12,2.0,8.5
LS Livingstone,Career,Middle,426,282,47.0,9.06
LS Livingstone,Career,Powerplay,17,18,3.0,5.67
Lalit Yadav,Career,Death,15,12,2.0,7.5
Lalit Yadav,Career,Middle,247,180,30.0,8.23
Lalit Yadav,Career,Powerplay,151,96,16.0,9.44
M Ashwin,Career,Death,90,72,12.0,7.5
M Ashwin,Career,Middle,907,708,118.0,7.69
M Ashwin,Career,Powerplay,133,90,15.0,8.87
M Jansen,Career,Death,239,128,21.333333333333332,11.2
M Jansen,Career,Middle,580,381,63.5,9.13
M Jansen,Career,Powerplay,714,510,85.0,8.4
M Kartik,Career,Death,121,88,14.666666666666666,8.25
M Kartik,Career,Middle,1016,882,147.0,6.91
M Kartik,Career,Powerplay,199,179,29.833333333333332,6.67
M Manhas,Career,Middle,42,42,7.0,6.0
M Markande,Career,Death,46,30,5.0,9.2
M Markande,Career,Middle,1079,720,120.0,8.99
M Morkel,Career,Death,511,336,56.0,9.12
M Morkel,Career,Middle,482,387,64.5,7.47
M Morkel,Career,Powerplay,1002,906,151.0,6.64
M Muralitharan,Career,Death,209,155,25.833333333333332,8.09
M Muralitharan,Career,Middle,1279,1225,204.16666666666666,6.26
M Muralitharan,Career,Powerplay,153,148,24.666666666666668,6.2
M Ntini,Career,Death,45,30,5.0,9.0
M Ntini,Career,Middle,27,24,4.0,6.75
M Ntini,Career,Powerplay,165,156,26.0,6.35
M Pathirana,Career,Death,427,314,52.333333333333336,8.16
M Pathirana,Career,Middle,484,388,64.66666666666667,7.48
M Pathirana,Career,Powerplay,7,8,1.3333333333333333,5.25
M Prasidh Krishna,Career,Death,814,458,76.33333333333333,10.66
M Prasidh Krishna,Career,Middle,861,657,109.5,7.86
M Prasidh Krishna,Career,Powerplay,812,625,104.16666666666667,7.8
M Shahrukh Khan,Career,Death,7,6,1.0,7.0
M Shahrukh Khan,Career,Middle,21,12,2.0,10.5
M Siddharth,Career,Death,27,12,2.0,13.5
M Siddharth,Career,Middle,158,102,17.0,9.29
M Siddharth,Career,Powerplay,84,73,12.166666666666666,6.9
M Theekshana,Career,Death,130,102,17.0,7.65
M Theekshana,Career,Middle,607,462,77.0,7.88
M Theekshana,Career,Powerplay,436,312,52.0,8.38
M Tiwari,Career,Death,21,12,2.0,10.5
M Tiwari,Career,Middle,71,54,9.0,7.89
M Vijay,Career,Middle,41,30,5.0,8.2
M Vijay,Career,Powerplay,7,6,1.0,7.0
M de Lange,Career,Death,57,30,5.0,11.4
M de Lange,Career,Middle,27,18,3.0,9.0
M de Lange,Career,Powerplay,72,60,10.0,7.2
MA Khote,Career,Death,23,12,2.0,11.5
MA Khote,Career,Middle,28,18,3.0,9.33
MA Starc,Career,Death,469,321,53.5,8.77
MA Starc,Career,Middle,241,198,33.0,7.3
MA Starc,Career,Powerplay,936,677,112.83333333333333,8.3
MA Wood,Career,Death,87,42,7.0,12.43
MA Wood,Career,Middle,52,54,9.0,5.78
MA Wood,Career,Powerplay,33,24,4.0,8.25
MB Parmar,Career,Middle,19,12,2.0,9.5
MB Parmar,Career,Powerplay,13,6,1.0,13.0
MC Henriques,Career,Death,70,44,7.333333333333333,9.55
MC Henriques,Career,Middle,917,703,117.16666666666667,7.83
MC Henriques,Career,Powerplay,268,203,33.833333333333336,7.92
MD Shanaka,Career,Death,6,6,1.0,6.0
MD Shanaka,Career,Middle,52,30,5.0,10.4
MF Maharoof,Career,Death,131,84,14.0,9.36
MF Maharoof,Career,Middle,162,168,28.0,5.79
MF Maharoof,Career,Powerplay,199,168,28.0,7.11
MG Bracewell,Career,Middle,82,54,9.0,9.11
MG Bracewell,Career,Powerplay,13,12,2.0,6.5
MG Johnson,Career,Death,392,260,43.333333333333336,9.05
MG Johnson,Career,Middle,458,354,59.0,7.76
MG Johnson,Career,Powerplay,773,621,103.5,7.47
MG Neser,Career,Death,33,12,2.0,16.5
MG Neser,Career,Middle,8,6,1.0,8.0
MG Neser,Career,Powerplay,18,6,1.0,18.0
MJ Clarke,Career,Middle,67,66,11.0,6.09
MJ Henry,Career,Death,20,12,2.0,10.0
MJ Henry,Career,Middle,83,36,6.0,13.83
MJ Henry,Career,Powerplay,204,114,19.0,10.74
MJ McClenaghan,Career,Death,443,296,49.333333333333336,8.98
MJ McClenaghan,Career,Middle,439,324,54.0,8.13
MJ McClenaghan,Career,Powerplay,812,654,109.0,7.45
MJ Santner,Career,Death,44,27,4.5,9.78
MJ Santner,Career,Middle,577,504,84.0,6.87
MJ Santner,Career,Powerplay,210,156,26.0,8.08
MJ Suthar,Career,Death,29,12,2.0,14.5
MJ Suthar,Career,Middle,37,24,4.0,9.25
MJ Suthar,Career,Powerplay,26,12,2.0,13.0
MK Lomror,Career,Middle,112,78,13.0,8.62
MK Lomror,Career,Powerplay,11,12,2.0,5.5
MK Tiwary,Career,Death,27,12,2.0,13.5
MK Tiwary,Career,Middle,51,30,5.0,10.2
MM Ali,Career,Death,22,20,3.3333333333333335,6.6
MM Ali,Career,Middle,904,738,123.0,7.35
MM Ali,Career,Powerplay,88,96,16.0,5.5
MM Patel,Career,Death,427,245,40.833333333333336,10.46
MM Patel,Career,Middle,479,456,76.0,6.3
MM Patel,Career,Powerplay,741,654,109.0,6.8
MM Sharma,Career,Death,1211,720,120.0,10.09
MM Sharma,Career,Middle,1073,825,137.5,7.8
MM Sharma,Career,Powerplay,1140,858,143.0,7.97
MN Samuels,Career,Death,85,46,7.666666666666667,11.09
MN Samuels,Career,Middle,114,90,15.0,7.6
MN Samuels,Career,Powerplay,79,78,13.0,6.08
MP Stoinis,Career,Death,347,157,26.166666666666668,13.26
MP Stoinis,Career,Middle,907,619,103.16666666666667,8.79
MP Stoinis,Career,Powerplay,235,159,26.5,8.87
MP Yadav,Career,Death,48,25,4.166666666666667,11.52
MP Yadav,Career,Middle,215,138,23.0,9.35
MP Yadav,Career,Powerplay,90,54,9.0,10.0
MR Marsh,Career,Death,193,97,16.166666666666668,11.94
MR Marsh,Career,Middle,418,357,59.5,7.03
MR Marsh,Career,Powerplay,150,106,17.666666666666668,8.49
MS Gony,Career,Death,148,78,13.0,11.38
MS Gony,Career,Middle,409,324,54.0,7.57
MS Gony,Career,Powerplay,691,486,81.0,8.53
MW Short,Career,Middle,12,13,2.1666666666666665,5.54
MW Short,Career,Powerplay,50,30,5.0,10.0
Mandeep Singh,Career,Middle,26,12,2.0,13.0
Mashrafe Mortaza,Career,Death,25,12,2.0,12.5
Mashrafe Mortaza,Career,Powerplay,25,12,2.0,12.5
Mayank Dagar,Career,Death,10,5,0.8333333333333334,12.0
Mayank Dagar,Career,Middle,159,120,20.0,7.95
Mayank Dagar,Career,Powerplay,29,12,2.0,14.5
Mohammad Asif,Career,Death,84,48,8.0,10.5
Mohammad Asif,Career,Middle,63,54,9.0,7.0
Mohammad Asif,Career,Powerplay,141,90,15.0,9.4
Mohammad Hafeez,Career,Middle,61,60,10.0,6.1
Mohammad Nabi,Career,Death,25,15,2.5,10.0
Mohammad Nabi,Career,Middle,316,234,39.0,8.1
Mohammad Nabi,Career,Powerplay,173,168,28.0,6.18
Mohammed Shami,Career,Death,1100,615,102.5,10.73
Mohammed Shami,Career,Middle,919,648,108.0,8.51
Mohammed Shami,Career,Powerplay,2029,1658,276.3333333333333,7.34
Mohammed Siraj,Career,Death,1048,650,108.33333333333333,9.67
Mohammed Siraj,Career,Middle,719,558,93.0,7.73
Mohammed Siraj,Career,Powerplay,1924,1464,244.0,7.89
Mohit Rathee,Career,Middle,29,12,2.0,14.5
Mohsin Khan,Career,Death,238,144,24.0,9.92
Mohsin Khan,Career,Middle,245,192,32.0,7.66
Mohsin Khan,Career,Powerplay,405,318,53.0,7.64
Monu Kumar,Career,Middle,9,6,1.0,9.0
Monu Kumar,Career,Powerplay,5,6,1.0,5.0
Mujeeb Ur Rahman,Career,Death,91,48,8.0,11.38
Mujeeb Ur Rahman,Career,Middle,333,258,43.0,7.74
Mujeeb Ur Rahman,Career,Powerplay,163,140,23.333333333333332,6.99
Mukesh Choudhary,Career,Death,134,63,10.5,12.76
Mukesh Choudhary,Career,Middle,127,90,15.0,8.47
Mukesh Choudhary,Career,Powerplay,475,330,55.0,8.64
Mukesh Kumar,Career,Death,471,234,39.0,12.08
Mukesh Kumar,Career,Middle,356,224,37.333333333333336,9.54
Mukesh Kumar,Career,Powerplay,565,366,61.0,9.26
Musheer Khan,Career,Middle,27,12,2.0,13.5
Mustafizur Rahman,Career,Death,766,510,85.0,9.01
Mustafizur Rahman,Career,Middle,478,392,65.33333333333333,7.32
Mustafizur Rahman,Career,Powerplay,535,463,77.16666666666667,6.93
N Burger,Career,Death,65,57,9.5,6.84
N Burger,Career,Middle,152,90,15.0,10.13
N Burger,Career,Powerplay,328,216,36.0,9.11
N Rana,Career,Death,26,23,3.8333333333333335,6.78
N Rana,Career,Middle,230,156,26.0,8.85
N Rana,Career,Powerplay,62,37,6.166666666666667,10.05
N Thushara,Career,Death,87,54,9.0,9.67
N Thushara,Career,Middle,39,30,5.0,7.8
N Thushara,Career,Powerplay,134,96,16.0,8.38
N Wadhera,Career,Death,9,5,0.8333333333333334,10.8
N Wadhera,Career,Middle,13,12,2.0,6.5
NA Saini,Career,Death,16,6,1.0,16.0
NA Saini,Career,Middle,7,6,1.0,7.0
NB Singh,Career,Powerplay,14,24,4.0,3.5
ND Doshi,Career,Death,1,6,1.0,1.0
ND Doshi,Career,Middle,45,32,5.333333333333333,8.44
ND Doshi,Career,Powerplay,32,18,3.0,10.67
NJ Rimmington,Career,Middle,6,6,1.0,6.0
NJ Rimmington,Career,Powerplay,13,12,2.0,6.5
NL McCullum,Career,Middle,22,18,3.0,7.33
NL McCullum,Career,Powerplay,12,12,2.0,6.0
NLTC Perera,Career,Death,345,188,31.333333333333332,11.01
NLTC Perera,Career,Middle,432,330,55.0,7.85
NLTC Perera,Career,Powerplay,218,180,30.0,7.27
NM Coulter-Nile,Career,Death,330,224,37.333333333333336,8.84
NM Coulter-Nile,Career,Middle,315,273,45.5,6.92
NM Coulter-Nile,Career,Powerplay,409,360,60.0,6.82
NT Ellis,Career,Death,180,96,16.0,11.25
NT Ellis,Career,Middle,227,180,30.0,7.57
NT Ellis,Career,Powerplay,119,102,17.0,7.0
Naman Dhir,Career,Death,2,6,1.0,2.0
Naman Dhir,Career,Middle,67,40,6.666666666666667,10.05
Naman Dhir,Career,Powerplay,6,6,1.0,6.0
Navdeep Saini,Career,Death,218,154,25.666666666666668,8.49
Navdeep Saini,Career,Middle,322,228,38.0,8.47
Navdeep Saini,Career,Powerplay,390,288,48.0,8.12
Naveen-ul-Haq,Career,Death,207,136,22.666666666666668,9.13
Naveen-ul-Haq,Career,Middle,126,108,18.0,7.0
Naveen-ul-Haq,Career,Powerplay,231,144,24.0,9.62
Nithish Kumar Reddy,Career,Death,51,25,4.166666666666667,12.24
Nithish Kumar Reddy,Career,Middle,367,216,36.0,10.19
Nithish Kumar Reddy,Career,Powerplay,135,84,14.0,9.64
Noor Ahmad,Career,Death,112,86,14.333333333333334,7.81
Noor Ahmad,Career,Middle,1231,952,158.66666666666666,7.76
Noor Ahmad,Career,Powerplay,90,60,10.0,9.0
O Thomas,Career,Death,15,12,2.0,7.5
O Thomas,Career,Middle,8,12,2.0,4.0
O Thomas,Career,Powerplay,52,36,6.0,8.67
OC McCoy,Career,Death,91,65,10.833333333333334,8.4
OC McCoy,Career,Middle,126,85,14.166666666666666,8.89
OC McCoy,Career,Powerplay,14,12,2.0,7.0
OF Smith,Career,Death,43,18,3.0,14.33
OF Smith,Career,Middle,108,54,9.0,12.0
OF Smith,Career,Powerplay,21,18,3.0,7.0
P Amarnath,Career,Death,21,6,1.0,21.0
P Amarnath,Career,Middle,203,120,20.0,10.15
P Amarnath,Career,Powerplay,12,6,1.0,12.0
P Awana,Career,Death,262,153,25.5,10.27
P Awana,Career,Middle,381,324,54.0,7.06
P Awana,Career,Powerplay,347,270,45.0,7.71
P Dubey,Career,Middle,110,78,13.0,8.46
P Kumar,Career,Death,808,492,82.0,9.85
P Kumar,Career,Middle,644,460,76.66666666666667,8.4
P Kumar,Career,Powerplay,1654,1572,262.0,6.31
P Negi,Career,Death,69,43,7.166666666666667,9.63
P Negi,Career,Middle,789,631,105.16666666666667,7.5
P Negi,Career,Powerplay,64,42,7.0,9.14
P Parameswaran,Career,Death,54,33,5.5,9.82
P Parameswaran,Career,Middle,101,85,14.166666666666666,7.13
P Parameswaran,Career,Powerplay,58,36,6.0,9.67
P Prasanth,Career,Middle,18,6,1.0,18.0
P Ray Barman,Career,Middle,56,24,4.0,14.0
P Sahu,Career,Middle,135,99,16.5,8.18
P Sahu,Career,Powerplay,9,6,1.0,9.0
P Suyal,Career,Death,23,12,2.0,11.5
P Suyal,Career,Middle,28,24,4.0,7.0
P Suyal,Career,Powerplay,86,60,10.0,8.6
PC Valthaty,Career,Death,19,13,2.1666666666666665,8.77
PC Valthaty,Career,Middle,180,138,23.0,7.83
PD Collingwood,Career,Death,14,17,2.8333333333333335,4.94
PD Collingwood,Career,Middle,86,72,12.0,7.17
PH Solanki,Career,Death,15,12,2.0,7.5
PH Solanki,Career,Middle,23,24,4.0,5.75
PHKD Mendis,Career,Middle,60,42,7.0,8.57
PJ Cummins,Career,Death,644,375,62.5,10.3
PJ Cummins,Career,Middle,823,648,108.0,7.62
PJ Cummins,Career,Powerplay,1111,786,131.0,8.48
PJ Sangwan,Career,Death,173,94,15.666666666666666,11.04
PJ Sangwan,Career,Middle,523,408,68.0,7.69
PJ Sangwan,Career,Powerplay,479,354,59.0,8.12
PM Sarvesh Kumar,Career,Middle,34,24,4.0,8.5
PM Sarvesh Kumar,Career,Powerplay,7,6,1.0,7.0
PP Chawla,Career,Death,428,264,44.0,9.73
PP Chawla,Career,Middle,4041,3149,524.8333333333334,7.7
PP Chawla,Career,Powerplay,557,437,72.83333333333333,7.65
PP Hinge,Career,Death,56,36,6.0,9.33
PP Hinge,Career,Middle,109,54,9.0,12.11
PP Hinge,Career,Powerplay,122,66,11.0,11.09
PP Ojha,Career,Death,250,170,28.333333333333332,8.82
PP Ojha,Career,Middle,1691,1489,248.16666666666666,6.81
PP Ojha,Career,Powerplay,314,240,40.0,7.85
PR Veer,Career,Middle,7,6,1.0,7.0
PR Veer,Career,Powerplay,18,6,1.0,18.0
PV Tambe,Career,Death,75,36,6.0,12.5
PV Tambe,Career,Middle,649,546,91.0,7.13
PV Tambe,Career,Powerplay,110,78,13.0,8.46
PVD Chameera,Career,Death,186,96,16.0,11.62
PVD Chameera,Career,Middle,125,96,16.0,7.81
PVD Chameera,Career,Powerplay,303,204,34.0,8.91
PVSN Raju,Career,Death,24,12,2.0,12.0
PVSN Raju,Career,Middle,12,6,1.0,12.0
PVSN Raju,Career,Powerplay,12,6,1.0,12.0
PWA Mulder,Career,Middle,16,6,1.0,16.0
PWH de Silva,Career,Death,67,54,9.0,7.44
PWH de Silva,Career,Middle,941,684,114.0,8.25
PWH de Silva,Career,Powerplay,99,60,10.0,9.9
Pankaj Singh,Career,Death,97,42,7.0,13.86
Pankaj Singh,Career,Middle,166,108,18.0,9.22
Pankaj Singh,Career,Powerplay,188,150,25.0,7.52
Parvez Rasool,Career,Middle,168,132,22.0,7.64
Parvez Rasool,Career,Powerplay,100,66,11.0,9.09
Prince Yadav,Career,Death,192,107,17.833333333333332,10.77
Prince Yadav,Career,Middle,276,204,34.0,8.12
Prince Yadav,Career,Powerplay,194,139,23.166666666666668,8.37
R Ashwin,Career,Death,486,337,56.166666666666664,8.65
R Ashwin,Career,Middle,3533,3121,520.1666666666666,6.79
R Ashwin,Career,Powerplay,1433,1252,208.66666666666666,6.87
R Bhatia,Career,Death,224,159,26.5,8.45
R Bhatia,Career,Middle,1735,1465,244.16666666666666,7.11
R Bhatia,Career,Powerplay,25,12,2.0,12.5
R Dhawan,Career,Death,122,74,12.333333333333334,9.89
R Dhawan,Career,Middle,527,432,72.0,7.32
R Dhawan,Career,Powerplay,200,156,26.0,7.69
R Goyal,Career,Middle,33,24,4.0,8.25
R McLaren,Career,Death,116,72,12.0,9.67
R McLaren,Career,Middle,193,132,22.0,8.77
R McLaren,Career,Powerplay,204,150,25.0,8.16
R Ninan,Career,Middle,65,36,6.0,10.83
R Parag,Career,Death,18,7,1.1666666666666667,15.43
R Parag,Career,Middle,464,300,50.0,9.28
R Parag,Career,Powerplay,16,12,2.0,8.0
R Powell,Career,Death,13,6,1.0,13.0
R Powell,Career,Middle,19,12,2.0,9.5
R Rampaul,Career,Death,83,46,7.666666666666667,10.83
R Rampaul,Career,Middle,59,60,10.0,5.9
R Rampaul,Career,Powerplay,156,162,27.0,5.78
R Ravindra,Career,Middle,7,12,2.0,3.5
R Sai Kishore,Career,Death,99,51,8.5,11.65
R Sai Kishore,Career,Middle,553,396,66.0,8.38
R Sai Kishore,Career,Powerplay,33,18,3.0,11.0
R Sanjay Yadav,Career,Middle,13,6,1.0,13.0
R Sanjay Yadav,Career,Powerplay,8,6,1.0,8.0
R Sathish,Career,Death,40,13,2.1666666666666665,18.46
R Sathish,Career,Middle,187,126,21.0,8.9
R Sharma,Career,Death,117,78,13.0,9.0
R Sharma,Career,Middle,863,760,126.66666666666667,6.81
R Sharma,Career,Powerplay,99,90,15.0,6.6
R Shepherd,Career,Death,155,59,9.833333333333334,15.76
R Shepherd,Career,Middle,491,277,46.166666666666664,10.64
R Shepherd,Career,Powerplay,36,24,4.0,9.0
R Shukla,Career,Death,44,18,3.0,14.67
R Shukla,Career,Middle,80,48,8.0,10.0
R Shukla,Career,Powerplay,73,54,9.0,8.11
R Tewatia,Career,Death,28,26,4.333333333333333,6.46
R Tewatia,Career,Middle,1044,805,134.16666666666666,7.78
R Tewatia,Career,Powerplay,15,12,2.0,7.5
R Vinay Kumar,Career,Death,956,573,95.5,10.01
R Vinay Kumar,Career,Middle,1051,798,133.0,7.9
R Vinay Kumar,Career,Powerplay,891,756,126.0,7.07
RA Bawa,Career,Death,10,6,1.0,10.0
RA Bawa,Career,Middle,31,18,3.0,10.33
RA Jadeja,Career,Death,527,356,59.333333333333336,8.88
RA Jadeja,Career,Middle,4637,3754,625.6666666666666,7.41
RA Jadeja,Career,Powerplay,194,144,24.0,8.08
RA Shaikh,Career,Powerplay,11,6,1.0,11.0
RA Tripathi,Career,Middle,12,6,1.0,12.0
RD Chahar,Career,Death,125,92,15.333333333333334,8.15
RD Chahar,Career,Middle,1935,1530,255.0,7.59
RD Chahar,Career,Powerplay,92,72,12.0,7.67
RE van der Merwe,Career,Death,77,59,9.833333333333334,7.83
RE van der Merwe,Career,Middle,355,348,58.0,6.12
RE van der Merwe,Career,Powerplay,54,36,6.0,9.0
RG More,Career,Death,13,11,1.8333333333333335,7.09
RG More,Career,Middle,29,18,3.0,9.67
RG More,Career,Powerplay,15,6,1.0,15.0
RG Sharma,Career,Death,51,30,5.0,10.2
RG Sharma,Career,Middle,324,259,43.166666666666664,7.51
RG Sharma,Career,Powerplay,63,50,8.333333333333334,7.56
RJ Gleeson,Career,Death,19,14,2.3333333333333335,8.14
RJ Gleeson,Career,Middle,48,30,5.0,9.6
RJ Gleeson,Career,Powerplay,38,24,4.0,9.5
RJ Harris,Career,Death,370,250,41.666666666666664,8.88
RJ Harris,Career,Middle,196,156,26.0,7.54
RJ Harris,Career,Powerplay,430,426,71.0,6.06
RJ Peterson,Career,Death,20,6,1.0,20.0
RJ Peterson,Career,Middle,40,30,5.0,8.0
RJ Peterson,Career,Powerplay,10,12,2.0,5.0
RJW Topley,Career,Death,56,24,4.0,14.0
RJW Topley,Career,Middle,71,36,6.0,11.83
RJW Topley,Career,Powerplay,90,60,10.0,9.0
RN ten Doeschate,Career,Death,10,6,1.0,10.0
RN ten Doeschate,Career,Middle,78,72,12.0,6.5
RP Meredith,Career,Death,181,102,17.0,10.65
RP Meredith,Career,Middle,234,178,29.666666666666668,7.89
RP Meredith,Career,Powerplay,147,108,18.0,8.17
RP Singh,Career,Death,687,473,78.83333333333333,8.71
RP Singh,Career,Middle,399,300,50.0,7.98
RP Singh,Career,Powerplay,1132,1002,167.0,6.78
RR Bhatkal,Career,Middle,15,6,1.0,15.0
RR Bhatkal,Career,Powerplay,20,6,1.0,20.0
RR Bose,Career,Powerplay,24,12,2.0,12.0
RR Powar,Career,Death,20,12,2.0,10.0
RR Powar,Career,Middle,324,282,47.0,6.89
RR Powar,Career,Powerplay,157,132,22.0,7.14
RR Raje,Career,Death,57,29,4.833333333333333,11.79
RR Raje,Career,Middle,134,104,17.333333333333332,7.73
RR Raje,Career,Powerplay,8,6,1.0,8.0
RS Bopara,Career,Death,59,36,6.0,9.83
RS Bopara,Career,Middle,217,170,28.333333333333332,7.66
RS Gavaskar,Career,Middle,8,6,1.0,8.0
RS Ghosh,Career,Middle,24,18,3.0,8.0
RS Hangargekar,Career,Death,13,12,2.0,6.5
RS Hangargekar,Career,Middle,30,18,3.0,10.0
RS Hangargekar,Career,Powerplay,10,6,1.0,10.0
RV Gomez,Career,Death,20,6,1.0,20.0
RV Gomez,Career,Middle,108,90,15.0,7.2
RV Patel,Career,Middle,20,18,3.0,6.67
RW Price,Career,Middle,19,12,2.0,9.5
RW Price,Career,Powerplay,14,6,1.0,14.0
Raghu Sharma,Career,Death,14,6,1.0,14.0
Raghu Sharma,Career,Middle,116,84,14.0,8.29
Ramandeep Singh,Career,Death,34,26,4.333333333333333,7.85
Ramandeep Singh,Career,Middle,50,30,5.0,10.0
Rashid Khan,Career,Death,555,384,64.0,8.67
Rashid Khan,Career,Middle,3225,2798,466.3333333333333,6.92
Rashid Khan,Career,Powerplay,451,361,60.166666666666664,7.5
Rasikh Salam,Career,Death,189,117,19.5,9.69
Rasikh Salam,Career,Middle,357,215,35.833333333333336,9.96
Rasikh Salam,Career,Powerplay,233,156,26.0,8.96
Ravi Bishnoi,Career,Death,197,105,17.5,11.26
Ravi Bishnoi,Career,Middle,2032,1546,257.6666666666667,7.89
Ravi Bishnoi,Career,Powerplay,187,138,23.0,8.13
S Aravind,Career,Death,182,118,19.666666666666668,9.25
S Aravind,Career,Middle,309,216,36.0,8.58
S Aravind,Career,Powerplay,516,426,71.0,7.27
S Badree,Career,Middle,124,102,17.0,7.29
S Badree,Career,Powerplay,185,156,26.0,7.12
S Dhawan,Career,Middle,39,30,5.0,7.8
S Dhawan,Career,Powerplay,26,18,3.0,8.67
S Dube,Career,Death,67,34,5.666666666666667,11.82
S Dube,Career,Middle,198,120,20.0,9.9
S Gopal,Career,Death,19,19,3.1666666666666665,6.0
S Gopal,Career,Middle,1167,858,143.0,8.16
S Gopal,Career,Powerplay,150,114,19.0,7.89
S Joseph,Career,Middle,19,12,2.0,9.5
S Joseph,Career,Powerplay,17,12,2.0,8.5
S Kaul,Career,Death,522,351,58.5,8.92
S Kaul,Career,Middle,669,510,85.0,7.87
S Kaul,Career,Powerplay,512,348,58.0,8.83
S Kaushik,Career,Death,48,18,3.0,16.0
S Kaushik,Career,Middle,207,168,28.0,7.39
S Kaushik,Career,Powerplay,36,18,3.0,12.0
S Ladda,Career,Death,41,24,4.0,10.25
S Ladda,Career,Middle,152,96,16.0,9.5
S Ladda,Career,Powerplay,27,18,3.0,9.0
S Lamichhane,Career,Death,19,6,1.0,19.0
S Lamichhane,Career,Middle,172,132,22.0,7.82
S Lamichhane,Career,Powerplay,100,72,12.0,8.33
S Midhun,Career,Middle,26,12,2.0,13.0
S Nadeem,Career,Death,101,54,9.0,11.22
S Nadeem,Career,Middle,1245,1061,176.83333333333334,7.04
S Nadeem,Career,Powerplay,396,300,50.0,7.92
S Narwal,Career,Death,33,12,2.0,16.5
S Narwal,Career,Middle,60,28,4.666666666666667,12.86
S Narwal,Career,Powerplay,102,66,11.0,9.27
S Rana,Career,Death,2,4,0.6666666666666666,3.0
S Rana,Career,Middle,16,12,2.0,8.0
S Randiv,Career,Death,22,12,2.0,11.0
S Randiv,Career,Middle,176,150,25.0,7.04
S Randiv,Career,Powerplay,19,12,2.0,9.5
S Sandeep Warrier,Career,Middle,43,30,5.0,8.6
S Sandeep Warrier,Career,Powerplay,196,138,23.0,8.52
S Sreesanth,Career,Death,193,106,17.666666666666668,10.92
S Sreesanth,Career,Middle,250,204,34.0,7.35
S Sreesanth,Career,Powerplay,650,570,95.0,6.84
S Sriram,Career,Middle,49,18,3.0,16.33
S Tyagi,Career,Death,30,11,1.8333333333333335,16.36
S Tyagi,Career,Middle,35,30,5.0,7.0
S Tyagi,Career,Powerplay,218,168,28.0,7.79
S Vidyut,Career,Middle,21,12,2.0,10.5
SA Abbott,Career,Death,17,6,1.0,17.0
SA Abbott,Career,Middle,28,18,3.0,9.33
SA Abbott,Career,Powerplay,54,30,5.0,10.8
SA Yadav,Career,Powerplay,8,6,1.0,8.0
SB Bangar,Career,Death,39,18,3.0,13.0
SB Bangar,Career,Middle,161,114,19.0,8.47
SB Bangar,Career,Powerplay,12,18,3.0,4.0
SB Jakati,Career,Death,110,53,8.833333333333334,12.45
SB Jakati,Career,Middle,1174,936,156.0,7.53
SB Jakati,Career,Powerplay,137,96,16.0,8.56
SB Joshi,Career,Death,4,1,0.16666666666666666,24.0
SB Joshi,Career,Middle,78,54,9.0,8.67
SB Styris,Career,Death,70,42,7.0,10.0
SB Styris,Career,Middle,158,132,22.0,7.18
SB Styris,Career,Powerplay,42,42,7.0,6.0
SB Wagh,Career,Death,23,12,2.0,11.5
SB Wagh,Career,Powerplay,108,90,15.0,7.2
SC Ganguly,Career,Death,24,6,1.0,24.0
SC Ganguly,Career,Middle,303,252,42.0,7.21
SC Ganguly,Career,Powerplay,31,18,3.0,10.33
SC Kuggeleijn,Career,Death,32,24,4.0,8.0
SC Kuggeleijn,Career,Middle,26,18,3.0,8.67
SC Kuggeleijn,Career,Powerplay,11,6,1.0,11.0
SD Chitnis,Career,Death,4,6,1.0,4.0
SD Chitnis,Career,Middle,39,24,4.0,9.75
SD Chitnis,Career,Powerplay,11,6,1.0,11.0
SE Bond,Career,Death,84,54,9.0,9.33
SE Bond,Career,Middle,42,42,7.0,6.0
SE Bond,Career,Powerplay,92,90,15.0,6.13
SE Rutherford,Career,Death,2,5,0.8333333333333334,2.4
SE Rutherford,Career,Middle,52,36,6.0,8.67
SH Johnson,Career,Death,69,44,7.333333333333333,9.41
SH Johnson,Career,Middle,102,60,10.0,10.2
SH Johnson,Career,Powerplay,207,126,21.0,9.86
SJ Srivastava,Career,Death,78,42,7.0,11.14
SJ Srivastava,Career,Middle,140,108,18.0,7.78
SJ Srivastava,Career,Powerplay,191,132,22.0,8.68
SK Raina,Career,Death,140,99,16.5,8.48
SK Raina,Career,Middle,874,743,123.83333333333333,7.06
SK Raina,Career,Powerplay,82,66,11.0,7.45
SK Trivedi,Career,Death,328,212,35.333333333333336,9.28
SK Trivedi,Career,Middle,1316,1168,194.66666666666666,6.76
SK Trivedi,Career,Powerplay,179,126,21.0,8.52
SK Warne,Career,Death,217,132,22.0,9.86
SK Warne,Career,Middle,1134,1026,171.0,6.63
SK Warne,Career,Powerplay,57,36,6.0,9.5
SL Malinga,Career,Death,1132,917,152.83333333333334,7.41
SL Malinga,Career,Middle,956,800,133.33333333333334,7.17
SL Malinga,Career,Powerplay,1088,1111,185.16666666666666,5.88
SM Boland,Career,Death,21,18,3.0,7.0
SM Boland,Career,Middle,10,6,1.0,10.0
SM Boland,Career,Powerplay,22,18,3.0,7.33
SM Curran,Career,Death,600,335,55.833333333333336,10.75
SM Curran,Career,Middle,607,348,58.0,10.47
SM Curran,Career,Powerplay,762,570,95.0,8.02
SM Harwood,Career,Death,24,18,3.0,8.0
SM Harwood,Career,Middle,31,24,4.0,7.75
SM Harwood,Career,Powerplay,6,18,3.0,2.0
SM Pollock,Career,Middle,92,72,12.0,7.67
SM Pollock,Career,Powerplay,205,204,34.0,6.03
SMSM Senanayake,Career,Death,14,12,2.0,7.0
SMSM Senanayake,Career,Middle,85,54,9.0,9.44
SMSM Senanayake,Career,Powerplay,107,126,21.0,5.1
SN Khan,Career,Death,6,2,0.3333333333333333,18.0
SN Thakur,Career,Death,992,587,97.83333333333333,10.14
SN Thakur,Career,Middle,1224,891,148.5,8.24
SN Thakur,Career,Powerplay,1108,724,120.66666666666667,9.18
SP Narine,Career,Death,994,769,128.16666666666666,7.76
SP Narine,Career,Middle,3061,2892,482.0,6.35
SP Narine,Career,Powerplay,1120,999,166.5,6.73
SPD Smith,Career,Death,5,2,0.3333333333333333,15.0
SR Dubey,Career,Death,41,25,4.166666666666667,9.84
SR Dubey,Career,Powerplay,51,52,8.666666666666666,5.88
SR Tendulkar,Career,Middle,57,36,6.0,9.5
SR Watson,Career,Death,799,505,84.16666666666667,9.49
SR Watson,Career,Middle,815,690,115.0,7.09
SR Watson,Career,Powerplay,948,834,139.0,6.82
SS Agarwal,Career,Middle,31,18,3.0,10.33
SS Agarwal,Career,Powerplay,11,6,1.0,11.0
SS Cottrell,Career,Death,47,18,3.0,15.67
SS Cottrell,Career,Middle,18,18,3.0,6.0
SS Cottrell,Career,Powerplay,96,84,14.0,6.86
SS Iyer,Career,Death,7,6,1.0,7.0
SS Mishra,Career,Death,10,8,1.3333333333333333,7.5
SS Mishra,Career,Middle,37,24,4.0,9.25
SS Mishra,Career,Powerplay,11,6,1.0,11.0
SS Mundhe,Career,Powerplay,5,6,1.0,5.0
SS Sarkar,Career,Death,8,7,1.1666666666666667,6.86
SS Sarkar,Career,Middle,11,12,2.0,5.5
SS Sarkar,Career,Powerplay,15,6,1.0,15.0
SSB Magala,Career,Death,5,6,1.0,5.0
SSB Magala,Career,Middle,17,18,3.0,5.67
SSB Magala,Career,Powerplay,28,12,2.0,14.0
ST Jayasuriya,Career,Death,74,42,7.0,10.57
ST Jayasuriya,Career,Middle,291,246,41.0,7.1
ST Jayasuriya,Career,Powerplay,10,6,1.0,10.0
STR Binny,Career,Death,71,42,7.0,10.14
STR Binny,Career,Middle,481,396,66.0,7.29
STR Binny,Career,Powerplay,189,156,26.0,7.27
SW Tait,Career,Death,154,126,21.0,7.33
SW Tait,Career,Middle,149,119,19.833333333333332,7.51
SW Tait,Career,Powerplay,249,228,38.0,6.55
SZ Mulani,Career,Death,19,6,1.0,19.0
SZ Mulani,Career,Middle,23,18,3.0,7.67
SZ Mulani,Career,Powerplay,12,6,1.0,12.0
Sachin Baby,Career,Death,4,4,0.6666666666666666,6.0
Sachin Baby,Career,Middle,4,6,1.0,4.0
Sakib Hussain,Career,Death,108,78,13.0,8.31
Sakib Hussain,Career,Middle,165,114,19.0,8.68
Sakib Hussain,Career,Powerplay,94,60,10.0,9.4
Sandeep Sharma,Career,Death,1169,669,111.5,10.48
Sandeep Sharma,Career,Middle,972,750,125.0,7.78
Sandeep Sharma,Career,Powerplay,2013,1744,290.6666666666667,6.93
Shahbaz Ahmed,Career,Death,43,28,4.666666666666667,9.21
Shahbaz Ahmed,Career,Middle,762,477,79.5,9.58
Shahbaz Ahmed,Career,Powerplay,238,150,25.0,9.52
Shahid Afridi,Career,Death,20,18,3.0,6.67
Shahid Afridi,Career,Middle,175,138,23.0,7.61
Shahid Afridi,Career,Powerplay,25,24,4.0,6.25
Shakib Al Hasan,Career,Death,206,128,21.333333333333332,9.66
Shakib Al Hasan,Career,Middle,1040,906,151.0,6.89
Shakib Al Hasan,Career,Powerplay,556,450,75.0,7.41
Shashank Singh,Career,Death,28,12,2.0,14.0
Shashank Singh,Career,Middle,109,78,13.0,8.38
Shivam Mavi,Career,Death,277,163,27.166666666666668,10.2
Shivam Mavi,Career,Middle,221,186,31.0,7.13
Shivam Mavi,Career,Powerplay,392,300,50.0,7.84
Shivam Sharma,Career,Death,25,18,3.0,8.33
Shivam Sharma,Career,Middle,140,96,16.0,8.75
Shivang Kumar,Career,Death,23,12,2.0,11.5
Shivang Kumar,Career,Middle,324,216,36.0,9.0
Shivang Kumar,Career,Powerplay,22,6,1.0,22.0
Shoaib Ahmed,Career,Death,20,6,1.0,20.0
Shoaib Ahmed,Career,Middle,94,78,13.0,7.23
Shoaib Ahmed,Career,Powerplay,37,18,3.0,12.33
Shoaib Akhtar,Career,Powerplay,50,42,7.0,7.14
Shoaib Malik,Career,Death,18,9,1.5,12.0
Shoaib Malik,Career,Middle,58,42,7.0,8.29
Sikandar Raza,Career,Middle,106,73,12.166666666666666,8.71
Sikandar Raza,Career,Powerplay,27,12,2.0,13.5
Simarjeet Singh,Career,Death,49,24,4.0,12.25
Simarjeet Singh,Career,Middle,134,90,15.0,8.93
Simarjeet Singh,Career,Powerplay,195,126,21.0,9.29
Sohail Tanvir,Career,Death,103,96,16.0,6.44
Sohail Tanvir,Career,Middle,18,19,3.1666666666666665,5.68
Sohail Tanvir,Career,Powerplay,125,132,22.0,5.68
Sumit Kumar,Career,Death,6,2,0.3333333333333333,18.0
Sumit Kumar,Career,Middle,30,18,3.0,10.0
Sunny Gupta,Career,Middle,33,12,2.0,16.5
Sunny Gupta,Career,Powerplay,12,6,1.0,12.0
Suryansh Shedge,Career,Middle,37,18,3.0,12.33
Suyash Sharma,Career,Death,65,48,8.0,8.12
Suyash Sharma,Career,Middle,1079,737,122.83333333333333,8.78
Suyash Sharma,Career,Powerplay,22,18,3.0,7.33
Swapnil Singh,Career,Middle,177,120,20.0,8.85
Swapnil Singh,Career,Powerplay,60,42,7.0,8.57
T Henderson,Career,Death,27,18,3.0,9.0
T Henderson,Career,Middle,13,18,3.0,4.33
T Natarajan,Career,Death,905,535,89.16666666666667,10.15
T Natarajan,Career,Middle,861,628,104.66666666666667,8.23
T Natarajan,Career,Powerplay,528,390,65.0,8.12
T Shamsi,Career,Death,30,12,2.0,15.0
T Shamsi,Career,Middle,151,108,18.0,8.39
T Stubbs,Career,Middle,68,36,6.0,11.33
T Thushara,Career,Death,69,39,6.5,10.62
T Thushara,Career,Middle,24,36,6.0,4.0
T Thushara,Career,Powerplay,54,60,10.0,5.4
T Vijay,Career,Middle,11,6,1.0,11.0
T Vijay,Career,Powerplay,18,6,1.0,18.0
TA Boult,Career,Death,1118,644,107.33333333333333,10.42
TA Boult,Career,Middle,706,480,80.0,8.82
TA Boult,Career,Powerplay,1988,1660,276.6666666666667,7.19
TG Southee,Career,Death,564,330,55.0,10.25
TG Southee,Career,Middle,296,240,40.0,7.4
TG Southee,Career,Powerplay,819,636,106.0,7.73
TH David,Career,Middle,18,6,1.0,18.0
TK Curran,Career,Death,203,93,15.5,13.1
TK Curran,Career,Middle,147,103,17.166666666666668,8.56
TK Curran,Career,Powerplay,63,42,7.0,9.0
TL Suman,Career,Death,46,24,4.0,11.5
TL Suman,Career,Middle,143,120,20.0,7.15
TL Suman,Career,Powerplay,5,6,1.0,5.0
TM Dilshan,Career,Death,25,13,2.1666666666666665,11.54
TM Dilshan,Career,Middle,276,216,36.0,7.67
TM Dilshan,Career,Powerplay,60,42,7.0,8.57
TM Head,Career,Death,18,12,2.0,9.0
TM Head,Career,Middle,102,52,8.666666666666666,11.77
TP Sudhindra,Career,Death,38,16,2.6666666666666665,14.25
TP Sudhindra,Career,Middle,56,30,5.0,11.2
TP Sudhindra,Career,Powerplay,34,24,4.0,8.5
TS Mills,Career,Death,91,53,8.833333333333334,10.3
TS Mills,Career,Middle,145,84,14.0,10.36
TS Mills,Career,Powerplay,92,72,12.0,7.67
TU Deshpande,Career,Death,527,282,47.0,11.21
TU Deshpande,Career,Middle,490,300,50.0,9.8
TU Deshpande,Career,Powerplay,743,522,87.0,8.54
Tejas Baroka,Career,Middle,25,15,2.5,10.0
Tejas Baroka,Career,Powerplay,8,6,1.0,8.0
Tilak Varma,Career,Death,8,4,0.6666666666666666,12.0
Tilak Varma,Career,Middle,12,12,2.0,6.0
Tilak Varma,Career,Powerplay,7,6,1.0,7.0
UT Yadav,Career,Death,1060,618,103.0,10.29
UT Yadav,Career,Middle,1300,987,164.5,7.9
UT Yadav,Career,Powerplay,1791,1452,242.0,7.4
Umar Gul,Career,Death,65,39,6.5,10.0
Umar Gul,Career,Middle,66,60,10.0,6.6
Umar Gul,Career,Powerplay,28,36,6.0,4.67
Umran Malik,Career,Death,84,48,8.0,10.5
Umran Malik,Career,Middle,555,416,69.33333333333333,8.0
Umran Malik,Career,Powerplay,85,30,5.0,17.0
V Kaverappa,Career,Middle,16,6,1.0,16.0
V Kaverappa,Career,Powerplay,20,18,3.0,6.67
V Kohli,Career,Death,38,14,2.3333333333333335,16.29
V Kohli,Career,Middle,309,237,39.5,7.82
V Nigam,Career,Death,23,24,4.0,5.75
V Nigam,Career,Middle,343,210,35.0,9.8
V Nigam,Career,Powerplay,80,54,9.0,8.89
V Pratap Singh,Career,Death,54,36,6.0,9.0
V Pratap Singh,Career,Middle,103,72,12.0,8.58
V Pratap Singh,Career,Powerplay,132,96,16.0,8.25
V Puthur,Career,Death,23,12,2.0,11.5
V Puthur,Career,Middle,85,60,10.0,8.5
V Sehwag,Career,Death,21,10,1.6666666666666665,12.6
V Sehwag,Career,Middle,167,114,19.0,8.79
V Sehwag,Career,Powerplay,41,12,2.0,20.5
V Shankar,Career,Death,36,33,5.5,6.55
V Shankar,Career,Middle,274,197,32.833333333333336,8.35
V Shankar,Career,Powerplay,5,8,1.3333333333333333,3.75
V Viyaskanth,Career,Middle,86,60,10.0,8.6
VG Arora,Career,Death,332,209,34.833333333333336,9.53
VG Arora,Career,Middle,219,117,19.5,11.23
VG Arora,Career,Powerplay,777,541,90.16666666666667,8.62
VR Aaron,Career,Death,297,164,27.333333333333332,10.87
VR Aaron,Career,Middle,574,446,74.33333333333333,7.72
VR Aaron,Career,Powerplay,522,384,64.0,8.16
VR Iyer,Career,Death,41,21,3.5,11.71
VR Iyer,Career,Middle,99,60,10.0,9.9
VRV Singh,Career,Death,142,102,17.0,8.35
VRV Singh,Career,Middle,249,180,30.0,8.3
VRV Singh,Career,Powerplay,130,78,13.0,10.0
VS Malik,Career,Death,12,7,1.1666666666666667,10.29
VS Malik,Career,Middle,91,72,12.0,7.58
VS Malik,Career,Powerplay,150,126,21.0,7.14
VS Yeligati,Career,Death,13,6,1.0,13.0
VS Yeligati,Career,Middle,28,18,3.0,9.33
VS Yeligati,Career,Powerplay,12,6,1.0,12.0
VY Mahesh,Career,Death,71,51,8.5,8.35
VY Mahesh,Career,Middle,252,210,35.0,7.2
VY Mahesh,Career,Powerplay,140,78,13.0,10.77
Vijaykumar Vyshak,Career,Death,176,93,15.5,11.35
Vijaykumar Vyshak,Career,Middle,543,348,58.0,9.36
Vijaykumar Vyshak,Career,Powerplay,145,78,13.0,11.15
Vivrant Sharma,Career,Middle,28,18,3.0,9.33
W O'Rourke,Career,Death,30,14,2.3333333333333335,12.86
W O'Rourke,Career,Middle,48,24,4.0,12.0
W O'Rourke,Career,Powerplay,51,24,4.0,12.75
WA Mota,Career,Death,35,12,2.0,17.5
WA Mota,Career,Middle,58,60,10.0,5.8
WD Parnell,Career,Death,250,189,31.5,7.94
WD Parnell,Career,Middle,202,162,27.0,7.48
WD Parnell,Career,Powerplay,427,372,62.0,6.89
WG Jacks,Career,Death,7,5,0.8333333333333334,8.4
WG Jacks,Career,Middle,183,126,21.0,8.71
WG Jacks,Career,Powerplay,108,60,10.0,10.8
WPUJC Vaas,Career,Death,89,48,8.0,11.12
WPUJC Vaas,Career,Middle,53,36,6.0,8.83
WPUJC Vaas,Career,Powerplay,201,198,33.0,6.09
Washington Sundar,Career,Death,90,47,7.833333333333333,11.49
Washington Sundar,Career,Middle,882,743,123.83333333333333,7.12
Washington Sundar,Career,Powerplay,529,384,64.0,8.27
XC Bartlett,Career,Death,86,47,7.833333333333333,10.98
XC Bartlett,Career,Middle,140,78,13.0,10.77
XC Bartlett,Career,Powerplay,246,136,22.666666666666668,10.85
Y Gnaneswara Rao,Career,Middle,7,6,1.0,7.0
Y Nagar,Career,Middle,105,60,10.0,10.5
Y Nagar,Career,Powerplay,10,6,1.0,10.0
Y Prithvi Raj,Career,Middle,22,18,3.0,7.33
Y Prithvi Raj,Career,Powerplay,32,12,2.0,16.0
Y Venugopal Rao,Career,Death,42,18,3.0,14.0
Y Venugopal Rao,Career,Middle,220,156,26.0,8.46
Y Venugopal Rao,Career,Powerplay,67,42,7.0,9.57
YA Abdulla,Career,Death,92,53,8.833333333333334,10.42
YA Abdulla,Career,Middle,100,72,12.0,8.33
YA Abdulla,Career,Powerplay,98,84,14.0,7.0
YBK Jaiswal,Career,Death,6,1,0.16666666666666666,36.0
YK Pathan,Career,Death,61,30,5.0,12.2
YK Pathan,Career,Middle,932,763,127.16666666666667,7.33
YK Pathan,Career,Powerplay,379,354,59.0,6.42
YS Chahal,Career,Death,602,379,63.166666666666664,9.53
YS Chahal,Career,Middle,4125,3254,542.3333333333334,7.61
YS Chahal,Career,Powerplay,521,404,67.33333333333333,7.74
Yash Dayal,Career,Death,350,205,34.166666666666664,10.24
Yash Dayal,Career,Middle,306,229,38.166666666666664,8.02
Yash Dayal,Career,Powerplay,664,438,73.0,9.1
Yash Raj Punja,Career,Death,5,6,1.0,5.0
Yash Raj Punja,Career,Middle,256,168,28.0,9.14
Yash Raj Punja,Career,Powerplay,12,6,1.0,12.0
Yash Thakur,Career,Death,284,163,27.166666666666668,10.45
Yash Thakur,Career,Middle,298,184,30.666666666666668,9.72
Yash Thakur,Career,Powerplay,199,120,20.0,9.95
Yudhvir Singh,Career,Death,29,12,2.0,14.5
Yudhvir Singh,Career,Middle,77,42,7.0,11.0
Yudhvir Singh,Career,Powerplay,136,85,14.166666666666666,9.6
Yuvraj Singh,Career,Death,95,67,11.166666666666666,8.51
Yuvraj Singh,Career,Middle,969,802,133.66666666666666,7.25
Z Khan,Career,Death,769,535,89.16666666666667,8.62
Z Khan,Career,Middle,534,373,62.166666666666664,8.59
Z Khan,Career,Powerplay,1388,1292,215.33333333333334,6.45
Zeeshan Ansari,Career,Death,19,7,1.1666666666666667,16.29
Zeeshan Ansari,Career,Middle,308,196,32.666666666666664,9.43
